ISO-10303-21;
HEADER;
FILE_DESCRIPTION (( 'STEP AP214' ),
    '1' );
FILE_NAME ('TO-220 Package IC with Heatsink.STEP',
    '2024-10-03T21:46:57',
    ( '' ),
    ( '' ),
    'SwSTEP 2.0',
    'SolidWorks 2022',
    '' );
FILE_SCHEMA (( 'AUTOMOTIVE_DESIGN' ));
ENDSEC;

DATA;
#1 = STYLED_ITEM ( 'NONE', ( #2942 ), #2309 ) ;
#2 = ORIENTED_EDGE ( 'NONE', *, *, #2683, .F. ) ;
#3 = DIRECTION ( 'NONE',  ( -0.000000000000000000, 1.000000000000000000, -0.000000000000000000 ) ) ;
#4 = CARTESIAN_POINT ( 'NONE',  ( -0.002387600000000000139, 0.001378481502717147618, -0.001676399999999999982 ) ) ;
#5 =( GEOMETRIC_REPRESENTATION_CONTEXT ( 3 ) GLOBAL_UNCERTAINTY_ASSIGNED_CONTEXT ( ( #87 ) ) GLOBAL_UNIT_ASSIGNED_CONTEXT ( ( #2877, #2226, #531 ) ) REPRESENTATION_CONTEXT ( 'NONE', 'WORKASPACE' ) );
#6 = CIRCLE ( 'NONE', #1474, 0.0001230853639015388849 ) ;
#7 = ADVANCED_FACE ( 'NONE', ( #3049 ), #341, .F. ) ;
#8 = VECTOR ( 'NONE', #2016, 1.000000000000000000 ) ;
#9 = DIRECTION ( 'NONE',  ( 0.000000000000000000, 0.000000000000000000, 1.000000000000000000 ) ) ;
#10 = DIRECTION ( 'NONE',  ( -0.000000000000000000, -0.000000000000000000, 1.000000000000000000 ) ) ;
#11 = ORIENTED_EDGE ( 'NONE', *, *, #526, .T. ) ;
#12 = SURFACE_STYLE_FILL_AREA ( #1676 ) ;
#13 = DIRECTION ( 'NONE',  ( -8.708344688183810284E-17, -1.000000000000000000, 0.000000000000000000 ) ) ;
#14 = CARTESIAN_POINT ( 'NONE',  ( -0.002975987827458993068, 0.01461183624312912752, -0.001993900000000000707 ) ) ;
#15 = VECTOR ( 'NONE', #712, 1.000000000000000000 ) ;
#16 = VECTOR ( 'NONE', #331, 1.000000000000000000 ) ;
#17 = ORIENTED_EDGE ( 'NONE', *, *, #536, .T. ) ;
#18 = PRODUCT ( 'TO-220 Package IC with Heatsink', 'TO-220 Package IC with Heatsink', '', ( #739 ) ) ;
#19 = CARTESIAN_POINT ( 'NONE',  ( -0.004499999999999998793, 0.01778846306386022355, -0.008000000000000000167 ) ) ;
#20 = EDGE_LOOP ( 'NONE', ( #288, #2381, #2420 ) ) ;
#21 = DIRECTION ( 'NONE',  ( 0.000000000000000000, 0.000000000000000000, -1.000000000000000000 ) ) ;
#22 = ADVANCED_FACE ( 'NONE', ( #2049 ), #1018, .F. ) ;
#23 = CARTESIAN_POINT ( 'NONE',  ( -0.008499999999999998876, 0.01778846306386022355, -0.008000000000000000167 ) ) ;
#24 = LINE ( 'NONE', #3973, #1053 ) ;
#25 = ORIENTED_EDGE ( 'NONE', *, *, #3253, .T. ) ;
#26 = EDGE_LOOP ( 'NONE', ( #1348, #1532, #604, #789, #2622, #1811 ) ) ;
#27 = PLANE ( 'NONE',  #1915 ) ;
#28 = DIRECTION ( 'NONE',  ( 0.000000000000000000, -2.753879025871231858E-16, 1.000000000000000000 ) ) ;
#29 = AXIS2_PLACEMENT_3D ( 'NONE', #1343, #1320, #3448 ) ;
#30 =( NAMED_UNIT ( * ) SI_UNIT ( $, .STERADIAN. ) SOLID_ANGLE_UNIT ( ) );
#31 = EDGE_CURVE ( 'NONE', #2651, #650, #3009, .T. ) ;
#32 = AXIS2_PLACEMENT_3D ( 'NONE', #1968, #3562, #2215 ) ;
#33 = ADVANCED_FACE ( 'NONE', ( #3075 ), #1641, .F. ) ;
#34 = PLANE ( 'NONE',  #3099 ) ;
#35 = DIRECTION ( 'NONE',  ( -0.000000000000000000, 1.000000000000000000, -1.741668937636762057E-16 ) ) ;
#36 = ORIENTED_EDGE ( 'NONE', *, *, #482, .F. ) ;
#37 = DIRECTION ( 'NONE',  ( -8.708344688183810284E-17, -1.000000000000000000, 0.000000000000000000 ) ) ;
#38 = LINE ( 'NONE', #3067, #958 ) ;
#39 = DIRECTION ( 'NONE',  ( 1.000000000000000000, 0.000000000000000000, 0.000000000000000000 ) ) ;
#40 =( GEOMETRIC_REPRESENTATION_CONTEXT ( 3 ) GLOBAL_UNCERTAINTY_ASSIGNED_CONTEXT ( ( #3536 ) ) GLOBAL_UNIT_ASSIGNED_CONTEXT ( ( #821, #3185, #1460 ) ) REPRESENTATION_CONTEXT ( 'NONE', 'WORKASPACE' ) );
#41 = CARTESIAN_POINT ( 'NONE',  ( 0.006273800000000002118, 0.001257300000000000258, 0.000000000000000000 ) ) ;
#42 = EDGE_LOOP ( 'NONE', ( #1740, #168, #2474 ) ) ;
#43 = PRESENTATION_STYLE_ASSIGNMENT (( #3368 ) ) ;
#44 = CARTESIAN_POINT ( 'NONE',  ( -0.002923911681979795944, 0.000000000000000000, -0.0001230853639015388849 ) ) ;
#45 = DIRECTION ( 'NONE',  ( 1.000000000000000000, -1.741668937636762057E-16, 0.000000000000000000 ) ) ;
#46 = ORIENTED_EDGE ( 'NONE', *, *, #3154, .F. ) ;
#47 = ORIENTED_EDGE ( 'NONE', *, *, #3311, .F. ) ;
#48 = DIRECTION ( 'NONE',  ( -0.000000000000000000, 1.000000000000000000, -0.000000000000000000 ) ) ;
#49 = DIRECTION ( 'NONE',  ( -0.000000000000000000, 1.741668937636762057E-16, 1.000000000000000000 ) ) ;
#50 = SHAPE_REPRESENTATION ( 'TO-220 Package IC with Heatsink', ( #2641, #114, #948, #2707, #2571 ), #1585 ) ;
#51 = CIRCLE ( 'NONE', #4085, 0.0001230853639015388849 ) ;
#52 = ORIENTED_EDGE ( 'NONE', *, *, #4027, .F. ) ;
#53 = PRODUCT_DEFINITION_SHAPE ( 'NONE', 'NONE',  #1293 ) ;
#54 = VECTOR ( 'NONE', #1817, 1.000000000000000000 ) ;
#55 = FACE_OUTER_BOUND ( 'NONE', #845, .T. ) ;
#56 = ORIENTED_EDGE ( 'NONE', *, *, #3849, .T. ) ;
#57 = FACE_OUTER_BOUND ( 'NONE', #20, .T. ) ;
#58 = CARTESIAN_POINT ( 'NONE',  ( 0.000000000000000000, 0.000000000000000000, 0.000000000000000000 ) ) ;
#59 = EDGE_LOOP ( 'NONE', ( #2670, #3921, #145, #3683 ) ) ;
#60 = LINE ( 'NONE', #4153, #980 ) ;
#61 = FILL_AREA_STYLE ('',( #999 ) ) ;
#62 = CARTESIAN_POINT ( 'NONE',  ( 0.0002132326029872380971, 0.001560352411298947684, -0.0003722382769720643117 ) ) ;
#63 =( NAMED_UNIT ( * ) SI_UNIT ( $, .STERADIAN. ) SOLID_ANGLE_UNIT ( ) );
#64 = CARTESIAN_POINT ( 'NONE',  ( 0.003499999999999997904, -0.002131780542604056958, -0.008000000000000000167 ) ) ;
#65 = VERTEX_POINT ( 'NONE', #4068 ) ;
#66 = LINE ( 'NONE', #368, #3585 ) ;
#67 = AXIS2_PLACEMENT_3D ( 'NONE', #2165, #2812, #1438 ) ;
#68 = EDGE_LOOP ( 'NONE', ( #2809, #1040, #3092, #1523, #1244, #3474 ) ) ;
#69 = CONTEXT_DEPENDENT_SHAPE_REPRESENTATION ( #861, #3483 ) ;
#70 = EDGE_CURVE ( 'NONE', #1206, #3026, #124, .T. ) ;
#71 = CONICAL_SURFACE ( 'NONE', #548, 0.002641599999999999157, 0.08726646259972242747 ) ;
#72 = PRODUCT_RELATED_PRODUCT_CATEGORY ( 'part', '', ( #706 ) ) ;
#73 = DIRECTION ( 'NONE',  ( 0.9949730156402910586, -0.1001433879378217373, 0.000000000000000000 ) ) ;
#74 = PLANE ( 'NONE',  #3397 ) ;
#75 = ORIENTED_EDGE ( 'NONE', *, *, #1565, .F. ) ;
#76 = LINE ( 'NONE', #639, #1350 ) ;
#78 = EDGE_CURVE ( 'NONE', #954, #1330, #1086, .T. ) ;
#77 = CARTESIAN_POINT ( 'NONE',  ( 2.497152129409853372E-05, -0.0003911866325970237736, 0.0003911866325970225810 ) ) ;
#79 = PRESENTATION_LAYER_ASSIGNMENT (  '', '', ( #3170 ) ) ;
#80 = ORIENTED_EDGE ( 'NONE', *, *, #1808, .T. ) ;
#81 = LINE ( 'NONE', #2446, #767 ) ;
#82 = CARTESIAN_POINT ( 'NONE',  ( 0.000000000000000000, 0.000000000000000000, -0.001000000000000000021 ) ) ;
#83 = AXIS2_PLACEMENT_3D ( 'NONE', #759, #3760, #3104 ) ;
#84 = PRESENTATION_LAYER_ASSIGNMENT (  '', '', ( #1205 ) ) ;
#85 = DIRECTION ( 'NONE',  ( -1.000000000000000000, 3.493982747153251384E-15, 0.000000000000000000 ) ) ;
#86 = CARTESIAN_POINT ( 'NONE',  ( 0.000000000000000000, 0.008889999999999998598, 0.000000000000000000 ) ) ;
#87 = UNCERTAINTY_MEASURE_WITH_UNIT (LENGTH_MEASURE( 1.000000000000000082E-05 ), #2877, 'distance_accuracy_value', 'NONE');
#88 = EDGE_CURVE ( 'NONE', #2715, #996, #4020, .T. ) ;
#89 = ADVANCED_FACE ( 'NONE', ( #2828 ), #3116, .T. ) ;
#90 = EDGE_LOOP ( 'NONE', ( #4203, #4098, #370, #930 ) ) ;
#91 = EDGE_LOOP ( 'NONE', ( #1466, #2452 ) ) ;
#92 = LINE ( 'NONE', #1396, #4133 ) ;
#93 = LINE ( 'NONE', #257, #3439 ) ;
#94 = EDGE_LOOP ( 'NONE', ( #693, #2397, #3392, #1709 ) ) ;
#95 = STYLED_ITEM ( 'NONE', ( #3057 ), #3581 ) ;
#96 = CIRCLE ( 'NONE', #440, 0.001905000000000000009 ) ;
#97 = DIRECTION ( 'NONE',  ( -1.000000000000000000, 0.000000000000000000, 0.000000000000000000 ) ) ;
#98 = CARTESIAN_POINT ( 'NONE',  ( 0.002387600000000000139, 0.001378481502717147835, -0.001676399999999999982 ) ) ;
#99 = VERTEX_POINT ( 'NONE', #1481 ) ;
#100 = CARTESIAN_POINT ( 'NONE',  ( 0.002923911681979795944, -0.003999999999999999216, 0.0001230853639015392102 ) ) ;
#101 = VECTOR ( 'NONE', #1005, 1.000000000000000222 ) ;
#102 = LINE ( 'NONE', #1813, #1052 ) ;
#103 = CARTESIAN_POINT ( 'NONE',  ( 0.001041400000000000051, 0.000000000000000000, -0.001676399999999999982 ) ) ;
#104 = DIRECTION ( 'NONE',  ( 0.000000000000000000, 0.000000000000000000, 1.000000000000000000 ) ) ;
#105 = SURFACE_STYLE_USAGE ( .BOTH. , #774 ) ;
#106 = FACE_OUTER_BOUND ( 'NONE', #530, .T. ) ;
#107 = PLANE ( 'NONE',  #3940 ) ;
#108 = ORIENTED_EDGE ( 'NONE', *, *, #3047, .T. ) ;
#109 = LINE ( 'NONE', #1167, #3086 ) ;
#110 = CARTESIAN_POINT ( 'NONE',  ( 0.001193800000000003539, 0.002067722254075723704, 0.000000000000000000 ) ) ;
#111 = ADVANCED_FACE ( 'NONE', ( #1158 ), #447, .F. ) ;
#112 = SURFACE_STYLE_USAGE ( .BOTH. , #3125 ) ;
#113 = ORIENTED_EDGE ( 'NONE', *, *, #2771, .F. ) ;
#114 = AXIS2_PLACEMENT_3D ( 'NONE', #3127, #412, #2081 ) ;
#115 = SURFACE_SIDE_STYLE ('',( #787 ) ) ;
#116 = COLOUR_RGB ( '',0.8509803921568627194, 0.8509803921568627194, 0.8509803921568627194 ) ;
#117 = EDGE_CURVE ( 'NONE', #4166, #279, #1410, .T. ) ;
#118 = CARTESIAN_POINT ( 'NONE',  ( -0.005079999999999994242, 0.008889999999999998598, 0.002247900000000000592 ) ) ;
#119 = ORIENTED_EDGE ( 'NONE', *, *, #3889, .F. ) ;
#120 = CARTESIAN_POINT ( 'NONE',  ( -0.0003839116819797988231, -0.005000000000000000104, 0.0001230853639015392102 ) ) ;
#121 = AXIS2_PLACEMENT_3D ( 'NONE', #1720, #3090, #3069 ) ;
#122 = ADVANCED_BREP_SHAPE_REPRESENTATION ( '', ( #1337, #3072 ), #1991 ) ;
#123 = MECHANICAL_DESIGN_GEOMETRIC_PRESENTATION_REPRESENTATION (  '', ( #2934 ), #1243 ) ;
#124 = LINE ( 'NONE', #751, #1241 ) ;
#125 = EDGE_LOOP ( 'NONE', ( #3974, #3216, #1870, #1717 ) ) ;
#126 = DIRECTION ( 'NONE',  ( 1.000000000000000000, 0.000000000000000000, 0.000000000000000000 ) ) ;
#127 = LINE ( 'NONE', #2878, #54 ) ;
#128 = ORIENTED_EDGE ( 'NONE', *, *, #1629, .T. ) ;
#129 =( NAMED_UNIT ( * ) SI_UNIT ( $, .STERADIAN. ) SOLID_ANGLE_UNIT ( ) );
#130 = CIRCLE ( 'NONE', #1100, 0.001904999999999999792 ) ;
#131 = PLANE ( 'NONE',  #379 ) ;
#132 = ORIENTED_EDGE ( 'NONE', *, *, #3253, .F. ) ;
#133 = ORIENTED_EDGE ( 'NONE', *, *, #246, .T. ) ;
#134 = CARTESIAN_POINT ( 'NONE',  ( 0.0002132326029872380971, -0.001560352411298946817, 0.0003722382769720637154 ) ) ;
#135 =( NAMED_UNIT ( * ) SI_UNIT ( $, .STERADIAN. ) SOLID_ANGLE_UNIT ( ) );
#136 = ORIENTED_EDGE ( 'NONE', *, *, #2271, .T. ) ;
#137 = LINE ( 'NONE', #1445, #1921 ) ;
#138 = CARTESIAN_POINT ( 'NONE',  ( 0.008500000000000002345, 0.01778846306386022008, -0.001000000000000000021 ) ) ;
#139 = FILL_AREA_STYLE_COLOUR ( '', #3941 ) ;
#140 = VERTEX_POINT ( 'NONE', #3413 ) ;
#141 = DIRECTION ( 'NONE',  ( -1.000000000000000000, 8.708344688183810284E-17, 0.000000000000000000 ) ) ;
#142 = EDGE_CURVE ( 'NONE', #2056, #2544, #423, .T. ) ;
#143 =( NAMED_UNIT ( * ) SI_UNIT ( $, .STERADIAN. ) SOLID_ANGLE_UNIT ( ) );
#144 = PLANE ( 'NONE',  #1130 ) ;
#145 = ORIENTED_EDGE ( 'NONE', *, *, #3937, .T. ) ;
#146 = CARTESIAN_POINT ( 'NONE',  ( -0.008499999999999998876, -0.002131780542604054789, -0.001000000000000000021 ) ) ;
#147 = DIRECTION ( 'NONE',  ( 0.000000000000000000, 0.000000000000000000, 1.000000000000000000 ) ) ;
#148 = DIRECTION ( 'NONE',  ( 0.000000000000000000, -1.000000000000000000, 0.000000000000000000 ) ) ;
#149 = LINE ( 'NONE', #1511, #3808 ) ;
#150 = AXIS2_PLACEMENT_3D ( 'NONE', #2105, #1403, #2416 ) ;
#151 = EDGE_CURVE ( 'NONE', #1711, #2061, #1429, .T. ) ;
#152 = COLOUR_RGB ( '',0.7764705882352941346, 0.7568627450980391913, 0.7372549019607843590 ) ;
#153 = ORIENTED_EDGE ( 'NONE', *, *, #4164, .T. ) ;
#154 = LINE ( 'NONE', #500, #1546 ) ;
#155 = CARTESIAN_POINT ( 'NONE',  ( 0.000000000000000000, 0.000000000000000000, -0.001993900000000000707 ) ) ;
#156 = DIRECTION ( 'NONE',  ( 0.9949730156402910586, 0.000000000000000000, 0.1001433879378217512 ) ) ;
#157 = AXIS2_PLACEMENT_3D ( 'NONE', #1971, #4300, #3043 ) ;
#158 = EDGE_LOOP ( 'NONE', ( #4176, #3111, #4186, #3521 ) ) ;
#159 = VECTOR ( 'NONE', #1856, 1.000000000000000000 ) ;
#160 = ORIENTED_EDGE ( 'NONE', *, *, #2146, .F. ) ;
#161 = PLANE ( 'NONE',  #2481 ) ;
#162 = DIRECTION ( 'NONE',  ( 1.000000000000000000, 0.000000000000000000, 0.000000000000000000 ) ) ;
#163 = EDGE_CURVE ( 'NONE', #4217, #1224, #2111, .T. ) ;
#164 = AXIS2_PLACEMENT_3D ( 'NONE', #3191, #3228, #868 ) ;
#165 = EDGE_CURVE ( 'NONE', #1210, #3000, #1895, .T. ) ;
#166 = UNCERTAINTY_MEASURE_WITH_UNIT (LENGTH_MEASURE( 1.000000000000000082E-05 ), #3586, 'distance_accuracy_value', 'NONE');
#167 = CARTESIAN_POINT ( 'NONE',  ( -0.002387600000000000139, -0.001378481502717156075, -0.001676399999999999982 ) ) ;
#168 = ORIENTED_EDGE ( 'NONE', *, *, #1240, .F. ) ;
#169 = DIRECTION ( 'NONE',  ( 0.000000000000000000, 0.000000000000000000, -1.000000000000000000 ) ) ;
#170 = SURFACE_STYLE_FILL_AREA ( #2501 ) ;
#171 = DIRECTION ( 'NONE',  ( 1.000000000000000000, 0.000000000000000000, -0.000000000000000000 ) ) ;
#172 = ADVANCED_FACE ( 'NONE', ( #2538 ), #1569, .T. ) ;
#173 = UNCERTAINTY_MEASURE_WITH_UNIT (LENGTH_MEASURE( 1.000000000000000082E-05 ), #2347, 'distance_accuracy_value', 'NONE');
#174 = EDGE_CURVE ( 'NONE', #3595, #4166, #3220, .T. ) ;
#175 = ORIENTED_EDGE ( 'NONE', *, *, #1388, .T. ) ;
#176 = EDGE_LOOP ( 'NONE', ( #1959, #1638, #3925, #1646 ) ) ;
#177 = LINE ( 'NONE', #2484, #618 ) ;
#178 = LINE ( 'NONE', #2528, #2051 ) ;
#179 = PRESENTATION_STYLE_ASSIGNMENT (( #112 ) ) ;
#180 = PRESENTATION_LAYER_ASSIGNMENT (  '', '', ( #1008 ) ) ;
#181 = AXIS2_PLACEMENT_3D ( 'NONE', #374, #809, #462 ) ;
#182 = ORIENTED_EDGE ( 'NONE', *, *, #1807, .T. ) ;
#183 = SURFACE_STYLE_USAGE ( .BOTH. , #4101 ) ;
#184 = FILL_AREA_STYLE ('',( #852 ) ) ;
#185 = ORIENTED_EDGE ( 'NONE', *, *, #982, .T. ) ;
#186 =( BOUNDED_CURVE ( )  B_SPLINE_CURVE ( 3, ( #2236, #1600, #3558, #4206 ),
 .UNSPECIFIED., .F., .F. ) 
 B_SPLINE_CURVE_WITH_KNOTS ( ( 4, 4 ),
 ( 4.712388980384689674, 7.853981633974482790 ),
 .UNSPECIFIED. ) 
 CURVE ( )  GEOMETRIC_REPRESENTATION_ITEM ( )  RATIONAL_B_SPLINE_CURVE ( ( 1.000000000000000000, 0.3333333333333333703, 0.3333333333333333703, 1.000000000000000000 ) ) 
 REPRESENTATION_ITEM ( '' )  );
#187 = DIRECTION ( 'NONE',  ( -1.000000000000000000, 0.000000000000000000, 0.000000000000000000 ) ) ;
#188 = ORIENTED_EDGE ( 'NONE', *, *, #884, .T. ) ;
#189 = SURFACE_SIDE_STYLE ('',( #946 ) ) ;
#190 = CARTESIAN_POINT ( 'NONE',  ( -1.431146867680865853E-17, -0.002756963005434303476, -0.0002132518306161850126 ) ) ;
#191 = CARTESIAN_POINT ( 'NONE',  ( 0.0005588000000000016565, 0.000000000000000000, -0.002559378154018330381 ) ) ;
#192 = AXIS2_PLACEMENT_3D ( 'NONE', #3316, #1384, #993 ) ;
#193 = CARTESIAN_POINT ( 'NONE',  ( 0.007499999999999998855, 0.01778846306386022702, 0.006999999999999999278 ) ) ;
#194 = ORIENTED_EDGE ( 'NONE', *, *, #1443, .F. ) ;
#195 = VERTEX_POINT ( 'NONE', #1200 ) ;
#196 = DIRECTION ( 'NONE',  ( -1.000000000000000000, 0.000000000000000000, 0.000000000000000000 ) ) ;
#197 = VECTOR ( 'NONE', #2919, 1.000000000000000000 ) ;
#198 = CARTESIAN_POINT ( 'NONE',  ( -0.004468399649801274923, 0.01269999999999999775, -0.001993900000000000707 ) ) ;
#199 = DIRECTION ( 'NONE',  ( -0.000000000000000000, 1.000000000000000000, -0.000000000000000000 ) ) ;
#200 = ADVANCED_FACE ( 'NONE', ( #2559 ), #2853, .F. ) ;
#201 = APPLICATION_CONTEXT ( 'automotive_design' ) ;
#202 = EDGE_LOOP ( 'NONE', ( #1113, #3756, #303, #662 ) ) ;
#203 = EDGE_CURVE ( 'NONE', #858, #718, #3859, .T. ) ;
#204 =( NAMED_UNIT ( * ) SI_UNIT ( $, .STERADIAN. ) SOLID_ANGLE_UNIT ( ) );
#205 = AXIS2_PLACEMENT_3D ( 'NONE', #3031, #3414, #666 ) ;
#206 = CARTESIAN_POINT ( 'NONE',  ( -0.002923911681979795944, -0.004000000000000000083, -0.006988914636098460080 ) ) ;
#207 = DIRECTION ( 'NONE',  ( 0.000000000000000000, 0.000000000000000000, 1.000000000000000000 ) ) ;
#208 = ORIENTED_EDGE ( 'NONE', *, *, #2992, .T. ) ;
#209 = EDGE_CURVE ( 'NONE', #3716, #4013, #2615, .T. ) ;
#210 = DIRECTION ( 'NONE',  ( 2.168404344971009115E-16, 1.000000000000000000, 0.000000000000000000 ) ) ;
#211 = CARTESIAN_POINT ( 'NONE',  ( -0.0007870215950550097685, -0.002302575875671251937, -2.433495191504986084E-18 ) ) ;
#212 = FACE_OUTER_BOUND ( 'NONE', #1559, .T. ) ;
#213 = VECTOR ( 'NONE', #126, 1.000000000000000000 ) ;
#214 = SURFACE_STYLE_USAGE ( .BOTH. , #2272 ) ;
#215 = ORIENTED_EDGE ( 'NONE', *, *, #2734, .F. ) ;
#216 =( NAMED_UNIT ( * ) PLANE_ANGLE_UNIT ( ) SI_UNIT ( $, .RADIAN. ) );
#217 = CIRCLE ( 'NONE', #1687, 0.005641952032044423963 ) ;
#218 = DIRECTION ( 'NONE',  ( -0.000000000000000000, -0.000000000000000000, 1.000000000000000000 ) ) ;
#219 = ADVANCED_FACE ( 'NONE', ( #1935 ), #2896, .F. ) ;
#220 = EDGE_CURVE ( 'NONE', #3250, #2225, #4175, .T. ) ;
#221 = VERTEX_POINT ( 'NONE', #529 ) ;
#222 = ITEM_DEFINED_TRANSFORMATION ( 'NONE', 'NONE', #2707,  #3072 ) ;
#223 = CONICAL_SURFACE ( 'NONE', #3106, 0.002387600000000000139, 1.047197551196596077 ) ;
#224 = DIRECTION ( 'NONE',  ( -1.000000000000000000, -0.000000000000000000, -0.000000000000000000 ) ) ;
#225 = VECTOR ( 'NONE', #2060, 1.000000000000000000 ) ;
#226 = CARTESIAN_POINT ( 'NONE',  ( -0.0003912295725144211158, 0.002531086506428158623, -9.471344253524260806E-05 ) ) ;
#227 = LINE ( 'NONE', #4154, #629 ) ;
#228 = FACE_BOUND ( 'NONE', #3088, .T. ) ;
#229 = VERTEX_POINT ( 'NONE', #857 ) ;
#230 = CARTESIAN_POINT ( 'NONE',  ( 0.000000000000000000, 0.000000000000000000, -0.001676399999999999982 ) ) ;
#231 = CARTESIAN_POINT ( 'NONE',  ( -0.003279999999999994292, 0.001299999999999999940, 0.002147900000000000763 ) ) ;
#232 =( NAMED_UNIT ( * ) SI_UNIT ( $, .STERADIAN. ) SOLID_ANGLE_UNIT ( ) );
#233 = AXIS2_PLACEMENT_3D ( 'NONE', #2442, #487, #834 ) ;
#234 = SURFACE_STYLE_FILL_AREA ( #1535 ) ;
#235 = ORIENTED_EDGE ( 'NONE', *, *, #3615, .F. ) ;
#236 =( LENGTH_UNIT ( ) NAMED_UNIT ( * ) SI_UNIT ( $, .METRE. ) );
#237 = ORIENTED_EDGE ( 'NONE', *, *, #220, .F. ) ;
#238 = CARTESIAN_POINT ( 'NONE',  ( 0.002156088318020198298, -0.003999999999999999216, 0.0001230853639015392102 ) ) ;
#239 = CARTESIAN_POINT ( 'NONE',  ( 0.002387599999999999272, -0.001378481502717156942, -0.0002132518306161850126 ) ) ;
#240 = PRESENTATION_LAYER_ASSIGNMENT (  '', '', ( #653 ) ) ;
#241 = VERTEX_POINT ( 'NONE', #2580 ) ;
#242 = CARTESIAN_POINT ( 'NONE',  ( 0.002387600000000000139, 0.001378481502717147835, -0.001676399999999999982 ) ) ;
#243 = PLANE ( 'NONE',  #32 ) ;
#244 = STYLED_ITEM ( 'NONE', ( #4201 ), #1337 ) ;
#245 = SURFACE_STYLE_USAGE ( .BOTH. , #570 ) ;
#246 = EDGE_CURVE ( 'NONE', #195, #2508, #4194, .T. ) ;
#247 =( NAMED_UNIT ( * ) PLANE_ANGLE_UNIT ( ) SI_UNIT ( $, .RADIAN. ) );
#248 = EDGE_CURVE ( 'NONE', #1658, #2389, #3183, .T. ) ;
#249 = CARTESIAN_POINT ( 'NONE',  ( -0.005079999999999994242, 0.008889999999999998598, -0.002247900000000000592 ) ) ;
#250 = ORIENTED_EDGE ( 'NONE', *, *, #2887, .T. ) ;
#251 = DIRECTION ( 'NONE',  ( 1.000000000000000000, -0.000000000000000000, 0.000000000000000000 ) ) ;
#252 = FILL_AREA_STYLE ('',( #2650 ) ) ;
#253 = ORIENTED_EDGE ( 'NONE', *, *, #1772, .F. ) ;
#254 = LINE ( 'NONE', #2629, #1358 ) ;
#255 = ORIENTED_EDGE ( 'NONE', *, *, #2146, .T. ) ;
#256 = CARTESIAN_POINT ( 'NONE',  ( -0.002387600000000000139, 0.001378481502717147618, -0.0002132518306161850126 ) ) ;
#257 = CARTESIAN_POINT ( 'NONE',  ( 0.001904999999999995889, 0.01175091812156456306, -0.007073900000000000153 ) ) ;
#258 = CIRCLE ( 'NONE', #2716, 0.0005000000000000000104 ) ;
#259 = ORIENTED_EDGE ( 'NONE', *, *, #964, .T. ) ;
#260 = ADVANCED_FACE ( 'NONE', ( #228, #1218 ), #3838, .F. ) ;
#261 = LINE ( 'NONE', #1253, #1421 ) ;
#262 = AXIS2_PLACEMENT_3D ( 'NONE', #4029, #708, #4008 ) ;
#263 =( LENGTH_UNIT ( ) NAMED_UNIT ( * ) SI_UNIT ( $, .METRE. ) );
#264 = EDGE_CURVE ( 'NONE', #2525, #1379, #1009, .T. ) ;
#265 = DIRECTION ( 'NONE',  ( 1.000000000000000000, 0.000000000000000000, -0.000000000000000000 ) ) ;
#266 = ORIENTED_EDGE ( 'NONE', *, *, #3669, .T. ) ;
#267 = DIRECTION ( 'NONE',  ( -0.000000000000000000, -0.000000000000000000, 1.000000000000000000 ) ) ;
#268 = ORIENTED_EDGE ( 'NONE', *, *, #3623, .F. ) ;
#269 = CARTESIAN_POINT ( 'NONE',  ( 0.002156088318020204370, 0.000000000000000000, 0.0001230853639015391831 ) ) ;
#270 = ADVANCED_FACE ( 'NONE', ( #2999 ), #1699, .F. ) ;
#271 = LINE ( 'NONE', #2959, #2512 ) ;
#272 = ORIENTED_EDGE ( 'NONE', *, *, #1542, .F. ) ;
#273 = EDGE_LOOP ( 'NONE', ( #3827, #2499 ) ) ;
#274 = ORIENTED_EDGE ( 'NONE', *, *, #3807, .F. ) ;
#275 =( NAMED_UNIT ( * ) PLANE_ANGLE_UNIT ( ) SI_UNIT ( $, .RADIAN. ) );
#276 = CIRCLE ( 'NONE', #1195, 0.001041400000000000051 ) ;
#277 = FILL_AREA_STYLE ('',( #1001 ) ) ;
#278 = LINE ( 'NONE', #869, #3988 ) ;
#279 = VERTEX_POINT ( 'NONE', #2690 ) ;
#280 =( NAMED_UNIT ( * ) PLANE_ANGLE_UNIT ( ) SI_UNIT ( $, .RADIAN. ) );
#281 = DIRECTION ( 'NONE',  ( 0.9900210886840221658, -0.09964497970521060677, 0.09964497970521025982 ) ) ;
#282 = AXIS2_PLACEMENT_3D ( 'NONE', #3085, #2395, #3468 ) ;
#283 = CARTESIAN_POINT ( 'NONE',  ( 0.002156088318020198298, -0.003999999999999999216, -0.006988914636098460080 ) ) ;
#284 = AXIS2_PLACEMENT_3D ( 'NONE', #1272, #2706, #2643 ) ;
#285 = SURFACE_STYLE_FILL_AREA ( #3897 ) ;
#286 = CARTESIAN_POINT ( 'NONE',  ( -0.004468399649801274923, 0.01269999999999999775, -0.002260600000000000630 ) ) ;
#287 = CARTESIAN_POINT ( 'NONE',  ( -0.002156088318020198298, -0.005000000000000000104, -0.0001230853639015388849 ) ) ;
#288 = ORIENTED_EDGE ( 'NONE', *, *, #436, .F. ) ;
#289 = DIRECTION ( 'NONE',  ( -1.000000000000000000, 3.552713678800500929E-15, 0.000000000000000000 ) ) ;
#290 = EDGE_CURVE ( 'NONE', #2859, #2525, #991, .T. ) ;
#291 = LINE ( 'NONE', #1554, #2652 ) ;
#292 = CARTESIAN_POINT ( 'NONE',  ( -0.004468399649801290535, 0.008889999999999998598, -0.001993900000000000707 ) ) ;
#293 = PRODUCT_DEFINITION ( 'UNKNOWN', '', #4219, #1346 ) ;
#294 = ORIENTED_EDGE ( 'NONE', *, *, #2663, .F. ) ;
#295 = CARTESIAN_POINT ( 'NONE',  ( -0.006500000000000002304, -0.002131780542604054356, -0.008000000000000000167 ) ) ;
#296 = CARTESIAN_POINT ( 'NONE',  ( 0.000000000000000000, 0.000000000000000000, -0.001000000000000000021 ) ) ;
#297 = AXIS2_PLACEMENT_3D ( 'NONE', #456, #2460, #1800 ) ;
#298 =( NAMED_UNIT ( * ) PLANE_ANGLE_UNIT ( ) SI_UNIT ( $, .RADIAN. ) );
#299 = ADVANCED_FACE ( 'NONE', ( #3633 ), #1993, .F. ) ;
#300 = CARTESIAN_POINT ( 'NONE',  ( 0.001955799999999999726, 0.0001968500000000008546, -0.0001968499999999993638 ) ) ;
#301 = EDGE_CURVE ( 'NONE', #1489, #3848, #3292, .T. ) ;
#302 = AXIS2_PLACEMENT_3D ( 'NONE', #155, #4124, #1145 ) ;
#303 = ORIENTED_EDGE ( 'NONE', *, *, #1721, .T. ) ;
#304 = FILL_AREA_STYLE_COLOUR ( '', #4056 ) ;
#305 = DIRECTION ( 'NONE',  ( 1.000000000000000000, -1.741668937636762057E-16, 0.000000000000000000 ) ) ;
#306 = MECHANICAL_DESIGN_GEOMETRIC_PRESENTATION_REPRESENTATION (  '', ( #3525 ), #3638 ) ;
#307 = DIRECTION ( 'NONE',  ( -5.102127870520020612E-17, 1.000000000000000000, 0.000000000000000000 ) ) ;
#308 = SURFACE_SIDE_STYLE ('',( #1649 ) ) ;
#309 = CARTESIAN_POINT ( 'NONE',  ( 0.006500000000000000569, 0.01778846306386022008, -0.001000000000000000021 ) ) ;
#310 = ORIENTED_EDGE ( 'NONE', *, *, #3660, .T. ) ;
#311 = CARTESIAN_POINT ( 'NONE',  ( 0.000000000000000000, 0.01146821945739594575, -0.001000000000000000021 ) ) ;
#312 = DIRECTION ( 'NONE',  ( -1.000000000000000000, 0.000000000000000000, 0.000000000000000000 ) ) ;
#313 = DIRECTION ( 'NONE',  ( -0.000000000000000000, -0.000000000000000000, 1.000000000000000000 ) ) ;
#314 = ORIENTED_EDGE ( 'NONE', *, *, #1192, .T. ) ;
#315 = ORIENTED_EDGE ( 'NONE', *, *, #1424, .F. ) ;
#316 = LINE ( 'NONE', #1657, #4183 ) ;
#317 = ORIENTED_EDGE ( 'NONE', *, *, #2971, .F. ) ;
#318 =( NAMED_UNIT ( * ) PLANE_ANGLE_UNIT ( ) SI_UNIT ( $, .RADIAN. ) );
#319 = LINE ( 'NONE', #1964, #717 ) ;
#320 = DIRECTION ( 'NONE',  ( 0.7875589559879860868, -2.151588061477502826E-15, 0.6162393129646254186 ) ) ;
#321 = ORIENTED_EDGE ( 'NONE', *, *, #644, .F. ) ;
#322 = VECTOR ( 'NONE', #2781, 1.000000000000000000 ) ;
#323 = FACE_OUTER_BOUND ( 'NONE', #3892, .T. ) ;
#324 = FILL_AREA_STYLE ('',( #3995 ) ) ;
#325 = EDGE_CURVE ( 'NONE', #2025, #2024, #636, .T. ) ;
#326 = VECTOR ( 'NONE', #3389, 1.000000000000000000 ) ;
#327 = SURFACE_STYLE_USAGE ( .BOTH. , #1990 ) ;
#328 = VECTOR ( 'NONE', #552, 1.000000000000000000 ) ;
#329 = ADVANCED_FACE ( 'NONE', ( #1632 ), #2666, .F. ) ;
#330 = PLANE ( 'NONE',  #3291 ) ;
#331 = DIRECTION ( 'NONE',  ( 1.741668937636762057E-16, 1.000000000000000000, -0.000000000000000000 ) ) ;
#332 = ORIENTED_EDGE ( 'NONE', *, *, #1670, .F. ) ;
#333 = ORIENTED_EDGE ( 'NONE', *, *, #3071, .T. ) ;
#334 = DIRECTION ( 'NONE',  ( 0.000000000000000000, 0.000000000000000000, -1.000000000000000000 ) ) ;
#335 = CARTESIAN_POINT ( 'NONE',  ( -0.007499999999999998855, -0.002131780542604055223, -0.007999999999999996697 ) ) ;
#336 = VERTEX_POINT ( 'NONE', #3314 ) ;
#337 = ORIENTED_EDGE ( 'NONE', *, *, #174, .T. ) ;
#338 = UNCERTAINTY_MEASURE_WITH_UNIT (LENGTH_MEASURE( 1.000000000000000082E-05 ), #2299, 'distance_accuracy_value', 'NONE');
#339 = EDGE_CURVE ( 'NONE', #2588, #2470, #1276, .T. ) ;
#340 = FACE_OUTER_BOUND ( 'NONE', #91, .T. ) ;
#341 = CYLINDRICAL_SURFACE ( 'NONE', #262, 0.001257299999999999824 ) ;
#342 = CARTESIAN_POINT ( 'NONE',  ( 0.002923911681979802016, -0.005000000000000000104, 0.0001230853639015391831 ) ) ;
#343 = LINE ( 'NONE', #1351, #3296 ) ;
#344 = CIRCLE ( 'NONE', #2884, 0.001041400000000000051 ) ;
#345 = EDGE_LOOP ( 'NONE', ( #974, #4143, #2867, #314, #2723 ) ) ;
#346 = ORIENTED_EDGE ( 'NONE', *, *, #165, .F. ) ;
#347 =( LENGTH_UNIT ( ) NAMED_UNIT ( * ) SI_UNIT ( $, .METRE. ) );
#348 = EDGE_CURVE ( 'NONE', #613, #3705, #3373, .T. ) ;
#349 = CARTESIAN_POINT ( 'NONE',  ( 0.004468399649801274923, 0.008889999999999998598, -0.002247900000000000592 ) ) ;
#350 = EDGE_CURVE ( 'NONE', #1107, #1924, #3982, .T. ) ;
#351 = LINE ( 'NONE', #3309, #3173 ) ;
#352 = VECTOR ( 'NONE', #2361, 1.000000000000000000 ) ;
#353 = CIRCLE ( 'NONE', #3363, 0.006136487434321650190 ) ;
#354 = CARTESIAN_POINT ( 'NONE',  ( -0.0003839116819797988231, 0.000000000000000000, 0.0001230853639015392102 ) ) ;
#355 = ORIENTED_EDGE ( 'NONE', *, *, #3761, .F. ) ;
#356 = PLANE ( 'NONE',  #3214 ) ;
#357 = DIRECTION ( 'NONE',  ( -1.000000000000000000, 0.000000000000000000, 0.000000000000000000 ) ) ;
#358 = MECHANICAL_DESIGN_GEOMETRIC_PRESENTATION_REPRESENTATION (  '', ( #775 ), #631 ) ;
#359 = MECHANICAL_DESIGN_GEOMETRIC_PRESENTATION_REPRESENTATION (  '', ( #917 ), #3786 ) ;
#360 = VERTEX_POINT ( 'NONE', #4023 ) ;
#361 = PLANE ( 'NONE',  #4251 ) ;
#362 = EDGE_LOOP ( 'NONE', ( #2011, #2174, #2355, #4106 ) ) ;
#363 = CARTESIAN_POINT ( 'NONE',  ( 8.673617379884035472E-19, 0.002756963005434303476, -0.001676399999999999982 ) ) ;
#364 = CARTESIAN_POINT ( 'NONE',  ( -0.001041400000000000051, 1.275347176632053584E-19, -0.001676399999999999982 ) ) ;
#365 = PLANE ( 'NONE',  #1621 ) ;
#366 = VECTOR ( 'NONE', #3548, 1.000000000000000000 ) ;
#367 = ORIENTED_EDGE ( 'NONE', *, *, #988, .F. ) ;
#368 = CARTESIAN_POINT ( 'NONE',  ( 0.008500000000000002345, -0.002131780542604053922, -0.001000000000000000021 ) ) ;
#369 = VECTOR ( 'NONE', #418, 1.000000000000000000 ) ;
#370 = ORIENTED_EDGE ( 'NONE', *, *, #2172, .F. ) ;
#371 = APPLICATION_PROTOCOL_DEFINITION ( 'draft international standard', 'automotive_design', 1998, #1547 ) ;
#372 = AXIS2_PLACEMENT_3D ( 'NONE', #3329, #305, #3351 ) ;
#373 = CARTESIAN_POINT ( 'NONE',  ( -1.431146867680865853E-17, -0.002756963005434303476, -0.0002132518306161850126 ) ) ;
#374 = CARTESIAN_POINT ( 'NONE',  ( 0.000000000000000000, 0.01146821945739594575, -0.008000999999999999432 ) ) ;
#375 = ORIENTED_EDGE ( 'NONE', *, *, #1216, .F. ) ;
#376 = DIRECTION ( 'NONE',  ( 0.000000000000000000, -2.312964634635742957E-16, -1.000000000000000000 ) ) ;
#377 = DIRECTION ( 'NONE',  ( 1.000000000000000000, -2.040851148208008245E-16, 0.000000000000000000 ) ) ;
#378 = CARTESIAN_POINT ( 'NONE',  ( 0.002387600000000000139, -0.001378481502717156075, -0.001676399999999999982 ) ) ;
#379 = AXIS2_PLACEMENT_3D ( 'NONE', #1434, #2408, #3730 ) ;
#380 = MECHANICAL_DESIGN_GEOMETRIC_PRESENTATION_REPRESENTATION (  '', ( #4276 ), #1356 ) ;
#381 = EDGE_LOOP ( 'NONE', ( #1688, #4054, #2860, #1830 ) ) ;
#382 = UNCERTAINTY_MEASURE_WITH_UNIT (LENGTH_MEASURE( 1.000000000000000082E-05 ), #3133, 'distance_accuracy_value', 'NONE');
#383 = SPHERICAL_SURFACE ( 'NONE', #3431, 0.006140545790324154068 ) ;
#384 = ORIENTED_EDGE ( 'NONE', *, *, #1623, .F. ) ;
#385 = EDGE_LOOP ( 'NONE', ( #3593, #182, #3725, #3994 ) ) ;
#386 = CARTESIAN_POINT ( 'NONE',  ( -0.007499999999999997988, -0.002131780542604054789, -0.001000000000000000021 ) ) ;
#387 = CARTESIAN_POINT ( 'NONE',  ( -0.001997021659467279695, 0.001603982012763351898, -8.305905043707825265E-05 ) ) ;
#388 = CARTESIAN_POINT ( 'NONE',  ( 0.006499999999999998834, -0.002131780542604057391, -0.008000000000000000167 ) ) ;
#389 =( LENGTH_UNIT ( ) NAMED_UNIT ( * ) SI_UNIT ( $, .METRE. ) );
#390 = CIRCLE ( 'NONE', #671, 0.005641952032044423963 ) ;
#391 = ORIENTED_EDGE ( 'NONE', *, *, #1182, .F. ) ;
#392 = AXIS2_PLACEMENT_3D ( 'NONE', #3680, #1696, #3635 ) ;
#393 = VECTOR ( 'NONE', #1880, 1.000000000000000000 ) ;
#394 = DIRECTION ( 'NONE',  ( -1.000000000000000000, 0.000000000000000000, 0.000000000000000000 ) ) ;
#395 = CARTESIAN_POINT ( 'NONE',  ( -0.003279999999999994292, 0.001299999999999999940, 0.002247900000000000592 ) ) ;
#396 = ORIENTED_EDGE ( 'NONE', *, *, #4110, .T. ) ;
#397 =( NAMED_UNIT ( * ) PLANE_ANGLE_UNIT ( ) SI_UNIT ( $, .RADIAN. ) );
#398 = CARTESIAN_POINT ( 'NONE',  ( -0.004468399649801274923, 0.01269999999999999775, -0.001993900000000000707 ) ) ;
#399 = LINE ( 'NONE', #2044, #326 ) ;
#400 = ADVANCED_FACE ( 'NONE', ( #3020 ), #1032, .F. ) ;
#401 = EDGE_CURVE ( 'NONE', #1866, #3491, #765, .T. ) ;
#402 = VERTEX_POINT ( 'NONE', #2149 ) ;
#403 = DIRECTION ( 'NONE',  ( -1.000000000000000000, -0.000000000000000000, -0.000000000000000000 ) ) ;
#404 = DIRECTION ( 'NONE',  ( 0.000000000000000000, 0.000000000000000000, 1.000000000000000000 ) ) ;
#405 = LINE ( 'NONE', #2698, #2455 ) ;
#406 = DIRECTION ( 'NONE',  ( 0.000000000000000000, 0.000000000000000000, 1.000000000000000000 ) ) ;
#407 = ORIENTED_EDGE ( 'NONE', *, *, #2198, .T. ) ;
#408 = CARTESIAN_POINT ( 'NONE',  ( -0.006499999999999998834, 0.01778846306386022355, -0.008000000000000000167 ) ) ;
#409 = CARTESIAN_POINT ( 'NONE',  ( -0.002975987827458993068, 0.01461183624312912752, -0.002260600000000000630 ) ) ;
#410 = VECTOR ( 'NONE', #2509, 1.000000000000000000 ) ;
#411 = ORIENTED_EDGE ( 'NONE', *, *, #3694, .F. ) ;
#412 = DIRECTION ( 'NONE',  ( 0.000000000000000000, 0.000000000000000000, 1.000000000000000000 ) ) ;
#413 = VECTOR ( 'NONE', #3822, 1.000000000000000000 ) ;
#414 = CARTESIAN_POINT ( 'NONE',  ( 0.004468399649801274923, 0.01269999999999999775, -0.002260600000000000630 ) ) ;
#415 = CARTESIAN_POINT ( 'NONE',  ( 0.008500000000000002345, 0.01778846306386022008, -0.001000000000000000021 ) ) ;
#416 = ORIENTED_EDGE ( 'NONE', *, *, #3400, .T. ) ;
#417 = VECTOR ( 'NONE', #3343, 1.000000000000000000 ) ;
#418 = DIRECTION ( 'NONE',  ( -1.000000000000000000, -5.102127870520020612E-17, 0.000000000000000000 ) ) ;
#419 = CARTESIAN_POINT ( 'NONE',  ( 0.006500000000000000569, 0.01778846306386022008, -0.008000000000000000167 ) ) ;
#420 = PRESENTATION_LAYER_ASSIGNMENT (  '', '', ( #4185 ) ) ;
#421 = ADVANCED_FACE ( 'NONE', ( #745 ), #4039, .F. ) ;
#422 = PRESENTATION_STYLE_ASSIGNMENT (( #3428 ) ) ;
#423 = LINE ( 'NONE', #103, #2932 ) ;
#424 = PLANE ( 'NONE',  #3911 ) ;
#425 = AXIS2_PLACEMENT_3D ( 'NONE', #3784, #1094, #156 ) ;
#426 = PRODUCT_DEFINITION ( 'UNKNOWN', '', #3816, #3028 ) ;
#427 = CARTESIAN_POINT ( 'NONE',  ( 0.006118192365805484589, 0.0002220920887661365453, 7.754303834316629719E-19 ) ) ;
#428 = B_SPLINE_CURVE_WITH_KNOTS ( 'NONE', 3,
 ( #239, #2210, #2635, #1579 ),
 .UNSPECIFIED., .F., .F.,
 ( 4, 4 ),
 ( 2.380745620394496252E-07, 0.001395036095373826997 ),
 .UNSPECIFIED. ) ;
#429 = UNCERTAINTY_MEASURE_WITH_UNIT (LENGTH_MEASURE( 1.000000000000000082E-05 ), #1137, 'distance_accuracy_value', 'NONE');
#430 = EDGE_LOOP ( 'NONE', ( #4151, #3340, #1905, #2908 ) ) ;
#431 = ORIENTED_EDGE ( 'NONE', *, *, #3105, .T. ) ;
#432 = CARTESIAN_POINT ( 'NONE',  ( -0.002156088318020198298, -0.005000000000000000104, -0.0001230853639015401860 ) ) ;
#433 = EDGE_CURVE ( 'NONE', #3182, #661, #2493, .T. ) ;
#434 = SURFACE_STYLE_USAGE ( .BOTH. , #2097 ) ;
#435 = PLANE ( 'NONE',  #1904 ) ;
#436 = EDGE_CURVE ( 'NONE', #3425, #516, #3731, .T. ) ;
#437 = VERTEX_POINT ( 'NONE', #395 ) ;
#438 = CARTESIAN_POINT ( 'NONE',  ( 0.000000000000000000, 0.000000000000000000, 0.000000000000000000 ) ) ;
#439 = DIRECTION ( 'NONE',  ( 0.9949730156402910586, 0.000000000000000000, 0.1001433879378217512 ) ) ;
#440 = AXIS2_PLACEMENT_3D ( 'NONE', #2968, #578, #4287 ) ;
#441 = CARTESIAN_POINT ( 'NONE',  ( 0.000000000000000000, 0.000000000000000000, 0.000000000000000000 ) ) ;
#442 =( NAMED_UNIT ( * ) PLANE_ANGLE_UNIT ( ) SI_UNIT ( $, .RADIAN. ) );
#443 = VERTEX_POINT ( 'NONE', #3424 ) ;
#444 = DIRECTION ( 'NONE',  ( 1.000000000000000000, 0.000000000000000000, -0.000000000000000000 ) ) ;
#445 = FILL_AREA_STYLE_COLOUR ( '', #2075 ) ;
#446 = LINE ( 'NONE', #1744, #2671 ) ;
#447 = PLANE ( 'NONE',  #4087 ) ;
#448 = ORIENTED_EDGE ( 'NONE', *, *, #4289, .F. ) ;
#449 = LINE ( 'NONE', #146, #413 ) ;
#450 = ORIENTED_EDGE ( 'NONE', *, *, #3755, .T. ) ;
#451 = SURFACE_STYLE_USAGE ( .BOTH. , #3184 ) ;
#452 = FILL_AREA_STYLE ('',( #2070 ) ) ;
#453 = ORIENTED_EDGE ( 'NONE', *, *, #644, .T. ) ;
#454 = EDGE_LOOP ( 'NONE', ( #411, #1282 ) ) ;
#455 = FACE_OUTER_BOUND ( 'NONE', #3461, .T. ) ;
#456 = CARTESIAN_POINT ( 'NONE',  ( -0.0003839116819797990399, -0.004000000000000000083, -0.006988914636098460080 ) ) ;
#457 = FILL_AREA_STYLE ('',( #848 ) ) ;
#458 = ORIENTED_EDGE ( 'NONE', *, *, #1897, .T. ) ;
#459 = EDGE_CURVE ( 'NONE', #2225, #2025, #2106, .T. ) ;
#460 = PRODUCT_DEFINITION_FORMATION_WITH_SPECIFIED_SOURCE ( 'ANY', '', #706, .NOT_KNOWN. ) ;
#461 = FACE_OUTER_BOUND ( 'NONE', #3160, .T. ) ;
#462 = DIRECTION ( 'NONE',  ( 1.000000000000000000, 0.000000000000000000, 0.000000000000000000 ) ) ;
#463 = VERTEX_POINT ( 'NONE', #2469 ) ;
#464 = PLANE ( 'NONE',  #233 ) ;
#465 = ADVANCED_FACE ( 'NONE', ( #1785 ), #1512, .F. ) ;
#466 = COLOUR_RGB ( '',0.7764705882352941346, 0.7568627450980391913, 0.7372549019607843590 ) ;
#467 = AXIS2_PLACEMENT_3D ( 'NONE', #3222, #2582, #210 ) ;
#468 = PRODUCT_DEFINITION_SHAPE ( 'NONE', 'NONE',  #426 ) ;
#469 = PRESENTATION_STYLE_ASSIGNMENT (( #816 ) ) ;
#470 = ORIENTED_EDGE ( 'NONE', *, *, #1112, .F. ) ;
#471 = DIRECTION ( 'NONE',  ( 0.7850963187066078985, 0.6143123792477028777, -0.07901943467501573726 ) ) ;
#472 = CARTESIAN_POINT ( 'NONE',  ( 0.005499999999999997946, -0.002131780542604057391, -0.008000000000000000167 ) ) ;
#473 = DIRECTION ( 'NONE',  ( 1.000000000000000000, 0.000000000000000000, 0.000000000000000000 ) ) ;
#474 = CLOSED_SHELL ( 'NONE', ( #2450, #3979, #1435, #2037, #786, #566, #4137, #1863, #607, #1427, #1714, #3017, #1864, #3535, #779, #3507, #2087, #1377, #1395, #172, #1119 ) ) ;
#475 = UNCERTAINTY_MEASURE_WITH_UNIT (LENGTH_MEASURE( 1.000000000000000082E-05 ), #3748, 'distance_accuracy_value', 'NONE');
#476 = ORIENTED_EDGE ( 'NONE', *, *, #3070, .T. ) ;
#477 = ORIENTED_EDGE ( 'NONE', *, *, #3753, .F. ) ;
#478 = CARTESIAN_POINT ( 'NONE',  ( -0.007499999999999998855, -0.002131780542604052621, 0.007000000000000002748 ) ) ;
#479 = DIRECTION ( 'NONE',  ( -0.000000000000000000, -0.000000000000000000, 1.000000000000000000 ) ) ;
#480 = FACE_OUTER_BOUND ( 'NONE', #1103, .T. ) ;
#481 = ORIENTED_EDGE ( 'NONE', *, *, #532, .F. ) ;
#482 = EDGE_CURVE ( 'NONE', #4148, #3434, #3813, .T. ) ;
#483 = ADVANCED_FACE ( 'NONE', ( #55 ), #74, .F. ) ;
#484 = DIRECTION ( 'NONE',  ( 0.000000000000000000, 0.000000000000000000, -1.000000000000000000 ) ) ;
#485 = AXIS2_PLACEMENT_3D ( 'NONE', #1247, #2545, #557 ) ;
#486 = ORIENTED_EDGE ( 'NONE', *, *, #1339, .F. ) ;
#487 = DIRECTION ( 'NONE',  ( 0.000000000000000000, 0.000000000000000000, 1.000000000000000000 ) ) ;
#488 = SURFACE_STYLE_USAGE ( .BOTH. , #1198 ) ;
#489 = DIRECTION ( 'NONE',  ( -1.000000000000000000, 8.708344688183810284E-17, 0.000000000000000000 ) ) ;
#490 = SURFACE_SIDE_STYLE ('',( #2067 ) ) ;
#491 = ORIENTED_EDGE ( 'NONE', *, *, #1314, .T. ) ;
#492 = DIRECTION ( 'NONE',  ( 0.000000000000000000, 0.000000000000000000, 1.000000000000000000 ) ) ;
#493 = CARTESIAN_POINT ( 'NONE',  ( 2.497152129409940108E-05, 0.0003911866325970218220, 0.0003911866325970224725 ) ) ;
#494 =( LENGTH_UNIT ( ) NAMED_UNIT ( * ) SI_UNIT ( $, .METRE. ) );
#495 = STYLED_ITEM ( 'NONE', ( #1828 ), #1986 ) ;
#496 = AXIS2_PLACEMENT_3D ( 'NONE', #815, #2497, #2066 ) ;
#497 = AXIS2_PLACEMENT_3D ( 'NONE', #2570, #933, #2278 ) ;
#498 = VERTEX_POINT ( 'NONE', #98 ) ;
#499 = ORIENTED_EDGE ( 'NONE', *, *, #325, .T. ) ;
#500 = CARTESIAN_POINT ( 'NONE',  ( 0.004468399649801274923, 0.01269999999999999775, -0.001993900000000000707 ) ) ;
#501 =( NAMED_UNIT ( * ) SI_UNIT ( $, .STERADIAN. ) SOLID_ANGLE_UNIT ( ) );
#502 = CARTESIAN_POINT ( 'NONE',  ( 0.0002132326029872380971, -0.001560352411298946817, -0.0003722382769720644202 ) ) ;
#503 = ORIENTED_EDGE ( 'NONE', *, *, #982, .F. ) ;
#504 = VECTOR ( 'NONE', #1551, 1.000000000000000000 ) ;
#505 = CARTESIAN_POINT ( 'NONE',  ( -0.001193800000000003539, 0.002067722254075724138, 0.000000000000000000 ) ) ;
#506 = MECHANICAL_DESIGN_GEOMETRIC_PRESENTATION_REPRESENTATION (  '', ( #2616 ), #4266 ) ;
#507 = ORIENTED_EDGE ( 'NONE', *, *, #2209, .T. ) ;
#508 = COLOUR_RGB ( '',0.7764705882352941346, 0.7568627450980391913, 0.7372549019607843590 ) ;
#509 = DIRECTION ( 'NONE',  ( -0.9949730156402912806, -0.1001433879378215430, -3.496487701934324375E-16 ) ) ;
#510 = ORIENTED_EDGE ( 'NONE', *, *, #4064, .T. ) ;
#511 =( LENGTH_UNIT ( ) NAMED_UNIT ( * ) SI_UNIT ( $, .METRE. ) );
#512 = CARTESIAN_POINT ( 'NONE',  ( -0.003779999999999994302, 0.001299999999999999940, 0.002247900000000000592 ) ) ;
#513 = MECHANICAL_DESIGN_GEOMETRIC_PRESENTATION_REPRESENTATION (  '', ( #653 ), #1780 ) ;
#514 = UNCERTAINTY_MEASURE_WITH_UNIT (LENGTH_MEASURE( 1.000000000000000082E-05 ), #1672, 'distance_accuracy_value', 'NONE');
#515 = CARTESIAN_POINT ( 'NONE',  ( -0.002923911681979795944, -0.005000000000000000104, 0.000000000000000000 ) ) ;
#516 = VERTEX_POINT ( 'NONE', #1055 ) ;
#517 = DIRECTION ( 'NONE',  ( 0.7850963187066078985, 0.6143123792477028777, 0.07901943467501594542 ) ) ;
#518 = CARTESIAN_POINT ( 'NONE',  ( -3.903127820947815962E-18, 0.01175091812156456306, -0.007073900000000000153 ) ) ;
#519 = ADVANCED_FACE ( 'NONE', ( #2396 ), #2753, .F. ) ;
#520 = LINE ( 'NONE', #1888, #2679 ) ;
#521 = ADVANCED_FACE ( 'NONE', ( #1171 ), #2194, .F. ) ;
#522 =( GEOMETRIC_REPRESENTATION_CONTEXT ( 3 ) GLOBAL_UNCERTAINTY_ASSIGNED_CONTEXT ( ( #2858 ) ) GLOBAL_UNIT_ASSIGNED_CONTEXT ( ( #1186, #1223, #1245 ) ) REPRESENTATION_CONTEXT ( 'NONE', 'WORKASPACE' ) );
#523 = VECTOR ( 'NONE', #2129, 1.000000000000000000 ) ;
#524 = ORIENTED_EDGE ( 'NONE', *, *, #3629, .T. ) ;
#525 = PLANE ( 'NONE',  #1156 ) ;
#526 = EDGE_CURVE ( 'NONE', #1019, #2955, #4079, .T. ) ;
#527 = DIRECTION ( 'NONE',  ( 0.8191520442889934639, 0.000000000000000000, 0.5735764363510437169 ) ) ;
#528 = VECTOR ( 'NONE', #1064, 1.000000000000000000 ) ;
#529 = CARTESIAN_POINT ( 'NONE',  ( 0.002387600000000000139, 0.000000000000000000, 0.000000000000000000 ) ) ;
#530 = EDGE_LOOP ( 'NONE', ( #4282, #132, #959, #3836 ) ) ;
#531 =( NAMED_UNIT ( * ) SI_UNIT ( $, .STERADIAN. ) SOLID_ANGLE_UNIT ( ) );
#532 = EDGE_CURVE ( 'NONE', #2383, #4246, #137, .T. ) ;
#533 = DIRECTION ( 'NONE',  ( -1.000000000000000000, 0.000000000000000000, -0.000000000000000000 ) ) ;
#534 = EDGE_LOOP ( 'NONE', ( #3844, #2903, #3315, #1543 ) ) ;
#535 = DIRECTION ( 'NONE',  ( -0.9251594774500235818, 0.3795786364963119053, 0.000000000000000000 ) ) ;
#536 = EDGE_CURVE ( 'NONE', #1529, #4051, #4150, .T. ) ;
#537 = STYLED_ITEM ( 'NONE', ( #1362 ), #2835 ) ;
#538 = ORIENTED_EDGE ( 'NONE', *, *, #663, .F. ) ;
#539 = VERTEX_POINT ( 'NONE', #2817 ) ;
#540 = DIRECTION ( 'NONE',  ( 0.1001433879378217789, 4.294480117510042987E-17, -0.9949730156402912806 ) ) ;
#541 = CONICAL_SURFACE ( 'NONE', #3005, 0.002387600000000000139, 1.047197551196596077 ) ;
#542 = LINE ( 'NONE', #1822, #4057 ) ;
#543 = CARTESIAN_POINT ( 'NONE',  ( -0.002975987827458993068, 0.01461183624312912752, -0.002260600000000000630 ) ) ;
#544 = EDGE_LOOP ( 'NONE', ( #477, #2550, #237, #829 ) ) ;
#545 = CARTESIAN_POINT ( 'NONE',  ( 0.005080000000000006385, 0.008889999999999998598, 0.002247900000000000592 ) ) ;
#546 = DIRECTION ( 'NONE',  ( -0.9251594774500233598, 0.3795786364963124049, 0.000000000000000000 ) ) ;
#547 = FILL_AREA_STYLE ('',( #2109 ) ) ;
#548 = AXIS2_PLACEMENT_3D ( 'NONE', #689, #1325, #3076 ) ;
#549 = DIRECTION ( 'NONE',  ( 1.000000000000000000, 0.000000000000000000, 0.000000000000000000 ) ) ;
#550 = FILL_AREA_STYLE ('',( #2244 ) ) ;
#551 = ORIENTED_EDGE ( 'NONE', *, *, #1671, .F. ) ;
#552 = DIRECTION ( 'NONE',  ( -0.000000000000000000, -0.000000000000000000, 1.000000000000000000 ) ) ;
#553 = SURFACE_STYLE_FILL_AREA ( #252 ) ;
#554 = PRESENTATION_LAYER_ASSIGNMENT (  '', '', ( #4179 ) ) ;
#555 = UNCERTAINTY_MEASURE_WITH_UNIT (LENGTH_MEASURE( 1.000000000000000082E-05 ), #511, 'distance_accuracy_value', 'NONE');
#556 = ORIENTED_EDGE ( 'NONE', *, *, #3987, .F. ) ;
#557 = DIRECTION ( 'NONE',  ( -1.000000000000000000, 0.000000000000000000, -0.000000000000000000 ) ) ;
#558 = FACE_BOUND ( 'NONE', #2017, .T. ) ;
#559 = VECTOR ( 'NONE', #2965, 1.000000000000000000 ) ;
#560 = LINE ( 'NONE', #2256, #4125 ) ;
#561 =( GEOMETRIC_REPRESENTATION_CONTEXT ( 3 ) GLOBAL_UNCERTAINTY_ASSIGNED_CONTEXT ( ( #3120 ) ) GLOBAL_UNIT_ASSIGNED_CONTEXT ( ( #2287, #3335, #1294 ) ) REPRESENTATION_CONTEXT ( 'NONE', 'WORKASPACE' ) );
#562 = ORIENTED_EDGE ( 'NONE', *, *, #2807, .T. ) ;
#563 = ADVANCED_FACE ( 'NONE', ( #3506 ), #3486, .F. ) ;
#564 = ORIENTED_EDGE ( 'NONE', *, *, #348, .F. ) ;
#565 = DIRECTION ( 'NONE',  ( -8.708344688183810284E-17, -1.000000000000000000, 0.000000000000000000 ) ) ;
#566 = ADVANCED_FACE ( 'NONE', ( #3852 ), #525, .T. ) ;
#567 = VECTOR ( 'NONE', #1267, 1.000000000000000000 ) ;
#568 = CARTESIAN_POINT ( 'NONE',  ( 0.0005588000000000020902, -0.002559378154018332983, -3.134334264126211760E-19 ) ) ;
#569 = COLOUR_RGB ( '',0.7764705882352941346, 0.7568627450980391913, 0.7372549019607843590 ) ;
#570 = SURFACE_SIDE_STYLE ('',( #3855 ) ) ;
#571 = DIRECTION ( 'NONE',  ( -0.000000000000000000, -0.000000000000000000, 1.000000000000000000 ) ) ;
#572 = ORIENTED_EDGE ( 'NONE', *, *, #459, .T. ) ;
#573 = DIRECTION ( 'NONE',  ( 1.000000000000000000, 0.000000000000000000, 0.000000000000000000 ) ) ;
#574 = CARTESIAN_POINT ( 'NONE',  ( -0.005079999999999994242, 0.000000000000000000, 0.002247900000000000592 ) ) ;
#575 = AXIS2_PLACEMENT_3D ( 'NONE', #4131, #1425, #1812 ) ;
#576 = ORIENTED_EDGE ( 'NONE', *, *, #2938, .T. ) ;
#577 = ORIENTED_EDGE ( 'NONE', *, *, #3692, .T. ) ;
#578 = DIRECTION ( 'NONE',  ( 0.000000000000000000, 0.000000000000000000, 1.000000000000000000 ) ) ;
#579 = DIRECTION ( 'NONE',  ( 0.000000000000000000, 1.000000000000000000, 0.000000000000000000 ) ) ;
#580 = COLOUR_RGB ( '',0.7764705882352941346, 0.7568627450980391913, 0.7372549019607843590 ) ;
#581 = EDGE_LOOP ( 'NONE', ( #3435, #3496, #2598, #1999 ) ) ;
#582 = FILL_AREA_STYLE_COLOUR ( '', #3381 ) ;
#583 = EDGE_CURVE ( 'NONE', #3698, #3656, #261, .T. ) ;
#584 =( NAMED_UNIT ( * ) SI_UNIT ( $, .STERADIAN. ) SOLID_ANGLE_UNIT ( ) );
#585 = MECHANICAL_DESIGN_GEOMETRIC_PRESENTATION_REPRESENTATION (  '', ( #1008 ), #940 ) ;
#586 = ADVANCED_FACE ( 'NONE', ( #628 ), #243, .F. ) ;
#587 = DIRECTION ( 'NONE',  ( 0.000000000000000000, -1.000000000000000000, 0.000000000000000000 ) ) ;
#588 = LINE ( 'NONE', #2181, #2322 ) ;
#589 = ORIENTED_EDGE ( 'NONE', *, *, #1897, .F. ) ;
#590 = CARTESIAN_POINT ( 'NONE',  ( -0.002923911681979795944, -0.004000000000000000083, 0.0001230853639015392102 ) ) ;
#591 = DIRECTION ( 'NONE',  ( -0.1001433879378215430, 0.000000000000000000, -0.9949730156402912806 ) ) ;
#592 = ADVANCED_FACE ( 'NONE', ( #3875 ), #4208, .F. ) ;
#593 = ORIENTED_EDGE ( 'NONE', *, *, #849, .F. ) ;
#594 = VERTEX_POINT ( 'NONE', #3893 ) ;
#595 =( GEOMETRIC_REPRESENTATION_CONTEXT ( 3 ) GLOBAL_UNCERTAINTY_ASSIGNED_CONTEXT ( ( #1478 ) ) GLOBAL_UNIT_ASSIGNED_CONTEXT ( ( #1509, #4160, #129 ) ) REPRESENTATION_CONTEXT ( 'NONE', 'WORKASPACE' ) );
#596 = CARTESIAN_POINT ( 'NONE',  ( 0.008500000000000002345, -0.002131780542604053922, -0.001000000000000000021 ) ) ;
#597 = VERTEX_POINT ( 'NONE', #3544 ) ;
#598 = CARTESIAN_POINT ( 'NONE',  ( 0.01000000000000000021, -2.668805347656626832E-18, -0.008000000000000000167 ) ) ;
#599 = CARTESIAN_POINT ( 'NONE',  ( 0.002387600000000000139, -0.0004643722361650168555, -2.002262316065328654E-05 ) ) ;
#600 = STYLED_ITEM ( 'NONE', ( #3493 ), #2945 ) ;
#601 = CARTESIAN_POINT ( 'NONE',  ( 0.006273800000000002985, 0.000000000000000000, 0.001257300000000000258 ) ) ;
#602 =( GEOMETRIC_REPRESENTATION_CONTEXT ( 3 ) GLOBAL_UNCERTAINTY_ASSIGNED_CONTEXT ( ( #2318 ) ) GLOBAL_UNIT_ASSIGNED_CONTEXT ( ( #3527, #2178, #4173 ) ) REPRESENTATION_CONTEXT ( 'NONE', 'WORKASPACE' ) );
#603 = CIRCLE ( 'NONE', #2721, 0.002387599999999999272 ) ;
#604 = ORIENTED_EDGE ( 'NONE', *, *, #3895, .F. ) ;
#605 = CARTESIAN_POINT ( 'NONE',  ( 0.005080000000000006385, 0.008889999999999998598, 0.002247900000000000592 ) ) ;
#606 = CARTESIAN_POINT ( 'NONE',  ( 0.002224297382247166291, 0.0001698259128257729718, -0.0001698259128257723484 ) ) ;
#607 = ADVANCED_FACE ( 'NONE', ( #1604 ), #871, .T. ) ;
#608 = DIRECTION ( 'NONE',  ( 1.000000000000000000, 0.000000000000000000, 0.000000000000000000 ) ) ;
#609 = ADVANCED_FACE ( 'NONE', ( #2930 ), #1212, .F. ) ;
#610 = DIRECTION ( 'NONE',  ( -1.000000000000000000, -0.000000000000000000, -0.000000000000000000 ) ) ;
#611 = EDGE_CURVE ( 'NONE', #4165, #1773, #4235, .T. ) ;
#612 = CARTESIAN_POINT ( 'NONE',  ( 0.000000000000000000, 0.000000000000000000, -0.0001662922882494227705 ) ) ;
#613 = VERTEX_POINT ( 'NONE', #568 ) ;
#614 = LINE ( 'NONE', #1221, #3751 ) ;
#615 = PLANE ( 'NONE',  #3603 ) ;
#616 = ADVANCED_FACE ( 'NONE', ( #2910 ), #3268, .T. ) ;
#617 = ORIENTED_EDGE ( 'NONE', *, *, #3307, .T. ) ;
#618 = VECTOR ( 'NONE', #846, 1.000000000000000000 ) ;
#619 = ORIENTED_EDGE ( 'NONE', *, *, #1022, .T. ) ;
#620 = PLANE ( 'NONE',  #2814 ) ;
#621 = ORIENTED_EDGE ( 'NONE', *, *, #2179, .T. ) ;
#622 = FACE_BOUND ( 'NONE', #3145, .T. ) ;
#623 = CIRCLE ( 'NONE', #1684, 0.0005000000000000000104 ) ;
#624 = CARTESIAN_POINT ( 'NONE',  ( 0.001909917590217143947, -0.003400000000000057924, 0.0001230853639015271484 ) ) ;
#625 = PLANE ( 'NONE',  #2128 ) ;
#626 = VERTEX_POINT ( 'NONE', #939 ) ;
#627 = PLANE ( 'NONE',  #1214 ) ;
#628 = FACE_OUTER_BOUND ( 'NONE', #4170, .T. ) ;
#629 = VECTOR ( 'NONE', #2223, 1.000000000000000000 ) ;
#630 = DIRECTION ( 'NONE',  ( -1.000000000000000000, -0.000000000000000000, -0.000000000000000000 ) ) ;
#631 =( GEOMETRIC_REPRESENTATION_CONTEXT ( 3 ) GLOBAL_UNCERTAINTY_ASSIGNED_CONTEXT ( ( #2901 ) ) GLOBAL_UNIT_ASSIGNED_CONTEXT ( ( #1493, #1801, #135 ) ) REPRESENTATION_CONTEXT ( 'NONE', 'WORKASPACE' ) );
#632 = VECTOR ( 'NONE', #608, 1.000000000000000000 ) ;
#633 = B_SPLINE_CURVE_WITH_KNOTS ( 'NONE', 3,
 ( #4269, #3598, #3524, #2547, #1868, #1946 ),
 .UNSPECIFIED., .F., .F.,
 ( 4, 2, 4 ),
 ( 0.001395036095373844345, 0.002089830331458798329, 0.002784624567543752312 ),
 .UNSPECIFIED. ) ;
#634 = APPLICATION_CONTEXT ( 'automotive_design' ) ;
#635 = LINE ( 'NONE', #3981, #4120 ) ;
#636 = LINE ( 'NONE', #287, #3237 ) ;
#637 = VERTEX_POINT ( 'NONE', #2282 ) ;
#638 =( NAMED_UNIT ( * ) SI_UNIT ( $, .STERADIAN. ) SOLID_ANGLE_UNIT ( ) );
#639 = CARTESIAN_POINT ( 'NONE',  ( 0.005500000000000001416, 0.01778846306386022008, -0.008000000000000000167 ) ) ;
#640 = SURFACE_STYLE_USAGE ( .BOTH. , #3003 ) ;
#641 = EDGE_LOOP ( 'NONE', ( #1390, #1922, #2882, #4224 ) ) ;
#642 = PRODUCT_DEFINITION_CONTEXT ( 'detailed design', #2606, 'design' ) ;
#643 = DIRECTION ( 'NONE',  ( -0.000000000000000000, 1.000000000000000000, -0.000000000000000000 ) ) ;
#644 = EDGE_CURVE ( 'NONE', #4072, #1206, #3602, .T. ) ;
#645 = ORIENTED_EDGE ( 'NONE', *, *, #142, .F. ) ;
#646 = DIRECTION ( 'NONE',  ( 0.000000000000000000, -1.000000000000000000, 1.741668937636762057E-16 ) ) ;
#647 = DIRECTION ( 'NONE',  ( 0.9949730156402910586, 0.000000000000000000, 0.1001433879378217373 ) ) ;
#648 = DIRECTION ( 'NONE',  ( 0.6162393129646254186, 2.966631607124071052E-15, -0.7875589559879860868 ) ) ;
#649 = EDGE_CURVE ( 'NONE', #718, #2838, #1626, .T. ) ;
#650 = VERTEX_POINT ( 'NONE', #3956 ) ;
#651 = DIRECTION ( 'NONE',  ( 0.000000000000000000, 0.000000000000000000, 1.000000000000000000 ) ) ;
#652 = EDGE_CURVE ( 'NONE', #1602, #3532, #961, .T. ) ;
#653 = STYLED_ITEM ( 'NONE', ( #2490 ), #563 ) ;
#654 = CARTESIAN_POINT ( 'NONE',  ( 0.000000000000000000, 0.008889999999999998598, -0.001993900000000000707 ) ) ;
#655 = EDGE_CURVE ( 'NONE', #1010, #3732, #2891, .T. ) ;
#656 = DIRECTION ( 'NONE',  ( 0.000000000000000000, -1.000000000000000000, 1.741668937636762057E-16 ) ) ;
#657 = ORIENTED_EDGE ( 'NONE', *, *, #151, .T. ) ;
#658 = LINE ( 'NONE', #2980, #2430 ) ;
#659 = CARTESIAN_POINT ( 'NONE',  ( -0.007499999999999998855, 0.000000000000000000, 0.000000000000000000 ) ) ;
#660 = CARTESIAN_POINT ( 'NONE',  ( -0.002387600000000000139, 0.001378481502717147618, -0.001676399999999999982 ) ) ;
#661 = VERTEX_POINT ( 'NONE', #3648 ) ;
#662 = ORIENTED_EDGE ( 'NONE', *, *, #799, .T. ) ;
#663 = EDGE_CURVE ( 'NONE', #1762, #2487, #66, .T. ) ;
#664 = CARTESIAN_POINT ( 'NONE',  ( 0.002207375933609957708, 0.0001715290456431537163, -5.163084155865937576E-20 ) ) ;
#665 = ORIENTED_EDGE ( 'NONE', *, *, #1893, .F. ) ;
#666 = DIRECTION ( 'NONE',  ( 0.000000000000000000, 0.000000000000000000, 1.000000000000000000 ) ) ;
#667 = ADVANCED_FACE ( 'NONE', ( #1376 ), #735, .T. ) ;
#668 = ADVANCED_FACE ( 'NONE', ( #2726 ), #3377, .F. ) ;
#669 = CARTESIAN_POINT ( 'NONE',  ( 0.004468399649801274923, 0.01269999999999999775, -0.001993900000000000707 ) ) ;
#670 = CARTESIAN_POINT ( 'NONE',  ( -0.002387600000000000139, -0.001378481502717155208, -0.0002132518306161850126 ) ) ;
#671 = AXIS2_PLACEMENT_3D ( 'NONE', #3394, #1088, #1041 ) ;
#672 = ORIENTED_EDGE ( 'NONE', *, *, #851, .T. ) ;
#673 = STYLED_ITEM ( 'NONE', ( #4253 ), #3362 ) ;
#674 = SURFACE_SIDE_STYLE ('',( #2012 ) ) ;
#675 =( GEOMETRIC_REPRESENTATION_CONTEXT ( 3 ) GLOBAL_UNCERTAINTY_ASSIGNED_CONTEXT ( ( #475 ) ) GLOBAL_UNIT_ASSIGNED_CONTEXT ( ( #3748, #1745, #3429 ) ) REPRESENTATION_CONTEXT ( 'NONE', 'WORKASPACE' ) );
#676 =( GEOMETRIC_REPRESENTATION_CONTEXT ( 3 ) GLOBAL_UNCERTAINTY_ASSIGNED_CONTEXT ( ( #429 ) ) GLOBAL_UNIT_ASSIGNED_CONTEXT ( ( #1137, #1458, #2114 ) ) REPRESENTATION_CONTEXT ( 'NONE', 'WORKASPACE' ) );
#677 = COLOUR_RGB ( '',0.7764705882352941346, 0.7568627450980391913, 0.7372549019607843590 ) ;
#678 = PLANE ( 'NONE',  #2895 ) ;
#679 = CARTESIAN_POINT ( 'NONE',  ( 0.003499999999999997904, -0.002131780542604056958, -0.008000000000000000167 ) ) ;
#680 =( NAMED_UNIT ( * ) PLANE_ANGLE_UNIT ( ) SI_UNIT ( $, .RADIAN. ) );
#681 = ORIENTED_EDGE ( 'NONE', *, *, #301, .F. ) ;
#682 = CARTESIAN_POINT ( 'NONE',  ( -0.001041400000000000051, 1.275347176632053584E-19, -0.001499825192500524621 ) ) ;
#683 = CARTESIAN_POINT ( 'NONE',  ( 0.000000000000000000, 0.000000000000000000, 0.000000000000000000 ) ) ;
#684 = LINE ( 'NONE', #660, #1309 ) ;
#685 = EDGE_LOOP ( 'NONE', ( #1049, #1794, #2592, #3983, #294, #56 ) ) ;
#686 = CARTESIAN_POINT ( 'NONE',  ( -0.003499999999999999639, 0.01778846306386022355, -0.008000000000000000167 ) ) ;
#687 = VERTEX_POINT ( 'NONE', #2035 ) ;
#688 = EDGE_LOOP ( 'NONE', ( #1126, #1114, #332, #3299 ) ) ;
#689 = CARTESIAN_POINT ( 'NONE',  ( 0.001498599999999999238, 0.000000000000000000, 0.000000000000000000 ) ) ;
#690 = LINE ( 'NONE', #3370, #322 ) ;
#691 = CARTESIAN_POINT ( 'NONE',  ( -0.002387600000000000573, -0.0009246590512133426873, -9.424772760791556262E-05 ) ) ;
#692 = MECHANICAL_DESIGN_GEOMETRIC_PRESENTATION_REPRESENTATION (  '', ( #3908 ), #2168 ) ;
#693 = ORIENTED_EDGE ( 'NONE', *, *, #2688, .T. ) ;
#694 = ORIENTED_EDGE ( 'NONE', *, *, #1312, .T. ) ;
#695 = CARTESIAN_POINT ( 'NONE',  ( -0.003779999999999994302, 0.001299999999999999940, 0.002147900000000000763 ) ) ;
#696 = SURFACE_STYLE_USAGE ( .BOTH. , #1669 ) ;
#697 = VECTOR ( 'NONE', #1568, 1.000000000000000000 ) ;
#698 =( GEOMETRIC_REPRESENTATION_CONTEXT ( 3 ) GLOBAL_UNCERTAINTY_ASSIGNED_CONTEXT ( ( #3882 ) ) GLOBAL_UNIT_ASSIGNED_CONTEXT ( ( #3795, #3568, #4215 ) ) REPRESENTATION_CONTEXT ( 'NONE', 'WORKASPACE' ) );
#699 = PRESENTATION_LAYER_ASSIGNMENT (  '', '', ( #3107 ) ) ;
#700 = FILL_AREA_STYLE ('',( #2665 ) ) ;
#701 = DIRECTION ( 'NONE',  ( 0.000000000000000000, 1.224646799147353207E-16, -1.000000000000000000 ) ) ;
#702 = ORIENTED_EDGE ( 'NONE', *, *, #1753, .T. ) ;
#703 = CARTESIAN_POINT ( 'NONE',  ( -0.004500000000000002262, -0.002131780542604054789, -0.008000000000000000167 ) ) ;
#704 = FACE_OUTER_BOUND ( 'NONE', #2881, .T. ) ;
#705 = DIRECTION ( 'NONE',  ( 0.000000000000000000, -1.000000000000000000, 0.000000000000000000 ) ) ;
#706 = PRODUCT ( 'binding head screw_ai_CR-BHMS 0.099-56x0.188x0.188-N', 'binding head screw_ai_CR-BHMS 0.099-56x0.188x0.188-N', '', ( #2126 ) ) ;
#707 = DIRECTION ( 'NONE',  ( -0.7875589559879860868, -2.151588061477503221E-15, 0.6162393129646255296 ) ) ;
#708 = DIRECTION ( 'NONE',  ( -0.000000000000000000, -0.000000000000000000, 1.000000000000000000 ) ) ;
#709 = ORIENTED_EDGE ( 'NONE', *, *, #3937, .F. ) ;
#710 = DIRECTION ( 'NONE',  ( 0.000000000000000000, -1.000000000000000000, 0.000000000000000000 ) ) ;
#711 = LINE ( 'NONE', #44, #3741 ) ;
#712 = DIRECTION ( 'NONE',  ( 0.000000000000000000, 1.734723475976807094E-16, 1.000000000000000000 ) ) ;
#713 = AXIS2_PLACEMENT_3D ( 'NONE', #3274, #2200, #1877 ) ;
#714 = EDGE_LOOP ( 'NONE', ( #1962, #1609 ) ) ;
#715 = DIRECTION ( 'NONE',  ( 0.6162393129646255296, 0.7875589559879860868, 1.084421045266180146E-16 ) ) ;
#716 = CARTESIAN_POINT ( 'NONE',  ( 0.002923911681979795944, -0.003999999999999999216, -0.006988914636098460080 ) ) ;
#717 = VECTOR ( 'NONE', #1578, 1.000000000000000000 ) ;
#718 = VERTEX_POINT ( 'NONE', #349 ) ;
#719 = ADVANCED_FACE ( 'NONE', ( #3083 ), #2077, .F. ) ;
#720 = APPLICATION_PROTOCOL_DEFINITION ( 'draft international standard', 'automotive_design', 1998, #3273 ) ;
#721 = EDGE_CURVE ( 'NONE', #3026, #443, #2991, .T. ) ;
#722 = ADVANCED_FACE ( 'NONE', ( #3672 ), #1647, .F. ) ;
#723 = DIRECTION ( 'NONE',  ( -0.9949730156402912806, 0.000000000000000000, 0.1001433879378215430 ) ) ;
#724 = EDGE_LOOP ( 'NONE', ( #2518, #321, #2334 ) ) ;
#725 = LINE ( 'NONE', #2335, #3605 ) ;
#726 = DIRECTION ( 'NONE',  ( -0.9949730156402910586, 0.000000000000000000, 0.1001433879378215153 ) ) ;
#727 = PRESENTATION_LAYER_ASSIGNMENT (  '', '', ( #2847 ) ) ;
#728 = ORIENTED_EDGE ( 'NONE', *, *, #799, .F. ) ;
#729 = PLANE ( 'NONE',  #2175 ) ;
#730 = CARTESIAN_POINT ( 'NONE',  ( 0.005080000000000006385, 0.000000000000000000, 0.002247900000000000592 ) ) ;
#731 = DIRECTION ( 'NONE',  ( -0.000000000000000000, -0.000000000000000000, 1.000000000000000000 ) ) ;
#732 = DIRECTION ( 'NONE',  ( 0.000000000000000000, 1.000000000000000000, -1.741668937636762057E-16 ) ) ;
#733 = EDGE_LOOP ( 'NONE', ( #3349, #4060, #3510, #645 ) ) ;
#734 = DIRECTION ( 'NONE',  ( 0.000000000000000000, 0.000000000000000000, 1.000000000000000000 ) ) ;
#735 = PLANE ( 'NONE',  #4141 ) ;
#736 = MECHANICAL_DESIGN_GEOMETRIC_PRESENTATION_REPRESENTATION (  '', ( #1095 ), #1017 ) ;
#737 = AXIS2_PLACEMENT_3D ( 'NONE', #3729, #3750, #2424 ) ;
#738 = ORIENTED_EDGE ( 'NONE', *, *, #2204, .F. ) ;
#739 = PRODUCT_CONTEXT ( 'NONE', #3149, 'mechanical' ) ;
#740 = CONICAL_SURFACE ( 'NONE', #2998, 0.002387600000000000139, 1.047197551196596077 ) ;
#741 = PRODUCT_DEFINITION_SHAPE ( 'NONE', 'NONE',  #293 ) ;
#742 = EDGE_CURVE ( 'NONE', #1026, #2603, #4015, .T. ) ;
#743 = VECTOR ( 'NONE', #3985, 1.000000000000000222 ) ;
#744 = CARTESIAN_POINT ( 'NONE',  ( 0.003500000000000001374, 0.01778846306386022008, -0.008000000000000000167 ) ) ;
#745 = FACE_OUTER_BOUND ( 'NONE', #3004, .T. ) ;
#746 = ORIENTED_EDGE ( 'NONE', *, *, #1048, .T. ) ;
#747 = LINE ( 'NONE', #2085, #2331 ) ;
#748 = DIRECTION ( 'NONE',  ( -1.000000000000000000, 0.000000000000000000, 0.000000000000000000 ) ) ;
#749 = EDGE_CURVE ( 'NONE', #4040, #3323, #3714, .T. ) ;
#750 = SURFACE_SIDE_STYLE ('',( #3747 ) ) ;
#751 = CARTESIAN_POINT ( 'NONE',  ( 0.001955799999999999726, 0.0001968500000000000414, -0.0001968500000000000414 ) ) ;
#752 = CARTESIAN_POINT ( 'NONE',  ( -0.007499999999999998855, -0.002131780542604055223, -0.007999999999999996697 ) ) ;
#753 = ADVANCED_FACE ( 'NONE', ( #4053, #3398 ), #1734, .F. ) ;
#754 = FACE_OUTER_BOUND ( 'NONE', #2118, .T. ) ;
#755 = SURFACE_STYLE_USAGE ( .BOTH. , #3752 ) ;
#756 = ORIENTED_EDGE ( 'NONE', *, *, #4077, .F. ) ;
#757 = DIRECTION ( 'NONE',  ( 0.000000000000000000, 0.000000000000000000, 1.000000000000000000 ) ) ;
#758 = FACE_OUTER_BOUND ( 'NONE', #3791, .T. ) ;
#759 = CARTESIAN_POINT ( 'NONE',  ( 0.000000000000000000, 0.000000000000000000, 0.000000000000000000 ) ) ;
#760 = AXIS2_PLACEMENT_3D ( 'NONE', #1617, #2589, #2298 ) ;
#761 = EDGE_LOOP ( 'NONE', ( #3594, #2245, #1287, #2362, #1508 ) ) ;
#762 = DIRECTION ( 'NONE',  ( 0.8660254037844378194, 0.5000000000000014433, 0.000000000000000000 ) ) ;
#763 = CIRCLE ( 'NONE', #3091, 0.001257299999999999607 ) ;
#764 = DIRECTION ( 'NONE',  ( -0.000000000000000000, -0.000000000000000000, 1.000000000000000000 ) ) ;
#765 = LINE ( 'NONE', #3403, #225 ) ;
#766 = ORIENTED_EDGE ( 'NONE', *, *, #4254, .F. ) ;
#767 = VECTOR ( 'NONE', #2132, 1.000000000000000000 ) ;
#768 = FACE_OUTER_BOUND ( 'NONE', #2876, .T. ) ;
#769 = VECTOR ( 'NONE', #4103, 1.000000000000000000 ) ;
#770 = LINE ( 'NONE', #1455, #3916 ) ;
#771 = DIRECTION ( 'NONE',  ( 0.000000000000000000, 0.000000000000000000, 1.000000000000000000 ) ) ;
#772 = ORIENTED_EDGE ( 'NONE', *, *, #1889, .T. ) ;
#773 = CARTESIAN_POINT ( 'NONE',  ( 2.497152129409940108E-05, -0.0003911866325970211715, -0.0003911866325970231231 ) ) ;
#774 = SURFACE_SIDE_STYLE ('',( #170 ) ) ;
#775 = STYLED_ITEM ( 'NONE', ( #179 ), #874 ) ;
#776 = ORIENTED_EDGE ( 'NONE', *, *, #3128, .T. ) ;
#777 = DIRECTION ( 'NONE',  ( -1.000000000000000000, 0.000000000000000000, 0.000000000000000000 ) ) ;
#778 = CARTESIAN_POINT ( 'NONE',  ( -0.002923911681979795944, -0.005000000000000000104, 0.000000000000000000 ) ) ;
#779 = ADVANCED_FACE ( 'NONE', ( #1313 ), #2661, .F. ) ;
#780 = EDGE_LOOP ( 'NONE', ( #2897, #1575, #1408, #153 ) ) ;
#781 = CARTESIAN_POINT ( 'NONE',  ( -0.003499999999999999639, 0.01778846306386022355, -0.008000000000000000167 ) ) ;
#782 = PRODUCT_DEFINITION_SHAPE ( 'NONE', 'NONE',  #2073 ) ;
#783 = DIRECTION ( 'NONE',  ( 0.000000000000000000, 0.000000000000000000, 1.000000000000000000 ) ) ;
#784 = DIRECTION ( 'NONE',  ( -1.000000000000000000, 0.000000000000000000, 0.000000000000000000 ) ) ;
#785 = VERTEX_POINT ( 'NONE', #2123 ) ;
#786 = ADVANCED_FACE ( 'NONE', ( #2529 ), #3830, .T. ) ;
#787 = SURFACE_STYLE_FILL_AREA ( #2464 ) ;
#788 = CARTESIAN_POINT ( 'NONE',  ( -0.0006300824097828760509, -0.003400000000000001979, 0.0001230853639015385326 ) ) ;
#789 = ORIENTED_EDGE ( 'NONE', *, *, #1639, .F. ) ;
#790 = FACE_BOUND ( 'NONE', #3163, .T. ) ;
#791 = LINE ( 'NONE', #4108, #1374 ) ;
#792 = DIRECTION ( 'NONE',  ( 0.000000000000000000, 0.000000000000000000, 1.000000000000000000 ) ) ;
#793 = ORIENTED_EDGE ( 'NONE', *, *, #1584, .T. ) ;
#794 = LINE ( 'NONE', #3139, #213 ) ;
#795 = DIRECTION ( 'NONE',  ( 1.000000000000000000, 0.000000000000000000, 0.000000000000000000 ) ) ;
#796 = VECTOR ( 'NONE', #2387, 1.000000000000000000 ) ;
#797 = SURFACE_SIDE_STYLE ('',( #1796 ) ) ;
#798 = ADVANCED_FACE ( 'NONE', ( #4075 ), #223, .T. ) ;
#799 = EDGE_CURVE ( 'NONE', #626, #2984, #3851, .T. ) ;
#800 = ORIENTED_EDGE ( 'NONE', *, *, #2281, .F. ) ;
#801 = ORIENTED_EDGE ( 'NONE', *, *, #2957, .T. ) ;
#802 = DIRECTION ( 'NONE',  ( 1.000000000000000000, -3.493982747153251384E-15, 0.000000000000000000 ) ) ;
#803 = DIRECTION ( 'NONE',  ( -0.9949730156402910586, 1.598721155460224787E-14, 0.1001433879378215153 ) ) ;
#804 = LINE ( 'NONE', #2813, #1966 ) ;
#805 =( REPRESENTATION_RELATIONSHIP ('NONE','NONE', #50, #4081 ) REPRESENTATION_RELATIONSHIP_WITH_TRANSFORMATION ( #222 )SHAPE_REPRESENTATION_RELATIONSHIP( ) );
#806 = EDGE_LOOP ( 'NONE', ( #1994, #3244, #2653, #2428 ) ) ;
#807 = DIRECTION ( 'NONE',  ( -1.000000000000000000, 3.578640214712346672E-15, 0.000000000000000000 ) ) ;
#808 = CARTESIAN_POINT ( 'NONE',  ( 0.0009911704529956828335, -0.002184710477584448848, -2.645283894275179189E-18 ) ) ;
#809 = DIRECTION ( 'NONE',  ( -0.000000000000000000, -0.000000000000000000, 1.000000000000000000 ) ) ;
#810 = ORIENTED_EDGE ( 'NONE', *, *, #1833, .F. ) ;
#811 = CARTESIAN_POINT ( 'NONE',  ( 0.000000000000000000, 0.000000000000000000, 0.000000000000000000 ) ) ;
#812 =( GEOMETRIC_REPRESENTATION_CONTEXT ( 3 ) GLOBAL_UNCERTAINTY_ASSIGNED_CONTEXT ( ( #2496 ) ) GLOBAL_UNIT_ASSIGNED_CONTEXT ( ( #1454, #3200, #3512 ) ) REPRESENTATION_CONTEXT ( 'NONE', 'WORKASPACE' ) );
#813 = PRODUCT_DEFINITION_CONTEXT ( 'detailed design', #2466, 'design' ) ;
#814 = AXIS2_PLACEMENT_3D ( 'NONE', #311, #1652, #1319 ) ;
#815 = CARTESIAN_POINT ( 'NONE',  ( 2.310996612948091028E-19, 0.002756963005434303476, -0.001676399999999999982 ) ) ;
#816 = SURFACE_STYLE_USAGE ( .BOTH. , #490 ) ;
#817 = VERTEX_POINT ( 'NONE', #1190 ) ;
#818 = CARTESIAN_POINT ( 'NONE',  ( -0.006500000000000002304, 0.01778846306386022355, -0.001000000000000000021 ) ) ;
#819 = CARTESIAN_POINT ( 'NONE',  ( -0.005079999999999994242, 0.008889999999999998598, -0.002247900000000000592 ) ) ;
#820 = LINE ( 'NONE', #841, #2864 ) ;
#821 =( LENGTH_UNIT ( ) NAMED_UNIT ( * ) SI_UNIT ( $, .METRE. ) );
#822 = STYLED_ITEM ( 'NONE', ( #2655 ), #33 ) ;
#823 = UNCERTAINTY_MEASURE_WITH_UNIT (LENGTH_MEASURE( 1.000000000000000082E-05 ), #1929, 'distance_accuracy_value', 'NONE');
#824 = ORIENTED_EDGE ( 'NONE', *, *, #1131, .T. ) ;
#825 = ORIENTED_EDGE ( 'NONE', *, *, #3713, .T. ) ;
#826 = LINE ( 'NONE', #478, #3621 ) ;
#827 = CARTESIAN_POINT ( 'NONE',  ( -0.003779999999999994302, 0.001299999999999999940, 0.002147900000000000763 ) ) ;
#828 = DIRECTION ( 'NONE',  ( 0.000000000000000000, -0.000000000000000000, 1.000000000000000000 ) ) ;
#829 = ORIENTED_EDGE ( 'NONE', *, *, #3950, .T. ) ;
#830 = CONTEXT_DEPENDENT_SHAPE_REPRESENTATION ( #3418, #2682 ) ;
#831 = CARTESIAN_POINT ( 'NONE',  ( 0.002923911681979795944, -0.003999999999999999216, -0.006988914636098460080 ) ) ;
#832 = CIRCLE ( 'NONE', #3227, 0.001257299999999999824 ) ;
#833 = ORIENTED_EDGE ( 'NONE', *, *, #3715, .F. ) ;
#834 = DIRECTION ( 'NONE',  ( 1.000000000000000000, 0.000000000000000000, -0.000000000000000000 ) ) ;
#835 = EDGE_CURVE ( 'NONE', #140, #4034, #2863, .T. ) ;
#836 = DIRECTION ( 'NONE',  ( -0.000000000000000000, -0.000000000000000000, 1.000000000000000000 ) ) ;
#837 = DIRECTION ( 'NONE',  ( -1.000000000000000000, -0.000000000000000000, -0.000000000000000000 ) ) ;
#838 = VERTEX_POINT ( 'NONE', #502 ) ;
#839 = DIRECTION ( 'NONE',  ( -1.000000000000000000, -0.000000000000000000, -0.000000000000000000 ) ) ;
#840 = FILL_AREA_STYLE_COLOUR ( '', #3482 ) ;
#841 = CARTESIAN_POINT ( 'NONE',  ( 0.008500000000000002345, -0.002131780542604053922, 0.000000000000000000 ) ) ;
#842 = PRESENTATION_STYLE_ASSIGNMENT (( #2136 ) ) ;
#843 = MECHANICAL_DESIGN_GEOMETRIC_PRESENTATION_REPRESENTATION (  '', ( #3170 ), #3915 ) ;
#844 = AXIS2_PLACEMENT_3D ( 'NONE', #3872, #2944, #3540 ) ;
#845 = EDGE_LOOP ( 'NONE', ( #1819, #274, #665, #448 ) ) ;
#846 = DIRECTION ( 'NONE',  ( -0.000000000000000000, -0.000000000000000000, 1.000000000000000000 ) ) ;
#847 = LINE ( 'NONE', #3523, #4202 ) ;
#848 = FILL_AREA_STYLE_COLOUR ( '', #3372 ) ;
#849 = EDGE_CURVE ( 'NONE', #437, #1300, #1138, .T. ) ;
#850 = ORIENTED_EDGE ( 'NONE', *, *, #3857, .F. ) ;
#851 = EDGE_CURVE ( 'NONE', #3874, #2193, #804, .T. ) ;
#852 = FILL_AREA_STYLE_COLOUR ( '', #2388 ) ;
#853 = PRESENTATION_LAYER_ASSIGNMENT (  '', '', ( #2616 ) ) ;
#854 = ADVANCED_FACE ( 'NONE', ( #1117 ), #435, .F. ) ;
#855 = CIRCLE ( 'NONE', #164, 0.001257299999999999824 ) ;
#856 = LINE ( 'NONE', #249, #697 ) ;
#857 = CARTESIAN_POINT ( 'NONE',  ( 0.001905000000000000009, 0.01146821945739594575, 0.000000000000000000 ) ) ;
#858 = VERTEX_POINT ( 'NONE', #2461 ) ;
#859 = PRESENTATION_STYLE_ASSIGNMENT (( #105 ) ) ;
#860 = ORIENTED_EDGE ( 'NONE', *, *, #1615, .T. ) ;
#861 =( REPRESENTATION_RELATIONSHIP ('NONE','NONE', #50, #2142 ) REPRESENTATION_RELATIONSHIP_WITH_TRANSFORMATION ( #4037 )SHAPE_REPRESENTATION_RELATIONSHIP( ) );
#862 = CARTESIAN_POINT ( 'NONE',  ( 0.000000000000000000, 0.01146821945739594575, -0.001000000000000000021 ) ) ;
#863 = AXIS2_PLACEMENT_3D ( 'NONE', #2770, #807, #3153 ) ;
#864 = UNCERTAINTY_MEASURE_WITH_UNIT (LENGTH_MEASURE( 1.000000000000000082E-05 ), #3202, 'distance_accuracy_value', 'NONE');
#865 = ORIENTED_EDGE ( 'NONE', *, *, #151, .F. ) ;
#866 = ORIENTED_EDGE ( 'NONE', *, *, #3071, .F. ) ;
#867 = SURFACE_STYLE_USAGE ( .BOTH. , #1944 ) ;
#868 = DIRECTION ( 'NONE',  ( -1.000000000000000000, 0.000000000000000000, 0.000000000000000000 ) ) ;
#869 = CARTESIAN_POINT ( 'NONE',  ( 0.008500000000000002345, 0.01778846306386022008, -0.001000000000000000021 ) ) ;
#870 = ORIENTED_EDGE ( 'NONE', *, *, #2284, .F. ) ;
#871 = CYLINDRICAL_SURFACE ( 'NONE', #3873, 0.001257300000000000258 ) ;
#872 =( NAMED_UNIT ( * ) PLANE_ANGLE_UNIT ( ) SI_UNIT ( $, .RADIAN. ) );
#873 =( LENGTH_UNIT ( ) NAMED_UNIT ( * ) SI_UNIT ( $, .METRE. ) );
#874 = ADVANCED_FACE ( 'NONE', ( #480 ), #3169, .T. ) ;
#875 = CIRCLE ( 'NONE', #1096, 0.001905000000000000009 ) ;
#876 = CARTESIAN_POINT ( 'NONE',  ( -3.903127820947815962E-18, 0.01175091812156456306, -0.007073900000000000153 ) ) ;
#877 = CARTESIAN_POINT ( 'NONE',  ( -0.002156088318020198298, -0.005000000000000000104, 0.000000000000000000 ) ) ;
#878 = ORIENTED_EDGE ( 'NONE', *, *, #1129, .F. ) ;
#879 = LINE ( 'NONE', #3276, #3560 ) ;
#880 = CARTESIAN_POINT ( 'NONE',  ( -0.003499999999999999639, 0.01778846306386022355, -0.001000000000000000021 ) ) ;
#881 = PLANE ( 'NONE',  #1663 ) ;
#882 = VECTOR ( 'NONE', #4112, 1.000000000000000000 ) ;
#883 = MECHANICAL_DESIGN_GEOMETRIC_PRESENTATION_REPRESENTATION (  '', ( #1242 ), #2074 ) ;
#884 = EDGE_CURVE ( 'NONE', #195, #2487, #2841, .T. ) ;
#885 = COLOUR_RGB ( '',0.7764705882352941346, 0.7568627450980391913, 0.7372549019607843590 ) ;
#886 = EDGE_CURVE ( 'NONE', #1083, #2979, #2167, .T. ) ;
#887 = EDGE_LOOP ( 'NONE', ( #396, #1418, #2290, #1890, #507, #3968, #470, #2458 ) ) ;
#888 = FILL_AREA_STYLE ('',( #2567 ) ) ;
#889 = AXIS2_PLACEMENT_3D ( 'NONE', #2247, #4218, #2583 ) ;
#890 = VERTEX_POINT ( 'NONE', #3420 ) ;
#891 = CARTESIAN_POINT ( 'NONE',  ( 0.000000000000000000, 0.000000000000000000, -0.001499825192500524621 ) ) ;
#892 = LINE ( 'NONE', #1249, #567 ) ;
#893 = ORIENTED_EDGE ( 'NONE', *, *, #3378, .T. ) ;
#894 = CARTESIAN_POINT ( 'NONE',  ( -0.002156088318020198298, -0.005000000000000000104, 0.000000000000000000 ) ) ;
#895 = SURFACE_SIDE_STYLE ('',( #285 ) ) ;
#896 = MECHANICAL_DESIGN_GEOMETRIC_PRESENTATION_REPRESENTATION (  '', ( #1 ), #1254 ) ;
#897 = CARTESIAN_POINT ( 'NONE',  ( 0.002156088318020198298, -0.003999999999999999216, 0.0001230853639015392102 ) ) ;
#898 = CARTESIAN_POINT ( 'NONE',  ( 0.002387600000000000139, 0.001378481502717147835, -0.001676399999999999982 ) ) ;
#899 = ORIENTED_EDGE ( 'NONE', *, *, #1506, .F. ) ;
#900 = FILL_AREA_STYLE ('',( #3901 ) ) ;
#901 = CARTESIAN_POINT ( 'NONE',  ( -0.005079999999999994242, 0.008889999999999998598, 0.002247900000000000592 ) ) ;
#902 = CARTESIAN_POINT ( 'NONE',  ( 0.007499999999999998855, 0.000000000000000000, 0.000000000000000000 ) ) ;
#903 = AXIS2_PLACEMENT_3D ( 'NONE', #3706, #710, #3393 ) ;
#904 = VERTEX_POINT ( 'NONE', #409 ) ;
#905 =( LENGTH_UNIT ( ) NAMED_UNIT ( * ) SI_UNIT ( $, .METRE. ) );
#906 = ORIENTED_EDGE ( 'NONE', *, *, #1802, .F. ) ;
#907 = VECTOR ( 'NONE', #3652, 1.000000000000000000 ) ;
#908 = CARTESIAN_POINT ( 'NONE',  ( 0.006118192365805484589, -1.310628495689834972E-18, 0.0002220920887661372771 ) ) ;
#909 = VECTOR ( 'NONE', #1133, 1.000000000000000000 ) ;
#910 = LINE ( 'NONE', #2886, #1558 ) ;
#911 = EDGE_CURVE ( 'NONE', #3797, #3582, #93, .T. ) ;
#912 = VECTOR ( 'NONE', #1275, 1.000000000000000000 ) ;
#913 = EDGE_LOOP ( 'NONE', ( #589, #3084, #1174, #1844 ) ) ;
#914 = CARTESIAN_POINT ( 'NONE',  ( 0.000000000000000000, -0.002756963005434312150, -0.001676399999999999982 ) ) ;
#915 = AXIS2_PLACEMENT_3D ( 'NONE', #1070, #2412, #3734 ) ;
#916 =( NAMED_UNIT ( * ) PLANE_ANGLE_UNIT ( ) SI_UNIT ( $, .RADIAN. ) );
#917 = STYLED_ITEM ( 'NONE', ( #3963 ), #329 ) ;
#918 = EDGE_CURVE ( 'NONE', #3026, #2524, #910, .T. ) ;
#919 = SURFACE_SIDE_STYLE ('',( #1873 ) ) ;
#920 = AXIS2_PLACEMENT_3D ( 'NONE', #3176, #1787, #2850 ) ;
#921 = CARTESIAN_POINT ( 'NONE',  ( -0.005500000000000001416, -0.002131780542604054356, -0.008000000000000000167 ) ) ;
#922 = CARTESIAN_POINT ( 'NONE',  ( 0.002207375933609957708, -0.0001715290456431535265, -5.988904619326426106E-19 ) ) ;
#923 = ORIENTED_EDGE ( 'NONE', *, *, #4267, .F. ) ;
#924 = LINE ( 'NONE', #1610, #2093 ) ;
#925 = ORIENTED_EDGE ( 'NONE', *, *, #1105, .F. ) ;
#926 = LINE ( 'NONE', #1278, #328 ) ;
#927 = CARTESIAN_POINT ( 'NONE',  ( -0.005499999999999999681, 0.01778846306386022355, -0.008000000000000000167 ) ) ;
#928 = AXIS2_PLACEMENT_3D ( 'NONE', #3583, #3305, #960 ) ;
#929 = EDGE_LOOP ( 'NONE', ( #2586, #2145, #1263 ) ) ;
#930 = ORIENTED_EDGE ( 'NONE', *, *, #1392, .T. ) ;
#931 = ORIENTED_EDGE ( 'NONE', *, *, #4190, .F. ) ;
#932 = CARTESIAN_POINT ( 'NONE',  ( 0.0005588000000000020902, 0.002559378154018331249, 0.000000000000000000 ) ) ;
#933 = DIRECTION ( 'NONE',  ( 1.000000000000000000, -1.741668937636762057E-16, 0.000000000000000000 ) ) ;
#934 = EDGE_CURVE ( 'NONE', #3434, #2188, #278, .T. ) ;
#935 =( GEOMETRIC_REPRESENTATION_CONTEXT ( 3 ) GLOBAL_UNCERTAINTY_ASSIGNED_CONTEXT ( ( #823 ) ) GLOBAL_UNIT_ASSIGNED_CONTEXT ( ( #1929, #916, #584 ) ) REPRESENTATION_CONTEXT ( 'NONE', 'WORKASPACE' ) );
#936 = EDGE_CURVE ( 'NONE', #1341, #2025, #186, .T. ) ;
#937 = EDGE_LOOP ( 'NONE', ( #3787, #2780, #1277, #1803, #3948 ) ) ;
#938 = LINE ( 'NONE', #605, #2262 ) ;
#939 = CARTESIAN_POINT ( 'NONE',  ( 0.001257299999999999607, 0.000000000000000000, 0.000000000000000000 ) ) ;
#940 =( GEOMETRIC_REPRESENTATION_CONTEXT ( 3 ) GLOBAL_UNCERTAINTY_ASSIGNED_CONTEXT ( ( #3926 ) ) GLOBAL_UNIT_ASSIGNED_CONTEXT ( ( #494, #2161, #2479 ) ) REPRESENTATION_CONTEXT ( 'NONE', 'WORKASPACE' ) );
#941 = VECTOR ( 'NONE', #3087, 1.000000000000000000 ) ;
#942 = EDGE_CURVE ( 'NONE', #904, #4285, #1228, .T. ) ;
#943 = PLANE ( 'NONE',  #3693 ) ;
#944 = SURFACE_STYLE_USAGE ( .BOTH. , #1607 ) ;
#945 = ORIENTED_EDGE ( 'NONE', *, *, #934, .T. ) ;
#946 = SURFACE_STYLE_FILL_AREA ( #900 ) ;
#947 = CARTESIAN_POINT ( 'NONE',  ( 0.001955799999999999726, -0.0001968500000000000414, -0.0001968500000000002041 ) ) ;
#948 = AXIS2_PLACEMENT_3D ( 'NONE', #3763, #1755, #2463 ) ;
#949 = DIRECTION ( 'NONE',  ( 0.000000000000000000, -1.000000000000000000, 0.000000000000000000 ) ) ;
#950 = ORIENTED_EDGE ( 'NONE', *, *, #3271, .T. ) ;
#951 = ORIENTED_EDGE ( 'NONE', *, *, #1240, .T. ) ;
#952 = VECTOR ( 'NONE', #2386, 1.000000000000000000 ) ;
#953 = DIRECTION ( 'NONE',  ( 1.000000000000000000, 0.000000000000000000, 0.000000000000000000 ) ) ;
#954 = VERTEX_POINT ( 'NONE', #2591 ) ;
#955 = SURFACE_SIDE_STYLE ('',( #3870 ) ) ;
#956 = VECTOR ( 'NONE', #1256, 1.000000000000000000 ) ;
#957 = CARTESIAN_POINT ( 'NONE',  ( 0.001955799999999999726, 0.0001968500000000008817, -0.0001968499999999993638 ) ) ;
#958 = VECTOR ( 'NONE', #1035, 1.000000000000000000 ) ;
#959 = ORIENTED_EDGE ( 'NONE', *, *, #1833, .T. ) ;
#960 = DIRECTION ( 'NONE',  ( -1.000000000000000000, 0.000000000000000000, -0.000000000000000000 ) ) ;
#961 = LINE ( 'NONE', #2303, #3459 ) ;
#962 = DIRECTION ( 'NONE',  ( 0.9900210886840221658, 0.09964497970521038472, -0.09964497970521003778 ) ) ;
#963 = SHAPE_REPRESENTATION_RELATIONSHIP ( 'NONE' , 'NONE' ,  #4081, #2162 ) ;
#964 = EDGE_CURVE ( 'NONE', #2859, #1675, #892, .T. ) ;
#965 = ORIENTED_EDGE ( 'NONE', *, *, #3224, .F. ) ;
#966 = DIRECTION ( 'NONE',  ( 0.000000000000000000, -0.000000000000000000, 1.000000000000000000 ) ) ;
#967 = CARTESIAN_POINT ( 'NONE',  ( 0.006118192365805484589, -0.0002220920887661372771, -7.850162721388860754E-19 ) ) ;
#968 = LINE ( 'NONE', #3611, #1934 ) ;
#969 = ORIENTED_EDGE ( 'NONE', *, *, #3070, .F. ) ;
#970 = VECTOR ( 'NONE', #1463, 1.000000000000000000 ) ;
#971 = ORIENTED_EDGE ( 'NONE', *, *, #3353, .T. ) ;
#972 = EDGE_CURVE ( 'NONE', #1675, #3000, #560, .T. ) ;
#973 = FACE_OUTER_BOUND ( 'NONE', #1943, .T. ) ;
#974 = ORIENTED_EDGE ( 'NONE', *, *, #2034, .F. ) ;
#975 = CARTESIAN_POINT ( 'NONE',  ( -0.003499999999999999639, 0.01778846306386022355, -0.008000000000000000167 ) ) ;
#976 = EDGE_CURVE ( 'NONE', #3716, #1942, #2104, .T. ) ;
#977 = VECTOR ( 'NONE', #1183, 1.000000000000000000 ) ;
#978 = CARTESIAN_POINT ( 'NONE',  ( -0.002387600000000000139, 0.0009297722328225859053, -9.532288006379452394E-05 ) ) ;
#979 = FACE_OUTER_BOUND ( 'NONE', #3044, .T. ) ;
#980 = VECTOR ( 'NONE', #1304, 1.000000000000000222 ) ;
#981 = ORIENTED_EDGE ( 'NONE', *, *, #2438, .F. ) ;
#982 = EDGE_CURVE ( 'NONE', #2345, #516, #428, .T. ) ;
#983 = CARTESIAN_POINT ( 'NONE',  ( 0.0003839116819797988231, 0.000000000000000000, -0.0001230853639015392102 ) ) ;
#984 = VECTOR ( 'NONE', #571, 1.000000000000000000 ) ;
#985 = LINE ( 'NONE', #1950, #1268 ) ;
#986 = VECTOR ( 'NONE', #1518, 1.000000000000000000 ) ;
#987 = SURFACE_STYLE_USAGE ( .BOTH. , #308 ) ;
#988 = EDGE_CURVE ( 'NONE', #443, #3732, #520, .T. ) ;
#989 = EDGE_CURVE ( 'NONE', #3182, #3108, #2925, .T. ) ;
#990 = CARTESIAN_POINT ( 'NONE',  ( -0.002387600000000000139, -0.001378481502717156075, -0.001676399999999999982 ) ) ;
#991 = LINE ( 'NONE', #1674, #3574 ) ;
#992 = ORIENTED_EDGE ( 'NONE', *, *, #2869, .T. ) ;
#993 = DIRECTION ( 'NONE',  ( 0.000000000000000000, 0.000000000000000000, 1.000000000000000000 ) ) ;
#994 = DIRECTION ( 'NONE',  ( -1.000000000000000000, 0.000000000000000000, 0.000000000000000000 ) ) ;
#995 = CARTESIAN_POINT ( 'NONE',  ( 0.006499999999999998834, -0.002131780542604057391, -0.008000000000000000167 ) ) ;
#996 = VERTEX_POINT ( 'NONE', #601 ) ;
#997 = ORIENTED_EDGE ( 'NONE', *, *, #348, .T. ) ;
#998 = CARTESIAN_POINT ( 'NONE',  ( 0.001955799999999999726, -0.0001968500000000006649, 0.0001968499999999993096 ) ) ;
#999 = FILL_AREA_STYLE_COLOUR ( '', #3081 ) ;
#1000 = PRESENTATION_LAYER_ASSIGNMENT (  '', '', ( #95 ) ) ;
#1001 = FILL_AREA_STYLE_COLOUR ( '', #1280 ) ;
#1002 = DIRECTION ( 'NONE',  ( 1.741668937636762057E-16, 1.000000000000000000, 0.000000000000000000 ) ) ;
#1003 = EDGE_LOOP ( 'NONE', ( #1154, #4122, #3419, #1987 ) ) ;
#1004 = CARTESIAN_POINT ( 'NONE',  ( -0.005499999999999999681, 0.01778846306386022355, -0.001000000000000000021 ) ) ;
#1005 = DIRECTION ( 'NONE',  ( 0.7850963187066076765, -0.6143123792477028777, -0.07901943467501572338 ) ) ;
#1006 = AXIS2_PLACEMENT_3D ( 'NONE', #1497, #1194, #2532 ) ;
#1007 = FILL_AREA_STYLE_COLOUR ( '', #2536 ) ;
#1008 = STYLED_ITEM ( 'NONE', ( #1413 ), #1257 ) ;
#1009 = LINE ( 'NONE', #3678, #1147 ) ;
#1010 = VERTEX_POINT ( 'NONE', #1286 ) ;
#1011 = SURFACE_STYLE_USAGE ( .BOTH. , #2692 ) ;
#1012 = DIRECTION ( 'NONE',  ( -0.000000000000000000, 1.000000000000000000, -0.000000000000000000 ) ) ;
#1013 = PRESENTATION_STYLE_ASSIGNMENT (( #2401 ) ) ;
#1014 = ORIENTED_EDGE ( 'NONE', *, *, #2211, .F. ) ;
#1015 = EDGE_LOOP ( 'NONE', ( #1184, #185, #3060, #1651, #1485 ) ) ;
#1016 = CARTESIAN_POINT ( 'NONE',  ( -0.007499999999999998855, 0.01778846306386022355, -0.008000000000000000167 ) ) ;
#1017 =( GEOMETRIC_REPRESENTATION_CONTEXT ( 3 ) GLOBAL_UNCERTAINTY_ASSIGNED_CONTEXT ( ( #1132 ) ) GLOBAL_UNIT_ASSIGNED_CONTEXT ( ( #3980, #1426, #143 ) ) REPRESENTATION_CONTEXT ( 'NONE', 'WORKASPACE' ) );
#1018 = PLANE ( 'NONE',  #2724 ) ;
#1019 = VERTEX_POINT ( 'NONE', #4227 ) ;
#1020 = DIRECTION ( 'NONE',  ( 1.741668937636762057E-16, 1.000000000000000000, -0.000000000000000000 ) ) ;
#1021 = LINE ( 'NONE', #1685, #2574 ) ;
#1022 = EDGE_CURVE ( 'NONE', #2984, #626, #1204, .T. ) ;
#1023 = LINE ( 'NONE', #3302, #3505 ) ;
#1024 = ADVANCED_FACE ( 'NONE', ( #3952 ), #2970, .T. ) ;
#1025 = ORIENTED_EDGE ( 'NONE', *, *, #2064, .F. ) ;
#1026 = VERTEX_POINT ( 'NONE', #3933 ) ;
#1027 =( GEOMETRIC_REPRESENTATION_CONTEXT ( 3 ) GLOBAL_UNCERTAINTY_ASSIGNED_CONTEXT ( ( #1084 ) ) GLOBAL_UNIT_ASSIGNED_CONTEXT ( ( #873, #247, #3290 ) ) REPRESENTATION_CONTEXT ( 'NONE', 'WORKASPACE' ) );
#1028 = DIRECTION ( 'NONE',  ( -1.000000000000000000, -5.102127870520020612E-17, 0.000000000000000000 ) ) ;
#1029 =( GEOMETRIC_REPRESENTATION_CONTEXT ( 3 ) GLOBAL_UNCERTAINTY_ASSIGNED_CONTEXT ( ( #3457 ) ) GLOBAL_UNIT_ASSIGNED_CONTEXT ( ( #3618, #2155, #3095 ) ) REPRESENTATION_CONTEXT ( 'NONE', 'WORKASPACE' ) );
#1030 = MECHANICAL_DESIGN_GEOMETRIC_PRESENTATION_REPRESENTATION (  '', ( #822 ), #1029 ) ;
#1031 = FACE_OUTER_BOUND ( 'NONE', #2638, .T. ) ;
#1032 = PLANE ( 'NONE',  #3567 ) ;
#1033 = ORIENTED_EDGE ( 'NONE', *, *, #4213, .F. ) ;
#1034 = DIRECTION ( 'NONE',  ( -1.000000000000000000, 8.708344688183810284E-17, 0.000000000000000000 ) ) ;
#1035 = DIRECTION ( 'NONE',  ( -0.000000000000000000, 1.000000000000000000, -0.000000000000000000 ) ) ;
#1037 = ADVANCED_FACE ( 'NONE', ( #4184 ), #3229, .F. ) ;
#1036 =( NAMED_UNIT ( * ) SI_UNIT ( $, .STERADIAN. ) SOLID_ANGLE_UNIT ( ) );
#1038 = DIRECTION ( 'NONE',  ( 0.000000000000000000, 0.000000000000000000, -1.000000000000000000 ) ) ;
#1039 = ORIENTED_EDGE ( 'NONE', *, *, #3206, .F. ) ;
#1040 = ORIENTED_EDGE ( 'NONE', *, *, #3047, .F. ) ;
#1041 = DIRECTION ( 'NONE',  ( -0.7875589559879859758, 0.6162393129646254186, 0.000000000000000000 ) ) ;
#1042 = DIRECTION ( 'NONE',  ( 0.000000000000000000, 1.000000000000000000, -1.741668937636762057E-16 ) ) ;
#1043 = EDGE_CURVE ( 'NONE', #3425, #3685, #633, .T. ) ;
#1044 = VECTOR ( 'NONE', #3643, 1.000000000000000000 ) ;
#1045 = ORIENTED_EDGE ( 'NONE', *, *, #1345, .F. ) ;
#1046 = SURFACE_STYLE_FILL_AREA ( #2725 ) ;
#1047 =( NAMED_UNIT ( * ) PLANE_ANGLE_UNIT ( ) SI_UNIT ( $, .RADIAN. ) );
#1048 = EDGE_CURVE ( 'NONE', #402, #2612, #3212, .T. ) ;
#1049 = ORIENTED_EDGE ( 'NONE', *, *, #2971, .T. ) ;
#1050 = CARTESIAN_POINT ( 'NONE',  ( 4.770489558936219510E-18, 0.01675091812156456056, -0.004813914636098463699 ) ) ;
#1051 = VECTOR ( 'NONE', #1054, 1.000000000000000000 ) ;
#1052 = VECTOR ( 'NONE', #2421, 1.000000000000000000 ) ;
#1053 = VECTOR ( 'NONE', #2658, 1.000000000000000000 ) ;
#1054 = DIRECTION ( 'NONE',  ( -1.000000000000000000, -5.102127870520020612E-17, 0.000000000000000000 ) ) ;
#1055 = CARTESIAN_POINT ( 'NONE',  ( 0.001193800000000003539, -0.002067722254075723704, 0.000000000000000000 ) ) ;
#1056 = ORIENTED_EDGE ( 'NONE', *, *, #1893, .T. ) ;
#1057 = FACE_BOUND ( 'NONE', #3275, .T. ) ;
#1058 = DIRECTION ( 'NONE',  ( -2.040851148208008245E-16, -1.000000000000000000, 0.000000000000000000 ) ) ;
#1059 = FILL_AREA_STYLE_COLOUR ( '', #885 ) ;
#1060 = ORIENTED_EDGE ( 'NONE', *, *, #2488, .T. ) ;
#1061 = LINE ( 'NONE', #2403, #1329 ) ;
#1062 = CARTESIAN_POINT ( 'NONE',  ( 0.006273800000000002985, 0.000000000000000000, 0.000000000000000000 ) ) ;
#1063 = SURFACE_SIDE_STYLE ('',( #2321 ) ) ;
#1064 = DIRECTION ( 'NONE',  ( -0.000000000000000000, 1.000000000000000000, -0.000000000000000000 ) ) ;
#1065 = SURFACE_STYLE_USAGE ( .BOTH. , #3119 ) ;
#1066 = VECTOR ( 'NONE', #1155, 1.000000000000000000 ) ;
#1067 = ORIENTED_EDGE ( 'NONE', *, *, #1573, .T. ) ;
#1068 = CARTESIAN_POINT ( 'NONE',  ( 1.517883041479706208E-18, 0.002756963005434303910, -0.0002132518306161850126 ) ) ;
#1069 = EDGE_CURVE ( 'NONE', #785, #2651, #1562, .T. ) ;
#1070 = CARTESIAN_POINT ( 'NONE',  ( -0.005079999999999994242, 0.008889999999999998598, 0.002247900000000000592 ) ) ;
#1071 = CIRCLE ( 'NONE', #2406, 0.005641952032044423963 ) ;
#1072 = ORIENTED_EDGE ( 'NONE', *, *, #4262, .T. ) ;
#1073 = DIRECTION ( 'NONE',  ( 0.000000000000000000, 0.000000000000000000, 1.000000000000000000 ) ) ;
#1074 = AXIS2_PLACEMENT_3D ( 'NONE', #2948, #3287, #2614 ) ;
#1075 = EDGE_CURVE ( 'NONE', #4066, #2984, #2029, .T. ) ;
#1076 = ADVANCED_FACE ( 'NONE', ( #1985 ), #3709, .F. ) ;
#1077 = DIRECTION ( 'NONE',  ( 0.1001433879378217789, 0.9949730156402912806, 3.516874517935654615E-15 ) ) ;
#1078 = FILL_AREA_STYLE ('',( #139 ) ) ;
#1079 = ORIENTED_EDGE ( 'NONE', *, *, #652, .T. ) ;
#1080 = DIRECTION ( 'NONE',  ( 0.000000000000000000, 0.000000000000000000, -1.000000000000000000 ) ) ;
#1081 = DIRECTION ( 'NONE',  ( 0.000000000000000000, 0.000000000000000000, -1.000000000000000000 ) ) ;
#1082 = COLOUR_RGB ( '',0.7764705882352941346, 0.7568627450980391913, 0.7372549019607843590 ) ;
#1083 = VERTEX_POINT ( 'NONE', #1965 ) ;
#1084 = UNCERTAINTY_MEASURE_WITH_UNIT (LENGTH_MEASURE( 1.000000000000000082E-05 ), #873, 'distance_accuracy_value', 'NONE');
#1085 = DIRECTION ( 'NONE',  ( 0.8660254037844378194, -0.5000000000000014433, 0.000000000000000000 ) ) ;
#1086 = LINE ( 'NONE', #1766, #882 ) ;
#1087 = DIRECTION ( 'NONE',  ( 0.000000000000000000, -2.312964634635742957E-16, -1.000000000000000000 ) ) ;
#1088 = DIRECTION ( 'NONE',  ( -0.6162393129646255296, -0.7875589559879860868, -1.084421045266180146E-16 ) ) ;
#1089 = FILL_AREA_STYLE ('',( #3142 ) ) ;
#1090 = UNCERTAINTY_MEASURE_WITH_UNIT (LENGTH_MEASURE( 1.000000000000000082E-05 ), #1914, 'distance_accuracy_value', 'NONE');
#1091 = ORIENTED_EDGE ( 'NONE', *, *, #3987, .T. ) ;
#1092 = LINE ( 'NONE', #2429, #1825 ) ;
#1093 = CYLINDRICAL_SURFACE ( 'NONE', #4270, 0.001904999999999999792 ) ;
#1094 = DIRECTION ( 'NONE',  ( -0.1001433879378217651, -4.294480117510041754E-17, 0.9949730156402911696 ) ) ;
#1095 = STYLED_ITEM ( 'NONE', ( #4298 ), #122 ) ;
#1096 = AXIS2_PLACEMENT_3D ( 'NONE', #862, #2186, #1162 ) ;
#1097 = ORIENTED_EDGE ( 'NONE', *, *, #2824, .T. ) ;
#1098 = SHAPE_REPRESENTATION_RELATIONSHIP ( 'NONE' , 'NONE' ,  #3927, #122 ) ;
#1099 = CARTESIAN_POINT ( 'NONE',  ( 0.002207375933609957708, -6.505213034913026604E-19, -0.0001715290456431537163 ) ) ;
#1100 = AXIS2_PLACEMENT_3D ( 'NONE', #4243, #2899, #573 ) ;
#1101 = CARTESIAN_POINT ( 'NONE',  ( 0.006118192365805484589, -0.0002220920887661372771, -7.850162721388860754E-19 ) ) ;
#1102 = PRESENTATION_STYLE_ASSIGNMENT (( #3738 ) ) ;
#1103 = EDGE_LOOP ( 'NONE', ( #2482, #3021, #1779, #1456 ) ) ;
#1104 = CARTESIAN_POINT ( 'NONE',  ( 0.007499999999999998855, 0.000000000000000000, 0.000000000000000000 ) ) ;
#1105 = EDGE_CURVE ( 'NONE', #4045, #2448, #24, .T. ) ;
#1106 = LINE ( 'NONE', #1835, #909 ) ;
#1107 = VERTEX_POINT ( 'NONE', #64 ) ;
#1108 = CARTESIAN_POINT ( 'NONE',  ( 0.0003839116819797983894, -0.004000000000000000083, 0.0001230853639015392102 ) ) ;
#1109 = CARTESIAN_POINT ( 'NONE',  ( -0.007499999999999998855, 0.000000000000000000, 0.000000000000000000 ) ) ;
#1110 = EDGE_LOOP ( 'NONE', ( #3480, #951, #3283, #865, #1318 ) ) ;
#1111 = CARTESIAN_POINT ( 'NONE',  ( -0.002387600000000000139, 0.000000000000000000, 0.000000000000000000 ) ) ;
#1112 = EDGE_CURVE ( 'NONE', #1616, #2837, #1023, .T. ) ;
#1113 = ORIENTED_EDGE ( 'NONE', *, *, #1075, .F. ) ;
#1114 = ORIENTED_EDGE ( 'NONE', *, *, #886, .T. ) ;
#1115 = CARTESIAN_POINT ( 'NONE',  ( -0.002923911681979795944, 0.000000000000000000, -0.0001230853639015388849 ) ) ;
#1116 = FACE_OUTER_BOUND ( 'NONE', #714, .T. ) ;
#1117 = FACE_OUTER_BOUND ( 'NONE', #125, .T. ) ;
#1118 = PRESENTATION_LAYER_ASSIGNMENT (  '', '', ( #3908 ) ) ;
#1119 = ADVANCED_FACE ( 'NONE', ( #2741 ), #365, .F. ) ;
#1120 = ORIENTED_EDGE ( 'NONE', *, *, #2360, .F. ) ;
#1121 = APPLICATION_PROTOCOL_DEFINITION ( 'draft international standard', 'automotive_design', 1998, #3149 ) ;
#1122 = CARTESIAN_POINT ( 'NONE',  ( 0.004500000000000000527, 0.01778846306386022008, -0.008000000000000000167 ) ) ;
#1123 = VECTOR ( 'NONE', #3096, 1.000000000000000000 ) ;
#1124 = CARTESIAN_POINT ( 'NONE',  ( 0.004646921033399657210, -8.491486838393686895E-18, 0.001908864834575705769 ) ) ;
#1125 = CARTESIAN_POINT ( 'NONE',  ( 0.002156088318020198298, -0.005000000000000000104, -0.006988914636098460080 ) ) ;
#1126 = ORIENTED_EDGE ( 'NONE', *, *, #3753, .T. ) ;
#1127 = AXIS2_PLACEMENT_3D ( 'NONE', #41, #953, #2654 ) ;
#1128 = CARTESIAN_POINT ( 'NONE',  ( 0.001396429547004324027, 0.001950734030567006800, 1.417933153703698382E-18 ) ) ;
#1129 = EDGE_CURVE ( 'NONE', #2470, #2193, #343, .T. ) ;
#1130 = AXIS2_PLACEMENT_3D ( 'NONE', #206, #1217, #1234 ) ;
#1131 = EDGE_CURVE ( 'NONE', #2703, #1352, #3034, .T. ) ;
#1132 = UNCERTAINTY_MEASURE_WITH_UNIT (LENGTH_MEASURE( 1.000000000000000082E-05 ), #3980, 'distance_accuracy_value', 'NONE');
#1133 = DIRECTION ( 'NONE',  ( 1.000000000000000000, 0.000000000000000000, 0.000000000000000000 ) ) ;
#1134 = DIRECTION ( 'NONE',  ( -1.000000000000000000, 8.708344688183810284E-17, 0.000000000000000000 ) ) ;
#1135 = ORIENTED_EDGE ( 'NONE', *, *, #3895, .T. ) ;
#1136 = PLANE ( 'NONE',  #1548 ) ;
#1137 =( LENGTH_UNIT ( ) NAMED_UNIT ( * ) SI_UNIT ( $, .METRE. ) );
#1138 = CIRCLE ( 'NONE', #2894, 0.0005000000000000000104 ) ;
#1139 = CARTESIAN_POINT ( 'NONE',  ( 0.002923911681979795944, -0.003999999999999999216, -0.0001230853639015401860 ) ) ;
#1140 = SURFACE_STYLE_FILL_AREA ( #2116 ) ;
#1141 =( GEOMETRIC_REPRESENTATION_CONTEXT ( 3 ) GLOBAL_UNCERTAINTY_ASSIGNED_CONTEXT ( ( #1842 ) ) GLOBAL_UNIT_ASSIGNED_CONTEXT ( ( #1761, #1472, #2729 ) ) REPRESENTATION_CONTEXT ( 'NONE', 'WORKASPACE' ) );
#1142 = UNCERTAINTY_MEASURE_WITH_UNIT (LENGTH_MEASURE( 1.000000000000000082E-05 ), #3671, 'distance_accuracy_value', 'NONE');
#1143 = ORIENTED_EDGE ( 'NONE', *, *, #2177, .T. ) ;
#1144 = DIRECTION ( 'NONE',  ( 1.000000000000000000, -2.040851148208008245E-16, -0.000000000000000000 ) ) ;
#1145 = DIRECTION ( 'NONE',  ( 1.000000000000000000, 0.000000000000000000, -0.000000000000000000 ) ) ;
#1146 = CARTESIAN_POINT ( 'NONE',  ( 0.01200000000000000025, -3.202566417187952122E-18, -0.008000000000000000167 ) ) ;
#1147 = VECTOR ( 'NONE', #1295, 1.000000000000000000 ) ;
#1148 = ORIENTED_EDGE ( 'NONE', *, *, #4149, .F. ) ;
#1149 = APPLICATION_PROTOCOL_DEFINITION ( 'draft international standard', 'automotive_design', 1998, #1185 ) ;
#1150 = FILL_AREA_STYLE_COLOUR ( '', #3312 ) ;
#1151 = B_SPLINE_CURVE_WITH_KNOTS ( 'NONE', 3,
 ( #505, #3487, #3876, #226, #2892, #1173 ),
 .UNSPECIFIED., .F., .F.,
 ( 4, 2, 4 ),
 ( 0.001395036095373831117, 0.002089830331458792257, 0.002784624567543753614 ),
 .UNSPECIFIED. ) ;
#1152 = LINE ( 'NONE', #2773, #2893 ) ;
#1153 = DIRECTION ( 'NONE',  ( 1.000000000000000000, -0.000000000000000000, 0.000000000000000000 ) ) ;
#1154 = ORIENTED_EDGE ( 'NONE', *, *, #1976, .T. ) ;
#1155 = DIRECTION ( 'NONE',  ( -0.000000000000000000, -0.000000000000000000, 1.000000000000000000 ) ) ;
#1156 = AXIS2_PLACEMENT_3D ( 'NONE', #1099, #2102, #439 ) ;
#1157 = CARTESIAN_POINT ( 'NONE',  ( -0.005499999999999999681, 0.01778846306386022355, -0.008000000000000000167 ) ) ;
#1158 = FACE_OUTER_BOUND ( 'NONE', #1980, .T. ) ;
#1159 = VERTEX_POINT ( 'NONE', #1707 ) ;
#1160 = DIRECTION ( 'NONE',  ( 1.741668937636762057E-16, 1.000000000000000000, -0.000000000000000000 ) ) ;
#1161 = FACE_OUTER_BOUND ( 'NONE', #688, .T. ) ;
#1162 = DIRECTION ( 'NONE',  ( 1.000000000000000000, 0.000000000000000000, 0.000000000000000000 ) ) ;
#1163 = VECTOR ( 'NONE', #1308, 1.000000000000000000 ) ;
#1164 = DIRECTION ( 'NONE',  ( 0.000000000000000000, -1.000000000000000000, 0.000000000000000000 ) ) ;
#1165 = ORIENTED_EDGE ( 'NONE', *, *, #4207, .F. ) ;
#1166 = ORIENTED_EDGE ( 'NONE', *, *, #2996, .T. ) ;
#1167 = CARTESIAN_POINT ( 'NONE',  ( 3.962525858598140209E-18, 0.001134100007169937469, -0.002247900000000000592 ) ) ;
#1168 = DIRECTION ( 'NONE',  ( -1.000000000000000000, 0.000000000000000000, 0.000000000000000000 ) ) ;
#1169 = DIRECTION ( 'NONE',  ( 0.000000000000000000, -1.000000000000000000, 0.000000000000000000 ) ) ;
#1170 = EDGE_LOOP ( 'NONE', ( #564, #621, #2372, #1972, #4221, #1682, #2719, #268, #3609, #2138, #113 ) ) ;
#1171 = FACE_OUTER_BOUND ( 'NONE', #2800, .T. ) ;
#1172 = STYLED_ITEM ( 'NONE', ( #1900 ), #4102 ) ;
#1173 = CARTESIAN_POINT ( 'NONE',  ( 1.517883041479706208E-18, 0.002756963005434303910, -0.0002132518306161850126 ) ) ;
#1174 = ORIENTED_EDGE ( 'NONE', *, *, #3410, .T. ) ;
#1175 = CARTESIAN_POINT ( 'NONE',  ( 0.002387600000000000139, 0.001378481502717155208, -0.0002132518306161850126 ) ) ;
#1176 = VECTOR ( 'NONE', #1531, 1.000000000000000222 ) ;
#1177 = VECTOR ( 'NONE', #2229, 1.000000000000000000 ) ;
#1178 = CIRCLE ( 'NONE', #889, 0.001041400000000000051 ) ;
#1179 = CYLINDRICAL_SURFACE ( 'NONE', #2533, 0.001904999999999999792 ) ;
#1180 = SURFACE_STYLE_FILL_AREA ( #550 ) ;
#1181 = EDGE_LOOP ( 'NONE', ( #3122, #3055, #367, #2237 ) ) ;
#1182 = EDGE_CURVE ( 'NONE', #4209, #3732, #1645, .T. ) ;
#1183 = DIRECTION ( 'NONE',  ( 1.000000000000000000, 0.000000000000000000, 0.000000000000000000 ) ) ;
#1184 = ORIENTED_EDGE ( 'NONE', *, *, #2393, .T. ) ;
#1185 = APPLICATION_CONTEXT ( 'automotive_design' ) ;
#1186 =( LENGTH_UNIT ( ) NAMED_UNIT ( * ) SI_UNIT ( $, .METRE. ) );
#1187 = PRESENTATION_LAYER_ASSIGNMENT (  '', '', ( #822 ) ) ;
#1188 = ORIENTED_EDGE ( 'NONE', *, *, #3501, .T. ) ;
#1189 = CARTESIAN_POINT ( 'NONE',  ( 0.000000000000000000, 0.000000000000000000, -0.0001511748074994751227 ) ) ;
#1190 = CARTESIAN_POINT ( 'NONE',  ( 0.005080000000000006385, 0.008889999999999998598, -0.002247900000000000592 ) ) ;
#1191 = ADVANCED_FACE ( 'NONE', ( #1328 ), #4288, .F. ) ;
#1192 = EDGE_CURVE ( 'NONE', #4013, #2560, #3993, .T. ) ;
#1193 = ORIENTED_EDGE ( 'NONE', *, *, #4007, .T. ) ;
#1194 = DIRECTION ( 'NONE',  ( -1.000000000000000000, 0.000000000000000000, 0.000000000000000000 ) ) ;
#1195 = AXIS2_PLACEMENT_3D ( 'NONE', #1517, #3190, #4167 ) ;
#1196 = CARTESIAN_POINT ( 'NONE',  ( 0.001041400000000000051, 0.000000000000000000, -0.001499825192500524621 ) ) ;
#1197 = AXIS2_PLACEMENT_3D ( 'NONE', #82, #492, #3492 ) ;
#1198 = SURFACE_SIDE_STYLE ('',( #1525 ) ) ;
#1199 = CARTESIAN_POINT ( 'NONE',  ( 0.001498599999999999238, 0.000000000000000000, 0.000000000000000000 ) ) ;
#1200 = CARTESIAN_POINT ( 'NONE',  ( -0.007499999999999997988, 0.01778846306386022355, -0.001000000000000000021 ) ) ;
#1201 = ORIENTED_EDGE ( 'NONE', *, *, #655, .F. ) ;
#1202 = CYLINDRICAL_SURFACE ( 'NONE', #3272, 0.001041400000000000051 ) ;
#1203 = LINE ( 'NONE', #596, #2915 ) ;
#1204 = CIRCLE ( 'NONE', #844, 0.001257299999999999607 ) ;
#1205 = STYLED_ITEM ( 'NONE', ( #2554 ), #2013 ) ;
#1206 = VERTEX_POINT ( 'NONE', #957 ) ;
#1207 = CARTESIAN_POINT ( 'NONE',  ( 0.002923911681979795944, -0.003999999999999999216, -0.0001230853639015401860 ) ) ;
#1208 = DIRECTION ( 'NONE',  ( 1.741668937636762057E-16, 1.000000000000000000, -0.000000000000000000 ) ) ;
#1209 = DIRECTION ( 'NONE',  ( 0.8660254037844378194, 0.5000000000000014433, 0.000000000000000000 ) ) ;
#1210 = VERTEX_POINT ( 'NONE', #3053 ) ;
#1211 = EDGE_CURVE ( 'NONE', #4305, #2588, #2722, .T. ) ;
#1212 = PLANE ( 'NONE',  #3254 ) ;
#1213 =( NAMED_UNIT ( * ) PLANE_ANGLE_UNIT ( ) SI_UNIT ( $, .RADIAN. ) );
#1214 = AXIS2_PLACEMENT_3D ( 'NONE', #1668, #3014, #1776 ) ;
#1215 = ADVANCED_FACE ( 'NONE', ( #979 ), #3668, .T. ) ;
#1216 = EDGE_CURVE ( 'NONE', #4217, #3679, #2324, .T. ) ;
#1217 = DIRECTION ( 'NONE',  ( 0.9251594774500233598, 0.3795786364963124049, 0.000000000000000000 ) ) ;
#1218 = FACE_OUTER_BOUND ( 'NONE', #685, .T. ) ;
#1219 = ORIENTED_EDGE ( 'NONE', *, *, #4213, .T. ) ;
#1220 = FACE_OUTER_BOUND ( 'NONE', #733, .T. ) ;
#1221 = CARTESIAN_POINT ( 'NONE',  ( 0.004468399649801274923, 0.008889999999999998598, -0.001993900000000000707 ) ) ;
#1222 = CARTESIAN_POINT ( 'NONE',  ( 8.673617379884035472E-19, 0.002756963005434303476, 0.000000000000000000 ) ) ;
#1223 =( NAMED_UNIT ( * ) PLANE_ANGLE_UNIT ( ) SI_UNIT ( $, .RADIAN. ) );
#1224 = VERTEX_POINT ( 'NONE', #3079 ) ;
#1225 = FACE_OUTER_BOUND ( 'NONE', #2681, .T. ) ;
#1226 = VERTEX_POINT ( 'NONE', #4306 ) ;
#1227 = CARTESIAN_POINT ( 'NONE',  ( 0.006118192365805484589, -1.301042606982605321E-18, -0.0002220920887661365453 ) ) ;
#1228 = LINE ( 'NONE', #543, #2747 ) ;
#1229 = EDGE_LOOP ( 'NONE', ( #3386, #3319, #2790, #1135 ) ) ;
#1230 = PRESENTATION_STYLE_ASSIGNMENT (( #4210 ) ) ;
#1231 = DIRECTION ( 'NONE',  ( -0.3795786364963124049, -0.9251594774500233598, 0.000000000000000000 ) ) ;
#1232 = SHAPE_REPRESENTATION_RELATIONSHIP ( 'NONE' , 'NONE' ,  #2767, #3362 ) ;
#1233 = PRESENTATION_LAYER_ASSIGNMENT (  '', '', ( #1521 ) ) ;
#1234 = DIRECTION ( 'NONE',  ( -0.3795786364963124049, 0.9251594774500233598, 0.000000000000000000 ) ) ;
#1235 =( GEOMETRIC_REPRESENTATION_CONTEXT ( 3 ) GLOBAL_UNCERTAINTY_ASSIGNED_CONTEXT ( ( #3663 ) ) GLOBAL_UNIT_ASSIGNED_CONTEXT ( ( #4220, #3966, #232 ) ) REPRESENTATION_CONTEXT ( 'NONE', 'WORKASPACE' ) );
#1236 = DIRECTION ( 'NONE',  ( 0.000000000000000000, 0.000000000000000000, -1.000000000000000000 ) ) ;
#1237 = VERTEX_POINT ( 'NONE', #2678 ) ;
#1238 = LINE ( 'NONE', #3861, #4230 ) ;
#1239 = CARTESIAN_POINT ( 'NONE',  ( 0.007499999999999998855, 0.01778846306386022355, -0.008000000000000000167 ) ) ;
#1240 = EDGE_CURVE ( 'NONE', #3685, #3780, #4231, .T. ) ;
#1241 = VECTOR ( 'NONE', #2473, 1.000000000000000000 ) ;
#1242 = STYLED_ITEM ( 'NONE', ( #3571 ), #2744 ) ;
#1243 =( GEOMETRIC_REPRESENTATION_CONTEXT ( 3 ) GLOBAL_UNCERTAINTY_ASSIGNED_CONTEXT ( ( #1301 ) ) GLOBAL_UNIT_ASSIGNED_CONTEXT ( ( #263, #1587, #1289 ) ) REPRESENTATION_CONTEXT ( 'NONE', 'WORKASPACE' ) );
#1244 = ORIENTED_EDGE ( 'NONE', *, *, #3204, .F. ) ;
#1245 =( NAMED_UNIT ( * ) SI_UNIT ( $, .STERADIAN. ) SOLID_ANGLE_UNIT ( ) );
#1246 = ORIENTED_EDGE ( 'NONE', *, *, #3144, .F. ) ;
#1247 = CARTESIAN_POINT ( 'NONE',  ( 0.002156088318020204370, -0.005000000000000000104, 0.0001230853639015391831 ) ) ;
#1248 = DIRECTION ( 'NONE',  ( 1.000000000000000000, 0.000000000000000000, 0.000000000000000000 ) ) ;
#1249 = CARTESIAN_POINT ( 'NONE',  ( 0.002156088318020198298, -0.003999999999999999216, -0.006988914636098460080 ) ) ;
#1250 = ADVANCED_FACE ( 'NONE', ( #3620 ), #625, .F. ) ;
#1251 = ORIENTED_EDGE ( 'NONE', *, *, #1479, .F. ) ;
#1252 = PLANE ( 'NONE',  #928 ) ;
#1253 = CARTESIAN_POINT ( 'NONE',  ( -0.004468399649801290535, 0.001134100007169953081, -0.001993900000000000707 ) ) ;
#1254 =( GEOMETRIC_REPRESENTATION_CONTEXT ( 3 ) GLOBAL_UNCERTAINTY_ASSIGNED_CONTEXT ( ( #3754 ) ) GLOBAL_UNIT_ASSIGNED_CONTEXT ( ( #1887, #2923, #4225 ) ) REPRESENTATION_CONTEXT ( 'NONE', 'WORKASPACE' ) );
#1255 = ORIENTED_EDGE ( 'NONE', *, *, #2445, .F. ) ;
#1256 = DIRECTION ( 'NONE',  ( 1.741668937636762057E-16, 1.000000000000000000, -0.000000000000000000 ) ) ;
#1257 = ADVANCED_FACE ( 'NONE', ( #2503 ), #1841, .T. ) ;
#1258 = CARTESIAN_POINT ( 'NONE',  ( -0.003170082409782873714, -0.003400000000000000678, -0.0001230853639015389391 ) ) ;
#1259 = DIRECTION ( 'NONE',  ( 1.000000000000000000, -0.000000000000000000, 0.000000000000000000 ) ) ;
#1260 = ADVANCED_FACE ( 'NONE', ( #2425 ), #107, .F. ) ;
#1261 = VERTEX_POINT ( 'NONE', #4070 ) ;
#1262 = FACE_OUTER_BOUND ( 'NONE', #544, .T. ) ;
#1263 = ORIENTED_EDGE ( 'NONE', *, *, #2341, .F. ) ;
#1264 = CARTESIAN_POINT ( 'NONE',  ( 0.006118192365805484589, -1.310628495689834972E-18, 0.0002220920887661372771 ) ) ;
#1265 = VECTOR ( 'NONE', #2374, 1.000000000000000000 ) ;
#1266 = CARTESIAN_POINT ( 'NONE',  ( 0.002387600000000000139, 0.0009297722328225904590, -9.532288006379535065E-05 ) ) ;
#1267 = DIRECTION ( 'NONE',  ( -0.000000000000000000, -0.000000000000000000, 1.000000000000000000 ) ) ;
#1268 = VECTOR ( 'NONE', #630, 1.000000000000000000 ) ;
#1269 = ORIENTED_EDGE ( 'NONE', *, *, #3955, .F. ) ;
#1270 = CARTESIAN_POINT ( 'NONE',  ( 0.002923911681979802016, -0.005000000000000000104, 0.000000000000000000 ) ) ;
#1271 = CARTESIAN_POINT ( 'NONE',  ( 0.000000000000000000, 0.000000000000000000, -0.001650999999999999690 ) ) ;
#1272 = CARTESIAN_POINT ( 'NONE',  ( 0.000000000000000000, 0.000000000000000000, -0.008000000000000000167 ) ) ;
#1273 = STYLED_ITEM ( 'NONE', ( #4240 ), #260 ) ;
#1274 = CIRCLE ( 'NONE', #29, 0.002641599999999999157 ) ;
#1275 = DIRECTION ( 'NONE',  ( -8.708344688183810284E-17, -1.000000000000000000, 0.000000000000000000 ) ) ;
#1276 = LINE ( 'NONE', #2978, #2468 ) ;
#1277 = ORIENTED_EDGE ( 'NONE', *, *, #2414, .T. ) ;
#1278 = CARTESIAN_POINT ( 'NONE',  ( -0.001905000000000000009, 0.01146821945739594575, -0.008000999999999999432 ) ) ;
#1279 = LINE ( 'NONE', #3572, #3818 ) ;
#1280 = COLOUR_RGB ( '',0.7764705882352941346, 0.7568627450980391913, 0.7372549019607843590 ) ;
#1281 = ORIENTED_EDGE ( 'NONE', *, *, #2683, .T. ) ;
#1282 = ORIENTED_EDGE ( 'NONE', *, *, #4007, .F. ) ;
#1283 = ORIENTED_EDGE ( 'NONE', *, *, #2071, .T. ) ;
#1284 = DIRECTION ( 'NONE',  ( 1.000000000000000000, 0.000000000000000000, 0.000000000000000000 ) ) ;
#1285 = CARTESIAN_POINT ( 'NONE',  ( 0.002387600000000000573, 0.0004693274281724142054, -2.057650251589431789E-05 ) ) ;
#1286 = CARTESIAN_POINT ( 'NONE',  ( 0.0002132326029872380971, 0.001560352411298947034, 0.0003722382769720636612 ) ) ;
#1287 = ORIENTED_EDGE ( 'NONE', *, *, #1043, .T. ) ;
#1288 = PLANE ( 'NONE',  #284 ) ;
#1289 =( NAMED_UNIT ( * ) SI_UNIT ( $, .STERADIAN. ) SOLID_ANGLE_UNIT ( ) );
#1290 = EDGE_CURVE ( 'NONE', #1538, #1597, #149, .T. ) ;
#1291 = ADVANCED_FACE ( 'NONE', ( #1487 ), #131, .T. ) ;
#1292 = MANIFOLD_SOLID_BREP ( 'CirPattern1', #474 ) ;
#1293 = PRODUCT_DEFINITION ( 'UNKNOWN', '', #1930, #3614 ) ;
#1294 =( NAMED_UNIT ( * ) SI_UNIT ( $, .STERADIAN. ) SOLID_ANGLE_UNIT ( ) );
#1295 = DIRECTION ( 'NONE',  ( 1.000000000000000000, 0.000000000000000000, 0.000000000000000000 ) ) ;
#1296 = ORIENTED_EDGE ( 'NONE', *, *, #2938, .F. ) ;
#1297 = FILL_AREA_STYLE ('',( #2018 ) ) ;
#1298 = DIRECTION ( 'NONE',  ( -3.578640214712346672E-15, -1.000000000000000000, 0.000000000000000000 ) ) ;
#1299 = EDGE_LOOP ( 'NONE', ( #272, #2133, #860, #3231 ) ) ;
#1300 = VERTEX_POINT ( 'NONE', #4245 ) ;
#1301 = UNCERTAINTY_MEASURE_WITH_UNIT (LENGTH_MEASURE( 1.000000000000000082E-05 ), #263, 'distance_accuracy_value', 'NONE');
#1302 = VECTOR ( 'NONE', #406, 1.000000000000000000 ) ;
#1303 = ADVANCED_FACE ( 'NONE', ( #1262 ), #3553, .T. ) ;
#1304 = DIRECTION ( 'NONE',  ( 0.7850963187066076765, -0.07901943467501808260, 0.6143123792477025447 ) ) ;
#1305 = ORIENTED_EDGE ( 'NONE', *, *, #1366, .T. ) ;
#1306 = CARTESIAN_POINT ( 'NONE',  ( -0.007499999999999998855, 0.01778846306386022702, 0.006999999999999999278 ) ) ;
#1307 = CARTESIAN_POINT ( 'NONE',  ( 0.002387600000000000139, 0.000000000000000000, 0.000000000000000000 ) ) ;
#1308 = DIRECTION ( 'NONE',  ( 0.7850963187066078985, -0.07901943467501373886, -0.6143123792477030998 ) ) ;
#1309 = VECTOR ( 'NONE', #705, 1.000000000000000000 ) ;
#1310 = CIRCLE ( 'NONE', #1735, 0.002559378154018330381 ) ;
#1311 = ORIENTED_EDGE ( 'NONE', *, *, #2587, .T. ) ;
#1312 = EDGE_CURVE ( 'NONE', #2279, #3194, #1203, .T. ) ;
#1313 = FACE_OUTER_BOUND ( 'NONE', #3208, .T. ) ;
#1314 = EDGE_CURVE ( 'NONE', #2427, #3323, #254, .T. ) ;
#1315 = DIRECTION ( 'NONE',  ( -0.9949730156402912806, -0.1001433879378215430, -3.496487701934324375E-16 ) ) ;
#1316 = CARTESIAN_POINT ( 'NONE',  ( -0.0003839116819797988231, 0.000000000000000000, 0.0001230853639015392102 ) ) ;
#1317 =( LENGTH_UNIT ( ) NAMED_UNIT ( * ) SI_UNIT ( $, .METRE. ) );
#1318 = ORIENTED_EDGE ( 'NONE', *, *, #4207, .T. ) ;
#1319 = DIRECTION ( 'NONE',  ( 1.000000000000000000, 0.000000000000000000, 0.000000000000000000 ) ) ;
#1320 = DIRECTION ( 'NONE',  ( -1.000000000000000000, -0.000000000000000000, -0.000000000000000000 ) ) ;
#1321 = ORIENTED_EDGE ( 'NONE', *, *, #3694, .T. ) ;
#1322 = VECTOR ( 'NONE', #1391, 1.000000000000000000 ) ;
#1323 = EDGE_LOOP ( 'NONE', ( #119, #3146, #3188, #1251 ) ) ;
#1324 = PLANE ( 'NONE',  #1127 ) ;
#1325 = DIRECTION ( 'NONE',  ( 1.000000000000000000, 0.000000000000000000, 0.000000000000000000 ) ) ;
#1326 = VECTOR ( 'NONE', #1160, 1.000000000000000000 ) ;
#1327 = CARTESIAN_POINT ( 'NONE',  ( 0.002387600000000000573, -0.0009246590512133434463, -9.424772760791564393E-05 ) ) ;
#1328 = FACE_OUTER_BOUND ( 'NONE', #3711, .T. ) ;
#1329 = VECTOR ( 'NONE', #2110, 1.000000000000000000 ) ;
#1330 = VERTEX_POINT ( 'NONE', #2543 ) ;
#1331 = SURFACE_STYLE_USAGE ( .BOTH. , #674 ) ;
#1332 = SURFACE_STYLE_FILL_AREA ( #324 ) ;
#1333 = AXIS2_PLACEMENT_3D ( 'NONE', #1124, #2467, #3790 ) ;
#1334 = DIRECTION ( 'NONE',  ( -0.3795786364963129045, 0.9251594774500232488, 0.000000000000000000 ) ) ;
#1335 = AXIS2_PLACEMENT_3D ( 'NONE', #4248, #2192, #1209 ) ;
#1336 = PRODUCT_RELATED_PRODUCT_CATEGORY ( 'part', '', ( #18 ) ) ;
#1337 = MANIFOLD_SOLID_BREP ( 'EndChamfer', #4236 ) ;
#1338 = FACE_OUTER_BOUND ( 'NONE', #4249, .T. ) ;
#1339 = EDGE_CURVE ( 'NONE', #1159, #3108, #3282, .T. ) ;
#1340 = DIRECTION ( 'NONE',  ( 0.000000000000000000, 1.000000000000000000, 1.224646799147353207E-16 ) ) ;
#1341 = VERTEX_POINT ( 'NONE', #1865 ) ;
#1342 = FACE_OUTER_BOUND ( 'NONE', #1387, .T. ) ;
#1343 = CARTESIAN_POINT ( 'NONE',  ( 0.001498599999999999238, 0.000000000000000000, 0.000000000000000000 ) ) ;
#1344 = CARTESIAN_POINT ( 'NONE',  ( 0.000000000000000000, 0.000000000000000000, 0.000000000000000000 ) ) ;
#1345 = EDGE_CURVE ( 'NONE', #1437, #2838, #4263, .T. ) ;
#1346 = PRODUCT_DEFINITION_CONTEXT ( 'detailed design', #201, 'design' ) ;
#1347 = CARTESIAN_POINT ( 'NONE',  ( -0.0003839116819797988231, -0.005000000000000000104, 0.0001230853639015392102 ) ) ;
#1348 = ORIENTED_EDGE ( 'NONE', *, *, #264, .T. ) ;
#1349 = CARTESIAN_POINT ( 'NONE',  ( 0.000000000000000000, 0.000000000000000000, -0.001676400000000001500 ) ) ;
#1350 = VECTOR ( 'NONE', #1742, 1.000000000000000000 ) ;
#1351 = CARTESIAN_POINT ( 'NONE',  ( -0.007499999999999998855, 0.01778846306386022702, 0.006999999999999999278 ) ) ;
#1352 = VERTEX_POINT ( 'NONE', #193 ) ;
#1353 = EDGE_LOOP ( 'NONE', ( #800, #2565, #2130, #17 ) ) ;
#1354 = DIRECTION ( 'NONE',  ( 1.000000000000000000, 0.000000000000000000, -0.000000000000000000 ) ) ;
#1355 = DIRECTION ( 'NONE',  ( -0.000000000000000000, 0.000000000000000000, 1.000000000000000000 ) ) ;
#1356 =( GEOMETRIC_REPRESENTATION_CONTEXT ( 3 ) GLOBAL_UNCERTAINTY_ASSIGNED_CONTEXT ( ( #2137 ) ) GLOBAL_UNIT_ASSIGNED_CONTEXT ( ( #2845, #3443, #1805 ) ) REPRESENTATION_CONTEXT ( 'NONE', 'WORKASPACE' ) );
#1357 = CARTESIAN_POINT ( 'NONE',  ( 0.002207375933609957708, -0.0001715290456431535265, -5.988904619326426106E-19 ) ) ;
#1358 = VECTOR ( 'NONE', #1596, 1.000000000000000000 ) ;
#1359 = LINE ( 'NONE', #1693, #912 ) ;
#1360 = CARTESIAN_POINT ( 'NONE',  ( 0.006140545790324154068, -1.301042606982605321E-18, 0.000000000000000000 ) ) ;
#1361 = ORIENTED_EDGE ( 'NONE', *, *, #1670, .T. ) ;
#1362 = PRESENTATION_STYLE_ASSIGNMENT (( #1011 ) ) ;
#1363 = DIRECTION ( 'NONE',  ( 0.000000000000000000, 0.000000000000000000, -1.000000000000000000 ) ) ;
#1364 = SURFACE_STYLE_FILL_AREA ( #3361 ) ;
#1365 = DIRECTION ( 'NONE',  ( -0.000000000000000000, 1.000000000000000000, -0.000000000000000000 ) ) ;
#1366 = EDGE_CURVE ( 'NONE', #3780, #3425, #3234, .T. ) ;
#1367 = ORIENTED_EDGE ( 'NONE', *, *, #2015, .F. ) ;
#1368 = VERTEX_POINT ( 'NONE', #3969 ) ;
#1369 = CARTESIAN_POINT ( 'NONE',  ( -0.002923911681979795944, 0.000000000000000000, 0.000000000000000000 ) ) ;
#1370 = DIRECTION ( 'NONE',  ( 0.000000000000000000, 0.000000000000000000, -1.000000000000000000 ) ) ;
#1371 = AXIS2_PLACEMENT_3D ( 'NONE', #1222, #3777, #777 ) ;
#1372 = ORIENTED_EDGE ( 'NONE', *, *, #2556, .T. ) ;
#1373 = ORIENTED_EDGE ( 'NONE', *, *, #611, .T. ) ;
#1374 = VECTOR ( 'NONE', #3449, 1.000000000000000000 ) ;
#1375 = CARTESIAN_POINT ( 'NONE',  ( 0.000000000000000000, 0.000000000000000000, -0.001676399999999999982 ) ) ;
#1376 = FACE_OUTER_BOUND ( 'NONE', #1110, .T. ) ;
#1377 = ADVANCED_FACE ( 'NONE', ( #3703 ), #3366, .F. ) ;
#1378 = MECHANICAL_DESIGN_GEOMETRIC_PRESENTATION_REPRESENTATION (  '', ( #4161 ), #2516 ) ;
#1379 = VERTEX_POINT ( 'NONE', #3664 ) ;
#1380 =( NAMED_UNIT ( * ) PLANE_ANGLE_UNIT ( ) SI_UNIT ( $, .RADIAN. ) );
#1381 = CARTESIAN_POINT ( 'NONE',  ( 0.008500000000000002345, -0.002131780542604053922, -0.001000000000000000021 ) ) ;
#1382 = DIRECTION ( 'NONE',  ( -1.000000000000000000, 0.000000000000000000, -0.000000000000000000 ) ) ;
#1383 = ORIENTED_EDGE ( 'NONE', *, *, #1615, .F. ) ;
#1384 = DIRECTION ( 'NONE',  ( -1.000000000000000000, 0.000000000000000000, 0.000000000000000000 ) ) ;
#1385 = PLANE ( 'NONE',  #3517 ) ;
#1386 = CARTESIAN_POINT ( 'NONE',  ( -0.005079999999999994242, 0.000000000000000000, 0.002247900000000000592 ) ) ;
#1387 = EDGE_LOOP ( 'NONE', ( #1372, #2581, #1960, #572 ) ) ;
#1388 = EDGE_CURVE ( 'NONE', #2921, #687, #2022, .T. ) ;
#1389 = LINE ( 'NONE', #3048, #2099 ) ;
#1390 = ORIENTED_EDGE ( 'NONE', *, *, #3720, .T. ) ;
#1391 = DIRECTION ( 'NONE',  ( -0.000000000000000000, -0.000000000000000000, 1.000000000000000000 ) ) ;
#1392 = EDGE_CURVE ( 'NONE', #2413, #4264, #1700, .T. ) ;
#1393 = LINE ( 'NONE', #2740, #528 ) ;
#1394 = CARTESIAN_POINT ( 'NONE',  ( -0.001019809999999999901, 1.248907052238462124E-19, -0.0001662922882494227705 ) ) ;
#1395 = ADVANCED_FACE ( 'NONE', ( #3300 ), #361, .T. ) ;
#1396 = CARTESIAN_POINT ( 'NONE',  ( 0.002156088318020204370, -0.005000000000000000104, -0.0001230853639015391831 ) ) ;
#1397 = CARTESIAN_POINT ( 'NONE',  ( 0.001955799999999999726, -0.0001968500000000000414, -0.0001968500000000002041 ) ) ;
#1398 = EDGE_CURVE ( 'NONE', #2979, #3467, #1640, .T. ) ;
#1399 = ORIENTED_EDGE ( 'NONE', *, *, #2663, .T. ) ;
#1400 = CARTESIAN_POINT ( 'NONE',  ( -3.778050171110826419E-18, 0.01675091812156456403, -0.0003722146360984619328 ) ) ;
#1401 = VECTOR ( 'NONE', #9, 1.000000000000000000 ) ;
#1402 = AXIS2_PLACEMENT_3D ( 'NONE', #3604, #587, #3978 ) ;
#1403 = DIRECTION ( 'NONE',  ( -0.000000000000000000, -0.000000000000000000, 1.000000000000000000 ) ) ;
#1404 = DIRECTION ( 'NONE',  ( -0.000000000000000000, -0.000000000000000000, 1.000000000000000000 ) ) ;
#1405 = ORIENTED_EDGE ( 'NONE', *, *, #649, .T. ) ;
#1406 = LINE ( 'NONE', #1653, #3931 ) ;
#1407 = LINE ( 'NONE', #2694, #2220 ) ;
#1408 = ORIENTED_EDGE ( 'NONE', *, *, #3093, .F. ) ;
#1409 = DIRECTION ( 'NONE',  ( 0.000000000000000000, 1.741668937636762057E-16, 1.000000000000000000 ) ) ;
#1410 = LINE ( 'NONE', #730, #2783 ) ;
#1411 = CARTESIAN_POINT ( 'NONE',  ( 0.007499999999999998855, 0.01778846306386022355, -0.008000000000000000167 ) ) ;
#1412 = LINE ( 'NONE', #364, #1302 ) ;
#1413 = PRESENTATION_STYLE_ASSIGNMENT (( #1065 ) ) ;
#1414 = AXIS2_PLACEMENT_3D ( 'NONE', #1270, #3, #3914 ) ;
#1415 = ORIENTED_EDGE ( 'NONE', *, *, #2079, .T. ) ;
#1416 = CYLINDRICAL_SURFACE ( 'NONE', #4200, 0.001041400000000000051 ) ;
#1417 = VECTOR ( 'NONE', #1248, 1.000000000000000000 ) ;
#1418 = ORIENTED_EDGE ( 'NONE', *, *, #2204, .T. ) ;
#1419 = DIRECTION ( 'NONE',  ( 6.123233995736766036E-17, 0.000000000000000000, -1.000000000000000000 ) ) ;
#1420 = EDGE_CURVE ( 'NONE', #954, #1762, #3390, .T. ) ;
#1421 = VECTOR ( 'NONE', #1545, 1.000000000000000000 ) ;
#1422 = CARTESIAN_POINT ( 'NONE',  ( -0.0006300824097828760509, -0.003400000000000001979, -0.0001230853639015385868 ) ) ;
#1423 = ORIENTED_EDGE ( 'NONE', *, *, #2542, .T. ) ;
#1424 = EDGE_CURVE ( 'NONE', #4301, #1206, #60, .T. ) ;
#1425 = DIRECTION ( 'NONE',  ( -0.5000000000000014433, -0.8660254037844378194, 0.000000000000000000 ) ) ;
#1426 =( NAMED_UNIT ( * ) PLANE_ANGLE_UNIT ( ) SI_UNIT ( $, .RADIAN. ) );
#1427 = ADVANCED_FACE ( 'NONE', ( #340 ), #1324, .T. ) ;
#1428 = FACE_OUTER_BOUND ( 'NONE', #2417, .T. ) ;
#1429 = LINE ( 'NONE', #2778, #3478 ) ;
#1430 = PLANE ( 'NONE',  #1197 ) ;
#1431 =( NAMED_UNIT ( * ) SI_UNIT ( $, .STERADIAN. ) SOLID_ANGLE_UNIT ( ) );
#1432 = EDGE_LOOP ( 'NONE', ( #3573, #4083, #1367 ) ) ;
#1433 = CARTESIAN_POINT ( 'NONE',  ( 0.000000000000000000, 0.000000000000000000, -0.001000000000000000021 ) ) ;
#1434 = CARTESIAN_POINT ( 'NONE',  ( 0.004468399649801274923, 0.01269999999999999775, -0.002260600000000000630 ) ) ;
#1435 = ADVANCED_FACE ( 'NONE', ( #973 ), #383, .T. ) ;
#1436 = UNCERTAINTY_MEASURE_WITH_UNIT (LENGTH_MEASURE( 1.000000000000000082E-05 ), #2931, 'distance_accuracy_value', 'NONE');
#1437 = VERTEX_POINT ( 'NONE', #3322 ) ;
#1438 = DIRECTION ( 'NONE',  ( 1.000000000000000000, 0.000000000000000000, -0.000000000000000000 ) ) ;
#1439 = LINE ( 'NONE', #3437, #3580 ) ;
#1440 = DIRECTION ( 'NONE',  ( 0.000000000000000000, 0.000000000000000000, -1.000000000000000000 ) ) ;
#1441 = CONICAL_SURFACE ( 'NONE', #737, 0.002387600000000000139, 1.047197551196596077 ) ;
#1442 = ORIENTED_EDGE ( 'NONE', *, *, #2865, .T. ) ;
#1443 = EDGE_CURVE ( 'NONE', #1330, #2508, #1681, .T. ) ;
#1444 = DIRECTION ( 'NONE',  ( 1.224646799147353700E-16, -3.389636702121535101E-32, -0.9999999999999998890 ) ) ;
#1445 = CARTESIAN_POINT ( 'NONE',  ( 0.000000000000000000, -0.002756963005434312150, -0.001676399999999999982 ) ) ;
#1446 = EDGE_CURVE ( 'NONE', #1159, #661, #3029, .T. ) ;
#1447 = MECHANICAL_DESIGN_GEOMETRIC_PRESENTATION_REPRESENTATION (  '', ( #537 ), #3958 ) ;
#1448 =( GEOMETRIC_REPRESENTATION_CONTEXT ( 3 ) GLOBAL_UNCERTAINTY_ASSIGNED_CONTEXT ( ( #382 ) ) GLOBAL_UNIT_ASSIGNED_CONTEXT ( ( #3133, #3769, #4132 ) ) REPRESENTATION_CONTEXT ( 'NONE', 'WORKASPACE' ) );
#1449 = VECTOR ( 'NONE', #2600, 1.000000000000000000 ) ;
#1450 = LINE ( 'NONE', #1738, #1471 ) ;
#1451 = DIRECTION ( 'NONE',  ( 0.000000000000000000, 0.000000000000000000, -1.000000000000000000 ) ) ;
#1452 = VERTEX_POINT ( 'NONE', #19 ) ;
#1453 = DIRECTION ( 'NONE',  ( -0.000000000000000000, 1.000000000000000000, -0.000000000000000000 ) ) ;
#1454 =( LENGTH_UNIT ( ) NAMED_UNIT ( * ) SI_UNIT ( $, .METRE. ) );
#1455 = CARTESIAN_POINT ( 'NONE',  ( 0.002975987827458993068, 0.01461183624312912752, -0.001993900000000000707 ) ) ;
#1456 = ORIENTED_EDGE ( 'NONE', *, *, #942, .T. ) ;
#1457 = CARTESIAN_POINT ( 'NONE',  ( 0.000000000000000000, 0.000000000000000000, 0.000000000000000000 ) ) ;
#1458 =( NAMED_UNIT ( * ) PLANE_ANGLE_UNIT ( ) SI_UNIT ( $, .RADIAN. ) );
#1459 = CARTESIAN_POINT ( 'NONE',  ( -0.002923911681979795944, -0.005000000000000000104, 0.0001230853639015388849 ) ) ;
#1460 =( NAMED_UNIT ( * ) SI_UNIT ( $, .STERADIAN. ) SOLID_ANGLE_UNIT ( ) );
#1461 = ORIENTED_EDGE ( 'NONE', *, *, #1075, .T. ) ;
#1462 = ORIENTED_EDGE ( 'NONE', *, *, #1542, .T. ) ;
#1463 = DIRECTION ( 'NONE',  ( -0.000000000000000000, 1.000000000000000000, -0.000000000000000000 ) ) ;
#1464 = DIRECTION ( 'NONE',  ( -0.000000000000000000, -0.000000000000000000, 1.000000000000000000 ) ) ;
#1465 = COLOUR_RGB ( '',0.7764705882352941346, 0.7568627450980391913, 0.7372549019607843590 ) ;
#1466 = ORIENTED_EDGE ( 'NONE', *, *, #2071, .F. ) ;
#1467 = APPLICATION_PROTOCOL_DEFINITION ( 'draft international standard', 'automotive_design', 1998, #3062 ) ;
#1468 = DIRECTION ( 'NONE',  ( -0.000000000000000000, -0.000000000000000000, 1.000000000000000000 ) ) ;
#1469 = VECTOR ( 'NONE', #471, 1.000000000000000000 ) ;
#1470 = DIRECTION ( 'NONE',  ( 0.8191520442889934639, 1.003171929053526719E-16, -0.5735764363510437169 ) ) ;
#1471 = VECTOR ( 'NONE', #1470, 1.000000000000000000 ) ;
#1472 =( NAMED_UNIT ( * ) PLANE_ANGLE_UNIT ( ) SI_UNIT ( $, .RADIAN. ) );
#1473 = ORIENTED_EDGE ( 'NONE', *, *, #2415, .T. ) ;
#1474 = AXIS2_PLACEMENT_3D ( 'NONE', #2695, #1961, #1038 ) ;
#1475 = CARTESIAN_POINT ( 'NONE',  ( 0.007499999999999998855, -0.002131780542604052621, 0.007000000000000002748 ) ) ;
#1476 = DIRECTION ( 'NONE',  ( -0.000000000000000000, -0.000000000000000000, 1.000000000000000000 ) ) ;
#1477 = AXIS2_PLACEMENT_3D ( 'NONE', #3289, #307, #2617 ) ;
#1478 = UNCERTAINTY_MEASURE_WITH_UNIT (LENGTH_MEASURE( 1.000000000000000082E-05 ), #1509, 'distance_accuracy_value', 'NONE');
#1479 = EDGE_CURVE ( 'NONE', #2024, #1749, #6, .T. ) ;
#1480 = CARTESIAN_POINT ( 'NONE',  ( 0.002975987827458993068, 0.01461183624312912752, -0.002260600000000000630 ) ) ;
#1481 = CARTESIAN_POINT ( 'NONE',  ( 0.001193800000000003539, 0.002067722254075723704, 0.000000000000000000 ) ) ;
#1482 = ORIENTED_EDGE ( 'NONE', *, *, #1022, .F. ) ;
#1483 = FACE_OUTER_BOUND ( 'NONE', #534, .T. ) ;
#1484 = CARTESIAN_POINT ( 'NONE',  ( 0.004499999999999998793, -0.002131780542604056958, -0.008000000000000000167 ) ) ;
#1485 = ORIENTED_EDGE ( 'NONE', *, *, #532, .T. ) ;
#1486 = DIRECTION ( 'NONE',  ( -1.000000000000000000, -0.000000000000000000, -0.000000000000000000 ) ) ;
#1487 = FACE_OUTER_BOUND ( 'NONE', #1353, .T. ) ;
#1488 = PRESENTATION_LAYER_ASSIGNMENT (  '', '', ( #2820 ) ) ;
#1489 = VERTEX_POINT ( 'NONE', #1016 ) ;
#1490 = ORIENTED_EDGE ( 'NONE', *, *, #3579, .F. ) ;
#1491 = DIRECTION ( 'NONE',  ( -0.6153341282808847401, 0.7882663956891755586, 0.000000000000000000 ) ) ;
#1492 = PLANE ( 'NONE',  #302 ) ;
#1493 =( LENGTH_UNIT ( ) NAMED_UNIT ( * ) SI_UNIT ( $, .METRE. ) );
#1494 = VECTOR ( 'NONE', #656, 1.000000000000000000 ) ;
#1495 =( GEOMETRIC_REPRESENTATION_CONTEXT ( 3 ) GLOBAL_UNCERTAINTY_ASSIGNED_CONTEXT ( ( #1142 ) ) GLOBAL_UNIT_ASSIGNED_CONTEXT ( ( #3671, #3350, #1988 ) ) REPRESENTATION_CONTEXT ( 'NONE', 'WORKASPACE' ) );
#1496 = ORIENTED_EDGE ( 'NONE', *, *, #1910, .F. ) ;
#1497 = CARTESIAN_POINT ( 'NONE',  ( 0.002923911681979795944, -0.004999999999999999237, -0.006988914636098460080 ) ) ;
#1498 = EDGE_CURVE ( 'NONE', #3323, #1210, #1389, .T. ) ;
#1499 =( NAMED_UNIT ( * ) SI_UNIT ( $, .STERADIAN. ) SOLID_ANGLE_UNIT ( ) );
#1500 = EDGE_LOOP ( 'NONE', ( #2206, #2494, #3884, #1613 ) ) ;
#1501 = FACE_OUTER_BOUND ( 'NONE', #581, .T. ) ;
#1502 = CARTESIAN_POINT ( 'NONE',  ( -0.007499999999999998855, 0.01778846306386022702, 0.006999999999999999278 ) ) ;
#1503 = CARTESIAN_POINT ( 'NONE',  ( 0.006500000000000000569, 0.01778846306386022008, -0.008000000000000000167 ) ) ;
#1504 = ORIENTED_EDGE ( 'NONE', *, *, #2640, .T. ) ;
#1505 = CARTESIAN_POINT ( 'NONE',  ( -0.001193800000000003539, 0.002067722254075724138, 0.000000000000000000 ) ) ;
#1506 = EDGE_CURVE ( 'NONE', #1773, #3679, #316, .T. ) ;
#1507 = PLANE ( 'NONE',  #3078 ) ;
#1508 = ORIENTED_EDGE ( 'NONE', *, *, #1623, .T. ) ;
#1509 =( LENGTH_UNIT ( ) NAMED_UNIT ( * ) SI_UNIT ( $, .METRE. ) );
#1510 = AXIS2_PLACEMENT_3D ( 'NONE', #778, #2454, #4118 ) ;
#1511 = CARTESIAN_POINT ( 'NONE',  ( 0.008500000000000002345, 0.01778846306386022008, 0.000000000000000000 ) ) ;
#1512 = CONICAL_SURFACE ( 'NONE', #4071, 0.001257299999999999607, 0.9599310885968841411 ) ;
#1513 = EDGE_CURVE ( 'NONE', #1010, #1942, #217, .T. ) ;
#1514 = ADVANCED_FACE ( 'NONE', ( #2737 ), #620, .T. ) ;
#1515 = EDGE_LOOP ( 'NONE', ( #1570, #969, #2233 ) ) ;
#1516 = ORIENTED_EDGE ( 'NONE', *, *, #2640, .F. ) ;
#1517 = CARTESIAN_POINT ( 'NONE',  ( 0.000000000000000000, 0.000000000000000000, -0.0001511748074994751227 ) ) ;
#1518 = DIRECTION ( 'NONE',  ( -0.000000000000000000, 1.000000000000000000, -0.000000000000000000 ) ) ;
#1519 = ORIENTED_EDGE ( 'NONE', *, *, #2445, .T. ) ;
#1520 = DIRECTION ( 'NONE',  ( 0.000000000000000000, 0.000000000000000000, 1.000000000000000000 ) ) ;
#1521 = STYLED_ITEM ( 'NONE', ( #1840 ), #4016 ) ;
#1522 = CARTESIAN_POINT ( 'NONE',  ( 2.310996612948091028E-19, 0.002756963005434303476, -0.001676399999999999982 ) ) ;
#1523 = ORIENTED_EDGE ( 'NONE', *, *, #1580, .T. ) ;
#1524 = AXIS2_PLACEMENT_3D ( 'NONE', #2358, #2336, #1998 ) ;
#1525 = SURFACE_STYLE_FILL_AREA ( #3158 ) ;
#1526 = AXIS2_PLACEMENT_3D ( 'NONE', #4042, #1719, #3636 ) ;
#1527 = DIRECTION ( 'NONE',  ( 0.6153341282808847401, 0.7882663956891755586, 0.000000000000000000 ) ) ;
#1528 = CARTESIAN_POINT ( 'NONE',  ( -0.005079999999999994242, 0.008889999999999998598, 0.002247900000000000592 ) ) ;
#1529 = VERTEX_POINT ( 'NONE', #1480 ) ;
#1530 =( NAMED_UNIT ( * ) SI_UNIT ( $, .STERADIAN. ) SOLID_ANGLE_UNIT ( ) );
#1531 = DIRECTION ( 'NONE',  ( 0.7850963187066076765, 0.07901943467501787444, -0.6143123792477026557 ) ) ;
#1532 = ORIENTED_EDGE ( 'NONE', *, *, #2271, .F. ) ;
#1533 = FILL_AREA_STYLE ('',( #1795 ) ) ;
#1534 = ADVANCED_FACE ( 'NONE', ( #4134 ), #729, .F. ) ;
#1535 = FILL_AREA_STYLE ('',( #3928 ) ) ;
#1536 = ADVANCED_FACE ( 'NONE', ( #2777 ), #1765, .T. ) ;
#1537 = ORIENTED_EDGE ( 'NONE', *, *, #4169, .T. ) ;
#1538 = VERTEX_POINT ( 'NONE', #4090 ) ;
#1539 = DIRECTION ( 'NONE',  ( -0.000000000000000000, -1.000000000000000000, -0.000000000000000000 ) ) ;
#1540 = FILL_AREA_STYLE ('',( #3499 ) ) ;
#1541 = CARTESIAN_POINT ( 'NONE',  ( -0.001905000000000003696, 0.01175091812156456306, -0.007073900000000000153 ) ) ;
#1542 = EDGE_CURVE ( 'NONE', #3879, #1300, #3772, .T. ) ;
#1543 = ORIENTED_EDGE ( 'NONE', *, *, #1211, .F. ) ;
#1544 = EDGE_CURVE ( 'NONE', #1489, #3874, #446, .T. ) ;
#1545 = DIRECTION ( 'NONE',  ( 0.000000000000000000, 1.000000000000000000, 0.000000000000000000 ) ) ;
#1546 = VECTOR ( 'NONE', #1491, 1.000000000000000000 ) ;
#1547 = APPLICATION_CONTEXT ( 'automotive_design' ) ;
#1548 = AXIS2_PLACEMENT_3D ( 'NONE', #1457, #104, #4114 ) ;
#1549 = VECTOR ( 'NONE', #2672, 1.000000000000000000 ) ;
#1550 = SURFACE_SIDE_STYLE ('',( #1916 ) ) ;
#1551 = DIRECTION ( 'NONE',  ( -0.000000000000000000, -0.000000000000000000, -1.000000000000000000 ) ) ;
#1552 = ORIENTED_EDGE ( 'NONE', *, *, #663, .T. ) ;
#1553 = DIRECTION ( 'NONE',  ( 1.000000000000000000, 0.000000000000000000, 0.000000000000000000 ) ) ;
#1554 = CARTESIAN_POINT ( 'NONE',  ( 0.000000000000000000, -0.0003936999999999939571, -0.001727200000000001217 ) ) ;
#1555 = CARTESIAN_POINT ( 'NONE',  ( -0.005499999999999999681, 0.01778846306386022355, -0.008000000000000000167 ) ) ;
#1556 = VECTOR ( 'NONE', #610, 1.000000000000000000 ) ;
#1557 = SURFACE_SIDE_STYLE ('',( #234 ) ) ;
#1558 = VECTOR ( 'NONE', #3285, 1.000000000000000000 ) ;
#1559 = EDGE_LOOP ( 'NONE', ( #2339, #1305, #1928, #2727, #3862, #1097 ) ) ;
#1560 = ORIENTED_EDGE ( 'NONE', *, *, #1446, .T. ) ;
#1561 = CARTESIAN_POINT ( 'NONE',  ( 0.005080000000000006385, 0.008889999999999998598, 0.002247900000000000592 ) ) ;
#1562 = LINE ( 'NONE', #2906, #15 ) ;
#1563 = ORIENTED_EDGE ( 'NONE', *, *, #3015, .F. ) ;
#1564 = DIRECTION ( 'NONE',  ( 0.000000000000000000, 0.000000000000000000, 1.000000000000000000 ) ) ;
#1565 = EDGE_CURVE ( 'NONE', #1019, #2921, #4047, .T. ) ;
#1566 = STYLED_ITEM ( 'NONE', ( #2122 ), #3529 ) ;
#1567 =( NAMED_UNIT ( * ) PLANE_ANGLE_UNIT ( ) SI_UNIT ( $, .RADIAN. ) );
#1568 = DIRECTION ( 'NONE',  ( -1.000000000000000000, -0.000000000000000000, -0.000000000000000000 ) ) ;
#1569 = PLANE ( 'NONE',  #3865 ) ;
#1570 = ORIENTED_EDGE ( 'NONE', *, *, #918, .F. ) ;
#1571 = CARTESIAN_POINT ( 'NONE',  ( -1.431146867680865853E-17, -0.002756963005434303476, -0.0002132518306161850126 ) ) ;
#1572 = DIRECTION ( 'NONE',  ( -1.000000000000000000, -0.000000000000000000, -0.000000000000000000 ) ) ;
#1573 = EDGE_CURVE ( 'NONE', #4260, #4166, #1106, .T. ) ;
#1574 = VECTOR ( 'NONE', #2436, 1.000000000000000000 ) ;
#1575 = ORIENTED_EDGE ( 'NONE', *, *, #1639, .T. ) ;
#1576 = FACE_OUTER_BOUND ( 'NONE', #3293, .T. ) ;
#1577 = COLOUR_RGB ( '',0.7764705882352941346, 0.7568627450980391913, 0.7372549019607843590 ) ;
#1578 = DIRECTION ( 'NONE',  ( -0.000000000000000000, -0.000000000000000000, 1.000000000000000000 ) ) ;
#1579 = CARTESIAN_POINT ( 'NONE',  ( 0.001193800000000003539, -0.002067722254075723704, 0.000000000000000000 ) ) ;
#1580 = EDGE_CURVE ( 'NONE', #4051, #4285, #770, .T. ) ;
#1581 = ORIENTED_EDGE ( 'NONE', *, *, #4064, .F. ) ;
#1582 = CARTESIAN_POINT ( 'NONE',  ( -0.002923911681979795944, -0.004000000000000000083, -0.0001230853639015401860 ) ) ;
#1583 = CARTESIAN_POINT ( 'NONE',  ( -0.02539999999999996427, 0.000000000000000000, 0.000000000000000000 ) ) ;
#1584 = EDGE_CURVE ( 'NONE', #2389, #1658, #3365, .T. ) ;
#1585 =( GEOMETRIC_REPRESENTATION_CONTEXT ( 3 ) GLOBAL_UNCERTAINTY_ASSIGNED_CONTEXT ( ( #2444 ) ) GLOBAL_UNIT_ASSIGNED_CONTEXT ( ( #3788, #1380, #4055 ) ) REPRESENTATION_CONTEXT ( 'NONE', 'WORKASPACE' ) );
#1586 = EDGE_CURVE ( 'NONE', #2264, #1616, #3728, .T. ) ;
#1587 =( NAMED_UNIT ( * ) PLANE_ANGLE_UNIT ( ) SI_UNIT ( $, .RADIAN. ) );
#1588 = AXIS2_PLACEMENT_3D ( 'NONE', #2803, #3455, #795 ) ;
#1589 =( NAMED_UNIT ( * ) PLANE_ANGLE_UNIT ( ) SI_UNIT ( $, .RADIAN. ) );
#1590 = ORIENTED_EDGE ( 'NONE', *, *, #1105, .T. ) ;
#1591 = CARTESIAN_POINT ( 'NONE',  ( -0.002387600000000000139, -0.001378481502717156075, -0.001676399999999999982 ) ) ;
#1592 = CARTESIAN_POINT ( 'NONE',  ( 2.497152129409853372E-05, 0.0003911866325970245325, -0.0003911866325970231231 ) ) ;
#1593 = VECTOR ( 'NONE', #3137, 1.000000000000000000 ) ;
#1594 = COLOUR_RGB ( '',0.8509803921568627194, 0.8509803921568627194, 0.8509803921568627194 ) ;
#1595 = ORIENTED_EDGE ( 'NONE', *, *, #3834, .F. ) ;
#1596 = DIRECTION ( 'NONE',  ( -0.000000000000000000, 1.000000000000000000, -0.000000000000000000 ) ) ;
#1597 = VERTEX_POINT ( 'NONE', #2472 ) ;
#1598 = SURFACE_STYLE_USAGE ( .BOTH. , #955 ) ;
#1599 = CARTESIAN_POINT ( 'NONE',  ( 0.002387600000000000139, 0.000000000000000000, 0.000000000000000000 ) ) ;
#1600 = CARTESIAN_POINT ( 'NONE',  ( -0.001909917590217120528, -0.003400000000000000678, 0.0001230853639015389391 ) ) ;
#1601 = CLOSED_SHELL ( 'NONE', ( #3581, #3657, #2772, #2914, #1250, #609, #219, #753, #2086, #3559, #3631, #521, #586, #4102, #1824, #874, #1291, #260, #1665, #3770, #329, #3458, #2309, #2480, #89, #4192, #2314, #2744, #616, #1257, #722, #2013, #3442, #1303, #33, #2765, #4016, #519, #1643, #2945, #1986, #563, #3529, #2687, #2170, #400 ) ) ;
#1602 = VERTEX_POINT ( 'NONE', #3177 ) ;
#1603 = CYLINDRICAL_SURFACE ( 'NONE', #1414, 0.0001230853639015391831 ) ;
#1604 = FACE_OUTER_BOUND ( 'NONE', #2730, .T. ) ;
#1605 = LINE ( 'NONE', #2330, #3639 ) ;
#1606 = VECTOR ( 'NONE', #1867, 1.000000000000000000 ) ;
#1607 = SURFACE_SIDE_STYLE ('',( #3384 ) ) ;
#1608 = SURFACE_STYLE_FILL_AREA ( #2040 ) ;
#1609 = ORIENTED_EDGE ( 'NONE', *, *, #2399, .T. ) ;
#1610 = CARTESIAN_POINT ( 'NONE',  ( 0.004468399649801274923, 0.008889999999999998598, -0.002260600000000000630 ) ) ;
#1611 = CARTESIAN_POINT ( 'NONE',  ( -0.002923911681979795944, -0.004000000000000000083, 0.0001230853639015392102 ) ) ;
#1612 = DIRECTION ( 'NONE',  ( 0.000000000000000000, 0.000000000000000000, -1.000000000000000000 ) ) ;
#1613 = ORIENTED_EDGE ( 'NONE', *, *, #3232, .F. ) ;
#1614 = ORIENTED_EDGE ( 'NONE', *, *, #2889, .F. ) ;
#1615 = EDGE_CURVE ( 'NONE', #2990, #437, #81, .T. ) ;
#1616 = VERTEX_POINT ( 'NONE', #4067 ) ;
#1617 = CARTESIAN_POINT ( 'NONE',  ( 0.0003839116819797988231, -0.005000000000000000104, 0.000000000000000000 ) ) ;
#1618 = FACE_OUTER_BOUND ( 'NONE', #641, .T. ) ;
#1619 = PRESENTATION_LAYER_ASSIGNMENT (  '', '', ( #3503 ) ) ;
#1620 = DIRECTION ( 'NONE',  ( 1.000000000000000000, -2.040851148208008245E-16, -0.000000000000000000 ) ) ;
#1621 = AXIS2_PLACEMENT_3D ( 'NONE', #300, #648, #320 ) ;
#1622 = AXIS2_PLACEMENT_3D ( 'NONE', #3332, #3650, #1931 ) ;
#1623 = EDGE_CURVE ( 'NONE', #2963, #2383, #2758, .T. ) ;
#1624 = EDGE_LOOP ( 'NONE', ( #1977, #453, #551 ) ) ;
#1625 = FACE_OUTER_BOUND ( 'NONE', #3504, .T. ) ;
#1626 = LINE ( 'NONE', #4273, #4065 ) ;
#1627 = VECTOR ( 'NONE', #3899, 1.000000000000000000 ) ;
#1628 = CARTESIAN_POINT ( 'NONE',  ( 0.001905000000000000009, 0.01146821945739594575, -0.001000000000000000021 ) ) ;
#1629 = EDGE_CURVE ( 'NONE', #1924, #1860, #1061, .T. ) ;
#1630 = AXIS2_PLACEMENT_3D ( 'NONE', #2176, #141, #565 ) ;
#1631 = DIRECTION ( 'NONE',  ( 0.000000000000000000, -1.741668937636762057E-16, -1.000000000000000000 ) ) ;
#1632 = FACE_OUTER_BOUND ( 'NONE', #26, .T. ) ;
#1633 = ORIENTED_EDGE ( 'NONE', *, *, #339, .T. ) ;
#1634 =( NAMED_UNIT ( * ) PLANE_ANGLE_UNIT ( ) SI_UNIT ( $, .RADIAN. ) );
#1635 = LINE ( 'NONE', #901, #2078 ) ;
#1636 = CARTESIAN_POINT ( 'NONE',  ( 0.003500000000000001374, 0.01778846306386022008, -0.008000000000000000167 ) ) ;
#1637 = EDGE_LOOP ( 'NONE', ( #3404, #2376, #235 ) ) ;
#1638 = ORIENTED_EDGE ( 'NONE', *, *, #1573, .F. ) ;
#1639 = EDGE_CURVE ( 'NONE', #2710, #1791, #102, .T. ) ;
#1640 = LINE ( 'NONE', #1979, #2952 ) ;
#1641 = PLANE ( 'NONE',  #2365 ) ;
#1642 = CARTESIAN_POINT ( 'NONE',  ( 0.003170082409782898868, -0.003399999999999938228, 0.0001230853639015514617 ) ) ;
#1643 = ADVANCED_FACE ( 'NONE', ( #1428 ), #144, .F. ) ;
#1644 = LINE ( 'NONE', #2924, #1417 ) ;
#1645 = LINE ( 'NONE', #2008, #1163 ) ;
#1646 = ORIENTED_EDGE ( 'NONE', *, *, #2505, .F. ) ;
#1647 = PLANE ( 'NONE',  #4049 ) ;
#1648 = STYLED_ITEM ( 'NONE', ( #1102 ), #519 ) ;
#1649 = SURFACE_STYLE_FILL_AREA ( #2994 ) ;
#1650 = FILL_AREA_STYLE_COLOUR ( '', #569 ) ;
#1651 = ORIENTED_EDGE ( 'NONE', *, *, #3460, .F. ) ;
#1652 = DIRECTION ( 'NONE',  ( -0.000000000000000000, -0.000000000000000000, -1.000000000000000000 ) ) ;
#1653 = CARTESIAN_POINT ( 'NONE',  ( -0.0003839116819797988231, -0.005000000000000000104, -0.0001230853639015392102 ) ) ;
#1654 = LINE ( 'NONE', #902, #1177 ) ;
#1655 = ORIENTED_EDGE ( 'NONE', *, *, #2825, .F. ) ;
#1656 = ORIENTED_EDGE ( 'NONE', *, *, #3667, .F. ) ;
#1657 = CARTESIAN_POINT ( 'NONE',  ( 0.006500000000000000569, 0.01778846306386022008, -0.001000000000000000021 ) ) ;
#1658 = VERTEX_POINT ( 'NONE', #3877 ) ;
#1659 = LINE ( 'NONE', #3686, #1322 ) ;
#1660 = CARTESIAN_POINT ( 'NONE',  ( 0.002387600000000000139, 0.0002330791021886377556, -7.623296525288700042E-21 ) ) ;
#1661 = VECTOR ( 'NONE', #2802, 1.000000000000000000 ) ;
#1662 = CARTESIAN_POINT ( 'NONE',  ( 0.001498599999999999238, 0.000000000000000000, -0.002641599999999999157 ) ) ;
#1663 = AXIS2_PLACEMENT_3D ( 'NONE', #4303, #1259, #1612 ) ;
#1664 = EDGE_CURVE ( 'NONE', #817, #718, #856, .T. ) ;
#1665 = ADVANCED_FACE ( 'NONE', ( #3219 ), #1179, .F. ) ;
#1666 = VECTOR ( 'NONE', #3681, 1.000000000000000000 ) ;
#1667 = VERTEX_POINT ( 'NONE', #921 ) ;
#1668 = CARTESIAN_POINT ( 'NONE',  ( 0.002207375933609957708, 0.0001715290456431537163, -5.163084155865937576E-20 ) ) ;
#1669 = SURFACE_SIDE_STYLE ('',( #1332 ) ) ;
#1670 = EDGE_CURVE ( 'NONE', #3298, #2979, #227, .T. ) ;
#1671 = EDGE_CURVE ( 'NONE', #2392, #1206, #2579, .T. ) ;
#1672 =( LENGTH_UNIT ( ) NAMED_UNIT ( * ) SI_UNIT ( $, .METRE. ) );
#1673 = LINE ( 'NONE', #1970, #4044 ) ;
#1674 = CARTESIAN_POINT ( 'NONE',  ( 0.002156088318020204370, -0.005000000000000000104, -0.0001230853639015391831 ) ) ;
#1675 = VERTEX_POINT ( 'NONE', #897 ) ;
#1676 = FILL_AREA_STYLE ('',( #3338 ) ) ;
#1677 = DIRECTION ( 'NONE',  ( 0.6153341282808847401, 0.7882663956891755586, 0.000000000000000000 ) ) ;
#1678 =( LENGTH_UNIT ( ) NAMED_UNIT ( * ) SI_UNIT ( $, .METRE. ) );
#1679 = ORIENTED_EDGE ( 'NONE', *, *, #1692, .F. ) ;
#1680 = VECTOR ( 'NONE', #3758, 1.000000000000000222 ) ;
#1681 = LINE ( 'NONE', #1722, #352 ) ;
#1682 = ORIENTED_EDGE ( 'NONE', *, *, #3615, .T. ) ;
#1683 = CARTESIAN_POINT ( 'NONE',  ( 0.001498599999999999238, 0.000000000000000000, 0.001257300000000000258 ) ) ;
#1684 = AXIS2_PLACEMENT_3D ( 'NONE', #2246, #1898, #1553 ) ;
#1685 = CARTESIAN_POINT ( 'NONE',  ( 0.004468399649801247167, 0.001134100007169921856, -0.002260600000000000630 ) ) ;
#1686 = CARTESIAN_POINT ( 'NONE',  ( -0.002387600000000000139, 0.000000000000000000, 0.000000000000000000 ) ) ;
#1687 = AXIS2_PLACEMENT_3D ( 'NONE', #3990, #2048, #2382 ) ;
#1688 = ORIENTED_EDGE ( 'NONE', *, *, #2642, .T. ) ;
#1689 = VECTOR ( 'NONE', #3898, 1.000000000000000000 ) ;
#1690 = FILL_AREA_STYLE ('',( #1007 ) ) ;
#1691 = COLOUR_RGB ( '',0.8509803921568627194, 0.8509803921568627194, 0.8509803921568627194 ) ;
#1692 = EDGE_CURVE ( 'NONE', #2448, #2163, #2874, .T. ) ;
#1693 = CARTESIAN_POINT ( 'NONE',  ( -0.005499999999999999681, 0.01778846306386022355, -0.001000000000000000021 ) ) ;
#1694 = CARTESIAN_POINT ( 'NONE',  ( -0.007499999999999998855, 0.01778846306386022355, -0.008000000000000000167 ) ) ;
#1695 = ORIENTED_EDGE ( 'NONE', *, *, #1211, .T. ) ;
#1696 = DIRECTION ( 'NONE',  ( 0.000000000000000000, 0.000000000000000000, -1.000000000000000000 ) ) ;
#1697 = CARTESIAN_POINT ( 'NONE',  ( 0.006500000000000000569, 0.01778846306386022008, -0.008000000000000000167 ) ) ;
#1698 = FACE_OUTER_BOUND ( 'NONE', #4232, .T. ) ;
#1699 = CONICAL_SURFACE ( 'NONE', #4128, 0.001019809999999999901, 0.9599310885968841411 ) ;
#1700 = LINE ( 'NONE', #686, #417 ) ;
#1701 = ORIENTED_EDGE ( 'NONE', *, *, #2015, .T. ) ;
#1702 = EDGE_LOOP ( 'NONE', ( #3374, #3828, #824, #562 ) ) ;
#1703 = CARTESIAN_POINT ( 'NONE',  ( 0.0003839116819797988231, -0.005000000000000000104, 0.0001230853639015392102 ) ) ;
#1704 = EDGE_CURVE ( 'NONE', #2531, #336, #2913, .T. ) ;
#1705 = AXIS2_PLACEMENT_3D ( 'NONE', #695, #734, #1354 ) ;
#1706 = CARTESIAN_POINT ( 'NONE',  ( 0.002156088318020204370, -0.005000000000000000104, 0.000000000000000000 ) ) ;
#1707 = CARTESIAN_POINT ( 'NONE',  ( 0.0003839116819797988231, -0.005000000000000000104, 0.0001230853639015392102 ) ) ;
#1708 = APPLICATION_CONTEXT ( 'automotive_design' ) ;
#1709 = ORIENTED_EDGE ( 'NONE', *, *, #1802, .T. ) ;
#1710 = LINE ( 'NONE', #408, #2756 ) ;
#1711 = VERTEX_POINT ( 'NONE', #3919 ) ;
#1712 = SHAPE_DEFINITION_REPRESENTATION ( #53, #2142 ) ;
#1713 = EDGE_CURVE ( 'NONE', #3131, #904, #588, .T. ) ;
#1714 = ADVANCED_FACE ( 'NONE', ( #4174 ), #3779, .T. ) ;
#1715 = PLANE ( 'NONE',  #2030 ) ;
#1716 = CARTESIAN_POINT ( 'NONE',  ( -0.005499999999999999681, 0.01778846306386022355, -0.008000000000000000167 ) ) ;
#1717 = ORIENTED_EDGE ( 'NONE', *, *, #163, .T. ) ;
#1718 = FACE_OUTER_BOUND ( 'NONE', #90, .T. ) ;
#1719 = DIRECTION ( 'NONE',  ( 0.000000000000000000, -1.000000000000000000, 0.000000000000000000 ) ) ;
#1720 = CARTESIAN_POINT ( 'NONE',  ( 0.002923911681979802016, 0.000000000000000000, 0.000000000000000000 ) ) ;
#1721 = EDGE_CURVE ( 'NONE', #2544, #626, #3858, .T. ) ;
#1722 = CARTESIAN_POINT ( 'NONE',  ( -0.006499999999999998834, 0.01778846306386022355, -0.008000000000000000167 ) ) ;
#1723 = DIRECTION ( 'NONE',  ( 0.000000000000000000, 1.000000000000000000, 0.000000000000000000 ) ) ;
#1724 = LINE ( 'NONE', #2405, #3356 ) ;
#1725 = ADVANCED_FACE ( 'NONE', ( #4299 ), #34, .F. ) ;
#1726 = LINE ( 'NONE', #3077, #3674 ) ;
#1727 = CARTESIAN_POINT ( 'NONE',  ( -0.002387600000000000139, -0.0004643722361650161508, -2.002262316065335092E-05 ) ) ;
#1728 = MECHANICAL_DESIGN_GEOMETRIC_PRESENTATION_REPRESENTATION (  '', ( #1172 ), #1235 ) ;
#1729 = EDGE_LOOP ( 'NONE', ( #772, #971, #1415, #3905 ) ) ;
#1730 =( GEOMETRIC_REPRESENTATION_CONTEXT ( 3 ) GLOBAL_UNCERTAINTY_ASSIGNED_CONTEXT ( ( #2456 ) ) GLOBAL_UNIT_ASSIGNED_CONTEXT ( ( #3205, #2541, #1431 ) ) REPRESENTATION_CONTEXT ( 'NONE', 'WORKASPACE' ) );
#1731 = AXIS2_PLACEMENT_3D ( 'NONE', #2669, #2379, #39 ) ;
#1732 = PRODUCT ( 'machine screw nut hex_ai_MSHXNUT 0.099-56-S-N', 'machine screw nut hex_ai_MSHXNUT 0.099-56-S-N', '', ( #2816 ) ) ;
#1733 = DIRECTION ( 'NONE',  ( 1.000000000000000000, 0.000000000000000000, 0.000000000000000000 ) ) ;
#1734 = PLANE ( 'NONE',  #915 ) ;
#1735 = AXIS2_PLACEMENT_3D ( 'NONE', #3089, #2356, #4062 ) ;
#1736 = ORIENTED_EDGE ( 'NONE', *, *, #482, .T. ) ;
#1737 = B_SPLINE_CURVE_WITH_KNOTS ( 'NONE', 3,
 ( #3765, #808, #3723, #2148, #3423, #373 ),
 .UNSPECIFIED., .F., .F.,
 ( 4, 2, 4 ),
 ( 0.001395036095373826997, 0.002089830331458793558, 0.002784624567543759685 ),
 .UNSPECIFIED. ) ;
#1738 = CARTESIAN_POINT ( 'NONE',  ( 0.001257299999999999607, 1.539748420567966735E-19, -0.001650999999999999690 ) ) ;
#1739 = CARTESIAN_POINT ( 'NONE',  ( -0.002156088318020198298, -0.005000000000000000104, -0.0001230853639015388849 ) ) ;
#1740 = ORIENTED_EDGE ( 'NONE', *, *, #1366, .F. ) ;
#1741 =( NAMED_UNIT ( * ) SI_UNIT ( $, .STERADIAN. ) SOLID_ANGLE_UNIT ( ) );
#1742 = DIRECTION ( 'NONE',  ( 1.000000000000000000, 0.000000000000000000, 0.000000000000000000 ) ) ;
#1743 = ORIENTED_EDGE ( 'NONE', *, *, #3432, .F. ) ;
#1744 = CARTESIAN_POINT ( 'NONE',  ( -0.007499999999999998855, 0.01778846306386022355, -0.008000000000000000167 ) ) ;
#1745 =( NAMED_UNIT ( * ) PLANE_ANGLE_UNIT ( ) SI_UNIT ( $, .RADIAN. ) );
#1746 = CARTESIAN_POINT ( 'NONE',  ( -0.007499999999999998855, 0.000000000000000000, 0.000000000000000000 ) ) ;
#1747 = UNCERTAINTY_MEASURE_WITH_UNIT (LENGTH_MEASURE( 1.000000000000000082E-05 ), #905, 'distance_accuracy_value', 'NONE');
#1748 = COLOUR_RGB ( '',0.8509803921568627194, 0.8509803921568627194, 0.8509803921568627194 ) ;
#1749 = VERTEX_POINT ( 'NONE', #3606 ) ;
#1750 = SURFACE_STYLE_FILL_AREA ( #4052 ) ;
#1751 = CARTESIAN_POINT ( 'NONE',  ( -0.003779999999999994302, 0.001299999999999999940, 0.002247900000000000592 ) ) ;
#1752 = VECTOR ( 'NONE', #403, 1.000000000000000000 ) ;
#1753 = EDGE_CURVE ( 'NONE', #2710, #597, #3942, .T. ) ;
#1754 = EDGE_LOOP ( 'NONE', ( #2296, #52, #3967, #1820 ) ) ;
#1755 = DIRECTION ( 'NONE',  ( 0.000000000000000000, 0.000000000000000000, 1.000000000000000000 ) ) ;
#1756 = EDGE_CURVE ( 'NONE', #3434, #3194, #1359, .T. ) ;
#1757 = COLOUR_RGB ( '',0.7764705882352941346, 0.7568627450980391913, 0.7372549019607843590 ) ;
#1758 = VECTOR ( 'NONE', #2373, 1.000000000000000000 ) ;
#1759 = MECHANICAL_DESIGN_GEOMETRIC_PRESENTATION_REPRESENTATION (  '', ( #3107 ), #2961 ) ;
#1760 = FACE_OUTER_BOUND ( 'NONE', #3101, .T. ) ;
#1761 =( LENGTH_UNIT ( ) NAMED_UNIT ( * ) SI_UNIT ( $, .METRE. ) );
#1762 = VERTEX_POINT ( 'NONE', #2977 ) ;
#1763 = DIRECTION ( 'NONE',  ( -0.000000000000000000, -2.312964634635742957E-16, -1.000000000000000000 ) ) ;
#1764 = EDGE_CURVE ( 'NONE', #2921, #1107, #2620, .T. ) ;
#1765 = PLANE ( 'NONE',  #496 ) ;
#1766 = CARTESIAN_POINT ( 'NONE',  ( -0.006499999999999998834, 0.01778846306386022355, -0.008000000000000000167 ) ) ;
#1767 = DIRECTION ( 'NONE',  ( 1.741668937636762057E-16, 1.000000000000000000, -0.000000000000000000 ) ) ;
#1768 = LINE ( 'NONE', #4032, #952 ) ;
#1769 = SURFACE_STYLE_FILL_AREA ( #1089 ) ;
#1770 = ADVANCED_FACE ( 'NONE', ( #1031 ), #330, .F. ) ;
#1771 = PRESENTATION_LAYER_ASSIGNMENT (  '', '', ( #1566 ) ) ;
#1772 = EDGE_CURVE ( 'NONE', #2927, #1798, #2645, .T. ) ;
#1773 = VERTEX_POINT ( 'NONE', #309 ) ;
#1774 = EDGE_LOOP ( 'NONE', ( #1269, #1869, #3612, #1442 ) ) ;
#1775 = CARTESIAN_POINT ( 'NONE',  ( -0.005079999999999994242, 0.008889999999999998598, 0.002247900000000000592 ) ) ;
#1776 = DIRECTION ( 'NONE',  ( 0.9949730156402910586, -0.1001433879378217512, -3.496487701934331770E-16 ) ) ;
#1777 = SURFACE_STYLE_FILL_AREA ( #457 ) ;
#1778 =( GEOMETRIC_REPRESENTATION_CONTEXT ( 3 ) GLOBAL_UNCERTAINTY_ASSIGNED_CONTEXT ( ( #2047 ) ) GLOBAL_UNIT_ASSIGNED_CONTEXT ( ( #2510, #3871, #2546 ) ) REPRESENTATION_CONTEXT ( 'NONE', 'WORKASPACE' ) );
#1779 = ORIENTED_EDGE ( 'NONE', *, *, #1951, .T. ) ;
#1780 =( GEOMETRIC_REPRESENTATION_CONTEXT ( 3 ) GLOBAL_UNCERTAINTY_ASSIGNED_CONTEXT ( ( #2504 ) ) GLOBAL_UNIT_ASSIGNED_CONTEXT ( ( #3811, #2171, #2147 ) ) REPRESENTATION_CONTEXT ( 'NONE', 'WORKASPACE' ) );
#1781 = PRESENTATION_STYLE_ASSIGNMENT (( #3789 ) ) ;
#1782 = B_SPLINE_CURVE_WITH_KNOTS ( 'NONE', 3,
 ( #1571, #3294, #211, #2981 ),
 .UNSPECIFIED., .F., .F.,
 ( 4, 4 ),
 ( 2.380745620556482568E-07, 0.001395036095373844345 ),
 .UNSPECIFIED. ) ;
#1783 = CARTESIAN_POINT ( 'NONE',  ( 0.003499999999999997904, 0.01778846306386022008, -0.001000000000000000021 ) ) ;
#1784 = VECTOR ( 'NONE', #2344, 1.000000000000000000 ) ;
#1785 = FACE_OUTER_BOUND ( 'NONE', #913, .T. ) ;
#1786 = EDGE_LOOP ( 'NONE', ( #2627, #3056, #3037, #3342 ) ) ;
#1787 = DIRECTION ( 'NONE',  ( 0.000000000000000000, -1.741668937636762057E-16, -1.000000000000000000 ) ) ;
#1788 = CARTESIAN_POINT ( 'NONE',  ( -0.006500000000000002304, -0.002131780542604054356, -0.008000000000000000167 ) ) ;
#1789 = CARTESIAN_POINT ( 'NONE',  ( -0.005079999999999994242, 0.008889999999999998598, -0.002247900000000000592 ) ) ;
#1790 = CARTESIAN_POINT ( 'NONE',  ( 0.005499999999999997946, -0.002131780542604057391, -0.008000000000000000167 ) ) ;
#1791 = VERTEX_POINT ( 'NONE', #3677 ) ;
#1792 = CARTESIAN_POINT ( 'NONE',  ( 0.001041400000000000051, 0.000000000000000000, -0.0001511748074994751227 ) ) ;
#1793 = DIRECTION ( 'NONE',  ( -0.000000000000000000, -0.000000000000000000, 1.000000000000000000 ) ) ;
#1794 = ORIENTED_EDGE ( 'NONE', *, *, #1713, .T. ) ;
#1795 = FILL_AREA_STYLE_COLOUR ( '', #116 ) ;
#1796 = SURFACE_STYLE_FILL_AREA ( #452 ) ;
#1797 = ORIENTED_EDGE ( 'NONE', *, *, #1764, .T. ) ;
#1798 = VERTEX_POINT ( 'NONE', #1316 ) ;
#1799 = LINE ( 'NONE', #1821, #970 ) ;
#1800 = DIRECTION ( 'NONE',  ( -0.3795786364963124049, 0.9251594774500233598, 0.000000000000000000 ) ) ;
#1801 =( NAMED_UNIT ( * ) PLANE_ANGLE_UNIT ( ) SI_UNIT ( $, .RADIAN. ) );
#1802 = EDGE_CURVE ( 'NONE', #1107, #65, #635, .T. ) ;
#1803 = ORIENTED_EDGE ( 'NONE', *, *, #1192, .F. ) ;
#1804 = APPLICATION_PROTOCOL_DEFINITION ( 'draft international standard', 'automotive_design', 1998, #1708 ) ;
#1805 =( NAMED_UNIT ( * ) SI_UNIT ( $, .STERADIAN. ) SOLID_ANGLE_UNIT ( ) );
#1806 = AXIS2_PLACEMENT_3D ( 'NONE', #1062, #3796, #3773 ) ;
#1807 = EDGE_CURVE ( 'NONE', #3732, #1206, #1673, .T. ) ;
#1808 = EDGE_CURVE ( 'NONE', #195, #1489, #3632, .T. ) ;
#1809 = PLANE ( 'NONE',  #3707 ) ;
#1810 = DIRECTION ( 'NONE',  ( -0.000000000000000000, 0.000000000000000000, 1.000000000000000000 ) ) ;
#1811 = ORIENTED_EDGE ( 'NONE', *, *, #290, .T. ) ;
#1812 = DIRECTION ( 'NONE',  ( 0.8660254037844378194, -0.5000000000000014433, 0.000000000000000000 ) ) ;
#1813 = CARTESIAN_POINT ( 'NONE',  ( 0.002156088318020204370, -0.005000000000000000104, -0.0001230853639015391831 ) ) ;
#1814 = CARTESIAN_POINT ( 'NONE',  ( -0.002156088318020198298, -0.004000000000000000083, -0.006988914636098460080 ) ) ;
#1815 = VERTEX_POINT ( 'NONE', #3696 ) ;
#1816 = CARTESIAN_POINT ( 'NONE',  ( 0.000000000000000000, 0.000000000000000000, 0.000000000000000000 ) ) ;
#1817 = DIRECTION ( 'NONE',  ( -0.000000000000000000, 1.000000000000000000, -0.000000000000000000 ) ) ;
#1818 = DIRECTION ( 'NONE',  ( 0.000000000000000000, 0.000000000000000000, -1.000000000000000000 ) ) ;
#1819 = ORIENTED_EDGE ( 'NONE', *, *, #1692, .T. ) ;
#1820 = ORIENTED_EDGE ( 'NONE', *, *, #3154, .T. ) ;
#1821 = CARTESIAN_POINT ( 'NONE',  ( 0.002923911681979802016, -0.005000000000000000104, -0.0001230853639015391831 ) ) ;
#1822 = CARTESIAN_POINT ( 'NONE',  ( 0.005500000000000001416, 0.01778846306386022008, -0.008000000000000000167 ) ) ;
#1823 = DIRECTION ( 'NONE',  ( 0.000000000000000000, 1.000000000000000000, 0.000000000000000000 ) ) ;
#1824 = ADVANCED_FACE ( 'NONE', ( #1338 ), #3962, .F. ) ;
#1825 = VECTOR ( 'NONE', #517, 1.000000000000000000 ) ;
#1826 = ORIENTED_EDGE ( 'NONE', *, *, #972, .F. ) ;
#1827 = EDGE_CURVE ( 'NONE', #2963, #3685, #2997, .T. ) ;
#1828 = PRESENTATION_STYLE_ASSIGNMENT (( #3218 ) ) ;
#1829 = CIRCLE ( 'NONE', #1333, 0.005641952032044423096 ) ;
#1830 = ORIENTED_EDGE ( 'NONE', *, *, #4077, .T. ) ;
#1831 = VECTOR ( 'NONE', #2232, 1.000000000000000000 ) ;
#1832 = FACE_OUTER_BOUND ( 'NONE', #761, .T. ) ;
#1833 = EDGE_CURVE ( 'NONE', #2955, #463, #1992, .T. ) ;
#1834 = UNCERTAINTY_MEASURE_WITH_UNIT (LENGTH_MEASURE( 1.000000000000000082E-05 ), #1678, 'distance_accuracy_value', 'NONE');
#1835 = CARTESIAN_POINT ( 'NONE',  ( -0.005079999999999994242, 0.000000000000000000, 0.002247900000000000592 ) ) ;
#1836 = DIRECTION ( 'NONE',  ( 0.000000000000000000, 0.000000000000000000, 1.000000000000000000 ) ) ;
#1837 = ORIENTED_EDGE ( 'NONE', *, *, #1069, .F. ) ;
#1838 = LINE ( 'NONE', #1411, #2027 ) ;
#1839 = CARTESIAN_POINT ( 'NONE',  ( 0.002156088318020198298, -0.003999999999999999216, -0.0001230853639015410533 ) ) ;
#1840 = PRESENTATION_STYLE_ASSIGNMENT (( #451 ) ) ;
#1841 = CYLINDRICAL_SURFACE ( 'NONE', #1510, 0.0001230853639015388849 ) ;
#1842 = UNCERTAINTY_MEASURE_WITH_UNIT (LENGTH_MEASURE( 1.000000000000000082E-05 ), #1761, 'distance_accuracy_value', 'NONE');
#1843 = ORIENTED_EDGE ( 'NONE', *, *, #3206, .T. ) ;
#1844 = ORIENTED_EDGE ( 'NONE', *, *, #1973, .F. ) ;
#1845 = DIRECTION ( 'NONE',  ( 1.000000000000000000, 0.000000000000000000, 0.000000000000000000 ) ) ;
#1846 = DIRECTION ( 'NONE',  ( 1.000000000000000000, 0.000000000000000000, 0.000000000000000000 ) ) ;
#1847 = CARTESIAN_POINT ( 'NONE',  ( 0.000000000000000000, 0.000000000000000000, 0.000000000000000000 ) ) ;
#1848 = MECHANICAL_DESIGN_GEOMETRIC_PRESENTATION_REPRESENTATION (  '', ( #1273 ), #3040 ) ;
#1849 = VECTOR ( 'NONE', #3740, 1.000000000000000000 ) ;
#1850 = ORIENTED_EDGE ( 'NONE', *, *, #1216, .T. ) ;
#1851 = CARTESIAN_POINT ( 'NONE',  ( -0.002387600000000000139, 0.001378481502717147618, -0.0002132518306161850126 ) ) ;
#1852 = VERTEX_POINT ( 'NONE', #118 ) ;
#1853 = EDGE_CURVE ( 'NONE', #516, #2849, #1737, .T. ) ;
#1854 = EDGE_CURVE ( 'NONE', #360, #1529, #3812, .T. ) ;
#1855 =( NAMED_UNIT ( * ) PLANE_ANGLE_UNIT ( ) SI_UNIT ( $, .RADIAN. ) );
#1856 = DIRECTION ( 'NONE',  ( 0.000000000000000000, 0.000000000000000000, -1.000000000000000000 ) ) ;
#1857 = ORIENTED_EDGE ( 'NONE', *, *, #2675, .T. ) ;
#1858 =( NAMED_UNIT ( * ) PLANE_ANGLE_UNIT ( ) SI_UNIT ( $, .RADIAN. ) );
#1859 = CARTESIAN_POINT ( 'NONE',  ( 0.004468399649801247167, 0.001134100007169921856, -0.002247900000000000592 ) ) ;
#1860 = VERTEX_POINT ( 'NONE', #1783 ) ;
#1861 = DIRECTION ( 'NONE',  ( 0.000000000000000000, 0.000000000000000000, 1.000000000000000000 ) ) ;
#1862 = MECHANICAL_DESIGN_GEOMETRIC_PRESENTATION_REPRESENTATION (  '', ( #1648 ), #2205 ) ;
#1863 = ADVANCED_FACE ( 'NONE', ( #1760 ), #4038, .T. ) ;
#1864 = ADVANCED_FACE ( 'NONE', ( #4129 ), #1715, .T. ) ;
#1865 = CARTESIAN_POINT ( 'NONE',  ( -0.002156088318020198298, -0.004000000000000000083, 0.0001230853639015392102 ) ) ;
#1866 = VERTEX_POINT ( 'NONE', #3155 ) ;
#1867 = DIRECTION ( 'NONE',  ( -0.000000000000000000, -1.000000000000000000, -0.000000000000000000 ) ) ;
#1868 = CARTESIAN_POINT ( 'NONE',  ( -0.002192797850094170640, -0.001490950576404004822, -0.0001483177806467955208 ) ) ;
#1869 = ORIENTED_EDGE ( 'NONE', *, *, #4115, .T. ) ;
#1870 = ORIENTED_EDGE ( 'NONE', *, *, #3144, .T. ) ;
#1871 = PRODUCT_DEFINITION_FORMATION_WITH_SPECIFIED_SOURCE ( 'ANY', '', #2717, .NOT_KNOWN. ) ;
#1872 = STYLED_ITEM ( 'NONE', ( #4226 ), #3770 ) ;
#1873 = SURFACE_STYLE_FILL_AREA ( #184 ) ;
#1874 = CIRCLE ( 'NONE', #3148, 0.006136487434321649323 ) ;
#1875 = AXIS2_PLACEMENT_3D ( 'NONE', #683, #334, #357 ) ;
#1876 = FILL_AREA_STYLE_COLOUR ( '', #1757 ) ;
#1877 = DIRECTION ( 'NONE',  ( 0.000000000000000000, 0.000000000000000000, 1.000000000000000000 ) ) ;
#1878 = ORIENTED_EDGE ( 'NONE', *, *, #3771, .T. ) ;
#1879 = FILL_AREA_STYLE ('',( #4256 ) ) ;
#1880 = DIRECTION ( 'NONE',  ( -8.708344688183810284E-17, -1.000000000000000000, 0.000000000000000000 ) ) ;
#1881 = ORIENTED_EDGE ( 'NONE', *, *, #4080, .T. ) ;
#1882 = DIRECTION ( 'NONE',  ( -0.3795786364963119053, -0.9251594774500235818, 0.000000000000000000 ) ) ;
#1883 = UNCERTAINTY_MEASURE_WITH_UNIT (LENGTH_MEASURE( 1.000000000000000082E-05 ), #236, 'distance_accuracy_value', 'NONE');
#1884 = ORIENTED_EDGE ( 'NONE', *, *, #1131, .F. ) ;
#1885 = B_SPLINE_CURVE_WITH_KNOTS ( 'NONE', 3,
 ( #3118, #387, #2069, #3416 ),
 .UNSPECIFIED., .F., .F.,
 ( 4, 4 ),
 ( 2.380745620383571644E-07, 0.001395036095373831117 ),
 .UNSPECIFIED. ) ;
#1886 = EDGE_LOOP ( 'NONE', ( #728, #1482 ) ) ;
#1887 =( LENGTH_UNIT ( ) NAMED_UNIT ( * ) SI_UNIT ( $, .METRE. ) );
#1888 = CARTESIAN_POINT ( 'NONE',  ( 0.001955799999999999726, -0.0001968500000000001499, 0.0001968499999999999872 ) ) ;
#1889 = EDGE_CURVE ( 'NONE', #1866, #3367, #3195, .T. ) ;
#1890 = ORIENTED_EDGE ( 'NONE', *, *, #1664, .F. ) ;
#1891 = DIRECTION ( 'NONE',  ( 0.000000000000000000, 0.000000000000000000, -1.000000000000000000 ) ) ;
#1892 = CIRCLE ( 'NONE', #2239, 0.001904999999999999792 ) ;
#1893 = EDGE_CURVE ( 'NONE', #1368, #539, #1152, .T. ) ;
#1894 =( GEOMETRIC_REPRESENTATION_CONTEXT ( 3 ) GLOBAL_UNCERTAINTY_ASSIGNED_CONTEXT ( ( #3281 ) ) GLOBAL_UNIT_ASSIGNED_CONTEXT ( ( #4223, #2251, #3225 ) ) REPRESENTATION_CONTEXT ( 'NONE', 'WORKASPACE' ) );
#1895 = LINE ( 'NONE', #4155, #2909 ) ;
#1896 = ORIENTED_EDGE ( 'NONE', *, *, #721, .F. ) ;
#1897 = EDGE_CURVE ( 'NONE', #2056, #241, #1450, .T. ) ;
#1898 = DIRECTION ( 'NONE',  ( 0.000000000000000000, 0.000000000000000000, 1.000000000000000000 ) ) ;
#1899 = DIRECTION ( 'NONE',  ( 0.000000000000000000, 0.000000000000000000, -1.000000000000000000 ) ) ;
#1900 = PRESENTATION_STYLE_ASSIGNMENT (( #640 ) ) ;
#1901 = ADVANCED_BREP_SHAPE_REPRESENTATION ( '', ( #2835, #3072 ), #812 ) ;
#1902 = AXIS2_PLACEMENT_3D ( 'NONE', #1199, #2199, #2537 ) ;
#1903 = DIRECTION ( 'NONE',  ( 0.000000000000000000, -0.000000000000000000, -1.000000000000000000 ) ) ;
#1904 = AXIS2_PLACEMENT_3D ( 'NONE', #1146, #3465, #3847 ) ;
#1905 = ORIENTED_EDGE ( 'NONE', *, *, #3854, .T. ) ;
#1906 = CARTESIAN_POINT ( 'NONE',  ( 0.0005588000000000016565, 0.000000000000000000, 0.000000000000000000 ) ) ;
#1907 = MECHANICAL_DESIGN_GEOMETRIC_PRESENTATION_REPRESENTATION (  '', ( #2820 ), #1141 ) ;
#1908 = SURFACE_SIDE_STYLE ('',( #2634 ) ) ;
#1909 = DIRECTION ( 'NONE',  ( -0.000000000000000000, -0.000000000000000000, 1.000000000000000000 ) ) ;
#1910 = EDGE_CURVE ( 'NONE', #3301, #687, #3063, .T. ) ;
#1911 = EDGE_CURVE ( 'NONE', #2507, #3780, #3630, .T. ) ;
#1912 = ORIENTED_EDGE ( 'NONE', *, *, #1953, .F. ) ;
#1913 = FACE_OUTER_BOUND ( 'NONE', #3203, .T. ) ;
#1914 =( LENGTH_UNIT ( ) NAMED_UNIT ( * ) SI_UNIT ( $, .METRE. ) );
#1915 = AXIS2_PLACEMENT_3D ( 'NONE', #2788, #715, #3733 ) ;
#1916 = SURFACE_STYLE_FILL_AREA ( #2558 ) ;
#1917 = CARTESIAN_POINT ( 'NONE',  ( 0.0005588000000000016565, 0.000000000000000000, 0.000000000000000000 ) ) ;
#1918 = ORIENTED_EDGE ( 'NONE', *, *, #2211, .T. ) ;
#1919 = CARTESIAN_POINT ( 'NONE',  ( 0.004500000000000000527, 0.01778846306386022008, -0.001000000000000000021 ) ) ;
#1920 = DIRECTION ( 'NONE',  ( 1.741668937636762057E-16, 1.000000000000000000, 0.000000000000000000 ) ) ;
#1921 = VECTOR ( 'NONE', #762, 1.000000000000000000 ) ;
#1922 = ORIENTED_EDGE ( 'NONE', *, *, #972, .T. ) ;
#1923 =( NAMED_UNIT ( * ) SI_UNIT ( $, .STERADIAN. ) SOLID_ANGLE_UNIT ( ) );
#1924 = VERTEX_POINT ( 'NONE', #744 ) ;
#1925 = DIRECTION ( 'NONE',  ( -1.000000000000000000, -0.000000000000000000, -0.000000000000000000 ) ) ;
#1926 = DIRECTION ( 'NONE',  ( -0.000000000000000000, 1.000000000000000000, -0.000000000000000000 ) ) ;
#1927 = CARTESIAN_POINT ( 'NONE',  ( -0.0003839116819797988231, -0.005000000000000000104, -0.0001230853639015392102 ) ) ;
#1928 = ORIENTED_EDGE ( 'NONE', *, *, #436, .T. ) ;
#1929 =( LENGTH_UNIT ( ) NAMED_UNIT ( * ) SI_UNIT ( $, .METRE. ) );
#1930 = PRODUCT_DEFINITION_FORMATION_WITH_SPECIFIED_SOURCE ( 'ANY', '', #3712, .NOT_KNOWN. ) ;
#1931 = DIRECTION ( 'NONE',  ( 0.000000000000000000, 0.000000000000000000, 1.000000000000000000 ) ) ;
#1932 = SURFACE_SIDE_STYLE ('',( #4214 ) ) ;
#1933 = VECTOR ( 'NONE', #2563, 1.000000000000000000 ) ;
#1934 = VECTOR ( 'NONE', #949, 1.000000000000000000 ) ;
#1935 = FACE_OUTER_BOUND ( 'NONE', #4156, .T. ) ;
#1936 = EDGE_LOOP ( 'NONE', ( #1067, #3824, #1033, #407 ) ) ;
#1937 = CARTESIAN_POINT ( 'NONE',  ( 0.007499999999999998855, -0.002131780542604053922, -0.001000000000000000021 ) ) ;
#1938 = DIRECTION ( 'NONE',  ( 0.1001433879378217789, 0.9949730156402912806, 3.516874517935654615E-15 ) ) ;
#1939 = DIRECTION ( 'NONE',  ( 1.000000000000000000, -1.741668937636762057E-16, 0.000000000000000000 ) ) ;
#1940 = EDGE_LOOP ( 'NONE', ( #593, #556 ) ) ;
#1941 = VECTOR ( 'NONE', #1793, 1.000000000000000000 ) ;
#1942 = VERTEX_POINT ( 'NONE', #2439 ) ;
#1943 = EDGE_LOOP ( 'NONE', ( #3167, #431, #997, #3150, #4180, #250, #2434, #1166, #825, #2156, #2292 ) ) ;
#1944 = SURFACE_SIDE_STYLE ('',( #2905 ) ) ;
#1945 = CARTESIAN_POINT ( 'NONE',  ( 0.007499999999999998855, -0.002131780542604053922, 0.000000000000000000 ) ) ;
#1946 = CARTESIAN_POINT ( 'NONE',  ( -0.002387600000000000139, -0.001378481502717155208, -0.0002132518306161850126 ) ) ;
#1947 = ORIENTED_EDGE ( 'NONE', *, *, #4163, .F. ) ;
#1948 = ADVANCED_FACE ( 'NONE', ( #2728 ), #2818, .F. ) ;
#1949 = SURFACE_SIDE_STYLE ('',( #2593 ) ) ;
#1950 = CARTESIAN_POINT ( 'NONE',  ( -0.02539999999999996427, 1.539748420567967457E-19, -0.001257300000000000258 ) ) ;
#1951 = EDGE_CURVE ( 'NONE', #1529, #904, #3445, .T. ) ;
#1952 = AXIS2_PLACEMENT_3D ( 'NONE', #1906, #1925, #3907 ) ;
#1953 = EDGE_CURVE ( 'NONE', #3906, #4209, #353, .T. ) ;
#1954 = CARTESIAN_POINT ( 'NONE',  ( 0.003500000000000001374, 0.01778846306386022008, -0.008000000000000000167 ) ) ;
#1955 = ORIENTED_EDGE ( 'NONE', *, *, #78, .F. ) ;
#1956 = SURFACE_STYLE_FILL_AREA ( #1297 ) ;
#1957 = LINE ( 'NONE', #1239, #2578 ) ;
#1958 = CARTESIAN_POINT ( 'NONE',  ( 0.002156088318020204370, -0.005000000000000000104, 0.0001230853639015391831 ) ) ;
#1959 = ORIENTED_EDGE ( 'NONE', *, *, #117, .F. ) ;
#1960 = ORIENTED_EDGE ( 'NONE', *, *, #220, .T. ) ;
#1961 = DIRECTION ( 'NONE',  ( 0.000000000000000000, -1.000000000000000000, 0.000000000000000000 ) ) ;
#1962 = ORIENTED_EDGE ( 'NONE', *, *, #1889, .F. ) ;
#1963 = CARTESIAN_POINT ( 'NONE',  ( 0.002923911681979795944, -0.003999999999999999216, 0.0001230853639015392102 ) ) ;
#1964 = CARTESIAN_POINT ( 'NONE',  ( 0.004468399649801274923, 0.01269999999999999775, -0.002260600000000000630 ) ) ;
#1965 = CARTESIAN_POINT ( 'NONE',  ( -0.002923911681979795944, -0.004999999999999999237, 0.0001230853639015392102 ) ) ;
#1966 = VECTOR ( 'NONE', #2098, 1.000000000000000000 ) ;
#1967 = ORIENTED_EDGE ( 'NONE', *, *, #2611, .F. ) ;
#1968 = CARTESIAN_POINT ( 'NONE',  ( 0.004468399649801247167, 0.001134100007169921856, -0.002260600000000000630 ) ) ;
#1969 = PRESENTATION_STYLE_ASSIGNMENT (( #327 ) ) ;
#1970 = CARTESIAN_POINT ( 'NONE',  ( 0.001955799999999999726, 0.0001968499999999999872, 0.0001968499999999999872 ) ) ;
#1971 = CARTESIAN_POINT ( 'NONE',  ( 0.002156088318020204370, -0.005000000000000000104, -0.0001230853639015391831 ) ) ;
#1972 = ORIENTED_EDGE ( 'NONE', *, *, #976, .T. ) ;
#1973 = EDGE_CURVE ( 'NONE', #241, #4034, #2676, .T. ) ;
#1974 = LINE ( 'NONE', #2732, #3114 ) ;
#1975 = VECTOR ( 'NONE', #1926, 1.000000000000000000 ) ;
#1976 = EDGE_CURVE ( 'NONE', #336, #2531, #2793, .T. ) ;
#1977 = ORIENTED_EDGE ( 'NONE', *, *, #3713, .F. ) ;
#1978 = ORIENTED_EDGE ( 'NONE', *, *, #1544, .T. ) ;
#1979 = CARTESIAN_POINT ( 'NONE',  ( -0.002923911681979795944, -0.005000000000000000104, 0.0001230853639015388849 ) ) ;
#1980 = EDGE_LOOP ( 'NONE', ( #2890, #375, #1246, #1373 ) ) ;
#1981 = PRESENTATION_LAYER_ASSIGNMENT (  '', '', ( #2555 ) ) ;
#1982 = B_SPLINE_CURVE_WITH_KNOTS ( 'NONE', 3,
 ( #3577, #2657, #4247, #978, #2323, #256 ),
 .UNSPECIFIED., .F., .F.,
 ( 4, 2, 4 ),
 ( 0.003853924757926620228, 0.004551605330133740891, 0.005249285902340861121 ),
 .UNSPECIFIED. ) ;
#1983 = CARTESIAN_POINT ( 'NONE',  ( 0.001955799999999999726, 0.0001968499999999993638, 0.0001968500000000007191 ) ) ;
#1984 = EDGE_CURVE ( 'NONE', #4301, #2832, #1829, .T. ) ;
#1985 = FACE_OUTER_BOUND ( 'NONE', #362, .T. ) ;
#1986 = ADVANCED_FACE ( 'NONE', ( #461 ), #1809, .F. ) ;
#1987 = ORIENTED_EDGE ( 'NONE', *, *, #3902, .T. ) ;
#1988 =( NAMED_UNIT ( * ) SI_UNIT ( $, .STERADIAN. ) SOLID_ANGLE_UNIT ( ) );
#1989 = DIRECTION ( 'NONE',  ( -1.000000000000000000, 0.000000000000000000, 0.000000000000000000 ) ) ;
#1990 = SURFACE_SIDE_STYLE ('',( #4018 ) ) ;
#1991 =( GEOMETRIC_REPRESENTATION_CONTEXT ( 3 ) GLOBAL_UNCERTAINTY_ASSIGNED_CONTEXT ( ( #166 ) ) GLOBAL_UNIT_ASSIGNED_CONTEXT ( ( #3586, #2619, #204 ) ) REPRESENTATION_CONTEXT ( 'NONE', 'WORKASPACE' ) );
#1992 = LINE ( 'NONE', #138, #2249 ) ;
#1993 = CYLINDRICAL_SURFACE ( 'NONE', #3929, 0.001257299999999999824 ) ;
#1994 = ORIENTED_EDGE ( 'NONE', *, *, #2734, .T. ) ;
#1995 = CARTESIAN_POINT ( 'NONE',  ( 0.004646921033399656342, 0.001908864834575705553, 5.256782831161197892E-19 ) ) ;
#1996 = FACE_OUTER_BOUND ( 'NONE', #42, .T. ) ;
#1997 = AXIS2_PLACEMENT_3D ( 'NONE', #3164, #1486, #4139 ) ;
#1998 = DIRECTION ( 'NONE',  ( 0.7875589559879860868, 0.6162393129646253076, 2.131628207280300242E-14 ) ) ;
#1999 = ORIENTED_EDGE ( 'NONE', *, *, #2688, .F. ) ;
#2000 = VERTEX_POINT ( 'NONE', #1522 ) ;
#2001 = UNCERTAINTY_MEASURE_WITH_UNIT (LENGTH_MEASURE( 1.000000000000000082E-05 ), #3376, 'distance_accuracy_value', 'NONE');
#2002 =( GEOMETRIC_REPRESENTATION_CONTEXT ( 3 ) GLOBAL_UNCERTAINTY_ASSIGNED_CONTEXT ( ( #1834 ) ) GLOBAL_UNIT_ASSIGNED_CONTEXT ( ( #1678, #2063, #1036 ) ) REPRESENTATION_CONTEXT ( 'NONE', 'WORKASPACE' ) );
#2003 = DIRECTION ( 'NONE',  ( 0.9949730156402910586, -0.1001433879378217512, -3.496487701934331770E-16 ) ) ;
#2004 = ORIENTED_EDGE ( 'NONE', *, *, #4267, .T. ) ;
#2005 = LINE ( 'NONE', #3345, #1044 ) ;
#2006 = DIRECTION ( 'NONE',  ( -0.9949730156402910586, -0.1001433879378215153, -1.776356839400249834E-14 ) ) ;
#2007 = PRESENTATION_LAYER_ASSIGNMENT (  '', '', ( #2933 ) ) ;
#2008 = CARTESIAN_POINT ( 'NONE',  ( 0.000000000000000000, 0.0003936999999999943908, 0.001727200000000001217 ) ) ;
#2009 = PRESENTATION_LAYER_ASSIGNMENT (  '', '', ( #2934 ) ) ;
#2010 = VECTOR ( 'NONE', #3551, 1.000000000000000000 ) ;
#2011 = ORIENTED_EDGE ( 'NONE', *, *, #2506, .T. ) ;
#2012 = SURFACE_STYLE_FILL_AREA ( #2660 ) ;
#2013 = ADVANCED_FACE ( 'NONE', ( #2195 ), #4237, .T. ) ;
#2014 = FACE_OUTER_BOUND ( 'NONE', #3257, .T. ) ;
#2015 = EDGE_CURVE ( 'NONE', #2507, #890, #1151, .T. ) ;
#2016 = DIRECTION ( 'NONE',  ( -1.000000000000000000, -0.000000000000000000, -0.000000000000000000 ) ) ;
#2017 = EDGE_LOOP ( 'NONE', ( #46, #3989 ) ) ;
#2018 = FILL_AREA_STYLE_COLOUR ( '', #2786 ) ;
#2019 = DIRECTION ( 'NONE',  ( 0.000000000000000000, 0.000000000000000000, 1.000000000000000000 ) ) ;
#2020 = DIRECTION ( 'NONE',  ( 1.000000000000000000, 0.000000000000000000, 0.000000000000000000 ) ) ;
#2021 = VECTOR ( 'NONE', #1144, 1.000000000000000000 ) ;
#2022 = LINE ( 'NONE', #2985, #4046 ) ;
#2023 =( BOUNDED_CURVE ( )  B_SPLINE_CURVE ( 3, ( #1963, #1642, #4182, #1207 ),
 .UNSPECIFIED., .F., .F. ) 
 B_SPLINE_CURVE_WITH_KNOTS ( ( 4, 4 ),
 ( 4.712388980384639936, 7.853981633974532528 ),
 .UNSPECIFIED. ) 
 CURVE ( )  GEOMETRIC_REPRESENTATION_ITEM ( )  RATIONAL_B_SPLINE_CURVE ( ( 1.000000000000000000, 0.3333333333333001747, 0.3333333333333001747, 1.000000000000000000 ) ) 
 REPRESENTATION_ITEM ( '' )  );
#2024 = VERTEX_POINT ( 'NONE', #2218 ) ;
#2025 = VERTEX_POINT ( 'NONE', #3546 ) ;
#2026 = FACE_OUTER_BOUND ( 'NONE', #937, .T. ) ;
#2027 = VECTOR ( 'NONE', #1087, 1.000000000000000000 ) ;
#2028 = CARTESIAN_POINT ( 'NONE',  ( -0.007499999999999998855, -0.002131780542604055223, -0.007999999999999996697 ) ) ;
#2029 = LINE ( 'NONE', #1394, #3566 ) ;
#2030 = AXIS2_PLACEMENT_3D ( 'NONE', #2491, #97, #2059 ) ;
#2031 = AXIS2_PLACEMENT_3D ( 'NONE', #3817, #3115, #792 ) ;
#2032 = ORIENTED_EDGE ( 'NONE', *, *, #3957, .F. ) ;
#2033 = CARTESIAN_POINT ( 'NONE',  ( -0.004468399649801290535, 0.001134100007169953081, -0.002247900000000000592 ) ) ;
#2034 = EDGE_CURVE ( 'NONE', #594, #4261, #2517, .T. ) ;
#2035 = CARTESIAN_POINT ( 'NONE',  ( 0.004500000000000000527, -0.002131780542604057391, -0.001000000000000000021 ) ) ;
#2036 = VECTOR ( 'NONE', #2240, 1.000000000000000000 ) ;
#2037 = ADVANCED_FACE ( 'NONE', ( #2911 ), #3197, .T. ) ;
#2038 = SHAPE_DEFINITION_REPRESENTATION ( #782, #2767 ) ;
#2039 = DIRECTION ( 'NONE',  ( -0.000000000000000000, -0.000000000000000000, 1.000000000000000000 ) ) ;
#2040 = FILL_AREA_STYLE ('',( #3697 ) ) ;
#2041 = ORIENTED_EDGE ( 'NONE', *, *, #1671, .T. ) ;
#2042 = PLANE ( 'NONE',  #192 ) ;
#2043 = DIRECTION ( 'NONE',  ( -0.000000000000000000, 1.000000000000000000, -0.000000000000000000 ) ) ;
#2044 = CARTESIAN_POINT ( 'NONE',  ( -0.005079999999999994242, 0.008889999999999998598, 0.002247900000000000592 ) ) ;
#2045 = AXIS2_PLACEMENT_3D ( 'NONE', #1528, #2875, #1236 ) ;
#2046 = CIRCLE ( 'NONE', #3308, 0.002387599999999999272 ) ;
#2047 = UNCERTAINTY_MEASURE_WITH_UNIT (LENGTH_MEASURE( 1.000000000000000082E-05 ), #2510, 'distance_accuracy_value', 'NONE');
#2048 = DIRECTION ( 'NONE',  ( -0.6162393129646255296, -0.7875589559879860868, -1.084421045266180146E-16 ) ) ;
#2049 = FACE_OUTER_BOUND ( 'NONE', #2315, .T. ) ;
#2050 =( LENGTH_UNIT ( ) NAMED_UNIT ( * ) SI_UNIT ( $, .METRE. ) );
#2051 = VECTOR ( 'NONE', #3846, 1.000000000000000000 ) ;
#2052 = DIRECTION ( 'NONE',  ( -0.000000000000000000, 1.000000000000000000, -0.000000000000000000 ) ) ;
#2053 = DIRECTION ( 'NONE',  ( -1.000000000000000000, 0.000000000000000000, 0.000000000000000000 ) ) ;
#2054 = PLANE ( 'NONE',  #1705 ) ;
#2055 = DIRECTION ( 'NONE',  ( -0.000000000000000000, -0.000000000000000000, 1.000000000000000000 ) ) ;
#2056 = VERTEX_POINT ( 'NONE', #1196 ) ;
#2057 = AXIS2_PLACEMENT_3D ( 'NONE', #4033, #3688, #3395 ) ;
#2058 = PRESENTATION_LAYER_ASSIGNMENT (  '', '', ( #1648 ) ) ;
#2059 = DIRECTION ( 'NONE',  ( 0.000000000000000000, 0.000000000000000000, 1.000000000000000000 ) ) ;
#2060 = DIRECTION ( 'NONE',  ( -0.000000000000000000, 1.000000000000000000, -0.000000000000000000 ) ) ;
#2061 = VERTEX_POINT ( 'NONE', #1851 ) ;
#2062 = CARTESIAN_POINT ( 'NONE',  ( 0.002224297382247165857, 0.0001698259128257717521, 0.0001698259128257721857 ) ) ;
#2063 =( NAMED_UNIT ( * ) PLANE_ANGLE_UNIT ( ) SI_UNIT ( $, .RADIAN. ) );
#2064 = EDGE_CURVE ( 'NONE', #4255, #443, #1605, .T. ) ;
#2065 = VERTEX_POINT ( 'NONE', #1628 ) ;
#2066 = DIRECTION ( 'NONE',  ( -0.8660254037844378194, -0.5000000000000013323, 0.000000000000000000 ) ) ;
#2067 = SURFACE_STYLE_FILL_AREA ( #4091 ) ;
#2068 = PLANE ( 'NONE',  #2594 ) ;
#2069 = CARTESIAN_POINT ( 'NONE',  ( -0.001600578404945002513, 0.001832868632480200892, 1.702632420055822074E-18 ) ) ;
#2070 = FILL_AREA_STYLE_COLOUR ( '', #3466 ) ;
#2071 = EDGE_CURVE ( 'NONE', #996, #2715, #2326, .T. ) ;
#2072 = ADVANCED_FACE ( 'NONE', ( #2305 ), #1288, .F. ) ;
#2073 = PRODUCT_DEFINITION ( 'UNKNOWN', '', #1871, #813 ) ;
#2074 =( GEOMETRIC_REPRESENTATION_CONTEXT ( 3 ) GLOBAL_UNCERTAINTY_ASSIGNED_CONTEXT ( ( #555 ) ) GLOBAL_UNIT_ASSIGNED_CONTEXT ( ( #511, #1858, #1530 ) ) REPRESENTATION_CONTEXT ( 'NONE', 'WORKASPACE' ) );
#2075 = COLOUR_RGB ( '',0.09803921568627450844, 0.09803921568627450844, 0.09803921568627450844 ) ;
#2076 =( NAMED_UNIT ( * ) SI_UNIT ( $, .STERADIAN. ) SOLID_ANGLE_UNIT ( ) );
#2077 = PLANE ( 'NONE',  #372 ) ;
#2078 = VECTOR ( 'NONE', #2266, 1.000000000000000000 ) ;
#2079 = EDGE_CURVE ( 'NONE', #1798, #3491, #2748, .T. ) ;
#2080 = ORIENTED_EDGE ( 'NONE', *, *, #989, .T. ) ;
#2081 = DIRECTION ( 'NONE',  ( 1.000000000000000000, 0.000000000000000000, 0.000000000000000000 ) ) ;
#2082 = DIRECTION ( 'NONE',  ( 1.000000000000000000, -2.040851148208008245E-16, -0.000000000000000000 ) ) ;
#2083 = CARTESIAN_POINT ( 'NONE',  ( -0.0003839116819797992568, -0.005000000000000000104, 0.000000000000000000 ) ) ;
#2084 = ORIENTED_EDGE ( 'NONE', *, *, #3755, .F. ) ;
#2085 = CARTESIAN_POINT ( 'NONE',  ( -0.007499999999999998855, 0.01778846306386022355, -0.008000000000000000167 ) ) ;
#2086 = ADVANCED_FACE ( 'NONE', ( #3270 ), #3997, .F. ) ;
#2087 = ADVANCED_FACE ( 'NONE', ( #2014 ), #678, .T. ) ;
#2088 = UNCERTAINTY_MEASURE_WITH_UNIT (LENGTH_MEASURE( 1.000000000000000082E-05 ), #3255, 'distance_accuracy_value', 'NONE');
#2089 = DIRECTION ( 'NONE',  ( -1.000000000000000000, 0.000000000000000000, 0.000000000000000000 ) ) ;
#2090 = DIRECTION ( 'NONE',  ( -0.000000000000000000, -0.000000000000000000, 1.000000000000000000 ) ) ;
#2091 = CARTESIAN_POINT ( 'NONE',  ( 0.008499999999999998876, 0.01778846306386022702, 0.006999999999999999278 ) ) ;
#2092 = AXIS2_PLACEMENT_3D ( 'NONE', #1264, #540, #3245 ) ;
#2093 = VECTOR ( 'NONE', #4196, 1.000000000000000000 ) ;
#2094 = ORIENTED_EDGE ( 'NONE', *, *, #3720, .F. ) ;
#2095 = ORIENTED_EDGE ( 'NONE', *, *, #1388, .F. ) ;
#2096 = CARTESIAN_POINT ( 'NONE',  ( 0.0005588000000000016565, 0.000000000000000000, 0.000000000000000000 ) ) ;
#2097 = SURFACE_SIDE_STYLE ('',( #1750 ) ) ;
#2098 = DIRECTION ( 'NONE',  ( -0.000000000000000000, -0.000000000000000000, 1.000000000000000000 ) ) ;
#2099 = VECTOR ( 'NONE', #1365, 1.000000000000000000 ) ;
#2100 = ORIENTED_EDGE ( 'NONE', *, *, #1807, .F. ) ;
#2101 = APPLICATION_PROTOCOL_DEFINITION ( 'draft international standard', 'automotive_design', 1998, #634 ) ;
#2102 = DIRECTION ( 'NONE',  ( -0.1001433879378217651, -4.294480117510041754E-17, 0.9949730156402911696 ) ) ;
#2103 = VECTOR ( 'NONE', #527, 1.000000000000000000 ) ;
#2104 = CIRCLE ( 'NONE', #2252, 0.006140545790324154068 ) ;
#2105 = CARTESIAN_POINT ( 'NONE',  ( 0.000000000000000000, 0.000000000000000000, -0.001650999999999999690 ) ) ;
#2106 = LINE ( 'NONE', #1739, #941 ) ;
#2107 = EDGE_LOOP ( 'NONE', ( #4130, #3189, #346, #766 ) ) ;
#2108 = LINE ( 'NONE', #120, #3719 ) ;
#2109 = FILL_AREA_STYLE_COLOUR ( '', #2787 ) ;
#2110 = DIRECTION ( 'NONE',  ( -0.000000000000000000, -0.000000000000000000, 1.000000000000000000 ) ) ;
#2111 = LINE ( 'NONE', #1790, #1593 ) ;
#2112 = ORIENTED_EDGE ( 'NONE', *, *, #1756, .T. ) ;
#2113 = DIRECTION ( 'NONE',  ( 0.000000000000000000, 0.000000000000000000, 1.000000000000000000 ) ) ;
#2114 =( NAMED_UNIT ( * ) SI_UNIT ( $, .STERADIAN. ) SOLID_ANGLE_UNIT ( ) );
#2115 = CARTESIAN_POINT ( 'NONE',  ( 0.007499999999999998855, 0.01778846306386022355, -0.008000000000000000167 ) ) ;
#2116 = FILL_AREA_STYLE ('',( #3417 ) ) ;
#2117 = VECTOR ( 'NONE', #2519, 1.000000000000000000 ) ;
#2118 = EDGE_LOOP ( 'NONE', ( #2810, #450, #3209 ) ) ;
#2119 = ORIENTED_EDGE ( 'NONE', *, *, #163, .F. ) ;
#2120 = LINE ( 'NONE', #3804, #1680 ) ;
#2121 = EDGE_CURVE ( 'NONE', #1749, #3467, #351, .T. ) ;
#2122 = PRESENTATION_STYLE_ASSIGNMENT (( #3464 ) ) ;
#2123 = CARTESIAN_POINT ( 'NONE',  ( 0.007499999999999998855, -0.002131780542604055223, -0.007999999999999996697 ) ) ;
#2124 = ADVANCED_FACE ( 'NONE', ( #4297 ), #3627, .F. ) ;
#2125 = ORIENTED_EDGE ( 'NONE', *, *, #4289, .T. ) ;
#2126 = PRODUCT_CONTEXT ( 'NONE', #1708, 'mechanical' ) ;
#2127 = CARTESIAN_POINT ( 'NONE',  ( 0.0003839116819797983894, -0.004000000000000000083, -0.006988914636098460080 ) ) ;
#2128 = AXIS2_PLACEMENT_3D ( 'NONE', #86, #1164, #2834 ) ;
#2129 = DIRECTION ( 'NONE',  ( 0.000000000000000000, 0.000000000000000000, 1.000000000000000000 ) ) ;
#2130 = ORIENTED_EDGE ( 'NONE', *, *, #1854, .T. ) ;
#2131 = PLANE ( 'NONE',  #1630 ) ;
#2132 = DIRECTION ( 'NONE',  ( -0.000000000000000000, -0.000000000000000000, 1.000000000000000000 ) ) ;
#2133 = ORIENTED_EDGE ( 'NONE', *, *, #2675, .F. ) ;
#2134 = CARTESIAN_POINT ( 'NONE',  ( 0.000000000000000000, -0.001727199999999999916, 0.0003936999999999999745 ) ) ;
#2135 = FACE_OUTER_BOUND ( 'NONE', #273, .T. ) ;
#2136 = SURFACE_STYLE_USAGE ( .BOTH. , #797 ) ;
#2137 = UNCERTAINTY_MEASURE_WITH_UNIT (LENGTH_MEASURE( 1.000000000000000082E-05 ), #2845, 'distance_accuracy_value', 'NONE');
#2138 = ORIENTED_EDGE ( 'NONE', *, *, #4190, .T. ) ;
#2139 = EDGE_LOOP ( 'NONE', ( #3526, #476, #2983, #315 ) ) ;
#2140 = CARTESIAN_POINT ( 'NONE',  ( 0.008500000000000002345, -0.002131780542604053922, -0.001000000000000000021 ) ) ;
#2141 = DIRECTION ( 'NONE',  ( 0.7875589559879859758, 1.065814103640150279E-14, -0.6162393129646254186 ) ) ;
#2142 = SHAPE_REPRESENTATION ( 'TO-220 Package IC', ( #3072 ), #812 ) ;
#2143 = AXIS2_PLACEMENT_3D ( 'NONE', #3841, #535, #1882 ) ;
#2144 = VECTOR ( 'NONE', #1476, 1.000000000000000000 ) ;
#2145 = ORIENTED_EDGE ( 'NONE', *, *, #918, .T. ) ;
#2146 = EDGE_CURVE ( 'NONE', #2715, #1658, #985, .T. ) ;
#2147 =( NAMED_UNIT ( * ) SI_UNIT ( $, .STERADIAN. ) SOLID_ANGLE_UNIT ( ) );
#2148 = CARTESIAN_POINT ( 'NONE',  ( 0.0003912295725144185679, -0.002531086506428169899, -9.471344253524820525E-05 ) ) ;
#2149 = CARTESIAN_POINT ( 'NONE',  ( -0.001905000000000003696, 0.01175091812156456306, -0.002260600000000000630 ) ) ;
#2150 = EDGE_LOOP ( 'NONE', ( #3640, #1878, #2041, #2100, #1201 ) ) ;
#2151 = DIRECTION ( 'NONE',  ( 0.000000000000000000, 0.000000000000000000, 1.000000000000000000 ) ) ;
#2152 = CARTESIAN_POINT ( 'NONE',  ( 0.001257299999999999824, 0.000000000000000000, -0.02503750572909317282 ) ) ;
#2153 = EDGE_CURVE ( 'NONE', #3698, #858, #4252, .T. ) ;
#2154 = DIRECTION ( 'NONE',  ( -8.708344688183810284E-17, -1.000000000000000000, 0.000000000000000000 ) ) ;
#2155 =( NAMED_UNIT ( * ) PLANE_ANGLE_UNIT ( ) SI_UNIT ( $, .RADIAN. ) );
#2156 = ORIENTED_EDGE ( 'NONE', *, *, #3771, .F. ) ;
#2157 = LINE ( 'NONE', #752, #1123 ) ;
#2158 = SURFACE_STYLE_USAGE ( .BOTH. , #3534 ) ;
#2159 = EDGE_LOOP ( 'NONE', ( #657, #3421, #1701, #1581, #1143 ) ) ;
#2160 = DIRECTION ( 'NONE',  ( 0.000000000000000000, 0.000000000000000000, 1.000000000000000000 ) ) ;
#2161 =( NAMED_UNIT ( * ) PLANE_ANGLE_UNIT ( ) SI_UNIT ( $, .RADIAN. ) );
#2162 = ADVANCED_BREP_SHAPE_REPRESENTATION ( '', ( #1292, #3072 ), #2370 ) ;
#2163 = VERTEX_POINT ( 'NONE', #3938 ) ;
#2164 = ORIENTED_EDGE ( 'NONE', *, *, #142, .T. ) ;
#2165 = CARTESIAN_POINT ( 'NONE',  ( 0.000000000000000000, 0.000000000000000000, -0.001000000000000000021 ) ) ;
#2166 = DIRECTION ( 'NONE',  ( -0.000000000000000000, -0.000000000000000000, 1.000000000000000000 ) ) ;
#2167 = LINE ( 'NONE', #3500, #986 ) ;
#2168 =( GEOMETRIC_REPRESENTATION_CONTEXT ( 3 ) GLOBAL_UNCERTAINTY_ASSIGNED_CONTEXT ( ( #1883 ) ) GLOBAL_UNIT_ASSIGNED_CONTEXT ( ( #236, #275, #3576 ) ) REPRESENTATION_CONTEXT ( 'NONE', 'WORKASPACE' ) );
#2169 = EDGE_LOOP ( 'NONE', ( #416, #899, #3774, #2513 ) ) ;
#2170 = ADVANCED_FACE ( 'NONE', ( #3675 ), #943, .F. ) ;
#2171 =( NAMED_UNIT ( * ) PLANE_ANGLE_UNIT ( ) SI_UNIT ( $, .RADIAN. ) );
#2172 = EDGE_CURVE ( 'NONE', #2413, #1026, #2686, .T. ) ;
#2173 = VECTOR ( 'NONE', #4058, 1.000000000000000000 ) ;
#2174 = ORIENTED_EDGE ( 'NONE', *, *, #4149, .T. ) ;
#2175 = AXIS2_PLACEMENT_3D ( 'NONE', #1157, #489, #2154 ) ;
#2176 = CARTESIAN_POINT ( 'NONE',  ( 0.004500000000000000527, 0.01778846306386022008, -0.008000000000000000167 ) ) ;
#2177 = EDGE_CURVE ( 'NONE', #2000, #1711, #2120, .T. ) ;
#2178 =( NAMED_UNIT ( * ) PLANE_ANGLE_UNIT ( ) SI_UNIT ( $, .RADIAN. ) );
#2179 = EDGE_CURVE ( 'NONE', #613, #594, #2805, .T. ) ;
#2180 = VECTOR ( 'NONE', #1464, 1.000000000000000000 ) ;
#2181 = CARTESIAN_POINT ( 'NONE',  ( -0.004468399649801274923, 0.01269999999999999775, -0.002260600000000000630 ) ) ;
#2182 = CARTESIAN_POINT ( 'NONE',  ( 0.004468399649801274923, 0.008889999999999998598, -0.001993900000000000707 ) ) ;
#2183 = EDGE_LOOP ( 'NONE', ( #2112, #2, #709, #1736 ) ) ;
#2184 = CARTESIAN_POINT ( 'NONE',  ( 0.007499999999999998855, -0.002131780542604055223, -0.007999999999999996697 ) ) ;
#2185 = LINE ( 'NONE', #3162, #1176 ) ;
#2186 = DIRECTION ( 'NONE',  ( -0.000000000000000000, -0.000000000000000000, -1.000000000000000000 ) ) ;
#2187 = FILL_AREA_STYLE ('',( #2605 ) ) ;
#2188 = VERTEX_POINT ( 'NONE', #3498 ) ;
#2189 = ORIENTED_EDGE ( 'NONE', *, *, #1565, .T. ) ;
#2190 = FACE_OUTER_BOUND ( 'NONE', #4279, .T. ) ;
#2191 = FACE_OUTER_BOUND ( 'NONE', #68, .T. ) ;
#2192 = DIRECTION ( 'NONE',  ( 0.5000000000000014433, -0.8660254037844378194, 0.000000000000000000 ) ) ;
#2193 = VERTEX_POINT ( 'NONE', #3782 ) ;
#2194 = PLANE ( 'NONE',  #863 ) ;
#2195 = FACE_OUTER_BOUND ( 'NONE', #2573, .T. ) ;
#2196 = AXIS2_PLACEMENT_3D ( 'NONE', #1271, #1891, #3252 ) ;
#2197 = CARTESIAN_POINT ( 'NONE',  ( 0.0002132326029872380971, 0.0003722382769720698954, -0.001560352411298945949 ) ) ;
#2198 = EDGE_CURVE ( 'NONE', #1852, #4260, #3829, .T. ) ;
#2199 = DIRECTION ( 'NONE',  ( 1.000000000000000000, 0.000000000000000000, 0.000000000000000000 ) ) ;
#2200 = DIRECTION ( 'NONE',  ( -1.000000000000000000, -0.000000000000000000, -0.000000000000000000 ) ) ;
#2201 = ORIENTED_EDGE ( 'NONE', *, *, #3102, .F. ) ;
#2202 = LINE ( 'NONE', #2898, #956 ) ;
#2203 = VERTEX_POINT ( 'NONE', #134 ) ;
#2204 = EDGE_CURVE ( 'NONE', #3532, #2838, #109, .T. ) ;
#2205 =( GEOMETRIC_REPRESENTATION_CONTEXT ( 3 ) GLOBAL_UNCERTAINTY_ASSIGNED_CONTEXT ( ( #3801 ) ) GLOBAL_UNIT_ASSIGNED_CONTEXT ( ( #3110, #442, #1499 ) ) REPRESENTATION_CONTEXT ( 'NONE', 'WORKASPACE' ) );
#2206 = ORIENTED_EDGE ( 'NONE', *, *, #433, .T. ) ;
#2207 = ORIENTED_EDGE ( 'NONE', *, *, #165, .T. ) ;
#2208 = PRESENTATION_STYLE_ASSIGNMENT (( #2862 ) ) ;
#2209 = EDGE_CURVE ( 'NONE', #817, #279, #3436, .T. ) ;
#2210 = CARTESIAN_POINT ( 'NONE',  ( 0.001997021659467280129, -0.001603982012763360354, -8.305905043708158657E-05 ) ) ;
#2211 = EDGE_CURVE ( 'NONE', #3757, #463, #177, .T. ) ;
#2212 = PRODUCT_DEFINITION ( 'UNKNOWN', '', #460, #642 ) ;
#2213 = ORIENTED_EDGE ( 'NONE', *, *, #248, .T. ) ;
#2214 = CONTEXT_DEPENDENT_SHAPE_REPRESENTATION ( #3710, #2751 ) ;
#2215 = DIRECTION ( 'NONE',  ( -1.000000000000000000, 3.493982747153251778E-15, 0.000000000000000000 ) ) ;
#2216 = AXIS2_PLACEMENT_3D ( 'NONE', #1433, #3033, #2407 ) ;
#2217 = EDGE_CURVE ( 'NONE', #838, #3026, #1092, .T. ) ;
#2218 = CARTESIAN_POINT ( 'NONE',  ( -0.002156088318020198298, 0.000000000000000000, -0.0001230853639015388849 ) ) ;
#2219 = MECHANICAL_DESIGN_GEOMETRIC_PRESENTATION_REPRESENTATION (  '', ( #600 ), #1730 ) ;
#2220 = VECTOR ( 'NONE', #3986, 1.000000000000000000 ) ;
#2221 = SURFACE_STYLE_USAGE ( .BOTH. , #1932 ) ;
#2222 = CONICAL_SURFACE ( 'NONE', #1875, 0.002387600000000000139, 1.047197551196596077 ) ;
#2223 = DIRECTION ( 'NONE',  ( -0.000000000000000000, -0.000000000000000000, 1.000000000000000000 ) ) ;
#2224 = CARTESIAN_POINT ( 'NONE',  ( 0.008500000000000002345, 0.01778846306386022008, -0.001000000000000000021 ) ) ;
#2225 = VERTEX_POINT ( 'NONE', #432 ) ;
#2226 =( NAMED_UNIT ( * ) PLANE_ANGLE_UNIT ( ) SI_UNIT ( $, .RADIAN. ) );
#2227 = EDGE_CURVE ( 'NONE', #65, #2603, #3522, .T. ) ;
#2228 = CARTESIAN_POINT ( 'NONE',  ( -0.004468399649801290535, 0.008889999999999998598, -0.002260600000000000630 ) ) ;
#2229 = DIRECTION ( 'NONE',  ( 0.000000000000000000, 1.000000000000000000, 0.000000000000000000 ) ) ;
#2230 = EDGE_CURVE ( 'NONE', #2588, #1815, #826, .T. ) ;
#2231 = UNCERTAINTY_MEASURE_WITH_UNIT (LENGTH_MEASURE( 1.000000000000000082E-05 ), #2050, 'distance_accuracy_value', 'NONE');
#2232 = DIRECTION ( 'NONE',  ( -0.000000000000000000, -0.000000000000000000, 1.000000000000000000 ) ) ;
#2233 = ORIENTED_EDGE ( 'NONE', *, *, #2887, .F. ) ;
#2234 = PLANE ( 'NONE',  #485 ) ;
#2235 = CARTESIAN_POINT ( 'NONE',  ( 0.001904999999999995889, 0.01175091812156456306, -0.001993900000000000707 ) ) ;
#2236 = CARTESIAN_POINT ( 'NONE',  ( -0.002156088318020198298, -0.004000000000000000083, 0.0001230853639015392102 ) ) ;
#2237 = ORIENTED_EDGE ( 'NONE', *, *, #2869, .F. ) ;
#2238 = ORIENTED_EDGE ( 'NONE', *, *, #2992, .F. ) ;
#2239 = AXIS2_PLACEMENT_3D ( 'NONE', #2839, #4144, #1845 ) ;
#2240 = DIRECTION ( 'NONE',  ( 0.9961946980917449901, 1.067350013832369621E-17, 0.08715574274766407781 ) ) ;
#2241 = SURFACE_STYLE_USAGE ( .BOTH. , #895 ) ;
#2242 = COLOUR_RGB ( '',0.8509803921568627194, 0.8509803921568627194, 0.8509803921568627194 ) ;
#2243 = CARTESIAN_POINT ( 'NONE',  ( 0.008500000000000002345, 0.01778846306386022008, -0.001000000000000000021 ) ) ;
#2244 = FILL_AREA_STYLE_COLOUR ( '', #3380 ) ;
#2245 = ORIENTED_EDGE ( 'NONE', *, *, #3042, .T. ) ;
#2246 = CARTESIAN_POINT ( 'NONE',  ( -0.003779999999999994302, 0.001299999999999999940, 0.002147900000000000763 ) ) ;
#2247 = CARTESIAN_POINT ( 'NONE',  ( 0.000000000000000000, 0.000000000000000000, -0.001499825192500524621 ) ) ;
#2248 = FACE_OUTER_BOUND ( 'NONE', #3843, .T. ) ;
#2249 = VECTOR ( 'NONE', #2082, 1.000000000000000000 ) ;
#2250 = EDGE_LOOP ( 'NONE', ( #524, #458, #2520, #3320 ) ) ;
#2251 =( NAMED_UNIT ( * ) PLANE_ANGLE_UNIT ( ) SI_UNIT ( $, .RADIAN. ) );
#2252 = AXIS2_PLACEMENT_3D ( 'NONE', #3248, #3910, #3578 ) ;
#2253 = ORIENTED_EDGE ( 'NONE', *, *, #2360, .T. ) ;
#2254 = DIRECTION ( 'NONE',  ( -0.000000000000000000, 0.000000000000000000, 1.000000000000000000 ) ) ;
#2255 = DIRECTION ( 'NONE',  ( 0.1001433879378217789, 4.294480117510042987E-17, -0.9949730156402912806 ) ) ;
#2256 = CARTESIAN_POINT ( 'NONE',  ( 0.002156088318020204370, -0.005000000000000000104, 0.0001230853639015391831 ) ) ;
#2257 = ADVANCED_FACE ( 'NONE', ( #455 ), #3210, .F. ) ;
#2258 = ORIENTED_EDGE ( 'NONE', *, *, #2064, .T. ) ;
#2259 = SURFACE_SIDE_STYLE ('',( #3647 ) ) ;
#2260 = ADVANCED_FACE ( 'NONE', ( #2190 ), #4123, .F. ) ;
#2261 = EDGE_CURVE ( 'NONE', #4264, #1860, #2861, .T. ) ;
#2262 = VECTOR ( 'NONE', #3624, 1.000000000000000000 ) ;
#2263 = CARTESIAN_POINT ( 'NONE',  ( 0.000000000000000000, 0.001727199999999999916, -0.0003937000000000004081 ) ) ;
#2264 = VERTEX_POINT ( 'NONE', #4099 ) ;
#2265 = SURFACE_STYLE_USAGE ( .BOTH. , #189 ) ;
#2266 = DIRECTION ( 'NONE',  ( -0.000000000000000000, -0.000000000000000000, 1.000000000000000000 ) ) ;
#2267 = AXIS2_PLACEMENT_3D ( 'NONE', #3058, #49, #2685 ) ;
#2268 = ORIENTED_EDGE ( 'NONE', *, *, #3881, .F. ) ;
#2269 = VERTEX_POINT ( 'NONE', #1115 ) ;
#2270 = UNCERTAINTY_MEASURE_WITH_UNIT (LENGTH_MEASURE( 1.000000000000000082E-05 ), #3547, 'distance_accuracy_value', 'NONE');
#2271 = EDGE_CURVE ( 'NONE', #4040, #1379, #1799, .T. ) ;
#2272 = SURFACE_SIDE_STYLE ('',( #3866 ) ) ;
#2273 = ORIENTED_EDGE ( 'NONE', *, *, #2283, .F. ) ;
#2274 = FILL_AREA_STYLE ('',( #2608 ) ) ;
#2275 = COLOUR_RGB ( '',0.7764705882352941346, 0.7568627450980391913, 0.7372549019607843590 ) ;
#2276 = VECTOR ( 'NONE', #1404, 1.000000000000000000 ) ;
#2277 = CARTESIAN_POINT ( 'NONE',  ( 0.006500000000000000569, -0.002131780542604057825, -0.001000000000000000021 ) ) ;
#2278 = DIRECTION ( 'NONE',  ( 1.741668937636762057E-16, 1.000000000000000000, 0.000000000000000000 ) ) ;
#2279 = VERTEX_POINT ( 'NONE', #3168 ) ;
#2280 = CARTESIAN_POINT ( 'NONE',  ( 0.002387600000000000139, 0.001378481502717147835, -0.001676399999999999982 ) ) ;
#2281 = EDGE_CURVE ( 'NONE', #3814, #4051, #154, .T. ) ;
#2282 = CARTESIAN_POINT ( 'NONE',  ( 0.001257299999999999824, 0.000000000000000000, -0.001676400000000001500 ) ) ;
#2283 = EDGE_CURVE ( 'NONE', #402, #3797, #1892, .T. ) ;
#2284 = EDGE_CURVE ( 'NONE', #4066, #2544, #276, .T. ) ;
#2285 = AXIS2_PLACEMENT_3D ( 'NONE', #3141, #148, #1818 ) ;
#2286 = PRESENTATION_LAYER_ASSIGNMENT (  '', '', ( #4161 ) ) ;
#2287 =( LENGTH_UNIT ( ) NAMED_UNIT ( * ) SI_UNIT ( $, .METRE. ) );
#2288 = MECHANICAL_DESIGN_GEOMETRIC_PRESENTATION_REPRESENTATION (  '', ( #673 ), #1027 ) ;
#2289 = PRESENTATION_STYLE_ASSIGNMENT (( #2621 ) ) ;
#2290 = ORIENTED_EDGE ( 'NONE', *, *, #649, .F. ) ;
#2291 = SURFACE_STYLE_USAGE ( .BOTH. , #3945 ) ;
#2292 = ORIENTED_EDGE ( 'NONE', *, *, #976, .F. ) ;
#2293 = PLANE ( 'NONE',  #2295 ) ;
#2294 = ORIENTED_EDGE ( 'NONE', *, *, #936, .T. ) ;
#2295 = AXIS2_PLACEMENT_3D ( 'NONE', #2624, #533, #3946 ) ;
#2296 = ORIENTED_EDGE ( 'NONE', *, *, #1048, .F. ) ;
#2297 = SURFACE_STYLE_USAGE ( .BOTH. , #3673 ) ;
#2298 = DIRECTION ( 'NONE',  ( 0.000000000000000000, 0.000000000000000000, 1.000000000000000000 ) ) ;
#2299 =( LENGTH_UNIT ( ) NAMED_UNIT ( * ) SI_UNIT ( $, .METRE. ) );
#2300 = CARTESIAN_POINT ( 'NONE',  ( -0.002387600000000000139, -0.0002329407039015552914, 1.694065894508598609E-21 ) ) ;
#2301 = ORIENTED_EDGE ( 'NONE', *, *, #1345, .T. ) ;
#2302 = CARTESIAN_POINT ( 'NONE',  ( -0.0003839116819797988231, 0.000000000000000000, -0.0001230853639015392102 ) ) ;
#2303 = CARTESIAN_POINT ( 'NONE',  ( -0.004468399649801290535, 0.001134100007169953081, -0.002260600000000000630 ) ) ;
#2304 = EDGE_CURVE ( 'NONE', #2544, #4066, #344, .T. ) ;
#2305 = FACE_OUTER_BOUND ( 'NONE', #59, .T. ) ;
#2306 = PRESENTATION_LAYER_ASSIGNMENT (  '', '', ( #1 ) ) ;
#2307 = VECTOR ( 'NONE', #839, 1.000000000000000000 ) ;
#2308 = DIRECTION ( 'NONE',  ( 1.000000000000000000, 0.000000000000000000, 0.000000000000000000 ) ) ;
#2309 = ADVANCED_FACE ( 'NONE', ( #2631 ), #2234, .F. ) ;
#2310 = ORIENTED_EDGE ( 'NONE', *, *, #2825, .T. ) ;
#2311 = PLANE ( 'NONE',  #3334 ) ;
#2312 = LINE ( 'NONE', #3965, #1449 ) ;
#2313 = LINE ( 'NONE', #574, #4089 ) ;
#2314 = ADVANCED_FACE ( 'NONE', ( #1225 ), #3555, .T. ) ;
#2315 = EDGE_LOOP ( 'NONE', ( #694, #3543, #945, #215 ) ) ;
#2316 = ORIENTED_EDGE ( 'NONE', *, *, #2636, .T. ) ;
#2317 = VECTOR ( 'NONE', #1085, 1.000000000000000000 ) ;
#2318 = UNCERTAINTY_MEASURE_WITH_UNIT (LENGTH_MEASURE( 1.000000000000000082E-05 ), #3527, 'distance_accuracy_value', 'NONE');
#2319 = DIRECTION ( 'NONE',  ( 0.000000000000000000, 0.000000000000000000, -1.000000000000000000 ) ) ;
#2320 = ORIENTED_EDGE ( 'NONE', *, *, #1443, .T. ) ;
#2321 = SURFACE_STYLE_FILL_AREA ( #4286 ) ;
#2322 = VECTOR ( 'NONE', #1527, 1.000000000000000000 ) ;
#2323 = CARTESIAN_POINT ( 'NONE',  ( -0.002387600000000000139, 0.001155588728847760935, -0.0001489082291192263361 ) ) ;
#2324 = LINE ( 'NONE', #388, #1784 ) ;
#2325 = AXIS2_PLACEMENT_3D ( 'NONE', #2329, #3193, #2432 ) ;
#2326 = CIRCLE ( 'NONE', #1622, 0.001257300000000000258 ) ;
#2327 = ORIENTED_EDGE ( 'NONE', *, *, #2548, .F. ) ;
#2328 = DIRECTION ( 'NONE',  ( 0.000000000000000000, -1.000000000000000000, 0.000000000000000000 ) ) ;
#2329 = CARTESIAN_POINT ( 'NONE',  ( 0.001955799999999999726, -0.0001968500000000000414, -0.0001968500000000001770 ) ) ;
#2330 = CARTESIAN_POINT ( 'NONE',  ( 0.002224297382247165857, -0.0001698259128257727550, 0.0001698259128257721857 ) ) ;
#2331 = VECTOR ( 'NONE', #1763, 1.000000000000000000 ) ;
#2332 = DIRECTION ( 'NONE',  ( -0.000000000000000000, 0.000000000000000000, 1.000000000000000000 ) ) ;
#2333 = FILL_AREA_STYLE ('',( #1650 ) ) ;
#2334 = ORIENTED_EDGE ( 'NONE', *, *, #2996, .F. ) ;
#2335 = CARTESIAN_POINT ( 'NONE',  ( 0.002923911681979795944, -0.005000000000000000104, 0.000000000000000000 ) ) ;
#2336 = DIRECTION ( 'NONE',  ( -0.6162393129646254186, 0.7875589559879860868, 2.168842090532359305E-16 ) ) ;
#2337 = AXIS2_PLACEMENT_3D ( 'NONE', #827, #2166, #1846 ) ;
#2338 = ORIENTED_EDGE ( 'NONE', *, *, #2548, .T. ) ;
#2339 = ORIENTED_EDGE ( 'NONE', *, *, #1911, .T. ) ;
#2340 = CARTESIAN_POINT ( 'NONE',  ( 0.000000000000000000, 0.000000000000000000, 0.000000000000000000 ) ) ;
#2341 = EDGE_CURVE ( 'NONE', #838, #2524, #2380, .T. ) ;
#2342 = ORIENTED_EDGE ( 'NONE', *, *, #203, .F. ) ;
#2343 = DIRECTION ( 'NONE',  ( -0.000000000000000000, 1.000000000000000000, -0.000000000000000000 ) ) ;
#2344 = DIRECTION ( 'NONE',  ( -0.000000000000000000, -0.000000000000000000, 1.000000000000000000 ) ) ;
#2345 = VERTEX_POINT ( 'NONE', #4265 ) ;
#2346 = FACE_OUTER_BOUND ( 'NONE', #4121, .T. ) ;
#2347 =( LENGTH_UNIT ( ) NAMED_UNIT ( * ) SI_UNIT ( $, .METRE. ) );
#2348 = EDGE_CURVE ( 'NONE', #594, #3716, #2527, .T. ) ;
#2349 = DIRECTION ( 'NONE',  ( 1.000000000000000000, 0.000000000000000000, 0.000000000000000000 ) ) ;
#2350 = ADVANCED_FACE ( 'NONE', ( #1576 ), #3596, .F. ) ;
#2351 = AXIS2_PLACEMENT_3D ( 'NONE', #3422, #2394, #3061 ) ;
#2352 = DIRECTION ( 'NONE',  ( 0.7882663956891755586, -0.6153341282808847401, 0.000000000000000000 ) ) ;
#2353 = SURFACE_SIDE_STYLE ('',( #3608 ) ) ;
#2354 = ORIENTED_EDGE ( 'NONE', *, *, #301, .T. ) ;
#2355 = ORIENTED_EDGE ( 'NONE', *, *, #851, .F. ) ;
#2356 = DIRECTION ( 'NONE',  ( -1.000000000000000000, -0.000000000000000000, -0.000000000000000000 ) ) ;
#2357 = AXIS2_PLACEMENT_3D ( 'NONE', #512, #1861, #473 ) ;
#2358 = CARTESIAN_POINT ( 'NONE',  ( 0.004646921033399656342, 0.001908864834575705553, 5.256782831161197892E-19 ) ) ;
#2359 = VECTOR ( 'NONE', #3024, 1.000000000000000000 ) ;
#2360 = EDGE_CURVE ( 'NONE', #3323, #4040, #2023, .T. ) ;
#2361 = DIRECTION ( 'NONE',  ( -0.000000000000000000, -0.000000000000000000, 1.000000000000000000 ) ) ;
#2362 = ORIENTED_EDGE ( 'NONE', *, *, #1827, .F. ) ;
#2363 = ORIENTED_EDGE ( 'NONE', *, *, #4080, .F. ) ;
#2364 = CARTESIAN_POINT ( 'NONE',  ( 0.008499999999999998876, 0.01778846306386022355, -0.008000000000000000167 ) ) ;
#2365 = AXIS2_PLACEMENT_3D ( 'NONE', #1814, #3819, #3178 ) ;
#2366 = ADVANCED_FACE ( 'NONE', ( #622, #2739 ), #2068, .T. ) ;
#2367 = LINE ( 'NONE', #3052, #2426 ) ;
#2368 = CIRCLE ( 'NONE', #814, 0.001905000000000000009 ) ;
#2369 = DIRECTION ( 'NONE',  ( 0.000000000000000000, 1.734723475976807094E-16, 1.000000000000000000 ) ) ;
#2370 =( GEOMETRIC_REPRESENTATION_CONTEXT ( 3 ) GLOBAL_UNCERTAINTY_ASSIGNED_CONTEXT ( ( #2088 ) ) GLOBAL_UNIT_ASSIGNED_CONTEXT ( ( #3255, #1567, #4238 ) ) REPRESENTATION_CONTEXT ( 'NONE', 'WORKASPACE' ) );
#2371 = ORIENTED_EDGE ( 'NONE', *, *, #3721, .T. ) ;
#2372 = ORIENTED_EDGE ( 'NONE', *, *, #2348, .T. ) ;
#2373 = DIRECTION ( 'NONE',  ( -0.000000000000000000, -0.000000000000000000, 1.000000000000000000 ) ) ;
#2374 = DIRECTION ( 'NONE',  ( -0.000000000000000000, -2.312964634635742957E-16, -1.000000000000000000 ) ) ;
#2375 = DIRECTION ( 'NONE',  ( -0.000000000000000000, -0.000000000000000000, 1.000000000000000000 ) ) ;
#2376 = ORIENTED_EDGE ( 'NONE', *, *, #3102, .T. ) ;
#2377 = CARTESIAN_POINT ( 'NONE',  ( -0.003499999999999999639, 0.01778846306386022355, -0.008000000000000000167 ) ) ;
#2378 = CARTESIAN_POINT ( 'NONE',  ( -0.002156088318020198298, -0.005000000000000000104, 0.0001230853639015388849 ) ) ;
#2379 = DIRECTION ( 'NONE',  ( -0.000000000000000000, 0.000000000000000000, 1.000000000000000000 ) ) ;
#2380 = CIRCLE ( 'NONE', #2092, 0.006136487434321650190 ) ;
#2381 = ORIENTED_EDGE ( 'NONE', *, *, #3042, .F. ) ;
#2382 = DIRECTION ( 'NONE',  ( -0.7875589559879859758, 0.6162393129646254186, -3.641531520770512822E-14 ) ) ;
#2383 = VERTEX_POINT ( 'NONE', #3599 ) ;
#2384 = ORIENTED_EDGE ( 'NONE', *, *, #1721, .F. ) ;
#2385 = PLANE ( 'NONE',  #903 ) ;
#2386 = DIRECTION ( 'NONE',  ( -0.000000000000000000, 1.000000000000000000, -0.000000000000000000 ) ) ;
#2387 = DIRECTION ( 'NONE',  ( 0.9961946980917449901, 0.000000000000000000, -0.08715574274766407781 ) ) ;
#2388 = COLOUR_RGB ( '',0.8509803921568627194, 0.8509803921568627194, 0.8509803921568627194 ) ;
#2389 = VERTEX_POINT ( 'NONE', #1683 ) ;
#2390 = AXIS2_PLACEMENT_3D ( 'NONE', #998, #3008, #707 ) ;
#2391 =( GEOMETRIC_REPRESENTATION_CONTEXT ( 3 ) GLOBAL_UNCERTAINTY_ASSIGNED_CONTEXT ( ( #1090 ) ) GLOBAL_UNIT_ASSIGNED_CONTEXT ( ( #1914, #872, #4191 ) ) REPRESENTATION_CONTEXT ( 'NONE', 'WORKASPACE' ) );
#2392 = VERTEX_POINT ( 'NONE', #62 ) ;
#2393 = EDGE_CURVE ( 'NONE', #4246, #2345, #2005, .T. ) ;
#2394 = DIRECTION ( 'NONE',  ( 0.000000000000000000, 0.000000000000000000, 1.000000000000000000 ) ) ;
#2395 = DIRECTION ( 'NONE',  ( -0.000000000000000000, -0.000000000000000000, 1.000000000000000000 ) ) ;
#2396 = FACE_OUTER_BOUND ( 'NONE', #1003, .T. ) ;
#2397 = ORIENTED_EDGE ( 'NONE', *, *, #1629, .F. ) ;
#2398 =( LENGTH_UNIT ( ) NAMED_UNIT ( * ) SI_UNIT ( $, .METRE. ) );
#2399 = EDGE_CURVE ( 'NONE', #1866, #3367, #1659, .T. ) ;
#2400 = LINE ( 'NONE', #1697, #1666 ) ;
#2401 = SURFACE_STYLE_USAGE ( .BOTH. , #2714 ) ;
#2402 = VECTOR ( 'NONE', #2613, 1.000000000000000000 ) ;
#2403 = CARTESIAN_POINT ( 'NONE',  ( 0.003500000000000001374, 0.01778846306386022008, -0.008000000000000000167 ) ) ;
#2404 = DIRECTION ( 'NONE',  ( -8.708344688183810284E-17, -1.000000000000000000, 0.000000000000000000 ) ) ;
#2405 = CARTESIAN_POINT ( 'NONE',  ( -0.004468399649801274923, 0.01269999999999999775, -0.002260600000000000630 ) ) ;
#2406 = AXIS2_PLACEMENT_3D ( 'NONE', #2569, #3886, #2141 ) ;
#2407 = DIRECTION ( 'NONE',  ( 1.000000000000000000, 0.000000000000000000, -0.000000000000000000 ) ) ;
#2408 = DIRECTION ( 'NONE',  ( 0.7882663956891755586, 0.6153341282808847401, 0.000000000000000000 ) ) ;
#2409 = COLOUR_RGB ( '',0.7764705882352941346, 0.7568627450980391913, 0.7372549019607843590 ) ;
#2410 = B_SPLINE_CURVE_WITH_KNOTS ( 'NONE', 3,
 ( #1068, #3082, #3783, #110 ),
 .UNSPECIFIED., .F., .F.,
 ( 4, 4 ),
 ( 2.380745620393560016E-07, 0.001395036095373838707 ),
 .UNSPECIFIED. ) ;
#2411 = FACE_OUTER_BOUND ( 'NONE', #2150, .T. ) ;
#2412 = DIRECTION ( 'NONE',  ( 0.000000000000000000, 0.000000000000000000, -1.000000000000000000 ) ) ;
#2413 = VERTEX_POINT ( 'NONE', #975 ) ;
#2414 = EDGE_CURVE ( 'NONE', #4261, #2560, #2735, .T. ) ;
#2415 = EDGE_CURVE ( 'NONE', #140, #637, #832, .T. ) ;
#2416 = DIRECTION ( 'NONE',  ( 1.000000000000000000, 0.000000000000000000, 0.000000000000000000 ) ) ;
#2417 = EDGE_LOOP ( 'NONE', ( #3953, #1361 ) ) ;
#2418 = CARTESIAN_POINT ( 'NONE',  ( -0.001257299999999999607, 0.000000000000000000, -0.001650999999999999690 ) ) ;
#2419 = DIRECTION ( 'NONE',  ( 1.000000000000000000, 0.000000000000000000, 0.000000000000000000 ) ) ;
#2420 = ORIENTED_EDGE ( 'NONE', *, *, #1853, .F. ) ;
#2421 = DIRECTION ( 'NONE',  ( 1.000000000000000000, 0.000000000000000000, 0.000000000000000000 ) ) ;
#2422 = DIRECTION ( 'NONE',  ( 0.000000000000000000, 0.000000000000000000, -1.000000000000000000 ) ) ;
#2423 = LINE ( 'NONE', #3749, #3230 ) ;
#2424 = DIRECTION ( 'NONE',  ( -1.000000000000000000, 0.000000000000000000, 0.000000000000000000 ) ) ;
#2425 = FACE_OUTER_BOUND ( 'NONE', #1702, .T. ) ;
#2426 = VECTOR ( 'NONE', #2052, 1.000000000000000000 ) ;
#2427 = VERTEX_POINT ( 'NONE', #342 ) ;
#2428 = ORIENTED_EDGE ( 'NONE', *, *, #3537, .T. ) ;
#2429 = CARTESIAN_POINT ( 'NONE',  ( 0.000000000000000000, -0.001727199999999999916, -0.0003937000000000007334 ) ) ;
#2430 = VECTOR ( 'NONE', #376, 1.000000000000000000 ) ;
#2431 = PLANE ( 'NONE',  #297 ) ;
#2432 = DIRECTION ( 'NONE',  ( 0.7875589559879860868, 0.6162393129646254186, 0.000000000000000000 ) ) ;
#2433 = VECTOR ( 'NONE', #1677, 1.000000000000000000 ) ;
#2434 = ORIENTED_EDGE ( 'NONE', *, *, #1984, .F. ) ;
#2435 = DIRECTION ( 'NONE',  ( 0.8660254037844380415, 0.5000000000000012212, 1.060575238724906175E-16 ) ) ;
#2436 = DIRECTION ( 'NONE',  ( -0.000000000000000000, -0.000000000000000000, 1.000000000000000000 ) ) ;
#2437 = EDGE_CURVE ( 'NONE', #2531, #2927, #3971, .T. ) ;
#2438 = EDGE_CURVE ( 'NONE', #3874, #1261, #405, .T. ) ;
#2439 = CARTESIAN_POINT ( 'NONE',  ( 0.0002035511813084553943, 0.001567927809430722528, 0.000000000000000000 ) ) ;
#2440 = DIRECTION ( 'NONE',  ( -1.000000000000000000, 0.000000000000000000, 0.000000000000000000 ) ) ;
#2441 = EDGE_LOOP ( 'NONE', ( #3549, #3930, #3820, #3802, #2457, #4024 ) ) ;
#2442 = CARTESIAN_POINT ( 'NONE',  ( 0.000000000000000000, 0.000000000000000000, -0.001000000000000000021 ) ) ;
#2443 = SHAPE_REPRESENTATION_RELATIONSHIP ( 'NONE' , 'NONE' ,  #2142, #1901 ) ;
#2444 = UNCERTAINTY_MEASURE_WITH_UNIT (LENGTH_MEASURE( 1.000000000000000082E-05 ), #3788, 'distance_accuracy_value', 'NONE');
#2445 = EDGE_CURVE ( 'NONE', #1762, #2508, #3010, .T. ) ;
#2446 = CARTESIAN_POINT ( 'NONE',  ( -0.003279999999999994292, 0.001299999999999999940, 0.002147900000000000763 ) ) ;
#2447 = DIRECTION ( 'NONE',  ( -0.000000000000000000, 1.000000000000000000, -0.000000000000000000 ) ) ;
#2448 = VERTEX_POINT ( 'NONE', #2364 ) ;
#2449 = LINE ( 'NONE', #2830, #1326 ) ;
#2450 = ADVANCED_FACE ( 'NONE', ( #2026 ), #71, .T. ) ;
#2451 = FILL_AREA_STYLE ('',( #3823 ) ) ;
#2452 = ORIENTED_EDGE ( 'NONE', *, *, #88, .F. ) ;
#2453 = DIRECTION ( 'NONE',  ( -0.000000000000000000, 1.000000000000000000, -0.000000000000000000 ) ) ;
#2454 = DIRECTION ( 'NONE',  ( -0.000000000000000000, 1.000000000000000000, -0.000000000000000000 ) ) ;
#2455 = VECTOR ( 'NONE', #646, 1.000000000000000000 ) ;
#2456 = UNCERTAINTY_MEASURE_WITH_UNIT (LENGTH_MEASURE( 1.000000000000000082E-05 ), #3205, 'distance_accuracy_value', 'NONE');
#2457 = ORIENTED_EDGE ( 'NONE', *, *, #2912, .T. ) ;
#2458 = ORIENTED_EDGE ( 'NONE', *, *, #1586, .F. ) ;
#2459 = DIRECTION ( 'NONE',  ( -8.708344688183810284E-17, -1.000000000000000000, 0.000000000000000000 ) ) ;
#2460 = DIRECTION ( 'NONE',  ( 0.9251594774500233598, 0.3795786364963124049, 0.000000000000000000 ) ) ;
#2461 = CARTESIAN_POINT ( 'NONE',  ( 0.004468399649801274923, 0.008889999999999998598, -0.001993900000000000707 ) ) ;
#2462 = EDGE_LOOP ( 'NONE', ( #3781, #3279, #3138, #47, #2371, #3462 ) ) ;
#2463 = DIRECTION ( 'NONE',  ( 1.000000000000000000, 0.000000000000000000, 0.000000000000000000 ) ) ;
#2464 = FILL_AREA_STYLE ('',( #2515 ) ) ;
#2465 = PRESENTATION_LAYER_ASSIGNMENT (  '', '', ( #775 ) ) ;
#2466 = APPLICATION_CONTEXT ( 'automotive_design' ) ;
#2467 = DIRECTION ( 'NONE',  ( -0.6162393129646254186, -2.966631607124070263E-15, 0.7875589559879860868 ) ) ;
#2468 = VECTOR ( 'NONE', #35, 1.000000000000000000 ) ;
#2469 = CARTESIAN_POINT ( 'NONE',  ( 0.005499999999999997946, 0.01778846306386022008, -0.001000000000000000021 ) ) ;
#2470 = VERTEX_POINT ( 'NONE', #1306 ) ;
#2471 = CARTESIAN_POINT ( 'NONE',  ( 0.002192797850094168038, 0.001490950576403998534, -0.0001483177806467918887 ) ) ;
#2472 = CARTESIAN_POINT ( 'NONE',  ( 0.007499999999999998855, 0.01778846306386022702, 0.000000000000000000 ) ) ;
#2473 = DIRECTION ( 'NONE',  ( 0.000000000000000000, -1.000000000000000000, -4.130818538806848281E-16 ) ) ;
#2474 = ORIENTED_EDGE ( 'NONE', *, *, #1043, .F. ) ;
#2475 = FACE_OUTER_BOUND ( 'NONE', #1774, .T. ) ;
#2476 = PLANE ( 'NONE',  #3961 ) ;
#2477 = AXIS2_PLACEMENT_3D ( 'NONE', #1917, #837, #3878 ) ;
#2478 = CARTESIAN_POINT ( 'NONE',  ( 0.002975987827458993068, 0.01461183624312912752, -0.001993900000000000707 ) ) ;
#2479 =( NAMED_UNIT ( * ) SI_UNIT ( $, .STERADIAN. ) SOLID_ANGLE_UNIT ( ) );
#2480 = ADVANCED_FACE ( 'NONE', ( #2674 ), #2385, .T. ) ;
#2481 = AXIS2_PLACEMENT_3D ( 'NONE', #1104, #444, #2151 ) ;
#2482 = ORIENTED_EDGE ( 'NONE', *, *, #1580, .F. ) ;
#2483 = ORIENTED_EDGE ( 'NONE', *, *, #3619, .F. ) ;
#2484 = CARTESIAN_POINT ( 'NONE',  ( 0.005500000000000001416, 0.01778846306386022008, -0.008000000000000000167 ) ) ;
#2485 = CYLINDRICAL_SURFACE ( 'NONE', #2337, 0.0005000000000000000104 ) ;
#2486 = CARTESIAN_POINT ( 'NONE',  ( 0.002975987827458993068, 0.01461183624312912752, -0.002260600000000000630 ) ) ;
#2487 = VERTEX_POINT ( 'NONE', #386 ) ;
#2488 = EDGE_CURVE ( 'NONE', #3131, #3656, #1724, .T. ) ;
#2489 = VECTOR ( 'NONE', #2974, 1.000000000000000000 ) ;
#2490 = PRESENTATION_STYLE_ASSIGNMENT (( #183 ) ) ;
#2491 = CARTESIAN_POINT ( 'NONE',  ( 0.001955799999999999726, 0.0001968499999999999872, 0.0001968499999999999872 ) ) ;
#2492 = VECTOR ( 'NONE', #1042, 1.000000000000000000 ) ;
#2493 = LINE ( 'NONE', #2083, #523 ) ;
#2494 = ORIENTED_EDGE ( 'NONE', *, *, #3097, .T. ) ;
#2495 = CARTESIAN_POINT ( 'NONE',  ( -0.002923911681979795944, -0.005000000000000000104, -0.0001230853639015388849 ) ) ;
#2496 = UNCERTAINTY_MEASURE_WITH_UNIT (LENGTH_MEASURE( 1.000000000000000082E-05 ), #1454, 'distance_accuracy_value', 'NONE');
#2497 = DIRECTION ( 'NONE',  ( -0.5000000000000014433, 0.8660254037844379305, 0.000000000000000000 ) ) ;
#2498 = FILL_AREA_STYLE_COLOUR ( '', #466 ) ;
#2499 = ORIENTED_EDGE ( 'NONE', *, *, #1976, .F. ) ;
#2500 = DIRECTION ( 'NONE',  ( -1.000000000000000000, 0.000000000000000000, 0.000000000000000000 ) ) ;
#2501 = FILL_AREA_STYLE ('',( #840 ) ) ;
#2502 = LINE ( 'NONE', #1459, #2995 ) ;
#2503 = FACE_OUTER_BOUND ( 'NONE', #430, .T. ) ;
#2504 = UNCERTAINTY_MEASURE_WITH_UNIT (LENGTH_MEASURE( 1.000000000000000082E-05 ), #3811, 'distance_accuracy_value', 'NONE');
#2505 = EDGE_CURVE ( 'NONE', #279, #2837, #4136, .T. ) ;
#2506 = EDGE_CURVE ( 'NONE', #1261, #1815, #449, .T. ) ;
#2507 = VERTEX_POINT ( 'NONE', #1505 ) ;
#2508 = VERTEX_POINT ( 'NONE', #818 ) ;
#2509 = DIRECTION ( 'NONE',  ( -1.000000000000000000, -5.102127870520020612E-17, 0.000000000000000000 ) ) ;
#2510 =( LENGTH_UNIT ( ) NAMED_UNIT ( * ) SI_UNIT ( $, .METRE. ) );
#2511 = CIRCLE ( 'NONE', #2357, 0.0005000000000000000104 ) ;
#2512 = VECTOR ( 'NONE', #4259, 1.000000000000000000 ) ;
#2513 = ORIENTED_EDGE ( 'NONE', *, *, #31, .F. ) ;
#2514 = ADVANCED_FACE ( 'NONE', ( #2779 ), #2664, .T. ) ;
#2515 = FILL_AREA_STYLE_COLOUR ( '', #3198 ) ;
#2516 =( GEOMETRIC_REPRESENTATION_CONTEXT ( 3 ) GLOBAL_UNCERTAINTY_ASSIGNED_CONTEXT ( ( #4097 ) ) GLOBAL_UNIT_ASSIGNED_CONTEXT ( ( #3001, #1634, #638 ) ) REPRESENTATION_CONTEXT ( 'NONE', 'WORKASPACE' ) );
#2517 = LINE ( 'NONE', #3235, #2036 ) ;
#2518 = ORIENTED_EDGE ( 'NONE', *, *, #1424, .T. ) ;
#2519 = DIRECTION ( 'NONE',  ( 1.000000000000000000, 0.000000000000000000, 0.000000000000000000 ) ) ;
#2520 = ORIENTED_EDGE ( 'NONE', *, *, #2553, .F. ) ;
#2521 = CARTESIAN_POINT ( 'NONE',  ( 0.000000000000000000, 0.000000000000000000, -0.001650999999999999690 ) ) ;
#2522 = CARTESIAN_POINT ( 'NONE',  ( -0.02539999999999996427, 0.000000000000000000, 0.001257300000000000258 ) ) ;
#2523 = PLANE ( 'NONE',  #2143 ) ;
#2524 = VERTEX_POINT ( 'NONE', #773 ) ;
#2525 = VERTEX_POINT ( 'NONE', #4157 ) ;
#2526 = DIRECTION ( 'NONE',  ( 0.000000000000000000, 0.000000000000000000, -1.000000000000000000 ) ) ;
#2527 = CIRCLE ( 'NONE', #1952, 0.002559378154018330381 ) ;
#2528 = CARTESIAN_POINT ( 'NONE',  ( 0.001905000000000000009, 0.01146821945739594575, -0.008000999999999999432 ) ) ;
#2529 = FACE_OUTER_BOUND ( 'NONE', #1624, .T. ) ;
#2530 = VECTOR ( 'NONE', #1539, 1.000000000000000000 ) ;
#2531 = VERTEX_POINT ( 'NONE', #1108 ) ;
#2532 = DIRECTION ( 'NONE',  ( 0.000000000000000000, 0.000000000000000000, 1.000000000000000000 ) ) ;
#2533 = AXIS2_PLACEMENT_3D ( 'NONE', #876, #836, #549 ) ;
#2534 = DIRECTION ( 'NONE',  ( -1.000000000000000000, -0.000000000000000000, -0.000000000000000000 ) ) ;
#2535 = VECTOR ( 'NONE', #1169, 1.000000000000000000 ) ;
#2536 = COLOUR_RGB ( '',0.8509803921568627194, 0.8509803921568627194, 0.8509803921568627194 ) ;
#2537 = DIRECTION ( 'NONE',  ( 0.000000000000000000, 0.000000000000000000, -1.000000000000000000 ) ) ;
#2538 = FACE_OUTER_BOUND ( 'NONE', #1515, .T. ) ;
#2539 = ORIENTED_EDGE ( 'NONE', *, *, #4254, .T. ) ;
#2540 = CARTESIAN_POINT ( 'NONE',  ( 0.006273800000000002985, 1.539748420567967457E-19, -0.001257300000000000258 ) ) ;
#2541 =( NAMED_UNIT ( * ) PLANE_ANGLE_UNIT ( ) SI_UNIT ( $, .RADIAN. ) );
#2542 = EDGE_CURVE ( 'NONE', #3301, #463, #2449, .T. ) ;
#2543 = CARTESIAN_POINT ( 'NONE',  ( -0.006499999999999998834, 0.01778846306386022355, -0.008000000000000000167 ) ) ;
#2544 = VERTEX_POINT ( 'NONE', #1792 ) ;
#2545 = DIRECTION ( 'NONE',  ( 0.000000000000000000, 0.000000000000000000, -1.000000000000000000 ) ) ;
#2546 =( NAMED_UNIT ( * ) SI_UNIT ( $, .STERADIAN. ) SOLID_ANGLE_UNIT ( ) );
#2547 = CARTESIAN_POINT ( 'NONE',  ( -0.001996370427485582005, -0.001604358001723298543, -9.471344253524491199E-05 ) ) ;
#2548 = EDGE_CURVE ( 'NONE', #785, #1368, #4069, .T. ) ;
#2549 = MECHANICAL_DESIGN_GEOMETRIC_PRESENTATION_REPRESENTATION (  '', ( #3794 ), #1495 ) ;
#2550 = ORIENTED_EDGE ( 'NONE', *, *, #3311, .T. ) ;
#2551 = FILL_AREA_STYLE_COLOUR ( '', #580 ) ;
#2552 = STYLED_ITEM ( 'NONE', ( #2208 ), #3631 ) ;
#2553 = EDGE_CURVE ( 'NONE', #4034, #241, #763, .T. ) ;
#2554 = PRESENTATION_STYLE_ASSIGNMENT (( #245 ) ) ;
#2555 = STYLED_ITEM ( 'NONE', ( #1230 ), #616 ) ;
#2556 = EDGE_CURVE ( 'NONE', #2025, #1341, #2801, .T. ) ;
#2557 = STYLED_ITEM ( 'NONE', ( #2880 ), #1303 ) ;
#2558 = FILL_AREA_STYLE ('',( #1876 ) ) ;
#2559 = FACE_OUTER_BOUND ( 'NONE', #3006, .T. ) ;
#2560 = VERTEX_POINT ( 'NONE', #3514 ) ;
#2561 = FACE_OUTER_BOUND ( 'NONE', #2441, .T. ) ;
#2562 = CARTESIAN_POINT ( 'NONE',  ( 0.0003839116819797988231, -0.005000000000000000104, -0.0001230853639015392102 ) ) ;
#2563 = DIRECTION ( 'NONE',  ( -1.000000000000000000, -0.000000000000000000, -0.000000000000000000 ) ) ;
#2564 =( NAMED_UNIT ( * ) PLANE_ANGLE_UNIT ( ) SI_UNIT ( $, .RADIAN. ) );
#2565 = ORIENTED_EDGE ( 'NONE', *, *, #3743, .F. ) ;
#2566 = VERTEX_POINT ( 'NONE', #3161 ) ;
#2567 = FILL_AREA_STYLE_COLOUR ( '', #1465 ) ;
#2568 = ORIENTED_EDGE ( 'NONE', *, *, #2611, .T. ) ;
#2569 = CARTESIAN_POINT ( 'NONE',  ( 0.004646921033399656342, 5.626562482870415829E-18, -0.001908864834575705769 ) ) ;
#2570 = CARTESIAN_POINT ( 'NONE',  ( 0.005500000000000001416, 0.01778846306386022008, -0.008000000000000000167 ) ) ;
#2571 = AXIS2_PLACEMENT_3D ( 'NONE', #1050, #1444, #2435 ) ;
#2572 = B_SPLINE_CURVE_WITH_KNOTS ( 'NONE', 3,
 ( #3792, #1128, #3157, #4084, #2471, #1175 ),
 .UNSPECIFIED., .F., .F.,
 ( 4, 2, 4 ),
 ( 0.001395036095373838707, 0.002089830331458793558, 0.002784624567543748409 ),
 .UNSPECIFIED. ) ;
#2573 = EDGE_LOOP ( 'NONE', ( #2294, #499, #2763, #3646 ) ) ;
#2574 = VECTOR ( 'NONE', #85, 1.000000000000000000 ) ;
#2575 = PRESENTATION_LAYER_ASSIGNMENT (  '', '', ( #2646 ) ) ;
#2576 = STYLED_ITEM ( 'NONE', ( #469 ), #89 ) ;
#2577 = COLOUR_RGB ( '',0.7764705882352941346, 0.7568627450980391913, 0.7372549019607843590 ) ;
#2578 = VECTOR ( 'NONE', #2649, 1.000000000000000000 ) ;
#2579 = LINE ( 'NONE', #2263, #1689 ) ;
#2580 = CARTESIAN_POINT ( 'NONE',  ( 0.001257299999999999607, 1.539748420567966735E-19, -0.001650999999999999690 ) ) ;
#2581 = ORIENTED_EDGE ( 'NONE', *, *, #4199, .F. ) ;
#2582 = DIRECTION ( 'NONE',  ( 1.000000000000000000, -2.168404344971009115E-16, 0.000000000000000000 ) ) ;
#2583 = DIRECTION ( 'NONE',  ( -1.000000000000000000, 0.000000000000000000, 0.000000000000000000 ) ) ;
#2584 = PLANE ( 'NONE',  #4017 ) ;
#2585 = ADVANCED_FACE ( 'NONE', ( #1483 ), #424, .F. ) ;
#2586 = ORIENTED_EDGE ( 'NONE', *, *, #2217, .T. ) ;
#2587 = EDGE_CURVE ( 'NONE', #3491, #3447, #794, .T. ) ;
#2588 = VERTEX_POINT ( 'NONE', #3840 ) ;
#2589 = DIRECTION ( 'NONE',  ( -0.000000000000000000, 1.000000000000000000, -0.000000000000000000 ) ) ;
#2590 = CARTESIAN_POINT ( 'NONE',  ( -0.002387600000000000139, -0.001378481502717155208, -0.0002132518306161850126 ) ) ;
#2591 = CARTESIAN_POINT ( 'NONE',  ( -0.006500000000000002304, -0.002131780542604054356, -0.008000000000000000167 ) ) ;
#2592 = ORIENTED_EDGE ( 'NONE', *, *, #1951, .F. ) ;
#2593 = SURFACE_STYLE_FILL_AREA ( #3584 ) ;
#2594 = AXIS2_PLACEMENT_3D ( 'NONE', #363, #21, #3991 ) ;
#2595 = DIRECTION ( 'NONE',  ( -0.000000000000000000, 1.000000000000000000, -0.000000000000000000 ) ) ;
#2596 = CARTESIAN_POINT ( 'NONE',  ( 0.0003839116819797983894, -0.004000000000000000083, -0.0001230853639015410533 ) ) ;
#2597 =( NAMED_UNIT ( * ) SI_UNIT ( $, .STERADIAN. ) SOLID_ANGLE_UNIT ( ) );
#2598 = ORIENTED_EDGE ( 'NONE', *, *, #2261, .T. ) ;
#2599 = PLANE ( 'NONE',  #467 ) ;
#2600 = DIRECTION ( 'NONE',  ( 1.000000000000000000, -2.040851148208008245E-16, -0.000000000000000000 ) ) ;
#2601 = DIRECTION ( 'NONE',  ( -0.9949730156402912806, 0.000000000000000000, 0.1001433879378215430 ) ) ;
#2602 = MECHANICAL_DESIGN_GEOMETRIC_PRESENTATION_REPRESENTATION (  '', ( #1205 ), #3918 ) ;
#2603 = VERTEX_POINT ( 'NONE', #3453 ) ;
#2604 = ADVANCED_FACE ( 'NONE', ( #3475, #2475 ), #1136, .T. ) ;
#2605 = FILL_AREA_STYLE_COLOUR ( '', #1577 ) ;
#2606 = APPLICATION_CONTEXT ( 'automotive_design' ) ;
#2607 = ORIENTED_EDGE ( 'NONE', *, *, #3761, .T. ) ;
#2608 = FILL_AREA_STYLE_COLOUR ( '', #3355 ) ;
#2609 = CARTESIAN_POINT ( 'NONE',  ( 0.002387600000000000139, 0.001155588728847767657, -0.0001489082291192279895 ) ) ;
#2610 = DIRECTION ( 'NONE',  ( 1.000000000000000000, 0.000000000000000000, 0.000000000000000000 ) ) ;
#2611 = EDGE_CURVE ( 'NONE', #2203, #443, #3798, .T. ) ;
#2612 = VERTEX_POINT ( 'NONE', #2759 ) ;
#2613 = DIRECTION ( 'NONE',  ( 0.000000000000000000, 0.000000000000000000, 1.000000000000000000 ) ) ;
#2614 = DIRECTION ( 'NONE',  ( 0.000000000000000000, -0.000000000000000000, -1.000000000000000000 ) ) ;
#2615 = CIRCLE ( 'NONE', #2477, 0.002559378154018330381 ) ;
#2616 = STYLED_ITEM ( 'NONE', ( #3975 ), #3442 ) ;
#2617 = DIRECTION ( 'NONE',  ( -1.000000000000000000, -5.102127870520020612E-17, 0.000000000000000000 ) ) ;
#2618 = VECTOR ( 'NONE', #3325, 1.000000000000000000 ) ;
#2619 =( NAMED_UNIT ( * ) PLANE_ANGLE_UNIT ( ) SI_UNIT ( $, .RADIAN. ) );
#2620 = LINE ( 'NONE', #679, #1556 ) ;
#2621 = SURFACE_STYLE_USAGE ( .BOTH. , #2954 ) ;
#2622 = ORIENTED_EDGE ( 'NONE', *, *, #3564, .T. ) ;
#2623 = DIRECTION ( 'NONE',  ( 0.000000000000000000, 0.000000000000000000, 1.000000000000000000 ) ) ;
#2624 = CARTESIAN_POINT ( 'NONE',  ( 0.001498599999999999672, 0.001257300000000000258, 0.000000000000000000 ) ) ;
#2625 =( BOUNDED_CURVE ( )  B_SPLINE_CURVE ( 3, ( #4280, #1258, #3923, #1611 ),
 .UNSPECIFIED., .F., .F. ) 
 B_SPLINE_CURVE_WITH_KNOTS ( ( 4, 4 ),
 ( 4.712388980384689674, 7.853981633974482790 ),
 .UNSPECIFIED. ) 
 CURVE ( )  GEOMETRIC_REPRESENTATION_ITEM ( )  RATIONAL_B_SPLINE_CURVE ( ( 1.000000000000000000, 0.3333333333333333703, 0.3333333333333333703, 1.000000000000000000 ) ) 
 REPRESENTATION_ITEM ( '' )  );
#2626 = FACE_OUTER_BOUND ( 'NONE', #1637, .T. ) ;
#2627 = ORIENTED_EDGE ( 'NONE', *, *, #2415, .F. ) ;
#2628 = ORIENTED_EDGE ( 'NONE', *, *, #2636, .F. ) ;
#2629 = CARTESIAN_POINT ( 'NONE',  ( 0.002923911681979802016, -0.005000000000000000104, 0.0001230853639015391831 ) ) ;
#2630 = ORIENTED_EDGE ( 'NONE', *, *, #2807, .F. ) ;
#2631 = FACE_OUTER_BOUND ( 'NONE', #3662, .T. ) ;
#2632 = MECHANICAL_DESIGN_GEOMETRIC_PRESENTATION_REPRESENTATION (  '', ( #2847 ), #522 ) ;
#2633 = AXIS2_PLACEMENT_3D ( 'NONE', #3064, #4105, #3469 ) ;
#2634 = SURFACE_STYLE_FILL_AREA ( #277 ) ;
#2635 = CARTESIAN_POINT ( 'NONE',  ( 0.001600578404945004031, -0.001832868632480208699, -2.573741871673039026E-18 ) ) ;
#2636 = EDGE_CURVE ( 'NONE', #3848, #2487, #2157, .T. ) ;
#2637 = ADVANCED_FACE ( 'NONE', ( #3430 ), #1430, .F. ) ;
#2638 = EDGE_LOOP ( 'NONE', ( #3175, #1039, #1884, #950 ) ) ;
#2639 = DIRECTION ( 'NONE',  ( -7.157280429424721742E-15, -1.000000000000000000, 0.000000000000000000 ) ) ;
#2640 = EDGE_CURVE ( 'NONE', #650, #4045, #1838, .T. ) ;
#2641 = AXIS2_PLACEMENT_3D ( 'NONE', #438, #1073, #3736 ) ;
#2642 = EDGE_CURVE ( 'NONE', #2754, #1452, #2423, .T. ) ;
#2643 = DIRECTION ( 'NONE',  ( 1.000000000000000000, 0.000000000000000000, 0.000000000000000000 ) ) ;
#2644 = MECHANICAL_DESIGN_GEOMETRIC_PRESENTATION_REPRESENTATION (  '', ( #1872 ), #3136 ) ;
#2645 = LINE ( 'NONE', #354, #8 ) ;
#2646 = STYLED_ITEM ( 'NONE', ( #2873 ), #1901 ) ;
#2647 = DIRECTION ( 'NONE',  ( -0.000000000000000000, 1.000000000000000000, -0.000000000000000000 ) ) ;
#2648 = ORIENTED_EDGE ( 'NONE', *, *, #4164, .F. ) ;
#2649 = DIRECTION ( 'NONE',  ( 0.000000000000000000, -1.000000000000000000, 1.741668937636762057E-16 ) ) ;
#2650 = FILL_AREA_STYLE_COLOUR ( '', #3406 ) ;
#2651 = VERTEX_POINT ( 'NONE', #1937 ) ;
#2652 = VECTOR ( 'NONE', #4197, 1.000000000000000000 ) ;
#2653 = ORIENTED_EDGE ( 'NONE', *, *, #2642, .F. ) ;
#2654 = DIRECTION ( 'NONE',  ( 0.000000000000000000, 0.000000000000000000, -1.000000000000000000 ) ) ;
#2655 = PRESENTATION_STYLE_ASSIGNMENT (( #2297 ) ) ;
#2656 =( NAMED_UNIT ( * ) SI_UNIT ( $, .STERADIAN. ) SOLID_ANGLE_UNIT ( ) );
#2657 = CARTESIAN_POINT ( 'NONE',  ( -0.002387600000000000139, 0.0002330791021886364004, -9.529120656610875805E-21 ) ) ;
#2658 = DIRECTION ( 'NONE',  ( 1.000000000000000000, 0.000000000000000000, 0.000000000000000000 ) ) ;
#2659 = ORIENTED_EDGE ( 'NONE', *, *, #936, .F. ) ;
#2660 = FILL_AREA_STYLE ('',( #582 ) ) ;
#2661 = PLANE ( 'NONE',  #2325 ) ;
#2662 = DIRECTION ( 'NONE',  ( 0.9251594774500232488, 0.3795786364963129045, 0.000000000000000000 ) ) ;
#2663 = EDGE_CURVE ( 'NONE', #1437, #360, #924, .T. ) ;
#2664 = CONICAL_SURFACE ( 'NONE', #3626, 0.002387600000000000139, 1.047197551196596077 ) ;
#2665 = FILL_AREA_STYLE_COLOUR ( '', #3369 ) ;
#2666 = PLANE ( 'NONE',  #157 ) ;
#2667 = ORIENTED_EDGE ( 'NONE', *, *, #3415, .T. ) ;
#2668 = PLANE ( 'NONE',  #2789 ) ;
#2669 = CARTESIAN_POINT ( 'NONE',  ( -0.0003839116819797988231, -0.005000000000000000104, -0.0001230853639015392102 ) ) ;
#2670 = ORIENTED_EDGE ( 'NONE', *, *, #78, .T. ) ;
#2671 = VECTOR ( 'NONE', #2089, 1.000000000000000000 ) ;
#2672 = DIRECTION ( 'NONE',  ( -1.000000000000000000, -0.000000000000000000, -0.000000000000000000 ) ) ;
#2673 = DIRECTION ( 'NONE',  ( 0.000000000000000000, 0.000000000000000000, 1.000000000000000000 ) ) ;
#2674 = FACE_OUTER_BOUND ( 'NONE', #780, .T. ) ;
#2675 = EDGE_CURVE ( 'NONE', #2990, #3879, #623, .T. ) ;
#2676 = CIRCLE ( 'NONE', #150, 0.001257299999999999607 ) ;
#2677 = CARTESIAN_POINT ( 'NONE',  ( 0.002387599999999999272, -0.001378481502717156942, -0.0002132518306161850126 ) ) ;
#2678 = CARTESIAN_POINT ( 'NONE',  ( 0.002387600000000000139, 0.001378481502717155208, -0.0002132518306161850126 ) ) ;
#2679 = VECTOR ( 'NONE', #579, 1.000000000000000000 ) ;
#2680 = AXIS2_PLACEMENT_3D ( 'NONE', #1360, #701, #1340 ) ;
#2681 = EDGE_LOOP ( 'NONE', ( #3358, #333, #776, #3239 ) ) ;
#2682 = PRODUCT_DEFINITION_SHAPE ( 'NONE', 'NONE',  #4310 ) ;
#2683 = EDGE_CURVE ( 'NONE', #1667, #3194, #879, .T. ) ;
#2684 = FILL_AREA_STYLE ('',( #304 ) ) ;
#2685 = DIRECTION ( 'NONE',  ( 0.000000000000000000, -1.000000000000000000, 1.741668937636762057E-16 ) ) ;
#2686 = LINE ( 'NONE', #781, #4104 ) ;
#2687 = ADVANCED_FACE ( 'NONE', ( #3240 ), #2599, .F. ) ;
#2688 = EDGE_CURVE ( 'NONE', #65, #1860, #1238, .T. ) ;
#2689 = CARTESIAN_POINT ( 'NONE',  ( 0.002000000000000000042, -5.337610695313253857E-19, -0.008000000000000000167 ) ) ;
#2690 = CARTESIAN_POINT ( 'NONE',  ( 0.005080000000000006385, 0.000000000000000000, -0.002247900000000000592 ) ) ;
#2691 = ORIENTED_EDGE ( 'NONE', *, *, #1664, .T. ) ;
#2692 = SURFACE_SIDE_STYLE ('',( #12 ) ) ;
#2693 = LINE ( 'NONE', #2062, #743 ) ;
#2694 = CARTESIAN_POINT ( 'NONE',  ( -0.002156088318020198298, -0.005000000000000000104, 0.0001230853639015388849 ) ) ;
#2695 = CARTESIAN_POINT ( 'NONE',  ( -0.002156088318020198298, 0.000000000000000000, 0.000000000000000000 ) ) ;
#2696 = ORIENTED_EDGE ( 'NONE', *, *, #611, .F. ) ;
#2697 = ORIENTED_EDGE ( 'NONE', *, *, #3957, .T. ) ;
#2698 = CARTESIAN_POINT ( 'NONE',  ( -0.008499999999999998876, 0.01778846306386022355, -0.008000000000000000167 ) ) ;
#2699 = VECTOR ( 'NONE', #1468, 1.000000000000000000 ) ;
#2700 = PLANE ( 'NONE',  #2216 ) ;
#2701 = CARTESIAN_POINT ( 'NONE',  ( 0.007499999999999998855, 0.01778846306386022702, 0.006999999999999999278 ) ) ;
#2702 = VECTOR ( 'NONE', #2369, 1.000000000000000000 ) ;
#2703 = VERTEX_POINT ( 'NONE', #3880 ) ;
#2704 = FACE_OUTER_BOUND ( 'NONE', #3080, .T. ) ;
#2705 = CARTESIAN_POINT ( 'NONE',  ( -0.002923911681979795944, -0.005000000000000000104, -0.0001230853639015388849 ) ) ;
#2706 = DIRECTION ( 'NONE',  ( -0.000000000000000000, 0.000000000000000000, 1.000000000000000000 ) ) ;
#2707 = AXIS2_PLACEMENT_3D ( 'NONE', #1400, #2791, #1419 ) ;
#2708 = DIRECTION ( 'NONE',  ( 0.000000000000000000, 1.000000000000000000, -1.741668937636762057E-16 ) ) ;
#2709 = DIRECTION ( 'NONE',  ( 1.000000000000000000, 0.000000000000000000, 0.000000000000000000 ) ) ;
#2710 = VERTEX_POINT ( 'NONE', #4242 ) ;
#2711 = FACE_BOUND ( 'NONE', #1323, .T. ) ;
#2712 = CARTESIAN_POINT ( 'NONE',  ( 0.007499999999999998855, 0.01778846306386022702, 0.006999999999999999278 ) ) ;
#2713 = CIRCLE ( 'NONE', #3541, 0.001905000000000000009 ) ;
#2714 = SURFACE_SIDE_STYLE ('',( #1364 ) ) ;
#2715 = VERTEX_POINT ( 'NONE', #2540 ) ;
#2716 = AXIS2_PLACEMENT_3D ( 'NONE', #3659, #3742, #2419 ) ;
#2717 = PRODUCT ( 'Heatsink for TO-220 Package IC', 'Heatsink for TO-220 Package IC', '', ( #4127 ) ) ;
#2718 = DIRECTION ( 'NONE',  ( -0.000000000000000000, -0.000000000000000000, 1.000000000000000000 ) ) ;
#2719 = ORIENTED_EDGE ( 'NONE', *, *, #1953, .T. ) ;
#2720 = LINE ( 'NONE', #2091, #3213 ) ;
#2721 = AXIS2_PLACEMENT_3D ( 'NONE', #3066, #966, #289 ) ;
#2722 = LINE ( 'NONE', #4011, #2702 ) ;
#2723 = ORIENTED_EDGE ( 'NONE', *, *, #3269, .T. ) ;
#2724 = AXIS2_PLACEMENT_3D ( 'NONE', #296, #2673, #3970 ) ;
#2725 = FILL_AREA_STYLE ('',( #3103 ) ) ;
#2726 = FACE_OUTER_BOUND ( 'NONE', #3199, .T. ) ;
#2727 = ORIENTED_EDGE ( 'NONE', *, *, #3352, .T. ) ;
#2728 = FACE_OUTER_BOUND ( 'NONE', #3634, .T. ) ;
#2729 =( NAMED_UNIT ( * ) SI_UNIT ( $, .STERADIAN. ) SOLID_ANGLE_UNIT ( ) );
#2730 = EDGE_LOOP ( 'NONE', ( #160, #3452, #576, #3156 ) ) ;
#2731 = SURFACE_SIDE_STYLE ('',( #1956 ) ) ;
#2732 = CARTESIAN_POINT ( 'NONE',  ( 0.004500000000000000527, 0.01778846306386022008, -0.001000000000000000021 ) ) ;
#2734 = EDGE_CURVE ( 'NONE', #2279, #2188, #2202, .T. ) ;
#2733 = CARTESIAN_POINT ( 'NONE',  ( 0.005080000000000006385, 0.000000000000000000, 0.002247900000000000592 ) ) ;
#2735 = CIRCLE ( 'NONE', #205, 0.002641599999999999157 ) ;
#2736 = ORIENTED_EDGE ( 'NONE', *, *, #3509, .T. ) ;
#2737 = FACE_OUTER_BOUND ( 'NONE', #4001, .T. ) ;
#2738 = SURFACE_STYLE_FILL_AREA ( #61 ) ;
#2739 = FACE_OUTER_BOUND ( 'NONE', #3485, .T. ) ;
#2740 = CARTESIAN_POINT ( 'NONE',  ( -0.002156088318020198298, -0.005000000000000000104, 0.0001230853639015388849 ) ) ;
#2741 = FACE_OUTER_BOUND ( 'NONE', #2139, .T. ) ;
#2742 = ADVANCED_FACE ( 'NONE', ( #1220 ), #1202, .F. ) ;
#2743 = MECHANICAL_DESIGN_GEOMETRIC_PRESENTATION_REPRESENTATION (  '', ( #4185 ), #561 ) ;
#2744 = ADVANCED_FACE ( 'NONE', ( #2561 ), #3550, .F. ) ;
#2745 = VERTEX_POINT ( 'NONE', #682 ) ;
#2746 =( NAMED_UNIT ( * ) SI_UNIT ( $, .STERADIAN. ) SOLID_ANGLE_UNIT ( ) );
#2747 = VECTOR ( 'NONE', #1909, 1.000000000000000000 ) ;
#2748 = CIRCLE ( 'NONE', #1402, 0.0001230853639015392102 ) ;
#2749 = EDGE_LOOP ( 'NONE', ( #2094, #259 ) ) ;
#2750 = AXIS2_PLACEMENT_3D ( 'NONE', #898, #187, #207 ) ;
#2751 = PRODUCT_DEFINITION_SHAPE ( 'NONE', 'NONE',  #4308 ) ;
#2752 = DIRECTION ( 'NONE',  ( -1.000000000000000000, -1.776356839400250465E-15, 0.000000000000000000 ) ) ;
#2753 = PLANE ( 'NONE',  #4147 ) ;
#2754 = VERTEX_POINT ( 'NONE', #703 ) ;
#2755 = CARTESIAN_POINT ( 'NONE',  ( -0.0003839116819797988231, -0.005000000000000000104, 0.0001230853639015392102 ) ) ;
#2756 = VECTOR ( 'NONE', #4074, 1.000000000000000000 ) ;
#2757 = ORIENTED_EDGE ( 'NONE', *, *, #3849, .F. ) ;
#2758 = LINE ( 'NONE', #167, #2317 ) ;
#2759 = CARTESIAN_POINT ( 'NONE',  ( -0.001905000000000003696, 0.01175091812156456306, -0.001993900000000000707 ) ) ;
#2760 = MECHANICAL_DESIGN_GEOMETRIC_PRESENTATION_REPRESENTATION (  '', ( #2552 ), #1778 ) ;
#2761 = DIRECTION ( 'NONE',  ( 0.000000000000000000, 0.000000000000000000, -1.000000000000000000 ) ) ;
#2762 = CARTESIAN_POINT ( 'NONE',  ( 0.007499999999999998855, 0.000000000000000000, 0.000000000000000000 ) ) ;
#2763 = ORIENTED_EDGE ( 'NONE', *, *, #1479, .T. ) ;
#2764 =( NAMED_UNIT ( * ) PLANE_ANGLE_UNIT ( ) SI_UNIT ( $, .RADIAN. ) );
#2765 = ADVANCED_FACE ( 'NONE', ( #1342 ), #2042, .F. ) ;
#2766 = DIRECTION ( 'NONE',  ( 0.000000000000000000, 0.000000000000000000, 1.000000000000000000 ) ) ;
#2767 = SHAPE_REPRESENTATION ( 'Heatsink for TO-220 Package IC', ( #3072 ), #602 ) ;
#2768 = ORIENTED_EDGE ( 'NONE', *, *, #203, .T. ) ;
#2769 = SHAPE_DEFINITION_REPRESENTATION ( #468, #50 ) ;
#2770 = CARTESIAN_POINT ( 'NONE',  ( 0.004468399649801274923, 0.008889999999999998598, -0.002260600000000000630 ) ) ;
#2771 = EDGE_CURVE ( 'NONE', #3705, #2203, #3891, .T. ) ;
#2772 = ADVANCED_FACE ( 'NONE', ( #3655, #4041, #1057, #2711 ), #2311, .T. ) ;
#2773 = CARTESIAN_POINT ( 'NONE',  ( 0.008500000000000002345, -0.002131780542604053922, -0.001000000000000000021 ) ) ;
#2774 = ORIENTED_EDGE ( 'NONE', *, *, #3015, .T. ) ;
#2775 = PLANE ( 'NONE',  #920 ) ;
#2776 = CARTESIAN_POINT ( 'NONE',  ( 0.000000000000000000, 0.000000000000000000, 0.000000000000000000 ) ) ;
#2777 = FACE_OUTER_BOUND ( 'NONE', #2159, .T. ) ;
#2778 = CARTESIAN_POINT ( 'NONE',  ( -0.002387600000000000139, 0.001378481502717147618, -0.001676399999999999982 ) ) ;
#2779 = FACE_OUTER_BOUND ( 'NONE', #4159, .T. ) ;
#2780 = ORIENTED_EDGE ( 'NONE', *, *, #2034, .T. ) ;
#2781 = DIRECTION ( 'NONE',  ( 1.000000000000000000, 0.000000000000000000, 0.000000000000000000 ) ) ;
#2782 = VECTOR ( 'NONE', #3800, 1.000000000000000000 ) ;
#2783 = VECTOR ( 'NONE', #2422, 1.000000000000000000 ) ;
#2784 = ORIENTED_EDGE ( 'NONE', *, *, #1312, .F. ) ;
#2785 = DIRECTION ( 'NONE',  ( 1.000000000000000000, 0.000000000000000000, 0.000000000000000000 ) ) ;
#2786 = COLOUR_RGB ( '',0.8509803921568627194, 0.8509803921568627194, 0.8509803921568627194 ) ;
#2787 = COLOUR_RGB ( '',0.8980392156862745390, 0.9176470588235293713, 0.9294117647058823817 ) ;
#2788 = CARTESIAN_POINT ( 'NONE',  ( 0.001955799999999999726, 0.0001968499999999999872, 0.0001968499999999999872 ) ) ;
#2789 = AXIS2_PLACEMENT_3D ( 'NONE', #3317, #1058, #377 ) ;
#2790 = ORIENTED_EDGE ( 'NONE', *, *, #3093, .T. ) ;
#2791 = DIRECTION ( 'NONE',  ( 1.000000000000000000, 0.000000000000000000, 6.123233995736766036E-17 ) ) ;
#2792 = SURFACE_STYLE_FILL_AREA ( #3764 ) ;
#2793 = LINE ( 'NONE', #2127, #769 ) ;
#2794 = ORIENTED_EDGE ( 'NONE', *, *, #2230, .T. ) ;
#2795 = CARTESIAN_POINT ( 'NONE',  ( -0.0003839116819797990399, -0.004000000000000000083, 0.0001230853639015392102 ) ) ;
#2796 = LINE ( 'NONE', #2152, #2144 ) ;
#2797 = ADVANCED_FACE ( 'NONE', ( #1718 ), #356, .F. ) ;
#2798 = DIRECTION ( 'NONE',  ( -8.708344688183810284E-17, -1.000000000000000000, 0.000000000000000000 ) ) ;
#2799 = CARTESIAN_POINT ( 'NONE',  ( -0.0003839116819797988231, -0.005000000000000000104, 0.000000000000000000 ) ) ;
#2800 = EDGE_LOOP ( 'NONE', ( #2768, #1405, #1045, #1399, #2946, #108 ) ) ;
#2801 = LINE ( 'NONE', #3117, #2808 ) ;
#2802 = DIRECTION ( 'NONE',  ( 0.000000000000000000, -1.000000000000000000, 0.000000000000000000 ) ) ;
#2803 = CARTESIAN_POINT ( 'NONE',  ( -3.903127820947815962E-18, 0.01175091812156456306, -0.002260600000000000630 ) ) ;
#2804 = PRESENTATION_STYLE_ASSIGNMENT (( #755 ) ) ;
#2805 = CIRCLE ( 'NONE', #3165, 0.002559378154018330381 ) ;
#2806 = UNCERTAINTY_MEASURE_WITH_UNIT (LENGTH_MEASURE( 1.000000000000000082E-05 ), #347, 'distance_accuracy_value', 'NONE');
#2807 = EDGE_CURVE ( 'NONE', #1352, #1597, #658, .T. ) ;
#2808 = VECTOR ( 'NONE', #2090, 1.000000000000000000 ) ;
#2809 = ORIENTED_EDGE ( 'NONE', *, *, #2153, .T. ) ;
#2810 = ORIENTED_EDGE ( 'NONE', *, *, #4212, .F. ) ;
#2812 = DIRECTION ( 'NONE',  ( 0.000000000000000000, 0.000000000000000000, 1.000000000000000000 ) ) ;
#2811 = PRODUCT_RELATED_PRODUCT_CATEGORY ( 'part', '', ( #3712 ) ) ;
#2813 = CARTESIAN_POINT ( 'NONE',  ( -0.008499999999999998876, 0.01778846306386022355, -0.001000000000000000021 ) ) ;
#2814 = AXIS2_PLACEMENT_3D ( 'NONE', #1502, #1409, #3094 ) ;
#2815 = ORIENTED_EDGE ( 'NONE', *, *, #2261, .F. ) ;
#2816 = PRODUCT_CONTEXT ( 'NONE', #634, 'mechanical' ) ;
#2817 = CARTESIAN_POINT ( 'NONE',  ( 0.008499999999999998876, -0.002131780542604052621, 0.007000000000000002748 ) ) ;
#2818 = CONICAL_SURFACE ( 'NONE', #282, 0.001019809999999999901, 0.9599310885968841411 ) ;
#2819 = DIRECTION ( 'NONE',  ( 0.000000000000000000, -0.000000000000000000, 1.000000000000000000 ) ) ;
#2820 = STYLED_ITEM ( 'NONE', ( #2289 ), #400 ) ;
#2821 = DIRECTION ( 'NONE',  ( 0.000000000000000000, 0.000000000000000000, -1.000000000000000000 ) ) ;
#2822 = ORIENTED_EDGE ( 'NONE', *, *, #1713, .F. ) ;
#2823 = LINE ( 'NONE', #3251, #369 ) ;
#2824 = EDGE_CURVE ( 'NONE', #99, #2507, #603, .T. ) ;
#2825 = EDGE_CURVE ( 'NONE', #2842, #2065, #2368, .T. ) ;
#2826 = PRODUCT_DEFINITION_SHAPE ( 'NONE', 'NONE',  #4309 ) ;
#2827 = DIRECTION ( 'NONE',  ( -1.000000000000000000, 0.000000000000000000, 0.000000000000000000 ) ) ;
#2828 = FACE_OUTER_BOUND ( 'NONE', #1729, .T. ) ;
#2829 = ORIENTED_EDGE ( 'NONE', *, *, #3955, .T. ) ;
#2830 = CARTESIAN_POINT ( 'NONE',  ( 0.005500000000000001416, 0.01778846306386022008, -0.001000000000000000021 ) ) ;
#2831 = DIRECTION ( 'NONE',  ( 1.000000000000000000, 0.000000000000000000, -0.000000000000000000 ) ) ;
#2832 = VERTEX_POINT ( 'NONE', #4002 ) ;
#2833 = AXIS2_PLACEMENT_3D ( 'NONE', #3589, #3531, #265 ) ;
#2834 = DIRECTION ( 'NONE',  ( 0.000000000000000000, -0.000000000000000000, -1.000000000000000000 ) ) ;
#2835 = MANIFOLD_SOLID_BREP ( 'Cut-Extrude4', #1601 ) ;
#2836 = VECTOR ( 'NONE', #2929, 1.000000000000000000 ) ;
#2837 = VERTEX_POINT ( 'NONE', #3456 ) ;
#2838 = VERTEX_POINT ( 'NONE', #1859 ) ;
#2839 = CARTESIAN_POINT ( 'NONE',  ( -3.903127820947815962E-18, 0.01175091812156456306, -0.002260600000000000630 ) ) ;
#2840 = FACE_OUTER_BOUND ( 'NONE', #3654, .T. ) ;
#2841 = LINE ( 'NONE', #4145, #2535 ) ;
#2842 = VERTEX_POINT ( 'NONE', #3776 ) ;
#2843 = CONTEXT_DEPENDENT_SHAPE_REPRESENTATION ( #805, #2826 ) ;
#2844 = VECTOR ( 'NONE', #28, 1.000000000000000000 ) ;
#2845 =( LENGTH_UNIT ( ) NAMED_UNIT ( * ) SI_UNIT ( $, .METRE. ) );
#2846 = MANIFOLD_SOLID_BREP ( 'Cut-Extrude1', #3832 ) ;
#2847 = STYLED_ITEM ( 'NONE', ( #842 ), #1292 ) ;
#2848 = PRESENTATION_LAYER_ASSIGNMENT (  '', '', ( #4276 ) ) ;
#2849 = VERTEX_POINT ( 'NONE', #190 ) ;
#2850 = DIRECTION ( 'NONE',  ( 0.000000000000000000, 1.000000000000000000, -1.741668937636762057E-16 ) ) ;
#2851 = UNCERTAINTY_MEASURE_WITH_UNIT (LENGTH_MEASURE( 1.000000000000000082E-05 ), #389, 'distance_accuracy_value', 'NONE');
#2852 = SURFACE_STYLE_USAGE ( .BOTH. , #1550 ) ;
#2853 = PLANE ( 'NONE',  #2750 ) ;
#2854 = ORIENTED_EDGE ( 'NONE', *, *, #3269, .F. ) ;
#2855 = CARTESIAN_POINT ( 'NONE',  ( -0.005079999999999994242, 0.000000000000000000, -0.002247900000000000592 ) ) ;
#2856 = DIRECTION ( 'NONE',  ( -1.000000000000000000, -0.000000000000000000, -0.000000000000000000 ) ) ;
#2857 = CARTESIAN_POINT ( 'NONE',  ( 0.000000000000000000, 0.01146821945739594575, 0.000000000000000000 ) ) ;
#2858 = UNCERTAINTY_MEASURE_WITH_UNIT (LENGTH_MEASURE( 1.000000000000000082E-05 ), #1186, 'distance_accuracy_value', 'NONE');
#2859 = VERTEX_POINT ( 'NONE', #1839 ) ;
#2860 = ORIENTED_EDGE ( 'NONE', *, *, #2172, .T. ) ;
#2861 = LINE ( 'NONE', #3481, #2021 ) ;
#2862 = SURFACE_STYLE_USAGE ( .BOTH. , #3484 ) ;
#2863 = LINE ( 'NONE', #3438, #2180 ) ;
#2864 = VECTOR ( 'NONE', #2900, 1.000000000000000000 ) ;
#2865 = EDGE_CURVE ( 'NONE', #1538, #4305, #4093, .T. ) ;
#2866 = PRESENTATION_LAYER_ASSIGNMENT (  '', '', ( #1242 ) ) ;
#2867 = ORIENTED_EDGE ( 'NONE', *, *, #3105, .F. ) ;
#2868 = AXIS2_PLACEMENT_3D ( 'NONE', #3046, #2019, #3699 ) ;
#2869 = EDGE_CURVE ( 'NONE', #4135, #443, #2185, .T. ) ;
#2870 = FILL_AREA_STYLE_COLOUR ( '', #152 ) ;
#2871 = EDGE_LOOP ( 'NONE', ( #2268, #4304, #2164, #870 ) ) ;
#2872 = PRODUCT_RELATED_PRODUCT_CATEGORY ( 'part', '', ( #1732 ) ) ;
#2873 = PRESENTATION_STYLE_ASSIGNMENT (( #488 ) ) ;
#2874 = LINE ( 'NONE', #2243, #984 ) ;
#2875 = DIRECTION ( 'NONE',  ( 1.000000000000000000, -0.000000000000000000, 0.000000000000000000 ) ) ;
#2876 = EDGE_LOOP ( 'NONE', ( #981, #3839, #2354, #2004 ) ) ;
#2877 =( LENGTH_UNIT ( ) NAMED_UNIT ( * ) SI_UNIT ( $, .METRE. ) );
#2878 = CARTESIAN_POINT ( 'NONE',  ( 0.0003839116819797988231, -0.005000000000000000104, 0.0001230853639015392102 ) ) ;
#2879 = SURFACE_STYLE_FILL_AREA ( #1533 ) ;
#2880 = PRESENTATION_STYLE_ASSIGNMENT (( #2902 ) ) ;
#2881 = EDGE_LOOP ( 'NONE', ( #810, #3885, #3520, #128, #2815, #2964, #850, #617, #3570, #36, #1490, #2320, #3470, #80, #1978, #672, #878, #2667, #4257, #2630, #1843, #1679, #925, #1516, #3622, #2696, #965, #1918 ) ) ;
#2882 = ORIENTED_EDGE ( 'NONE', *, *, #3977, .T. ) ;
#2883 = CARTESIAN_POINT ( 'NONE',  ( 0.005080000000000006385, 0.008889999999999998598, -0.002247900000000000592 ) ) ;
#2884 = AXIS2_PLACEMENT_3D ( 'NONE', #1189, #2526, #3845 ) ;
#2885 = DIRECTION ( 'NONE',  ( 1.000000000000000000, 0.000000000000000000, 0.000000000000000000 ) ) ;
#2886 = CARTESIAN_POINT ( 'NONE',  ( 0.002224297382247165857, -0.0001698259128257715894, -0.0001698259128257724026 ) ) ;
#2887 = EDGE_CURVE ( 'NONE', #2524, #2832, #1874, .T. ) ;
#2888 = MECHANICAL_DESIGN_GEOMETRIC_PRESENTATION_REPRESENTATION (  '', ( #4179 ), #5 ) ;
#2889 = EDGE_CURVE ( 'NONE', #1224, #3301, #3181, .T. ) ;
#2890 = ORIENTED_EDGE ( 'NONE', *, *, #1506, .T. ) ;
#2891 = LINE ( 'NONE', #3976, #101 ) ;
#2892 = CARTESIAN_POINT ( 'NONE',  ( -0.0001948021499058302580, 0.002644493931747454295, -0.0001483177806467941926 ) ) ;
#2893 = VECTOR ( 'NONE', #764, 1.000000000000000000 ) ;
#2894 = AXIS2_PLACEMENT_3D ( 'NONE', #1751, #2766, #3806 ) ;
#2895 = AXIS2_PLACEMENT_3D ( 'NONE', #1357, #3354, #1315 ) ;
#2896 = PLANE ( 'NONE',  #2045 ) ;
#2897 = ORIENTED_EDGE ( 'NONE', *, *, #1753, .F. ) ;
#2898 = CARTESIAN_POINT ( 'NONE',  ( -0.004499999999999998793, 0.01778846306386022355, -0.001000000000000000021 ) ) ;
#2899 = DIRECTION ( 'NONE',  ( 0.000000000000000000, 0.000000000000000000, 1.000000000000000000 ) ) ;
#2900 = DIRECTION ( 'NONE',  ( -1.000000000000000000, -5.102127870520020612E-17, 0.000000000000000000 ) ) ;
#2901 = UNCERTAINTY_MEASURE_WITH_UNIT (LENGTH_MEASURE( 1.000000000000000082E-05 ), #1493, 'distance_accuracy_value', 'NONE');
#2902 = SURFACE_STYLE_USAGE ( .BOTH. , #1557 ) ;
#2903 = ORIENTED_EDGE ( 'NONE', *, *, #3415, .F. ) ;
#2904 = ORIENTED_EDGE ( 'NONE', *, *, #989, .F. ) ;
#2905 = SURFACE_STYLE_FILL_AREA ( #2274 ) ;
#2906 = CARTESIAN_POINT ( 'NONE',  ( 0.007499999999999998855, -0.002131780542604055223, -0.007999999999999996697 ) ) ;
#2907 = MECHANICAL_DESIGN_GEOMETRIC_PRESENTATION_REPRESENTATION (  '', ( #1566 ), #3249 ) ;
#2908 = ORIENTED_EDGE ( 'NONE', *, *, #3192, .F. ) ;
#2909 = VECTOR ( 'NONE', #3238, 1.000000000000000000 ) ;
#2910 = FACE_OUTER_BOUND ( 'NONE', #3833, .T. ) ;
#2911 = FACE_OUTER_BOUND ( 'NONE', #1170, .T. ) ;
#2912 = EDGE_CURVE ( 'NONE', #1159, #2531, #127, .T. ) ;
#2913 =( BOUNDED_CURVE ( )  B_SPLINE_CURVE ( 3, ( #3201, #3588, #4239, #2596 ),
 .UNSPECIFIED., .F., .F. ) 
 B_SPLINE_CURVE_WITH_KNOTS ( ( 4, 4 ),
 ( 4.712388980384686121, 7.853981633974486343 ),
 .UNSPECIFIED. ) 
 CURVE ( )  GEOMETRIC_REPRESENTATION_ITEM ( )  RATIONAL_B_SPLINE_CURVE ( ( 1.000000000000000000, 0.3333333333333309834, 0.3333333333333309834, 1.000000000000000000 ) ) 
 REPRESENTATION_ITEM ( '' )  );
#2914 = ADVANCED_FACE ( 'NONE', ( #3515 ), #1507, .F. ) ;
#2915 = VECTOR ( 'NONE', #2940, 1.000000000000000000 ) ;
#2916 = PRESENTATION_STYLE_ASSIGNMENT (( #2852 ) ) ;
#2917 = DIRECTION ( 'NONE',  ( -0.1001433879378215430, 0.9949730156402912806, 3.473929716760554604E-15 ) ) ;
#2918 = ORIENTED_EDGE ( 'NONE', *, *, #1112, .T. ) ;
#2919 = DIRECTION ( 'NONE',  ( -0.000000000000000000, 1.000000000000000000, -0.000000000000000000 ) ) ;
#2920 = FACE_OUTER_BOUND ( 'NONE', #94, .T. ) ;
#2921 = VERTEX_POINT ( 'NONE', #1484 ) ;
#2922 = ORIENTED_EDGE ( 'NONE', *, *, #2198, .F. ) ;
#2923 =( NAMED_UNIT ( * ) PLANE_ANGLE_UNIT ( ) SI_UNIT ( $, .RADIAN. ) );
#2924 = CARTESIAN_POINT ( 'NONE',  ( 0.003500000000000001374, 0.01778846306386022008, -0.008000000000000000167 ) ) ;
#2925 = LINE ( 'NONE', #1927, #3035 ) ;
#2926 = COLOUR_RGB ( '',0.7764705882352941346, 0.7568627450980391913, 0.7372549019607843590 ) ;
#2927 = VERTEX_POINT ( 'NONE', #4177 ) ;
#2928 = MECHANICAL_DESIGN_GEOMETRIC_PRESENTATION_REPRESENTATION (  '', ( #1521 ), #595 ) ;
#2929 = DIRECTION ( 'NONE',  ( 0.000000000000000000, 0.000000000000000000, 1.000000000000000000 ) ) ;
#2930 = FACE_OUTER_BOUND ( 'NONE', #4113, .T. ) ;
#2931 =( LENGTH_UNIT ( ) NAMED_UNIT ( * ) SI_UNIT ( $, .METRE. ) );
#2932 = VECTOR ( 'NONE', #404, 1.000000000000000000 ) ;
#2933 = STYLED_ITEM ( 'NONE', ( #859 ), #2846 ) ;
#2934 = STYLED_ITEM ( 'NONE', ( #2976 ), #2162 ) ;
#2935 = ORIENTED_EDGE ( 'NONE', *, *, #433, .F. ) ;
#2936 = PRESENTATION_STYLE_ASSIGNMENT (( #2291 ) ) ;
#2937 = CARTESIAN_POINT ( 'NONE',  ( -0.001257299999999999607, 1.539748420567966735E-19, 0.000000000000000000 ) ) ;
#2938 = EDGE_CURVE ( 'NONE', #996, #2389, #4158, .T. ) ;
#2939 = ORIENTED_EDGE ( 'NONE', *, *, #3501, .F. ) ;
#2940 = DIRECTION ( 'NONE',  ( -1.000000000000000000, -5.102127870520020612E-17, 0.000000000000000000 ) ) ;
#2941 = ORIENTED_EDGE ( 'NONE', *, *, #2393, .F. ) ;
#2942 = PRESENTATION_STYLE_ASSIGNMENT (( #867 ) ) ;
#2943 = CARTESIAN_POINT ( 'NONE',  ( 0.0002035511813084545270, -0.001567927809430721443, -1.920157773113451591E-19 ) ) ;
#2944 = DIRECTION ( 'NONE',  ( -0.000000000000000000, -0.000000000000000000, 1.000000000000000000 ) ) ;
#2945 = ADVANCED_FACE ( 'NONE', ( #1161 ), #2476, .F. ) ;
#2946 = ORIENTED_EDGE ( 'NONE', *, *, #3743, .T. ) ;
#2947 = LINE ( 'NONE', #2280, #3186 ) ;
#2948 = CARTESIAN_POINT ( 'NONE',  ( -0.0003839116819797988231, -0.005000000000000000104, 0.000000000000000000 ) ) ;
#2949 = AXIS2_PLACEMENT_3D ( 'NONE', #3123, #3147, #2785 ) ;
#2950 = CARTESIAN_POINT ( 'NONE',  ( -0.003779999999999994302, 0.001299999999999999940, 0.002147900000000000763 ) ) ;
#2951 = AXIS2_PLACEMENT_3D ( 'NONE', #286, #2352, #3313 ) ;
#2952 = VECTOR ( 'NONE', #643, 1.000000000000000000 ) ;
#2953 = PRESENTATION_STYLE_ASSIGNMENT (( #944 ) ) ;
#2954 = SURFACE_SIDE_STYLE ('',( #1608 ) ) ;
#2955 = VERTEX_POINT ( 'NONE', #1919 ) ;
#2956 = DIRECTION ( 'NONE',  ( 1.741668937636762057E-16, 1.000000000000000000, -0.000000000000000000 ) ) ;
#2957 = EDGE_CURVE ( 'NONE', #2612, #3582, #130, .T. ) ;
#2958 = FACE_OUTER_BOUND ( 'NONE', #4241, .T. ) ;
#2959 = CARTESIAN_POINT ( 'NONE',  ( 0.007499999999999998855, -0.002131780542604055223, -0.007999999999999996697 ) ) ;
#2960 = AXIS2_PLACEMENT_3D ( 'NONE', #3012, #3371, #1370 ) ;
#2961 =( GEOMETRIC_REPRESENTATION_CONTEXT ( 3 ) GLOBAL_UNCERTAINTY_ASSIGNED_CONTEXT ( ( #514 ) ) GLOBAL_UNIT_ASSIGNED_CONTEXT ( ( #1672, #4274, #30 ) ) REPRESENTATION_CONTEXT ( 'NONE', 'WORKASPACE' ) );
#2962 = EDGE_CURVE ( 'NONE', #4264, #2603, #3241, .T. ) ;
#2963 = VERTEX_POINT ( 'NONE', #1591 ) ;
#2964 = ORIENTED_EDGE ( 'NONE', *, *, #1392, .F. ) ;
#2965 = DIRECTION ( 'NONE',  ( 0.000000000000000000, 0.000000000000000000, -1.000000000000000000 ) ) ;
#2966 = ORIENTED_EDGE ( 'NONE', *, *, #1398, .F. ) ;
#2967 = PRESENTATION_STYLE_ASSIGNMENT (( #1598 ) ) ;
#2968 = CARTESIAN_POINT ( 'NONE',  ( 0.000000000000000000, 0.01146821945739594575, 0.000000000000000000 ) ) ;
#2969 = EDGE_CURVE ( 'NONE', #1773, #650, #2312, .T. ) ;
#2970 = PLANE ( 'NONE',  #1335 ) ;
#2971 = EDGE_CURVE ( 'NONE', #1602, #3131, #3277, .T. ) ;
#2972 = ORIENTED_EDGE ( 'NONE', *, *, #117, .T. ) ;
#2973 = CARTESIAN_POINT ( 'NONE',  ( -0.001193800000000003539, -0.002067722254075723704, 0.000000000000000000 ) ) ;
#2974 = DIRECTION ( 'NONE',  ( -0.000000000000000000, -0.000000000000000000, 1.000000000000000000 ) ) ;
#2975 = CIRCLE ( 'NONE', #3722, 0.006136487434321649323 ) ;
#2976 = PRESENTATION_STYLE_ASSIGNMENT (( #2241 ) ) ;
#2977 = CARTESIAN_POINT ( 'NONE',  ( -0.006500000000000002304, -0.002131780542604054356, -0.001000000000000000021 ) ) ;
#2978 = CARTESIAN_POINT ( 'NONE',  ( -0.007499999999999998855, 0.01778846306386022702, 0.006999999999999999278 ) ) ;
#2979 = VERTEX_POINT ( 'NONE', #590 ) ;
#2980 = CARTESIAN_POINT ( 'NONE',  ( 0.007499999999999998855, 0.01778846306386022355, -0.008000000000000000167 ) ) ;
#2981 = CARTESIAN_POINT ( 'NONE',  ( -0.001193800000000003539, -0.002067722254075723704, 0.000000000000000000 ) ) ;
#2982 = DIRECTION ( 'NONE',  ( 0.000000000000000000, 0.000000000000000000, 1.000000000000000000 ) ) ;
#2983 = ORIENTED_EDGE ( 'NONE', *, *, #70, .F. ) ;
#2984 = VERTEX_POINT ( 'NONE', #2937 ) ;
#2985 = CARTESIAN_POINT ( 'NONE',  ( 0.004499999999999998793, -0.002131780542604056958, -0.008000000000000000167 ) ) ;
#2986 = EDGE_LOOP ( 'NONE', ( #1423, #1014, #2483, #4244 ) ) ;
#2987 = FILL_AREA_STYLE_COLOUR ( '', #3842 ) ;
#2988 = CARTESIAN_POINT ( 'NONE',  ( -0.002923911681979795944, -0.005000000000000000104, 0.000000000000000000 ) ) ;
#2989 = DIRECTION ( 'NONE',  ( -0.000000000000000000, -1.000000000000000000, -0.000000000000000000 ) ) ;
#2990 = VERTEX_POINT ( 'NONE', #231 ) ;
#2991 = LINE ( 'NONE', #1397, #2844 ) ;
#2992 = EDGE_CURVE ( 'NONE', #1616, #1852, #1635, .T. ) ;
#2993 = DIRECTION ( 'NONE',  ( -1.000000000000000000, -0.000000000000000000, -0.000000000000000000 ) ) ;
#2994 = FILL_AREA_STYLE ('',( #3310 ) ) ;
#2995 = VECTOR ( 'NONE', #3863, 1.000000000000000000 ) ;
#2996 = EDGE_CURVE ( 'NONE', #4301, #4072, #3217, .T. ) ;
#2997 = LINE ( 'NONE', #990, #907 ) ;
#2998 = AXIS2_PLACEMENT_3D ( 'NONE', #1344, #1081, #748 ) ;
#2999 = FACE_OUTER_BOUND ( 'NONE', #202, .T. ) ;
#3000 = VERTEX_POINT ( 'NONE', #269 ) ;
#3001 =( LENGTH_UNIT ( ) NAMED_UNIT ( * ) SI_UNIT ( $, .METRE. ) );
#3002 = DIRECTION ( 'NONE',  ( 0.000000000000000000, 0.000000000000000000, 1.000000000000000000 ) ) ;
#3003 = SURFACE_SIDE_STYLE ('',( #553 ) ) ;
#3004 = EDGE_LOOP ( 'NONE', ( #1563, #2310, #3226, #1321 ) ) ;
#3005 = AXIS2_PLACEMENT_3D ( 'NONE', #3339, #1363, #994 ) ;
#3006 = EDGE_LOOP ( 'NONE', ( #355, #2941, #1743, #4195, #2084 ) ) ;
#3007 = EDGE_CURVE ( 'NONE', #3298, #2979, #2625, .T. ) ;
#3008 = DIRECTION ( 'NONE',  ( 0.6162393129646255296, -2.858189502597452816E-15, 0.7875589559879860868 ) ) ;
#3009 = LINE ( 'NONE', #3391, #3607 ) ;
#3010 = LINE ( 'NONE', #4009, #3288 ) ;
#3011 = CARTESIAN_POINT ( 'NONE',  ( 0.002387600000000000139, -0.001154282654248984163, -0.0001485311978586233161 ) ) ;
#3012 = CARTESIAN_POINT ( 'NONE',  ( -0.008499999999999998876, 0.01778846306386022355, -0.001000000000000000021 ) ) ;
#3013 = ORIENTED_EDGE ( 'NONE', *, *, #2304, .T. ) ;
#3014 = DIRECTION ( 'NONE',  ( -0.1001433879378217651, -0.9949730156402911696, -3.516874517935653826E-15 ) ) ;
#3015 = EDGE_CURVE ( 'NONE', #2842, #1226, #926, .T. ) ;
#3016 = DIRECTION ( 'NONE',  ( 1.000000000000000000, 0.000000000000000000, 0.000000000000000000 ) ) ;
#3017 = ADVANCED_FACE ( 'NONE', ( #2958, #4258 ), #2293, .F. ) ;
#3018 = PRESENTATION_LAYER_ASSIGNMENT (  '', '', ( #3556 ) ) ;
#3019 =( GEOMETRIC_REPRESENTATION_CONTEXT ( 3 ) GLOBAL_UNCERTAINTY_ASSIGNED_CONTEXT ( ( #2231 ) ) GLOBAL_UNIT_ASSIGNED_CONTEXT ( ( #2050, #318, #2656 ) ) REPRESENTATION_CONTEXT ( 'NONE', 'WORKASPACE' ) );
#3020 = FACE_OUTER_BOUND ( 'NONE', #3860, .T. ) ;
#3021 = ORIENTED_EDGE ( 'NONE', *, *, #536, .F. ) ;
#3022 = PRESENTATION_STYLE_ASSIGNMENT (( #3359 ) ) ;
#3023 = DIRECTION ( 'NONE',  ( 1.000000000000000000, 0.000000000000000000, 0.000000000000000000 ) ) ;
#3024 = DIRECTION ( 'NONE',  ( -1.000000000000000000, 0.000000000000000000, 0.000000000000000000 ) ) ;
#3025 = ORIENTED_EDGE ( 'NONE', *, *, #1420, .F. ) ;
#3026 = VERTEX_POINT ( 'NONE', #947 ) ;
#3027 = VECTOR ( 'NONE', #4284, 1.000000000000000000 ) ;
#3028 = PRODUCT_DEFINITION_CONTEXT ( 'detailed design', #1185, 'design' ) ;
#3029 = LINE ( 'NONE', #1347, #1549 ) ;
#3030 = EDGE_LOOP ( 'NONE', ( #2659, #3561 ) ) ;
#3031 = CARTESIAN_POINT ( 'NONE',  ( 0.001498599999999999238, 0.000000000000000000, 0.000000000000000000 ) ) ;
#3032 = VECTOR ( 'NONE', #394, 1.000000000000000000 ) ;
#3033 = DIRECTION ( 'NONE',  ( 0.000000000000000000, 0.000000000000000000, 1.000000000000000000 ) ) ;
#3034 = LINE ( 'NONE', #2701, #2492 ) ;
#3035 = VECTOR ( 'NONE', #2610, 1.000000000000000000 ) ;
#3036 = PRESENTATION_LAYER_ASSIGNMENT (  '', '', ( #917 ) ) ;
#3037 = ORIENTED_EDGE ( 'NONE', *, *, #2553, .T. ) ;
#3038 = ORIENTED_EDGE ( 'NONE', *, *, #1420, .T. ) ;
#3039 = PRODUCT_DEFINITION_SHAPE ( 'NONE', 'NONE',  #2212 ) ;
#3040 =( GEOMETRIC_REPRESENTATION_CONTEXT ( 3 ) GLOBAL_UNCERTAINTY_ASSIGNED_CONTEXT ( ( #864 ) ) GLOBAL_UNIT_ASSIGNED_CONTEXT ( ( #3202, #1589, #2597 ) ) REPRESENTATION_CONTEXT ( 'NONE', 'WORKASPACE' ) );
#3041 = PRESENTATION_LAYER_ASSIGNMENT (  '', '', ( #3794 ) ) ;
#3042 = EDGE_CURVE ( 'NONE', #2849, #3425, #1782, .T. ) ;
#3043 = DIRECTION ( 'NONE',  ( 1.000000000000000000, 0.000000000000000000, 0.000000000000000000 ) ) ;
#3044 = EDGE_LOOP ( 'NONE', ( #510, #2736, #893, #3440, #266 ) ) ;
#3045 = CARTESIAN_POINT ( 'NONE',  ( 0.000000000000000000, 0.000000000000000000, 0.000000000000000000 ) ) ;
#3046 = CARTESIAN_POINT ( 'NONE',  ( -3.903127820947815962E-18, 0.01175091812156456306, -0.001993900000000000707 ) ) ;
#3047 = EDGE_CURVE ( 'NONE', #3814, #858, #614, .T. ) ;
#3048 = CARTESIAN_POINT ( 'NONE',  ( 0.002923911681979802016, -0.005000000000000000104, 0.0001230853639015391831 ) ) ;
#3049 = FACE_OUTER_BOUND ( 'NONE', #158, .T. ) ;
#3050 = DIRECTION ( 'NONE',  ( 0.000000000000000000, -0.000000000000000000, 1.000000000000000000 ) ) ;
#3051 = MECHANICAL_DESIGN_GEOMETRIC_PRESENTATION_REPRESENTATION (  '', ( #2555 ), #935 ) ;
#3052 = CARTESIAN_POINT ( 'NONE',  ( 0.002923911681979802016, -0.005000000000000000104, -0.0001230853639015391831 ) ) ;
#3053 = CARTESIAN_POINT ( 'NONE',  ( 0.002923911681979802016, 0.000000000000000000, 0.0001230853639015391831 ) ) ;
#3054 = STYLED_ITEM ( 'NONE', ( #2804 ), #1291 ) ;
#3055 = ORIENTED_EDGE ( 'NONE', *, *, #1182, .T. ) ;
#3056 = ORIENTED_EDGE ( 'NONE', *, *, #835, .T. ) ;
#3057 = PRESENTATION_STYLE_ASSIGNMENT (( #434 ) ) ;
#3058 = CARTESIAN_POINT ( 'NONE',  ( 0.007499999999999998855, 0.01778846306386022355, -0.008000000000000000167 ) ) ;
#3059 = EDGE_CURVE ( 'NONE', #4045, #785, #1957, .T. ) ;
#3060 = ORIENTED_EDGE ( 'NONE', *, *, #1853, .T. ) ;
#3061 = DIRECTION ( 'NONE',  ( 1.000000000000000000, 0.000000000000000000, 0.000000000000000000 ) ) ;
#3062 = APPLICATION_CONTEXT ( 'automotive_design' ) ;
#3063 = LINE ( 'NONE', #1381, #1051 ) ;
#3064 = CARTESIAN_POINT ( 'NONE',  ( 0.000000000000000000, 0.000000000000000000, 0.000000000000000000 ) ) ;
#3065 = ORIENTED_EDGE ( 'NONE', *, *, #964, .F. ) ;
#3066 = CARTESIAN_POINT ( 'NONE',  ( 0.000000000000000000, 0.000000000000000000, 0.000000000000000000 ) ) ;
#3067 = CARTESIAN_POINT ( 'NONE',  ( -0.002923911681979795944, -0.005000000000000000104, -0.0001230853639015388849 ) ) ;
#3068 = VECTOR ( 'NONE', #4281, 1.000000000000000000 ) ;
#3069 = DIRECTION ( 'NONE',  ( 0.000000000000000000, 0.000000000000000000, -1.000000000000000000 ) ) ;
#3070 = EDGE_CURVE ( 'NONE', #2832, #3026, #291, .T. ) ;
#3071 = EDGE_CURVE ( 'NONE', #336, #3447, #3903, .T. ) ;
#3072 = AXIS2_PLACEMENT_3D ( 'NONE', #2776, #3472, #162 ) ;
#3073 = DIRECTION ( 'NONE',  ( 0.000000000000000000, 1.000000000000000000, 0.000000000000000000 ) ) ;
#3074 = EDGE_CURVE ( 'NONE', #2056, #2745, #1178, .T. ) ;
#3075 = FACE_OUTER_BOUND ( 'NONE', #3030, .T. ) ;
#3076 = DIRECTION ( 'NONE',  ( 0.000000000000000000, 0.000000000000000000, -1.000000000000000000 ) ) ;
#3077 = CARTESIAN_POINT ( 'NONE',  ( 0.0003839116819797988231, -0.005000000000000000104, -0.0001230853639015392102 ) ) ;
#3078 = AXIS2_PLACEMENT_3D ( 'NONE', #819, #147, #2831 ) ;
#3079 = CARTESIAN_POINT ( 'NONE',  ( 0.005499999999999997946, -0.002131780542604057391, -0.008000000000000000167 ) ) ;
#3080 = EDGE_LOOP ( 'NONE', ( #2273, #746, #801, #4030 ) ) ;
#3081 = COLOUR_RGB ( '',0.8509803921568627194, 0.8509803921568627194, 0.8509803921568627194 ) ;
#3082 = CARTESIAN_POINT ( 'NONE',  ( 0.0003905783405327235879, 0.002531462495388098113, -8.305905043707920133E-05 ) ) ;
#3083 = FACE_OUTER_BOUND ( 'NONE', #806, .T. ) ;
#3084 = ORIENTED_EDGE ( 'NONE', *, *, #3074, .T. ) ;
#3085 = CARTESIAN_POINT ( 'NONE',  ( 0.000000000000000000, 0.000000000000000000, -0.0001662922882494227705 ) ) ;
#3086 = VECTOR ( 'NONE', #802, 1.000000000000000000 ) ;
#3087 = DIRECTION ( 'NONE',  ( -0.000000000000000000, 1.000000000000000000, -0.000000000000000000 ) ) ;
#3088 = EDGE_LOOP ( 'NONE', ( #3375, #4138 ) ) ;
#3089 = CARTESIAN_POINT ( 'NONE',  ( 0.0005588000000000016565, 0.000000000000000000, 0.000000000000000000 ) ) ;
#3090 = DIRECTION ( 'NONE',  ( 0.000000000000000000, -1.000000000000000000, 0.000000000000000000 ) ) ;
#3091 = AXIS2_PLACEMENT_3D ( 'NONE', #2521, #3180, #3775 ) ;
#3092 = ORIENTED_EDGE ( 'NONE', *, *, #2281, .T. ) ;
#3093 = EDGE_CURVE ( 'NONE', #2427, #1791, #725, .T. ) ;
#3094 = DIRECTION ( 'NONE',  ( 0.000000000000000000, -1.000000000000000000, 1.741668937636762057E-16 ) ) ;
#3095 =( NAMED_UNIT ( * ) SI_UNIT ( $, .STERADIAN. ) SOLID_ANGLE_UNIT ( ) );
#3096 = DIRECTION ( 'NONE',  ( 0.000000000000000000, 1.734723475976807094E-16, 1.000000000000000000 ) ) ;
#3097 = EDGE_CURVE ( 'NONE', #661, #3367, #3726, .T. ) ;
#3098 = DIRECTION ( 'NONE',  ( 0.1001433879378215430, -0.9949730156402912806, -3.473929716760554209E-15 ) ) ;
#3099 = AXIS2_PLACEMENT_3D ( 'NONE', #2689, #2332, #2308 ) ;
#3100 = ORIENTED_EDGE ( 'NONE', *, *, #2079, .F. ) ;
#3101 = EDGE_LOOP ( 'NONE', ( #931, #2258, #1967 ) ) ;
#3102 = EDGE_CURVE ( 'NONE', #3732, #3906, #2693, .T. ) ;
#3103 = FILL_AREA_STYLE_COLOUR ( '', #3649 ) ;
#3104 = DIRECTION ( 'NONE',  ( 1.000000000000000000, 0.000000000000000000, 0.000000000000000000 ) ) ;
#3105 = EDGE_CURVE ( 'NONE', #4013, #613, #1310, .T. ) ;
#3106 = AXIS2_PLACEMENT_3D ( 'NONE', #1847, #1440, #784 ) ;
#3107 = STYLED_ITEM ( 'NONE', ( #1969 ), #2170 ) ;
#3108 = VERTEX_POINT ( 'NONE', #3360 ) ;
#3109 = DIRECTION ( 'NONE',  ( -0.1001433879378215430, 0.000000000000000000, -0.9949730156402912806 ) ) ;
#3110 =( LENGTH_UNIT ( ) NAMED_UNIT ( * ) SI_UNIT ( $, .METRE. ) );
#3111 = ORIENTED_EDGE ( 'NONE', *, *, #3660, .F. ) ;
#3112 = LINE ( 'NONE', #2495, #2117 ) ;
#3113 = FACE_OUTER_BOUND ( 'NONE', #3126, .T. ) ;
#3114 = VECTOR ( 'NONE', #13, 1.000000000000000000 ) ;
#3115 = DIRECTION ( 'NONE',  ( -1.000000000000000000, -0.000000000000000000, -0.000000000000000000 ) ) ;
#3116 = CYLINDRICAL_SURFACE ( 'NONE', #4229, 0.0001230853639015392102 ) ;
#3117 = CARTESIAN_POINT ( 'NONE',  ( -0.002156088318020198298, -0.004000000000000000083, -0.006988914636098460080 ) ) ;
#3118 = CARTESIAN_POINT ( 'NONE',  ( -0.002387600000000000139, 0.001378481502717147618, -0.0002132518306161850126 ) ) ;
#3119 = SURFACE_SIDE_STYLE ('',( #1140 ) ) ;
#3120 = UNCERTAINTY_MEASURE_WITH_UNIT (LENGTH_MEASURE( 1.000000000000000082E-05 ), #2287, 'distance_accuracy_value', 'NONE');
#3121 = PRESENTATION_LAYER_ASSIGNMENT (  '', '', ( #3525 ) ) ;
#3122 = ORIENTED_EDGE ( 'NONE', *, *, #3623, .T. ) ;
#3123 = CARTESIAN_POINT ( 'NONE',  ( 0.000000000000000000, 0.01146821945739594575, -0.008000999999999999432 ) ) ;
#3124 = SURFACE_SIDE_STYLE ('',( #1046 ) ) ;
#3125 = SURFACE_SIDE_STYLE ('',( #1777 ) ) ;
#3126 = EDGE_LOOP ( 'NONE', ( #2607, #3670, #503 ) ) ;
#3127 = CARTESIAN_POINT ( 'NONE',  ( 8.673617379884035472E-19, 0.005000000000000011380, 0.0001230853639015387223 ) ) ;
#3128 = EDGE_CURVE ( 'NONE', #3447, #2927, #3341, .T. ) ;
#3129 = CARTESIAN_POINT ( 'NONE',  ( 0.0003839116819797983894, -0.004999999999999999237, -0.006988914636098460080 ) ) ;
#3130 = CARTESIAN_POINT ( 'NONE',  ( -0.0003839116819797990399, -0.004000000000000000083, 0.0001230853639015392102 ) ) ;
#3131 = VERTEX_POINT ( 'NONE', #4003 ) ;
#3132 = PLANE ( 'NONE',  #575 ) ;
#3133 =( LENGTH_UNIT ( ) NAMED_UNIT ( * ) SI_UNIT ( $, .METRE. ) );
#3134 = LINE ( 'NONE', #4268, #1975 ) ;
#3135 = ADVANCED_FACE ( 'NONE', ( #704 ), #2668, .F. ) ;
#3136 =( GEOMETRIC_REPRESENTATION_CONTEXT ( 3 ) GLOBAL_UNCERTAINTY_ASSIGNED_CONTEXT ( ( #338 ) ) GLOBAL_UNIT_ASSIGNED_CONTEXT ( ( #2299, #298, #63 ) ) REPRESENTATION_CONTEXT ( 'NONE', 'WORKASPACE' ) );
#3137 = DIRECTION ( 'NONE',  ( -1.000000000000000000, -0.000000000000000000, -0.000000000000000000 ) ) ;
#3138 = ORIENTED_EDGE ( 'NONE', *, *, #459, .F. ) ;
#3139 = CARTESIAN_POINT ( 'NONE',  ( -0.0003839116819797988231, 0.000000000000000000, -0.0001230853639015392102 ) ) ;
#3140 = CARTESIAN_POINT ( 'NONE',  ( 0.006118192365805484589, 0.0002220920887661365453, 7.754303834316629719E-19 ) ) ;
#3141 = CARTESIAN_POINT ( 'NONE',  ( 0.002156088318020204370, 0.000000000000000000, 0.000000000000000000 ) ) ;
#3142 = FILL_AREA_STYLE_COLOUR ( '', #2275 ) ;
#3143 = VECTOR ( 'NONE', #1572, 1.000000000000000000 ) ;
#3144 = EDGE_CURVE ( 'NONE', #4165, #4217, #2400, .T. ) ;
#3145 = EDGE_LOOP ( 'NONE', ( #310, #1473 ) ) ;
#3146 = ORIENTED_EDGE ( 'NONE', *, *, #3854, .F. ) ;
#3147 = DIRECTION ( 'NONE',  ( -0.000000000000000000, -0.000000000000000000, 1.000000000000000000 ) ) ;
#3148 = AXIS2_PLACEMENT_3D ( 'NONE', #3140, #4116, #3454 ) ;
#3149 = APPLICATION_CONTEXT ( 'automotive_design' ) ;
#3150 = ORIENTED_EDGE ( 'NONE', *, *, #4262, .F. ) ;
#3151 = ADVANCED_FACE ( 'NONE', ( #1996 ), #2222, .T. ) ;
#3152 = APPLICATION_PROTOCOL_DEFINITION ( 'draft international standard', 'automotive_design', 1998, #2606 ) ;
#3153 = DIRECTION ( 'NONE',  ( -3.578640214712346672E-15, -1.000000000000000000, 0.000000000000000000 ) ) ;
#3154 = EDGE_CURVE ( 'NONE', #3582, #2612, #4168, .T. ) ;
#3155 = CARTESIAN_POINT ( 'NONE',  ( -0.0003839116819797990399, -0.004000000000000000083, -0.0001230853639015410533 ) ) ;
#3156 = ORIENTED_EDGE ( 'NONE', *, *, #248, .F. ) ;
#3157 = CARTESIAN_POINT ( 'NONE',  ( 0.001598793794327631494, 0.001833898977900539880, -2.042016366785979708E-05 ) ) ;
#3158 = FILL_AREA_STYLE ('',( #445 ) ) ;
#3159 = CARTESIAN_POINT ( 'NONE',  ( 0.004500000000000000527, 0.01778846306386022008, -0.008000000000000000167 ) ) ;
#3160 = EDGE_LOOP ( 'NONE', ( #1120, #3913 ) ) ;
#3161 = CARTESIAN_POINT ( 'NONE',  ( -0.002923911681979795944, -0.005000000000000000104, -0.0001230853639015388849 ) ) ;
#3162 = CARTESIAN_POINT ( 'NONE',  ( 0.000000000000000000, -0.0003937000000000059918, 0.001727199999999998615 ) ) ;
#3163 = EDGE_LOOP ( 'NONE', ( #2032, #1655 ) ) ;
#3164 = CARTESIAN_POINT ( 'NONE',  ( -0.02539999999999996427, 0.000000000000000000, 0.000000000000000000 ) ) ;
#3165 = AXIS2_PLACEMENT_3D ( 'NONE', #2096, #3463, #757 ) ;
#3166 = UNCERTAINTY_MEASURE_WITH_UNIT (LENGTH_MEASURE( 1.000000000000000082E-05 ), #1317, 'distance_accuracy_value', 'NONE');
#3167 = ORIENTED_EDGE ( 'NONE', *, *, #209, .T. ) ;
#3168 = CARTESIAN_POINT ( 'NONE',  ( -0.004500000000000002262, -0.002131780542604054789, -0.001000000000000000021 ) ) ;
#3169 = PLANE ( 'NONE',  #3236 ) ;
#3170 = STYLED_ITEM ( 'NONE', ( #2916 ), #1665 ) ;
#3171 = AXIS2_PLACEMENT_3D ( 'NONE', #2340, #3617, #3684 ) ;
#3172 = ORIENTED_EDGE ( 'NONE', *, *, #583, .T. ) ;
#3173 = VECTOR ( 'NONE', #2993, 1.000000000000000000 ) ;
#3174 = DIRECTION ( 'NONE',  ( 0.000000000000000000, 1.000000000000000000, 0.000000000000000000 ) ) ;
#3175 = ORIENTED_EDGE ( 'NONE', *, *, #3807, .T. ) ;
#3176 = CARTESIAN_POINT ( 'NONE',  ( -0.007499999999999998855, 0.01778846306386022355, -0.008000000000000000167 ) ) ;
#3177 = CARTESIAN_POINT ( 'NONE',  ( -0.004468399649801290535, 0.001134100007169953081, -0.002260600000000000630 ) ) ;
#3178 = DIRECTION ( 'NONE',  ( -0.3795786364963124049, -0.9251594774500233598, 0.000000000000000000 ) ) ;
#3179 = ORIENTED_EDGE ( 'NONE', *, *, #2217, .F. ) ;
#3180 = DIRECTION ( 'NONE',  ( -0.000000000000000000, -0.000000000000000000, 1.000000000000000000 ) ) ;
#3181 = LINE ( 'NONE', #472, #1941 ) ;
#3182 = VERTEX_POINT ( 'NONE', #4026 ) ;
#3183 = CIRCLE ( 'NONE', #713, 0.001257300000000000258 ) ;
#3184 = SURFACE_SIDE_STYLE ('',( #2879 ) ) ;
#3185 =( NAMED_UNIT ( * ) PLANE_ANGLE_UNIT ( ) SI_UNIT ( $, .RADIAN. ) );
#3186 = VECTOR ( 'NONE', #2328, 1.000000000000000000 ) ;
#3187 =( GEOMETRIC_REPRESENTATION_CONTEXT ( 3 ) GLOBAL_UNCERTAINTY_ASSIGNED_CONTEXT ( ( #2001 ) ) GLOBAL_UNIT_ASSIGNED_CONTEXT ( ( #3376, #216, #501 ) ) REPRESENTATION_CONTEXT ( 'NONE', 'WORKASPACE' ) );
#3188 = ORIENTED_EDGE ( 'NONE', *, *, #2121, .F. ) ;
#3189 = ORIENTED_EDGE ( 'NONE', *, *, #3977, .F. ) ;
#3190 = DIRECTION ( 'NONE',  ( 0.000000000000000000, 0.000000000000000000, -1.000000000000000000 ) ) ;
#3191 = CARTESIAN_POINT ( 'NONE',  ( 0.000000000000000000, 0.000000000000000000, -0.001676400000000001500 ) ) ;
#3192 = EDGE_CURVE ( 'NONE', #3298, #2269, #38, .T. ) ;
#3193 = DIRECTION ( 'NONE',  ( 0.6162393129646254186, -0.7875589559879860868, -2.168842090532359305E-16 ) ) ;
#3194 = VERTEX_POINT ( 'NONE', #3658 ) ;
#3195 =( BOUNDED_CURVE ( )  B_SPLINE_CURVE ( 3, ( #3402, #1422, #788, #3130 ),
 .UNSPECIFIED., .F., .F. ) 
 B_SPLINE_CURVE_WITH_KNOTS ( ( 4, 4 ),
 ( 4.712388980384692339, 7.853981633974480125 ),
 .UNSPECIFIED. ) 
 CURVE ( )  GEOMETRIC_REPRESENTATION_ITEM ( )  RATIONAL_B_SPLINE_CURVE ( ( 1.000000000000000000, 0.3333333333333351467, 0.3333333333333351467, 1.000000000000000000 ) ) 
 REPRESENTATION_ITEM ( '' )  );
#3196 = ADVANCED_FACE ( 'NONE', ( #57 ), #541, .T. ) ;
#3197 = SPHERICAL_SURFACE ( 'NONE', #4189, 0.006140545790324154068 ) ;
#3198 = COLOUR_RGB ( '',0.7764705882352941346, 0.7568627450980391913, 0.7372549019607843590 ) ;
#3199 = EDGE_LOOP ( 'NONE', ( #2125, #2327, #3497, #1590 ) ) ;
#3200 =( NAMED_UNIT ( * ) PLANE_ANGLE_UNIT ( ) SI_UNIT ( $, .RADIAN. ) );
#3201 = CARTESIAN_POINT ( 'NONE',  ( 0.0003839116819797983894, -0.004000000000000000083, 0.0001230853639015392102 ) ) ;
#3202 =( LENGTH_UNIT ( ) NAMED_UNIT ( * ) SI_UNIT ( $, .METRE. ) );
#3203 = EDGE_LOOP ( 'NONE', ( #3280, #3246, #1504, #3261 ) ) ;
#3204 = EDGE_CURVE ( 'NONE', #3656, #4285, #3405, .T. ) ;
#3205 =( LENGTH_UNIT ( ) NAMED_UNIT ( * ) SI_UNIT ( $, .METRE. ) );
#3206 = EDGE_CURVE ( 'NONE', #1352, #2163, #4302, .T. ) ;
#3207 = CARTESIAN_POINT ( 'NONE',  ( 0.004468399649801247167, 0.001134100007169921856, -0.002260600000000000630 ) ) ;
#3208 = EDGE_LOOP ( 'NONE', ( #1072, #4012, #2568, #1896, #3179 ) ) ;
#3209 = ORIENTED_EDGE ( 'NONE', *, *, #3378, .F. ) ;
#3210 = PLANE ( 'NONE',  #67 ) ;
#3211 = SURFACE_STYLE_FILL_AREA ( #1540 ) ;
#3212 = LINE ( 'NONE', #1541, #3785 ) ;
#3213 = VECTOR ( 'NONE', #732, 1.000000000000000000 ) ;
#3214 = AXIS2_PLACEMENT_3D ( 'NONE', #2377, #1034, #37 ) ;
#3215 = AXIS2_PLACEMENT_3D ( 'NONE', #3427, #3727, #726 ) ;
#3216 = ORIENTED_EDGE ( 'NONE', *, *, #3224, .T. ) ;
#3217 = CIRCLE ( 'NONE', #3894, 0.006136487434321650190 ) ;
#3218 = SURFACE_STYLE_USAGE ( .BOTH. , #919 ) ;
#3219 = FACE_OUTER_BOUND ( 'NONE', #1754, .T. ) ;
#3220 = LINE ( 'NONE', #4216, #1627 ) ;
#3221 = ORIENTED_EDGE ( 'NONE', *, *, #652, .F. ) ;
#3222 = CARTESIAN_POINT ( 'NONE',  ( -0.0003839116819797992568, -0.005000000000000000104, -0.006988914636098460080 ) ) ;
#3223 = FACE_BOUND ( 'NONE', #1886, .T. ) ;
#3224 = EDGE_CURVE ( 'NONE', #3757, #4165, #76, .T. ) ;
#3225 =( NAMED_UNIT ( * ) SI_UNIT ( $, .STERADIAN. ) SOLID_ANGLE_UNIT ( ) );
#3226 = ORIENTED_EDGE ( 'NONE', *, *, #3667, .T. ) ;
#3227 = AXIS2_PLACEMENT_3D ( 'NONE', #1349, #3050, #4048 ) ;
#3228 = DIRECTION ( 'NONE',  ( 0.000000000000000000, -0.000000000000000000, 1.000000000000000000 ) ) ;
#3229 = PLANE ( 'NONE',  #497 ) ;
#3230 = VECTOR ( 'NONE', #1767, 1.000000000000000000 ) ;
#3231 = ORIENTED_EDGE ( 'NONE', *, *, #849, .T. ) ;
#3232 = EDGE_CURVE ( 'NONE', #3182, #1866, #1406, .T. ) ;
#3233 = DIRECTION ( 'NONE',  ( 0.000000000000000000, 0.000000000000000000, 1.000000000000000000 ) ) ;
#3234 = CIRCLE ( 'NONE', #3171, 0.002387599999999999272 ) ;
#3235 = CARTESIAN_POINT ( 'NONE',  ( 0.001498599999999999238, 3.235026984627646975E-19, 0.002641599999999999157 ) ) ;
#3236 = AXIS2_PLACEMENT_3D ( 'NONE', #2486, #1823, #828 ) ;
#3237 = VECTOR ( 'NONE', #3385, 1.000000000000000000 ) ;
#3238 = DIRECTION ( 'NONE',  ( -1.000000000000000000, -0.000000000000000000, -0.000000000000000000 ) ) ;
#3239 = ORIENTED_EDGE ( 'NONE', *, *, #2437, .F. ) ;
#3240 = FACE_OUTER_BOUND ( 'NONE', #1500, .T. ) ;
#3241 = LINE ( 'NONE', #880, #393 ) ;
#3242 = LINE ( 'NONE', #1958, #3143 ) ;
#3243 = UNCERTAINTY_MEASURE_WITH_UNIT (LENGTH_MEASURE( 1.000000000000000082E-05 ), #2398, 'distance_accuracy_value', 'NONE');
#3244 = ORIENTED_EDGE ( 'NONE', *, *, #3307, .F. ) ;
#3245 = DIRECTION ( 'NONE',  ( 0.9949730156402910586, -7.105427357601001070E-15, 0.1001433879378217373 ) ) ;
#3246 = ORIENTED_EDGE ( 'NONE', *, *, #31, .T. ) ;
#3247 = SURFACE_STYLE_USAGE ( .BOTH. , #1908 ) ;
#3248 = CARTESIAN_POINT ( 'NONE',  ( 0.006140545790324154068, -1.301042606982605321E-18, 0.000000000000000000 ) ) ;
#3249 =( GEOMETRIC_REPRESENTATION_CONTEXT ( 3 ) GLOBAL_UNCERTAINTY_ASSIGNED_CONTEXT ( ( #2851 ) ) GLOBAL_UNIT_ASSIGNED_CONTEXT ( ( #389, #2764, #2076 ) ) REPRESENTATION_CONTEXT ( 'NONE', 'WORKASPACE' ) );
#3250 = VERTEX_POINT ( 'NONE', #2378 ) ;
#3251 = CARTESIAN_POINT ( 'NONE',  ( 0.008500000000000002345, -0.002131780542604053922, -0.001000000000000000021 ) ) ;
#3252 = DIRECTION ( 'NONE',  ( -1.000000000000000000, 0.000000000000000000, 0.000000000000000000 ) ) ;
#3253 = EDGE_CURVE ( 'NONE', #2955, #687, #1974, .T. ) ;
#3254 = AXIS2_PLACEMENT_3D ( 'NONE', #545, #3306, #3233 ) ;
#3255 =( LENGTH_UNIT ( ) NAMED_UNIT ( * ) SI_UNIT ( $, .METRE. ) );
#3256 = PRESENTATION_LAYER_ASSIGNMENT (  '', '', ( #2557 ) ) ;
#3257 = EDGE_LOOP ( 'NONE', ( #992, #1025, #3263 ) ) ;
#3258 = CARTESIAN_POINT ( 'NONE',  ( -0.002923911681979795944, -0.004999999999999999237, -0.006988914636098460080 ) ) ;
#3259 = LINE ( 'NONE', #3924, #1933 ) ;
#3260 = ADVANCED_FACE ( 'NONE', ( #3388 ), #1385, .F. ) ;
#3261 = ORIENTED_EDGE ( 'NONE', *, *, #3059, .T. ) ;
#3262 = DIRECTION ( 'NONE',  ( 0.000000000000000000, -1.000000000000000000, 0.000000000000000000 ) ) ;
#3263 = ORIENTED_EDGE ( 'NONE', *, *, #3821, .F. ) ;
#3264 = LINE ( 'NONE', #2988, #2618 ) ;
#3265 = EDGE_LOOP ( 'NONE', ( #3744, #188, #2628, #681 ) ) ;
#3266 = AXIS2_PLACEMENT_3D ( 'NONE', #1706, #2453, #3346 ) ;
#3267 = PRESENTATION_STYLE_ASSIGNMENT (( #1331 ) ) ;
#3268 = PLANE ( 'NONE',  #1074 ) ;
#3269 = EDGE_CURVE ( 'NONE', #2560, #4261, #1274, .T. ) ;
#3270 = FACE_OUTER_BOUND ( 'NONE', #1299, .T. ) ;
#3271 = EDGE_CURVE ( 'NONE', #2703, #539, #3511, .T. ) ;
#3272 = AXIS2_PLACEMENT_3D ( 'NONE', #230, #2623, #3922 ) ;
#3273 = APPLICATION_CONTEXT ( 'automotive_design' ) ;
#3274 = CARTESIAN_POINT ( 'NONE',  ( 0.001498599999999999238, 0.000000000000000000, 0.000000000000000000 ) ) ;
#3275 = EDGE_LOOP ( 'NONE', ( #3951, #3100, #253, #3935 ) ) ;
#3276 = CARTESIAN_POINT ( 'NONE',  ( -0.005500000000000001416, -0.002131780542604054356, -0.008000000000000000167 ) ) ;
#3277 = LINE ( 'NONE', #2228, #2010 ) ;
#3278 = DIRECTION ( 'NONE',  ( -0.000000000000000000, 1.000000000000000000, -1.741668937636762057E-16 ) ) ;
#3279 = ORIENTED_EDGE ( 'NONE', *, *, #325, .F. ) ;
#3280 = ORIENTED_EDGE ( 'NONE', *, *, #1069, .T. ) ;
#3281 = UNCERTAINTY_MEASURE_WITH_UNIT (LENGTH_MEASURE( 1.000000000000000082E-05 ), #4223, 'distance_accuracy_value', 'NONE');
#3282 = LINE ( 'NONE', #3518, #559 ) ;
#3283 = ORIENTED_EDGE ( 'NONE', *, *, #3715, .T. ) ;
#3284 = DIRECTION ( 'NONE',  ( -0.8660254037844377084, 0.5000000000000014433, 0.000000000000000000 ) ) ;
#3285 = DIRECTION ( 'NONE',  ( -0.9900210886840221658, -0.09964497970520969083, -0.09964497970521025982 ) ) ;
#3286 = ORIENTED_EDGE ( 'NONE', *, *, #3271, .F. ) ;
#3287 = DIRECTION ( 'NONE',  ( 0.000000000000000000, -1.000000000000000000, 0.000000000000000000 ) ) ;
#3288 = VECTOR ( 'NONE', #1020, 1.000000000000000000 ) ;
#3289 = CARTESIAN_POINT ( 'NONE',  ( 0.008500000000000002345, -0.002131780542604053922, -0.001000000000000000021 ) ) ;
#3290 =( NAMED_UNIT ( * ) SI_UNIT ( $, .STERADIAN. ) SOLID_ANGLE_UNIT ( ) );
#3291 = AXIS2_PLACEMENT_3D ( 'NONE', #3999, #1631, #2708 ) ;
#3292 = LINE ( 'NONE', #1694, #1494 ) ;
#3293 = EDGE_LOOP ( 'NONE', ( #4036, #577, #2189, #1797 ) ) ;
#3294 = CARTESIAN_POINT ( 'NONE',  ( -0.0003905783405327338336, -0.002531462495388100281, -8.305905043708155947E-05 ) ) ;
#3295 = LINE ( 'NONE', #292, #3068 ) ;
#3296 = VECTOR ( 'NONE', #2053, 1.000000000000000000 ) ;
#3297 = AXIS2_PLACEMENT_3D ( 'NONE', #894, #2595, #3917 ) ;
#3298 = VERTEX_POINT ( 'NONE', #1582 ) ;
#3299 = ORIENTED_EDGE ( 'NONE', *, *, #3721, .F. ) ;
#3300 = FACE_OUTER_BOUND ( 'NONE', #724, .T. ) ;
#3301 = VERTEX_POINT ( 'NONE', #3815 ) ;
#3302 = CARTESIAN_POINT ( 'NONE',  ( -0.005079999999999994242, 0.008889999999999998598, -0.002247900000000000592 ) ) ;
#3303 = ADVANCED_FACE ( 'NONE', ( #1913 ), #161, .F. ) ;
#3304 = ORIENTED_EDGE ( 'NONE', *, *, #884, .F. ) ;
#3305 = DIRECTION ( 'NONE',  ( 0.000000000000000000, 0.000000000000000000, -1.000000000000000000 ) ) ;
#3306 = DIRECTION ( 'NONE',  ( -1.000000000000000000, 0.000000000000000000, 0.000000000000000000 ) ) ;
#3307 = EDGE_CURVE ( 'NONE', #1452, #2188, #3471, .T. ) ;
#3308 = AXIS2_PLACEMENT_3D ( 'NONE', #811, #4107, #4152 ) ;
#3309 = CARTESIAN_POINT ( 'NONE',  ( -0.002923911681979795944, 0.000000000000000000, 0.0001230853639015388849 ) ) ;
#3310 = FILL_AREA_STYLE_COLOUR ( '', #2926 ) ;
#3311 = EDGE_CURVE ( 'NONE', #2566, #2225, #3112, .T. ) ;
#3312 = COLOUR_RGB ( '',0.8509803921568627194, 0.8509803921568627194, 0.8509803921568627194 ) ;
#3313 = DIRECTION ( 'NONE',  ( 0.6153341282808847401, 0.7882663956891755586, 0.000000000000000000 ) ) ;
#3314 = CARTESIAN_POINT ( 'NONE',  ( 0.0003839116819797983894, -0.004000000000000000083, -0.0001230853639015410533 ) ) ;
#3315 = ORIENTED_EDGE ( 'NONE', *, *, #339, .F. ) ;
#3316 = CARTESIAN_POINT ( 'NONE',  ( -0.002156088318020198298, -0.005000000000000000104, -0.006988914636098460080 ) ) ;
#3317 = CARTESIAN_POINT ( 'NONE',  ( 0.008500000000000002345, 0.01778846306386022008, -0.001000000000000000021 ) ) ;
#3318 = CARTESIAN_POINT ( 'NONE',  ( -0.008499999999999998876, 0.01778846306386022702, 0.006999999999999999278 ) ) ;
#3319 = ORIENTED_EDGE ( 'NONE', *, *, #1314, .F. ) ;
#3320 = ORIENTED_EDGE ( 'NONE', *, *, #3410, .F. ) ;
#3321 = ADVANCED_FACE ( 'NONE', ( #790, #1501 ), #464, .F. ) ;
#3322 = CARTESIAN_POINT ( 'NONE',  ( 0.004468399649801247167, 0.001134100007169921856, -0.002260600000000000630 ) ) ;
#3323 = VERTEX_POINT ( 'NONE', #100 ) ;
#3324 = ADVANCED_FACE ( 'NONE', ( #1832 ), #3132, .T. ) ;
#3325 = DIRECTION ( 'NONE',  ( 0.000000000000000000, 0.000000000000000000, 1.000000000000000000 ) ) ;
#3326 = DIRECTION ( 'NONE',  ( -0.8191520442889934639, 1.003171929053526719E-16, 0.5735764363510437169 ) ) ;
#3327 = ORIENTED_EDGE ( 'NONE', *, *, #3564, .F. ) ;
#3328 = LINE ( 'NONE', #914, #2402 ) ;
#3329 = CARTESIAN_POINT ( 'NONE',  ( -0.004499999999999998793, 0.01778846306386022355, -0.008000000000000000167 ) ) ;
#3330 = PRESENTATION_LAYER_ASSIGNMENT (  '', '', ( #1095 ) ) ;
#3331 = PRESENTATION_LAYER_ASSIGNMENT (  '', '', ( #1872 ) ) ;
#3332 = CARTESIAN_POINT ( 'NONE',  ( 0.006273800000000002985, 0.000000000000000000, 0.000000000000000000 ) ) ;
#3333 = PRESENTATION_LAYER_ASSIGNMENT (  '', '', ( #2576 ) ) ;
#3334 = AXIS2_PLACEMENT_3D ( 'NONE', #3045, #3387, #3610 ) ;
#3335 =( NAMED_UNIT ( * ) PLANE_ANGLE_UNIT ( ) SI_UNIT ( $, .RADIAN. ) );
#3336 = PRESENTATION_LAYER_ASSIGNMENT (  '', '', ( #3411 ) ) ;
#3337 = EDGE_LOOP ( 'NONE', ( #25, #2095, #75, #11 ) ) ;
#3338 = FILL_AREA_STYLE_COLOUR ( '', #4088 ) ;
#3339 = CARTESIAN_POINT ( 'NONE',  ( 0.000000000000000000, 0.000000000000000000, 0.000000000000000000 ) ) ;
#3340 = ORIENTED_EDGE ( 'NONE', *, *, #1398, .T. ) ;
#3341 = CIRCLE ( 'NONE', #1526, 0.0001230853639015392102 ) ;
#3342 = ORIENTED_EDGE ( 'NONE', *, *, #4296, .F. ) ;
#3343 = DIRECTION ( 'NONE',  ( -0.000000000000000000, -0.000000000000000000, 1.000000000000000000 ) ) ;
#3344 = ORIENTED_EDGE ( 'NONE', *, *, #1498, .T. ) ;
#3345 = CARTESIAN_POINT ( 'NONE',  ( 0.002387600000000000139, -0.001378481502717156075, -0.001676399999999999982 ) ) ;
#3346 = DIRECTION ( 'NONE',  ( 0.000000000000000000, 0.000000000000000000, 1.000000000000000000 ) ) ;
#3347 = CARTESIAN_POINT ( 'NONE',  ( -0.002387600000000000139, -0.001154282654248983079, -0.0001485311978586231535 ) ) ;
#3348 = ADVANCED_FACE ( 'NONE', ( #768 ), #2775, .T. ) ;
#3349 = ORIENTED_EDGE ( 'NONE', *, *, #3629, .F. ) ;
#3350 =( NAMED_UNIT ( * ) PLANE_ANGLE_UNIT ( ) SI_UNIT ( $, .RADIAN. ) );
#3351 = DIRECTION ( 'NONE',  ( 1.741668937636762057E-16, 1.000000000000000000, 0.000000000000000000 ) ) ;
#3352 = EDGE_CURVE ( 'NONE', #516, #221, #2046, .T. ) ;
#3353 = EDGE_CURVE ( 'NONE', #3367, #1798, #2108, .T. ) ;
#3354 = DIRECTION ( 'NONE',  ( -0.1001433879378215430, 0.9949730156402912806, 3.473929716760554604E-15 ) ) ;
#3355 = COLOUR_RGB ( '',0.7764705882352941346, 0.7568627450980391913, 0.7372549019607843590 ) ;
#3356 = VECTOR ( 'NONE', #731, 1.000000000000000000 ) ;
#3357 = DIRECTION ( 'NONE',  ( 0.000000000000000000, 1.376939512935616422E-16, -1.000000000000000000 ) ) ;
#3358 = ORIENTED_EDGE ( 'NONE', *, *, #1704, .T. ) ;
#3359 = SURFACE_STYLE_USAGE ( .BOTH. , #2731 ) ;
#3360 = CARTESIAN_POINT ( 'NONE',  ( 0.0003839116819797983894, -0.004999999999999999237, -0.0001230853639015410533 ) ) ;
#3361 = FILL_AREA_STYLE ('',( #1059 ) ) ;
#3362 = ADVANCED_BREP_SHAPE_REPRESENTATION ( '', ( #2846, #3072 ), #602 ) ;
#3363 = AXIS2_PLACEMENT_3D ( 'NONE', #1101, #1077, #73 ) ;
#3364 = ORIENTED_EDGE ( 'NONE', *, *, #2153, .F. ) ;
#3365 = CIRCLE ( 'NONE', #2031, 0.001257300000000000258 ) ;
#3366 = PLANE ( 'NONE',  #2390 ) ;
#3367 = VERTEX_POINT ( 'NONE', #2795 ) ;
#3368 = SURFACE_STYLE_USAGE ( .BOTH. , #1063 ) ;
#3369 = COLOUR_RGB ( '',0.7764705882352941346, 0.7568627450980391913, 0.7372549019607843590 ) ;
#3370 = CARTESIAN_POINT ( 'NONE',  ( -0.004499999999999998793, 0.01778846306386022355, -0.008000000000000000167 ) ) ;
#3371 = DIRECTION ( 'NONE',  ( 1.000000000000000000, 0.000000000000000000, 0.000000000000000000 ) ) ;
#3372 = COLOUR_RGB ( '',0.7764705882352941346, 0.7568627450980391913, 0.7372549019607843590 ) ;
#3373 = CIRCLE ( 'NONE', #2680, 0.006140545790324154068 ) ;
#3374 = ORIENTED_EDGE ( 'NONE', *, *, #4115, .F. ) ;
#3375 = ORIENTED_EDGE ( 'NONE', *, *, #4027, .T. ) ;
#3376 =( LENGTH_UNIT ( ) NAMED_UNIT ( * ) SI_UNIT ( $, .METRE. ) );
#3377 = PLANE ( 'NONE',  #2267 ) ;
#3378 = EDGE_CURVE ( 'NONE', #99, #1237, #2572, .T. ) ;
#3379 = PRODUCT_CONTEXT ( 'NONE', #3273, 'mechanical' ) ;
#3380 = COLOUR_RGB ( '',0.7764705882352941346, 0.7568627450980391913, 0.7372549019607843590 ) ;
#3381 = COLOUR_RGB ( '',0.7764705882352941346, 0.7568627450980391913, 0.7372549019607843590 ) ;
#3382 = ADVANCED_FACE ( 'NONE', ( #3837 ), #2131, .F. ) ;
#3383 = CIRCLE ( 'NONE', #3867, 0.006136487434321650190 ) ;
#3384 = SURFACE_STYLE_FILL_AREA ( #700 ) ;
#3385 = DIRECTION ( 'NONE',  ( -0.000000000000000000, 1.000000000000000000, -0.000000000000000000 ) ) ;
#3386 = ORIENTED_EDGE ( 'NONE', *, *, #749, .T. ) ;
#3387 = DIRECTION ( 'NONE',  ( 0.000000000000000000, -1.000000000000000000, 0.000000000000000000 ) ) ;
#3388 = FACE_OUTER_BOUND ( 'NONE', #3265, .T. ) ;
#3389 = DIRECTION ( 'NONE',  ( 1.000000000000000000, 0.000000000000000000, 0.000000000000000000 ) ) ;
#3390 = LINE ( 'NONE', #295, #3027 ) ;
#3391 = CARTESIAN_POINT ( 'NONE',  ( 0.007499999999999998855, 0.000000000000000000, -0.001000000000000000021 ) ) ;
#3392 = ORIENTED_EDGE ( 'NONE', *, *, #350, .F. ) ;
#3393 = DIRECTION ( 'NONE',  ( 0.000000000000000000, -0.000000000000000000, -1.000000000000000000 ) ) ;
#3394 = CARTESIAN_POINT ( 'NONE',  ( 0.004646921033399658077, -0.001908864834575705986, -2.628391415580597020E-19 ) ) ;
#3395 = DIRECTION ( 'NONE',  ( -0.8660254037844377084, 0.5000000000000014433, 0.000000000000000000 ) ) ;
#3396 = AXIS2_PLACEMENT_3D ( 'NONE', #3645, #45, #1002 ) ;
#3397 = AXIS2_PLACEMENT_3D ( 'NONE', #415, #1382, #1810 ) ;
#3398 = FACE_OUTER_BOUND ( 'NONE', #1936, .T. ) ;
#3399 = ORIENTED_EDGE ( 'NONE', *, *, #3537, .F. ) ;
#3400 = EDGE_CURVE ( 'NONE', #2651, #3679, #2823, .T. ) ;
#3401 = EDGE_CURVE ( 'NONE', #498, #1237, #3489, .T. ) ;
#3402 = CARTESIAN_POINT ( 'NONE',  ( -0.0003839116819797990399, -0.004000000000000000083, -0.0001230853639015410533 ) ) ;
#3403 = CARTESIAN_POINT ( 'NONE',  ( -0.0003839116819797988231, -0.005000000000000000104, -0.0001230853639015392102 ) ) ;
#3404 = ORIENTED_EDGE ( 'NONE', *, *, #655, .T. ) ;
#3405 = LINE ( 'NONE', #398, #2433 ) ;
#3406 = COLOUR_RGB ( '',0.7764705882352941346, 0.7568627450980391913, 0.7372549019607843590 ) ;
#3407 = PLANE ( 'NONE',  #1731 ) ;
#3408 = ORIENTED_EDGE ( 'NONE', *, *, #1498, .F. ) ;
#3409 = AXIS2_PLACEMENT_3D ( 'NONE', #1995, #4025, #3984 ) ;
#3410 = EDGE_CURVE ( 'NONE', #2745, #4034, #4234, .T. ) ;
#3411 = STYLED_ITEM ( 'NONE', ( #1013 ), #4192 ) ;
#3412 = DIRECTION ( 'NONE',  ( -0.000000000000000000, -0.000000000000000000, 1.000000000000000000 ) ) ;
#3413 = CARTESIAN_POINT ( 'NONE',  ( -0.001257299999999999824, 1.539748420567966976E-19, -0.001676400000000001500 ) ) ;
#3414 = DIRECTION ( 'NONE',  ( -1.000000000000000000, -0.000000000000000000, -0.000000000000000000 ) ) ;
#3415 = EDGE_CURVE ( 'NONE', #2470, #1538, #747, .T. ) ;
#3416 = CARTESIAN_POINT ( 'NONE',  ( -0.001193800000000003539, 0.002067722254075724138, 0.000000000000000000 ) ) ;
#3417 = FILL_AREA_STYLE_COLOUR ( '', #4146 ) ;
#3418 =( REPRESENTATION_RELATIONSHIP ('NONE','NONE', #50, #3927 ) REPRESENTATION_RELATIONSHIP_WITH_TRANSFORMATION ( #3850 )SHAPE_REPRESENTATION_RELATIONSHIP( ) );
#3419 = ORIENTED_EDGE ( 'NONE', *, *, #1339, .T. ) ;
#3420 = CARTESIAN_POINT ( 'NONE',  ( 1.517883041479706208E-18, 0.002756963005434303910, -0.0002132518306161850126 ) ) ;
#3421 = ORIENTED_EDGE ( 'NONE', *, *, #3834, .T. ) ;
#3422 = CARTESIAN_POINT ( 'NONE',  ( 0.000000000000000000, 0.000000000000000000, 0.000000000000000000 ) ) ;
#3423 = CARTESIAN_POINT ( 'NONE',  ( 0.0001948021499058265446, -0.002644493931747465571, -0.0001483177806468003455 ) ) ;
#3424 = CARTESIAN_POINT ( 'NONE',  ( 0.001955799999999999726, -0.0001968500000000001499, 0.0001968499999999999872 ) ) ;
#3425 = VERTEX_POINT ( 'NONE', #2973 ) ;
#3426 = DIRECTION ( 'NONE',  ( 1.000000000000000000, 0.000000000000000000, 0.000000000000000000 ) ) ;
#3427 = CARTESIAN_POINT ( 'NONE',  ( 0.006118192365805484589, -1.301042606982605321E-18, -0.0002220920887661365453 ) ) ;
#3428 = SURFACE_STYLE_USAGE ( .BOTH. , #750 ) ;
#3429 =( NAMED_UNIT ( * ) SI_UNIT ( $, .STERADIAN. ) SOLID_ANGLE_UNIT ( ) );
#3430 = FACE_OUTER_BOUND ( 'NONE', #2169, .T. ) ;
#3431 = AXIS2_PLACEMENT_3D ( 'NONE', #4006, #2319, #3073 ) ;
#3432 = EDGE_CURVE ( 'NONE', #498, #4246, #2947, .T. ) ;
#3433 = AXIS2_PLACEMENT_3D ( 'NONE', #3737, #3109, #723 ) ;
#3434 = VERTEX_POINT ( 'NONE', #1004 ) ;
#3435 = ORIENTED_EDGE ( 'NONE', *, *, #2227, .T. ) ;
#3436 = LINE ( 'NONE', #2883, #1606 ) ;
#3437 = CARTESIAN_POINT ( 'NONE',  ( -0.004500000000000002262, -0.002131780542604054789, -0.008000000000000000167 ) ) ;
#3438 = CARTESIAN_POINT ( 'NONE',  ( -0.001257299999999999824, 1.539748420567966976E-19, -0.02503750572909317282 ) ) ;
#3439 = VECTOR ( 'NONE', #3887, 1.000000000000000000 ) ;
#3440 = ORIENTED_EDGE ( 'NONE', *, *, #3401, .F. ) ;
#3441 = SHAPE_DEFINITION_REPRESENTATION ( #741, #3927 ) ;
#3442 = ADVANCED_FACE ( 'NONE', ( #2346 ), #1252, .F. ) ;
#3443 =( NAMED_UNIT ( * ) PLANE_ANGLE_UNIT ( ) SI_UNIT ( $, .RADIAN. ) );
#3444 = B_SPLINE_CURVE_WITH_KNOTS ( 'NONE', 3,
 ( #2677, #3011, #1327, #599, #3992, #1307 ),
 .UNSPECIFIED., .F., .F.,
 ( 4, 2, 4 ),
 ( 0.002459392154511691551, 0.003156658456219155889, 0.003853924757926620228 ),
 .UNSPECIFIED. ) ;
#3445 = LINE ( 'NONE', #4082, #3032 ) ;
#3446 = SURFACE_STYLE_FILL_AREA ( #1078 ) ;
#3447 = VERTEX_POINT ( 'NONE', #983 ) ;
#3448 = DIRECTION ( 'NONE',  ( 0.000000000000000000, 0.000000000000000000, 1.000000000000000000 ) ) ;
#3449 = DIRECTION ( 'NONE',  ( 0.000000000000000000, -1.000000000000000000, 1.741668937636762057E-16 ) ) ;
#3450 = MECHANICAL_DESIGN_GEOMETRIC_PRESENTATION_REPRESENTATION (  '', ( #95 ), #3187 ) ;
#3451 = FILL_AREA_STYLE ('',( #4111 ) ) ;
#3452 = ORIENTED_EDGE ( 'NONE', *, *, #88, .T. ) ;
#3453 = CARTESIAN_POINT ( 'NONE',  ( -0.003499999999999999639, -0.002131780542604055223, -0.001000000000000000021 ) ) ;
#3454 = DIRECTION ( 'NONE',  ( -0.9949730156402910586, -0.1001433879378215153, 0.000000000000000000 ) ) ;
#3455 = DIRECTION ( 'NONE',  ( 0.000000000000000000, -0.000000000000000000, 1.000000000000000000 ) ) ;
#3456 = CARTESIAN_POINT ( 'NONE',  ( -0.005079999999999994242, 0.000000000000000000, -0.002247900000000000592 ) ) ;
#3457 = UNCERTAINTY_MEASURE_WITH_UNIT (LENGTH_MEASURE( 1.000000000000000082E-05 ), #3618, 'distance_accuracy_value', 'NONE');
#3458 = ADVANCED_FACE ( 'NONE', ( #1625 ), #1603, .T. ) ;
#3459 = VECTOR ( 'NONE', #3625, 1.000000000000000000 ) ;
#3460 = EDGE_CURVE ( 'NONE', #2383, #2849, #3328, .T. ) ;
#3461 = EDGE_LOOP ( 'NONE', ( #1255, #1552, #3304, #133 ) ) ;
#3462 = ORIENTED_EDGE ( 'NONE', *, *, #3192, .T. ) ;
#3463 = DIRECTION ( 'NONE',  ( -1.000000000000000000, -0.000000000000000000, -0.000000000000000000 ) ) ;
#3464 = SURFACE_STYLE_USAGE ( .BOTH. , #3124 ) ;
#3465 = DIRECTION ( 'NONE',  ( -0.000000000000000000, 0.000000000000000000, 1.000000000000000000 ) ) ;
#3466 = COLOUR_RGB ( '',0.7764705882352941346, 0.7568627450980391913, 0.7372549019607843590 ) ;
#3467 = VERTEX_POINT ( 'NONE', #3936 ) ;
#3468 = DIRECTION ( 'NONE',  ( 1.000000000000000000, 0.000000000000000000, 0.000000000000000000 ) ) ;
#3469 = DIRECTION ( 'NONE',  ( -1.000000000000000000, 0.000000000000000000, 0.000000000000000000 ) ) ;
#3470 = ORIENTED_EDGE ( 'NONE', *, *, #246, .F. ) ;
#3471 = LINE ( 'NONE', #3768, #1066 ) ;
#3472 = DIRECTION ( 'NONE',  ( 0.000000000000000000, 0.000000000000000000, 1.000000000000000000 ) ) ;
#3473 = CIRCLE ( 'NONE', #1588, 0.001904999999999999792 ) ;
#3474 = ORIENTED_EDGE ( 'NONE', *, *, #583, .F. ) ;
#3475 = FACE_BOUND ( 'NONE', #454, .T. ) ;
#3476 = DIRECTION ( 'NONE',  ( 1.000000000000000000, -2.040851148208008245E-16, -0.000000000000000000 ) ) ;
#3477 = VECTOR ( 'NONE', #3278, 1.000000000000000000 ) ;
#3478 = VECTOR ( 'NONE', #771, 1.000000000000000000 ) ;
#3479 = ORIENTED_EDGE ( 'NONE', *, *, #2177, .F. ) ;
#3480 = ORIENTED_EDGE ( 'NONE', *, *, #1827, .T. ) ;
#3481 = CARTESIAN_POINT ( 'NONE',  ( 0.008500000000000002345, 0.01778846306386022008, -0.001000000000000000021 ) ) ;
#3482 = COLOUR_RGB ( '',0.8980392156862745390, 0.9176470588235293713, 0.9294117647058823817 ) ;
#3483 = PRODUCT_DEFINITION_SHAPE ( 'NONE', 'NONE',  #4307 ) ;
#3484 = SURFACE_SIDE_STYLE ('',( #3211 ) ) ;
#3485 = EDGE_LOOP ( 'NONE', ( #3479, #3944, #3539, #481, #384, #1165 ) ) ;
#3486 = PLANE ( 'NONE',  #1006 ) ;
#3487 = CARTESIAN_POINT ( 'NONE',  ( -0.0009911704529956808819, 0.002184710477584441042, 1.789568859311522656E-18 ) ) ;
#3488 = ORIENTED_EDGE ( 'NONE', *, *, #2506, .F. ) ;
#3489 = LINE ( 'NONE', #242, #2836 ) ;
#3490 = CARTESIAN_POINT ( 'NONE',  ( -0.004279999999999993879, 0.001299999999999999940, 0.002147900000000000763 ) ) ;
#3491 = VERTEX_POINT ( 'NONE', #2302 ) ;
#3492 = DIRECTION ( 'NONE',  ( 1.000000000000000000, 0.000000000000000000, -0.000000000000000000 ) ) ;
#3493 = PRESENTATION_STYLE_ASSIGNMENT (( #2158 ) ) ;
#3494 = DIRECTION ( 'NONE',  ( 1.000000000000000000, 0.000000000000000000, 0.000000000000000000 ) ) ;
#3495 = AXIS2_PLACEMENT_3D ( 'NONE', #598, #2254, #1284 ) ;
#3496 = ORIENTED_EDGE ( 'NONE', *, *, #2962, .F. ) ;
#3497 = ORIENTED_EDGE ( 'NONE', *, *, #3059, .F. ) ;
#3498 = CARTESIAN_POINT ( 'NONE',  ( -0.004500000000000002262, 0.01778846306386022355, -0.001000000000000000021 ) ) ;
#3499 = FILL_AREA_STYLE_COLOUR ( '', #508 ) ;
#3500 = CARTESIAN_POINT ( 'NONE',  ( -0.002923911681979795944, -0.005000000000000000104, 0.0001230853639015388849 ) ) ;
#3501 = EDGE_CURVE ( 'NONE', #3595, #817, #938, .T. ) ;
#3502 = PRESENTATION_LAYER_ASSIGNMENT (  '', '', ( #495 ) ) ;
#3503 = STYLED_ITEM ( 'NONE', ( #422 ), #1643 ) ;
#3504 = EDGE_LOOP ( 'NONE', ( #2253, #136, #2539, #3408 ) ) ;
#3505 = VECTOR ( 'NONE', #2989, 1.000000000000000000 ) ;
#3506 = FACE_OUTER_BOUND ( 'NONE', #1229, .T. ) ;
#3507 = ADVANCED_FACE ( 'NONE', ( #323 ), #627, .T. ) ;
#3508 = FILL_AREA_STYLE ('',( #2870 ) ) ;
#3509 = EDGE_CURVE ( 'NONE', #890, #99, #2410, .T. ) ;
#3510 = ORIENTED_EDGE ( 'NONE', *, *, #2304, .F. ) ;
#3511 = LINE ( 'NONE', #1475, #3996 ) ;
#3512 =( NAMED_UNIT ( * ) SI_UNIT ( $, .STERADIAN. ) SOLID_ANGLE_UNIT ( ) );
#3513 = ORIENTED_EDGE ( 'NONE', *, *, #3400, .F. ) ;
#3514 = CARTESIAN_POINT ( 'NONE',  ( 0.001498599999999999238, 0.000000000000000000, -0.002641599999999999157 ) ) ;
#3515 = FACE_OUTER_BOUND ( 'NONE', #887, .T. ) ;
#3516 = CYLINDRICAL_SURFACE ( 'NONE', #1997, 0.001257300000000000258 ) ;
#3517 = AXIS2_PLACEMENT_3D ( 'NONE', #659, #312, #3002 ) ;
#3518 = CARTESIAN_POINT ( 'NONE',  ( 0.0003839116819797983894, -0.005000000000000000104, 0.000000000000000000 ) ) ;
#3519 = CIRCLE ( 'NONE', #3934, 0.001041400000000000051 ) ;
#3520 = ORIENTED_EDGE ( 'NONE', *, *, #3692, .F. ) ;
#3521 = ORIENTED_EDGE ( 'NONE', *, *, #1973, .T. ) ;
#3522 = LINE ( 'NONE', #2140, #410 ) ;
#3523 = CARTESIAN_POINT ( 'NONE',  ( 0.002387600000000000139, 0.001378481502717147835, -0.001676399999999999982 ) ) ;
#3524 = CARTESIAN_POINT ( 'NONE',  ( -0.001598793794327635614, -0.001833898977900545518, -2.042016366786389333E-05 ) ) ;
#3525 = STYLED_ITEM ( 'NONE', ( #4293 ), #722 ) ;
#3526 = ORIENTED_EDGE ( 'NONE', *, *, #1984, .T. ) ;
#3527 =( LENGTH_UNIT ( ) NAMED_UNIT ( * ) SI_UNIT ( $, .METRE. ) );
#3528 = ADVANCED_FACE ( 'NONE', ( #3691 ), #1416, .F. ) ;
#3529 = ADVANCED_FACE ( 'NONE', ( #1116 ), #2431, .F. ) ;
#3530 = CARTESIAN_POINT ( 'NONE',  ( 0.001019809999999999901, 0.000000000000000000, -0.0001662922882494227705 ) ) ;
#3531 = DIRECTION ( 'NONE',  ( 0.000000000000000000, -0.000000000000000000, 1.000000000000000000 ) ) ;
#3532 = VERTEX_POINT ( 'NONE', #2033 ) ;
#3533 = SURFACE_STYLE_FILL_AREA ( #1879 ) ;
#3534 = SURFACE_SIDE_STYLE ('',( #3799 ) ) ;
#3535 = ADVANCED_FACE ( 'NONE', ( #2411 ), #27, .F. ) ;
#3536 = UNCERTAINTY_MEASURE_WITH_UNIT (LENGTH_MEASURE( 1.000000000000000082E-05 ), #821, 'distance_accuracy_value', 'NONE');
#3537 = EDGE_CURVE ( 'NONE', #2754, #2279, #1439, .T. ) ;
#3538 = ORIENTED_EDGE ( 'NONE', *, *, #4290, .F. ) ;
#3539 = ORIENTED_EDGE ( 'NONE', *, *, #3432, .T. ) ;
#3540 = DIRECTION ( 'NONE',  ( 1.000000000000000000, 0.000000000000000000, 0.000000000000000000 ) ) ;
#3541 = AXIS2_PLACEMENT_3D ( 'NONE', #2857, #2160, #3494 ) ;
#3542 = MECHANICAL_DESIGN_GEOMETRIC_PRESENTATION_REPRESENTATION (  '', ( #2933 ), #676 ) ;
#3543 = ORIENTED_EDGE ( 'NONE', *, *, #1756, .F. ) ;
#3544 = CARTESIAN_POINT ( 'NONE',  ( 0.002156088318020198298, -0.005000000000000000104, 0.0001230853639015392102 ) ) ;
#3545 = VECTOR ( 'NONE', #1012, 1.000000000000000000 ) ;
#3546 = CARTESIAN_POINT ( 'NONE',  ( -0.002156088318020198298, -0.004000000000000000083, -0.0001230853639015401860 ) ) ;
#3547 =( LENGTH_UNIT ( ) NAMED_UNIT ( * ) SI_UNIT ( $, .METRE. ) );
#3548 = DIRECTION ( 'NONE',  ( 1.000000000000000000, -2.040851148208008245E-16, -0.000000000000000000 ) ) ;
#3549 = ORIENTED_EDGE ( 'NONE', *, *, #1772, .T. ) ;
#3550 = PLANE ( 'NONE',  #392 ) ;
#3551 = DIRECTION ( 'NONE',  ( 4.097771990496395419E-15, 1.000000000000000000, 0.000000000000000000 ) ) ;
#3552 = CARTESIAN_POINT ( 'NONE',  ( 0.002207375933609957708, 0.000000000000000000, 0.0001715290456431535265 ) ) ;
#3553 = PLANE ( 'NONE',  #4211 ) ;
#3554 = EDGE_LOOP ( 'NONE', ( #1283, #255, #3600, #1296 ) ) ;
#3555 = CYLINDRICAL_SURFACE ( 'NONE', #760, 0.0001230853639015392102 ) ;
#3556 = STYLED_ITEM ( 'NONE', ( #43 ), #2480 ) ;
#3557 = DIRECTION ( 'NONE',  ( -0.000000000000000000, -0.000000000000000000, 1.000000000000000000 ) ) ;
#3558 = CARTESIAN_POINT ( 'NONE',  ( -0.001909917590217120528, -0.003400000000000000678, -0.0001230853639015388578 ) ) ;
#3559 = ADVANCED_FACE ( 'NONE', ( #758 ), #2054, .T. ) ;
#3560 = VECTOR ( 'NONE', #267, 1.000000000000000000 ) ;
#3561 = ORIENTED_EDGE ( 'NONE', *, *, #2556, .F. ) ;
#3562 = DIRECTION ( 'NONE',  ( 3.493982747153251778E-15, 1.000000000000000000, 0.000000000000000000 ) ) ;
#3563 = PRESENTATION_LAYER_ASSIGNMENT (  '', '', ( #244 ) ) ;
#3564 = EDGE_CURVE ( 'NONE', #2710, #2859, #92, .T. ) ;
#3565 = CARTESIAN_POINT ( 'NONE',  ( 0.006140545790324154068, -1.301042606982605321E-18, 0.000000000000000000 ) ) ;
#3566 = VECTOR ( 'NONE', #3326, 1.000000000000000000 ) ;
#3567 = AXIS2_PLACEMENT_3D ( 'NONE', #1125, #1153, #2821 ) ;
#3568 =( NAMED_UNIT ( * ) PLANE_ANGLE_UNIT ( ) SI_UNIT ( $, .RADIAN. ) );
#3569 = SURFACE_STYLE_USAGE ( .BOTH. , #3920 ) ;
#3570 = ORIENTED_EDGE ( 'NONE', *, *, #934, .F. ) ;
#3571 = PRESENTATION_STYLE_ASSIGNMENT (( #2265 ) ) ;
#3572 = CARTESIAN_POINT ( 'NONE',  ( 2.310996612948091028E-19, 0.002756963005434303476, -0.001676399999999999982 ) ) ;
#3573 = ORIENTED_EDGE ( 'NONE', *, *, #2824, .F. ) ;
#3574 = VECTOR ( 'NONE', #2647, 1.000000000000000000 ) ;
#3575 = ORIENTED_EDGE ( 'NONE', *, *, #4169, .F. ) ;
#3576 =( NAMED_UNIT ( * ) SI_UNIT ( $, .STERADIAN. ) SOLID_ANGLE_UNIT ( ) );
#3577 = CARTESIAN_POINT ( 'NONE',  ( -0.002387600000000000139, 0.000000000000000000, 0.000000000000000000 ) ) ;
#3578 = DIRECTION ( 'NONE',  ( 1.000000000000000000, 0.000000000000000000, 0.000000000000000000 ) ) ;
#3579 = EDGE_CURVE ( 'NONE', #1330, #4148, #1710, .T. ) ;
#3580 = VECTOR ( 'NONE', #3759, 1.000000000000000000 ) ;
#3581 = ADVANCED_FACE ( 'NONE', ( #2704 ), #1093, .F. ) ;
#3582 = VERTEX_POINT ( 'NONE', #2235 ) ;
#3583 = CARTESIAN_POINT ( 'NONE',  ( -0.002923911681979795944, -0.005000000000000000104, 0.0001230853639015388849 ) ) ;
#3584 = FILL_AREA_STYLE ('',( #2551 ) ) ;
#3585 = VECTOR ( 'NONE', #1028, 1.000000000000000000 ) ;
#3586 =( LENGTH_UNIT ( ) NAMED_UNIT ( * ) SI_UNIT ( $, .METRE. ) );
#3587 = MECHANICAL_DESIGN_GEOMETRIC_PRESENTATION_REPRESENTATION (  '', ( #3054 ), #40 ) ;
#3588 = CARTESIAN_POINT ( 'NONE',  ( 0.0006300824097828785445, -0.003399999999999992872, 0.0001230853639015401318 ) ) ;
#3589 = CARTESIAN_POINT ( 'NONE',  ( 0.000000000000000000, 0.000000000000000000, -0.002260600000000000630 ) ) ;
#3590 = ORIENTED_EDGE ( 'NONE', *, *, #3831, .T. ) ;
#3591 = DIRECTION ( 'NONE',  ( 0.9949730156402910586, -0.1001433879378217373, -7.105427357601001070E-15 ) ) ;
#3592 = CARTESIAN_POINT ( 'NONE',  ( -0.001041400000000000051, 1.275347176632053584E-19, -0.0001511748074994751227 ) ) ;
#3593 = ORIENTED_EDGE ( 'NONE', *, *, #988, .T. ) ;
#3594 = ORIENTED_EDGE ( 'NONE', *, *, #3460, .T. ) ;
#3595 = VERTEX_POINT ( 'NONE', #1561 ) ;
#3596 = PLANE ( 'NONE',  #3495 ) ;
#3597 = CARTESIAN_POINT ( 'NONE',  ( 0.005500000000000001416, 0.01778846306386022008, -0.008000000000000000167 ) ) ;
#3598 = CARTESIAN_POINT ( 'NONE',  ( -0.001396429547004328364, -0.001950734030567012221, -2.527122798133204291E-18 ) ) ;
#3599 = CARTESIAN_POINT ( 'NONE',  ( 0.000000000000000000, -0.002756963005434312150, -0.001676399999999999982 ) ) ;
#3600 = ORIENTED_EDGE ( 'NONE', *, *, #1584, .F. ) ;
#3601 = PRESENTATION_LAYER_ASSIGNMENT (  '', '', ( #1172 ) ) ;
#3602 = LINE ( 'NONE', #606, #3998 ) ;
#3603 = AXIS2_PLACEMENT_3D ( 'NONE', #3552, #591, #2601 ) ;
#3604 = CARTESIAN_POINT ( 'NONE',  ( -0.0003839116819797988231, 0.000000000000000000, 0.000000000000000000 ) ) ;
#3605 = VECTOR ( 'NONE', #1080, 1.000000000000000000 ) ;
#3606 = CARTESIAN_POINT ( 'NONE',  ( -0.002156088318020198298, -0.000000000000000000, 0.0001230853639015388849 ) ) ;
#3607 = VECTOR ( 'NONE', #1723, 1.000000000000000000 ) ;
#3608 = SURFACE_STYLE_FILL_AREA ( #2333 ) ;
#3609 = ORIENTED_EDGE ( 'NONE', *, *, #3821, .T. ) ;
#3610 = DIRECTION ( 'NONE',  ( 0.000000000000000000, -0.000000000000000000, -1.000000000000000000 ) ) ;
#3611 = CARTESIAN_POINT ( 'NONE',  ( -0.004468399649801290535, 0.000000000000000000, -0.002247900000000000592 ) ) ;
#3612 = ORIENTED_EDGE ( 'NONE', *, *, #1290, .F. ) ;
#3613 = EDGE_LOOP ( 'NONE', ( #1881, #3735, #208, #1219, #1188, #2691, #2342, #3364 ) ) ;
#3614 = PRODUCT_DEFINITION_CONTEXT ( 'detailed design', #1547, 'design' ) ;
#3615 = EDGE_CURVE ( 'NONE', #1010, #3906, #2975, .T. ) ;
#3616 =( BOUNDED_CURVE ( )  B_SPLINE_CURVE ( 3, ( #3972, #3644, #624, #238 ),
 .UNSPECIFIED., .F., .F. ) 
 B_SPLINE_CURVE_WITH_KNOTS ( ( 4, 4 ),
 ( 4.712388980384738524, 7.853981633974433940 ),
 .UNSPECIFIED. ) 
 CURVE ( )  GEOMETRIC_REPRESENTATION_ITEM ( )  RATIONAL_B_SPLINE_CURVE ( ( 1.000000000000000000, 0.3333333333333659554, 0.3333333333333659554, 1.000000000000000000 ) ) 
 REPRESENTATION_ITEM ( '' )  );
#3617 = DIRECTION ( 'NONE',  ( 0.000000000000000000, -0.000000000000000000, 1.000000000000000000 ) ) ;
#3618 =( LENGTH_UNIT ( ) NAMED_UNIT ( * ) SI_UNIT ( $, .METRE. ) );
#3619 = EDGE_CURVE ( 'NONE', #1224, #3757, #542, .T. ) ;
#3620 = FACE_OUTER_BOUND ( 'NONE', #3613, .T. ) ;
#3621 = VECTOR ( 'NONE', #196, 1.000000000000000000 ) ;
#3622 = ORIENTED_EDGE ( 'NONE', *, *, #2969, .F. ) ;
#3623 = EDGE_CURVE ( 'NONE', #4135, #4209, #1071, .T. ) ;
#3624 = DIRECTION ( 'NONE',  ( 0.000000000000000000, 0.000000000000000000, -1.000000000000000000 ) ) ;
#3625 = DIRECTION ( 'NONE',  ( -0.000000000000000000, -0.000000000000000000, 1.000000000000000000 ) ) ;
#3626 = AXIS2_PLACEMENT_3D ( 'NONE', #1816, #169, #4092 ) ;
#3627 = PLANE ( 'NONE',  #1477 ) ;
#3628 = VECTOR ( 'NONE', #3412, 1.000000000000000000 ) ;
#3629 = EDGE_CURVE ( 'NONE', #2745, #2056, #3519, .T. ) ;
#3630 = CIRCLE ( 'NONE', #3701, 0.002387599999999999272 ) ;
#3631 = ADVANCED_FACE ( 'NONE', ( #558, #2191 ), #1492, .T. ) ;
#3632 = LINE ( 'NONE', #4277, #1265 ) ;
#3633 = FACE_OUTER_BOUND ( 'NONE', #1786, .T. ) ;
#3634 = EDGE_LOOP ( 'NONE', ( #3013, #1461, #619, #2384 ) ) ;
#3635 = DIRECTION ( 'NONE',  ( -1.000000000000000000, 0.000000000000000000, -0.000000000000000000 ) ) ;
#3636 = DIRECTION ( 'NONE',  ( 0.000000000000000000, 0.000000000000000000, -1.000000000000000000 ) ) ;
#3637 = LINE ( 'NONE', #3318, #3477 ) ;
#3638 =( GEOMETRIC_REPRESENTATION_CONTEXT ( 3 ) GLOBAL_UNCERTAINTY_ASSIGNED_CONTEXT ( ( #173 ) ) GLOBAL_UNIT_ASSIGNED_CONTEXT ( ( #2347, #1047, #2746 ) ) REPRESENTATION_CONTEXT ( 'NONE', 'WORKASPACE' ) );
#3639 = VECTOR ( 'NONE', #962, 1.000000000000000000 ) ;
#3640 = ORIENTED_EDGE ( 'NONE', *, *, #1513, .T. ) ;
#3641 = DIRECTION ( 'NONE',  ( -0.1001433879378217651, -0.9949730156402911696, -3.516874517935653826E-15 ) ) ;
#3642 = ORIENTED_EDGE ( 'NONE', *, *, #4140, .T. ) ;
#3643 = DIRECTION ( 'NONE',  ( 0.000000000000000000, 0.000000000000000000, 1.000000000000000000 ) ) ;
#3644 = CARTESIAN_POINT ( 'NONE',  ( 0.001909917590217143947, -0.003400000000000057924, -0.0001230853639015272027 ) ) ;
#3645 = CARTESIAN_POINT ( 'NONE',  ( -0.006499999999999998834, 0.01778846306386022355, -0.008000000000000000167 ) ) ;
#3646 = ORIENTED_EDGE ( 'NONE', *, *, #3904, .F. ) ;
#3647 = SURFACE_STYLE_FILL_AREA ( #2684 ) ;
#3648 = CARTESIAN_POINT ( 'NONE',  ( -0.0003839116819797992568, -0.005000000000000000104, 0.0001230853639015392102 ) ) ;
#3649 = COLOUR_RGB ( '',0.8509803921568627194, 0.8509803921568627194, 0.8509803921568627194 ) ;
#3650 = DIRECTION ( 'NONE',  ( -1.000000000000000000, -0.000000000000000000, -0.000000000000000000 ) ) ;
#3651 = PRESENTATION_LAYER_ASSIGNMENT (  '', '', ( #2552 ) ) ;
#3652 = DIRECTION ( 'NONE',  ( 0.000000000000000000, 0.000000000000000000, 1.000000000000000000 ) ) ;
#3653 = CARTESIAN_POINT ( 'NONE',  ( 0.000000000000000000, 0.000000000000000000, -0.02503750572909317282 ) ) ;
#3654 = EDGE_LOOP ( 'NONE', ( #3575, #1462, #1091, #1383 ) ) ;
#3655 = FACE_OUTER_BOUND ( 'NONE', #176, .T. ) ;
#3656 = VERTEX_POINT ( 'NONE', #198 ) ;
#3657 = ADVANCED_FACE ( 'NONE', ( #2840 ), #2485, .F. ) ;
#3658 = CARTESIAN_POINT ( 'NONE',  ( -0.005499999999999999681, -0.002131780542604054789, -0.001000000000000000021 ) ) ;
#3659 = CARTESIAN_POINT ( 'NONE',  ( -0.003779999999999994302, 0.001299999999999999940, 0.002147900000000000763 ) ) ;
#3660 = EDGE_CURVE ( 'NONE', #637, #140, #855, .T. ) ;
#3661 =( GEOMETRIC_REPRESENTATION_CONTEXT ( 3 ) GLOBAL_UNCERTAINTY_ASSIGNED_CONTEXT ( ( #1747 ) ) GLOBAL_UNIT_ASSIGNED_CONTEXT ( ( #905, #2564, #1923 ) ) REPRESENTATION_CONTEXT ( 'NONE', 'WORKASPACE' ) );
#3662 = EDGE_LOOP ( 'NONE', ( #2207, #1826, #3665, #2648, #491, #3344 ) ) ;
#3663 = UNCERTAINTY_MEASURE_WITH_UNIT (LENGTH_MEASURE( 1.000000000000000082E-05 ), #4220, 'distance_accuracy_value', 'NONE');
#3664 = CARTESIAN_POINT ( 'NONE',  ( 0.002923911681979802016, 0.000000000000000000, -0.0001230853639015391831 ) ) ;
#3665 = ORIENTED_EDGE ( 'NONE', *, *, #3831, .F. ) ;
#3666 = CYLINDRICAL_SURFACE ( 'NONE', #3266, 0.0001230853639015391831 ) ;
#3667 = EDGE_CURVE ( 'NONE', #2065, #229, #178, .T. ) ;
#3668 = PLANE ( 'NONE',  #2057 ) ;
#3669 = EDGE_CURVE ( 'NONE', #498, #2000, #847, .T. ) ;
#3670 = ORIENTED_EDGE ( 'NONE', *, *, #3352, .F. ) ;
#3671 =( LENGTH_UNIT ( ) NAMED_UNIT ( * ) SI_UNIT ( $, .METRE. ) );
#3672 = FACE_OUTER_BOUND ( 'NONE', #2462, .T. ) ;
#3673 = SURFACE_SIDE_STYLE ('',( #2738 ) ) ;
#3674 = VECTOR ( 'NONE', #3687, 1.000000000000000000 ) ;
#3675 = FACE_OUTER_BOUND ( 'NONE', #2749, .T. ) ;
#3676 = VECTOR ( 'NONE', #2534, 1.000000000000000000 ) ;
#3677 = CARTESIAN_POINT ( 'NONE',  ( 0.002923911681979795944, -0.004999999999999999237, -0.0001230853639015410533 ) ) ;
#3678 = CARTESIAN_POINT ( 'NONE',  ( 0.002156088318020204370, 0.000000000000000000, -0.0001230853639015391831 ) ) ;
#3679 = VERTEX_POINT ( 'NONE', #2277 ) ;
#3680 = CARTESIAN_POINT ( 'NONE',  ( -0.0003839116819797988231, -0.005000000000000000104, 0.0001230853639015392102 ) ) ;
#3681 = DIRECTION ( 'NONE',  ( -8.708344688183810284E-17, -1.000000000000000000, 0.000000000000000000 ) ) ;
#3682 = CARTESIAN_POINT ( 'NONE',  ( -0.003499999999999999639, 0.01778846306386022355, -0.001000000000000000021 ) ) ;
#3683 = ORIENTED_EDGE ( 'NONE', *, *, #4290, .T. ) ;
#3684 = DIRECTION ( 'NONE',  ( -1.000000000000000000, 0.000000000000000000, 0.000000000000000000 ) ) ;
#3685 = VERTEX_POINT ( 'NONE', #2590 ) ;
#3686 = CARTESIAN_POINT ( 'NONE',  ( -0.0003839116819797990399, -0.004000000000000000083, -0.006988914636098460080 ) ) ;
#3687 = DIRECTION ( 'NONE',  ( -0.000000000000000000, 1.000000000000000000, -0.000000000000000000 ) ) ;
#3688 = DIRECTION ( 'NONE',  ( 0.5000000000000015543, 0.8660254037844378194, -0.000000000000000000 ) ) ;
#3689 = ORIENTED_EDGE ( 'NONE', *, *, #2414, .F. ) ;
#3690 = ORIENTED_EDGE ( 'NONE', *, *, #3904, .T. ) ;
#3691 = FACE_OUTER_BOUND ( 'NONE', #2871, .T. ) ;
#3692 = EDGE_CURVE ( 'NONE', #1924, #1019, #1644, .T. ) ;
#3693 = AXIS2_PLACEMENT_3D ( 'NONE', #283, #2662, #1334 ) ;
#3694 = EDGE_CURVE ( 'NONE', #229, #1226, #96, .T. ) ;
#3695 = PRODUCT_RELATED_PRODUCT_CATEGORY ( 'part', '', ( #2717 ) ) ;
#3696 = CARTESIAN_POINT ( 'NONE',  ( -0.008499999999999998876, -0.002131780542604052621, 0.007000000000000002748 ) ) ;
#3697 = FILL_AREA_STYLE_COLOUR ( '', #1691 ) ;
#3698 = VERTEX_POINT ( 'NONE', #3909 ) ;
#3699 = DIRECTION ( 'NONE',  ( 1.000000000000000000, 0.000000000000000000, 0.000000000000000000 ) ) ;
#3700 = DIRECTION ( 'NONE',  ( -0.000000000000000000, -0.000000000000000000, 1.000000000000000000 ) ) ;
#3701 = AXIS2_PLACEMENT_3D ( 'NONE', #441, #2819, #2752 ) ;
#3702 = MECHANICAL_DESIGN_GEOMETRIC_PRESENTATION_REPRESENTATION (  '', ( #244 ), #1894 ) ;
#3703 = FACE_OUTER_BOUND ( 'NONE', #1181, .T. ) ;
#3704 = ORIENTED_EDGE ( 'NONE', *, *, #3232, .T. ) ;
#3705 = VERTEX_POINT ( 'NONE', #2943 ) ;
#3706 = CARTESIAN_POINT ( 'NONE',  ( 0.002156088318020204370, -0.005000000000000000104, 0.000000000000000000 ) ) ;
#3707 = AXIS2_PLACEMENT_3D ( 'NONE', #831, #546, #1231 ) ;
#3708 = DIRECTION ( 'NONE',  ( 0.000000000000000000, -1.000000000000000000, 0.000000000000000000 ) ) ;
#3709 = PLANE ( 'NONE',  #2960 ) ;
#3710 =( REPRESENTATION_RELATIONSHIP ('NONE','NONE', #50, #2767 ) REPRESENTATION_RELATIONSHIP_WITH_TRANSFORMATION ( #4233 )SHAPE_REPRESENTATION_RELATIONSHIP( ) );
#3711 = EDGE_LOOP ( 'NONE', ( #1519, #194, #1955, #3038 ) ) ;
#3712 = PRODUCT ( 'TO-220 Package IC', 'TO-220 Package IC', '', ( #3379 ) ) ;
#3713 = EDGE_CURVE ( 'NONE', #4072, #2392, #3383, .T. ) ;
#3714 = LINE ( 'NONE', #716, #4187 ) ;
#3715 = EDGE_CURVE ( 'NONE', #3780, #2061, #1982, .T. ) ;
#3716 = VERTEX_POINT ( 'NONE', #932 ) ;
#3717 = SHAPE_DEFINITION_REPRESENTATION ( #3039, #4081 ) ;
#3718 = PRESENTATION_LAYER_ASSIGNMENT (  '', '', ( #1273 ) ) ;
#3719 = VECTOR ( 'NONE', #1453, 1.000000000000000000 ) ;
#3720 = EDGE_CURVE ( 'NONE', #2859, #1675, #3616, .T. ) ;
#3721 = EDGE_CURVE ( 'NONE', #2566, #3298, #3134, .T. ) ;
#3722 = AXIS2_PLACEMENT_3D ( 'NONE', #1227, #4205, #803 ) ;
#3723 = CARTESIAN_POINT ( 'NONE',  ( 0.0007888062056723725481, -0.002301545530250919021, -2.042016366786479119E-05 ) ) ;
#3724 = SURFACE_SIDE_STYLE ('',( #3446 ) ) ;
#3725 = ORIENTED_EDGE ( 'NONE', *, *, #70, .T. ) ;
#3726 = LINE ( 'NONE', #2755, #3545 ) ;
#3727 = DIRECTION ( 'NONE',  ( 0.1001433879378215430, -0.000000000000000000, 0.9949730156402912806 ) ) ;
#3728 = LINE ( 'NONE', #1789, #1752 ) ;
#3729 = CARTESIAN_POINT ( 'NONE',  ( 0.000000000000000000, 0.000000000000000000, 0.000000000000000000 ) ) ;
#3730 = DIRECTION ( 'NONE',  ( -0.6153341282808847401, 0.7882663956891755586, 0.000000000000000000 ) ) ;
#3731 = CIRCLE ( 'NONE', #2633, 0.002387599999999999272 ) ;
#3732 = VERTEX_POINT ( 'NONE', #1983 ) ;
#3733 = DIRECTION ( 'NONE',  ( -0.7875589559879860868, 0.6162393129646255296, 0.000000000000000000 ) ) ;
#3734 = DIRECTION ( 'NONE',  ( -1.000000000000000000, 0.000000000000000000, -0.000000000000000000 ) ) ;
#3735 = ORIENTED_EDGE ( 'NONE', *, *, #1586, .T. ) ;
#3736 = DIRECTION ( 'NONE',  ( 1.000000000000000000, 0.000000000000000000, 0.000000000000000000 ) ) ;
#3737 = CARTESIAN_POINT ( 'NONE',  ( 0.002207375933609957708, 0.000000000000000000, 0.0001715290456431535265 ) ) ;
#3738 = SURFACE_STYLE_USAGE ( .BOTH. , #3724 ) ;
#3739 = ORIENTED_EDGE ( 'NONE', *, *, #3902, .F. ) ;
#3740 = DIRECTION ( 'NONE',  ( -0.8191520442889934639, 0.000000000000000000, -0.5735764363510437169 ) ) ;
#3741 = VECTOR ( 'NONE', #4010, 1.000000000000000000 ) ;
#3742 = DIRECTION ( 'NONE',  ( 0.000000000000000000, 0.000000000000000000, 1.000000000000000000 ) ) ;
#3743 = EDGE_CURVE ( 'NONE', #360, #3814, #319, .T. ) ;
#3744 = ORIENTED_EDGE ( 'NONE', *, *, #1808, .F. ) ;
#3745 = PRESENTATION_LAYER_ASSIGNMENT (  '', '', ( #537 ) ) ;
#3746 = MECHANICAL_DESIGN_GEOMETRIC_PRESENTATION_REPRESENTATION (  '', ( #3411 ), #2002 ) ;
#3747 = SURFACE_STYLE_FILL_AREA ( #3451 ) ;
#3748 =( LENGTH_UNIT ( ) NAMED_UNIT ( * ) SI_UNIT ( $, .METRE. ) );
#3749 = CARTESIAN_POINT ( 'NONE',  ( -0.004499999999999998793, 0.01778846306386022355, -0.008000000000000000167 ) ) ;
#3750 = DIRECTION ( 'NONE',  ( 0.000000000000000000, 0.000000000000000000, -1.000000000000000000 ) ) ;
#3751 = VECTOR ( 'NONE', #1298, 1.000000000000000000 ) ;
#3752 = SURFACE_SIDE_STYLE ('',( #1769 ) ) ;
#3753 = EDGE_CURVE ( 'NONE', #2566, #1083, #3264, .T. ) ;
#3754 = UNCERTAINTY_MEASURE_WITH_UNIT (LENGTH_MEASURE( 1.000000000000000082E-05 ), #1887, 'distance_accuracy_value', 'NONE');
#3755 = EDGE_CURVE ( 'NONE', #221, #1237, #3912, .T. ) ;
#3756 = ORIENTED_EDGE ( 'NONE', *, *, #2284, .T. ) ;
#3757 = VERTEX_POINT ( 'NONE', #3597 ) ;
#3758 = DIRECTION ( 'NONE',  ( -0.8660254037844378194, -0.5000000000000013323, 0.000000000000000000 ) ) ;
#3759 = DIRECTION ( 'NONE',  ( -0.000000000000000000, -0.000000000000000000, 1.000000000000000000 ) ) ;
#3760 = DIRECTION ( 'NONE',  ( -0.000000000000000000, -0.000000000000000000, 1.000000000000000000 ) ) ;
#3761 = EDGE_CURVE ( 'NONE', #2345, #221, #3444, .T. ) ;
#3762 = VERTEX_POINT ( 'NONE', #1945 ) ;
#3763 = CARTESIAN_POINT ( 'NONE',  ( -3.469446951953614189E-18, 0.005282698664168628683, -0.002137514636098462179 ) ) ;
#3764 = FILL_AREA_STYLE ('',( #1150 ) ) ;
#3765 = CARTESIAN_POINT ( 'NONE',  ( 0.001193800000000003539, -0.002067722254075723704, 0.000000000000000000 ) ) ;
#3766 = VECTOR ( 'NONE', #2343, 1.000000000000000000 ) ;
#3767 = ORIENTED_EDGE ( 'NONE', *, *, #2209, .F. ) ;
#3768 = CARTESIAN_POINT ( 'NONE',  ( -0.004499999999999998793, 0.01778846306386022355, -0.008000000000000000167 ) ) ;
#3769 =( NAMED_UNIT ( * ) PLANE_ANGLE_UNIT ( ) SI_UNIT ( $, .RADIAN. ) );
#3770 = ADVANCED_FACE ( 'NONE', ( #1618 ), #3666, .T. ) ;
#3771 = EDGE_CURVE ( 'NONE', #1942, #2392, #390, .T. ) ;
#3772 = LINE ( 'NONE', #3490, #3628 ) ;
#3773 = DIRECTION ( 'NONE',  ( 0.000000000000000000, 0.000000000000000000, 1.000000000000000000 ) ) ;
#3774 = ORIENTED_EDGE ( 'NONE', *, *, #2969, .T. ) ;
#3775 = DIRECTION ( 'NONE',  ( 1.000000000000000000, 0.000000000000000000, 0.000000000000000000 ) ) ;
#3776 = CARTESIAN_POINT ( 'NONE',  ( -0.001905000000000000009, 0.01146821945739594575, -0.001000000000000000021 ) ) ;
#3777 = DIRECTION ( 'NONE',  ( 0.000000000000000000, 0.000000000000000000, -1.000000000000000000 ) ) ;
#3778 = MECHANICAL_DESIGN_GEOMETRIC_PRESENTATION_REPRESENTATION (  '', ( #3503 ), #698 ) ;
#3779 = CONICAL_SURFACE ( 'NONE', #1902, 0.002641599999999999157, 0.08726646259972242747 ) ;
#3780 = VERTEX_POINT ( 'NONE', #1111 ) ;
#3781 = ORIENTED_EDGE ( 'NONE', *, *, #3889, .T. ) ;
#3782 = CARTESIAN_POINT ( 'NONE',  ( -0.008499999999999998876, 0.01778846306386022702, 0.006999999999999999278 ) ) ;
#3783 = CARTESIAN_POINT ( 'NONE',  ( 0.0007870215950550023959, 0.002302575875671248034, 1.311999719431616000E-18 ) ) ;
#3784 = CARTESIAN_POINT ( 'NONE',  ( 0.002207375933609957708, -6.505213034913026604E-19, -0.0001715290456431537163 ) ) ;
#3785 = VECTOR ( 'NONE', #218, 1.000000000000000000 ) ;
#3786 =( GEOMETRIC_REPRESENTATION_CONTEXT ( 3 ) GLOBAL_UNCERTAINTY_ASSIGNED_CONTEXT ( ( #3166 ) ) GLOBAL_UNIT_ASSIGNED_CONTEXT ( ( #1317, #680, #3943 ) ) REPRESENTATION_CONTEXT ( 'NONE', 'WORKASPACE' ) );
#3787 = ORIENTED_EDGE ( 'NONE', *, *, #2348, .F. ) ;
#3788 =( LENGTH_UNIT ( ) NAMED_UNIT ( * ) SI_UNIT ( $, .METRE. ) );
#3789 = SURFACE_STYLE_USAGE ( .BOTH. , #115 ) ;
#3790 = DIRECTION ( 'NONE',  ( -0.7875589559879860868, 0.000000000000000000, -0.6162393129646254186 ) ) ;
#3791 = EDGE_LOOP ( 'NONE', ( #1857, #1537 ) ) ;
#3792 = CARTESIAN_POINT ( 'NONE',  ( 0.001193800000000003539, 0.002067722254075723704, 0.000000000000000000 ) ) ;
#3793 = LINE ( 'NONE', #1788, #3676 ) ;
#3794 = STYLED_ITEM ( 'NONE', ( #3267 ), #3458 ) ;
#3795 =( LENGTH_UNIT ( ) NAMED_UNIT ( * ) SI_UNIT ( $, .METRE. ) );
#3796 = DIRECTION ( 'NONE',  ( -1.000000000000000000, -0.000000000000000000, -0.000000000000000000 ) ) ;
#3797 = VERTEX_POINT ( 'NONE', #4094 ) ;
#3798 = LINE ( 'NONE', #2134, #1469 ) ;
#3799 = SURFACE_STYLE_FILL_AREA ( #2451 ) ;
#3800 = DIRECTION ( 'NONE',  ( -8.708344688183810284E-17, -1.000000000000000000, 0.000000000000000000 ) ) ;
#3801 = UNCERTAINTY_MEASURE_WITH_UNIT (LENGTH_MEASURE( 1.000000000000000082E-05 ), #3110, 'distance_accuracy_value', 'NONE');
#3802 = ORIENTED_EDGE ( 'NONE', *, *, #1446, .F. ) ;
#3803 = ORIENTED_EDGE ( 'NONE', *, *, #4199, .T. ) ;
#3804 = CARTESIAN_POINT ( 'NONE',  ( 2.310996612948091028E-19, 0.002756963005434303476, -0.001676399999999999982 ) ) ;
#3805 = ADVANCED_FACE ( 'NONE', ( #754 ), #1441, .T. ) ;
#3806 = DIRECTION ( 'NONE',  ( 1.000000000000000000, 0.000000000000000000, 0.000000000000000000 ) ) ;
#3807 = EDGE_CURVE ( 'NONE', #539, #2163, #2720, .T. ) ;
#3808 = VECTOR ( 'NONE', #3476, 1.000000000000000000 ) ;
#3809 = EDGE_LOOP ( 'NONE', ( #793, #2213 ) ) ;
#3810 = APPLICATION_PROTOCOL_DEFINITION ( 'draft international standard', 'automotive_design', 1998, #2466 ) ;
#3811 =( LENGTH_UNIT ( ) NAMED_UNIT ( * ) SI_UNIT ( $, .METRE. ) );
#3812 = LINE ( 'NONE', #414, #2173 ) ;
#3813 = LINE ( 'NONE', #1716, #2276 ) ;
#3814 = VERTEX_POINT ( 'NONE', #669 ) ;
#3815 = CARTESIAN_POINT ( 'NONE',  ( 0.005499999999999997946, -0.002131780542604057391, -0.001000000000000000021 ) ) ;
#3816 = PRODUCT_DEFINITION_FORMATION_WITH_SPECIFIED_SOURCE ( 'ANY', '', #18, .NOT_KNOWN. ) ;
#3817 = CARTESIAN_POINT ( 'NONE',  ( 0.001498599999999999238, 0.000000000000000000, 0.000000000000000000 ) ) ;
#3818 = VECTOR ( 'NONE', #2982, 1.000000000000000000 ) ;
#3819 = DIRECTION ( 'NONE',  ( -0.9251594774500233598, 0.3795786364963124049, 0.000000000000000000 ) ) ;
#3820 = ORIENTED_EDGE ( 'NONE', *, *, #3097, .F. ) ;
#3821 = EDGE_CURVE ( 'NONE', #4135, #4255, #4292, .T. ) ;
#3822 = DIRECTION ( 'NONE',  ( -0.000000000000000000, -0.000000000000000000, 1.000000000000000000 ) ) ;
#3823 = FILL_AREA_STYLE_COLOUR ( '', #1594 ) ;
#3824 = ORIENTED_EDGE ( 'NONE', *, *, #174, .F. ) ;
#3825 = FACE_OUTER_BOUND ( 'NONE', #3554, .T. ) ;
#3826 = MECHANICAL_DESIGN_GEOMETRIC_PRESENTATION_REPRESENTATION (  '', ( #2646 ), #1448 ) ;
#3827 = ORIENTED_EDGE ( 'NONE', *, *, #1704, .F. ) ;
#3828 = ORIENTED_EDGE ( 'NONE', *, *, #4163, .T. ) ;
#3829 = LINE ( 'NONE', #1775, #2530 ) ;
#3830 = PLANE ( 'NONE',  #425 ) ;
#3831 = EDGE_CURVE ( 'NONE', #597, #1675, #1768, .T. ) ;
#3832 = CLOSED_SHELL ( 'NONE', ( #2260, #3856, #1037, #111, #854, #3321, #4061, #3382, #2350, #22, #719, #2797, #1725, #2257, #2637, #2604, #3135, #483, #2124, #1076, #1514, #2585, #3260, #3348, #1770, #1260, #3303, #668, #1191, #1534, #2072, #421 ) ) ;
#3833 = EDGE_LOOP ( 'NONE', ( #2935, #2080, #486, #1560 ) ) ;
#3834 = EDGE_CURVE ( 'NONE', #2061, #2507, #1885, .T. ) ;
#3835 = CARTESIAN_POINT ( 'NONE',  ( 0.002975987827458993068, 0.01461183624312912752, -0.002260600000000000630 ) ) ;
#3836 = ORIENTED_EDGE ( 'NONE', *, *, #2542, .F. ) ;
#3837 = FACE_OUTER_BOUND ( 'NONE', #3337, .T. ) ;
#3838 = PLANE ( 'NONE',  #2833 ) ;
#3839 = ORIENTED_EDGE ( 'NONE', *, *, #1544, .F. ) ;
#3840 = CARTESIAN_POINT ( 'NONE',  ( -0.007499999999999998855, -0.002131780542604052621, 0.007000000000000002748 ) ) ;
#3841 = CARTESIAN_POINT ( 'NONE',  ( 0.0003839116819797983894, -0.004000000000000000083, -0.006988914636098460080 ) ) ;
#3842 = COLOUR_RGB ( '',0.7764705882352941346, 0.7568627450980391913, 0.7372549019607843590 ) ;
#3843 = EDGE_LOOP ( 'NONE', ( #1079, #4271, #2363, #3172, #3964, #317 ) ) ;
#3844 = ORIENTED_EDGE ( 'NONE', *, *, #2865, .F. ) ;
#3845 = DIRECTION ( 'NONE',  ( 1.000000000000000000, 0.000000000000000000, 0.000000000000000000 ) ) ;
#3846 = DIRECTION ( 'NONE',  ( -0.000000000000000000, -0.000000000000000000, 1.000000000000000000 ) ) ;
#3847 = DIRECTION ( 'NONE',  ( 1.000000000000000000, 0.000000000000000000, 0.000000000000000000 ) ) ;
#3848 = VERTEX_POINT ( 'NONE', #2028 ) ;
#3849 = EDGE_CURVE ( 'NONE', #1437, #1602, #1021, .T. ) ;
#3850 = ITEM_DEFINED_TRANSFORMATION ( 'NONE', 'NONE', #2571,  #3072 ) ;
#3851 = CIRCLE ( 'NONE', #83, 0.001257299999999999607 ) ;
#3852 = FACE_OUTER_BOUND ( 'NONE', #929, .T. ) ;
#3853 = AXIS2_PLACEMENT_3D ( 'NONE', #2950, #3960, #2349 ) ;
#3854 = EDGE_CURVE ( 'NONE', #3467, #2269, #51, .T. ) ;
#3855 = SURFACE_STYLE_FILL_AREA ( #3508 ) ;
#3856 = ADVANCED_FACE ( 'NONE', ( #106 ), #2700, .F. ) ;
#3857 = EDGE_CURVE ( 'NONE', #1452, #2413, #690, .T. ) ;
#3858 = LINE ( 'NONE', #3530, #2103 ) ;
#3859 = LINE ( 'NONE', #2182, #504 ) ;
#3860 = EDGE_LOOP ( 'NONE', ( #702, #3590, #3065, #3327 ) ) ;
#3861 = CARTESIAN_POINT ( 'NONE',  ( 0.003500000000000001374, 0.01778846306386022008, -0.001000000000000000021 ) ) ;
#3862 = ORIENTED_EDGE ( 'NONE', *, *, #4212, .T. ) ;
#3863 = DIRECTION ( 'NONE',  ( -1.000000000000000000, -0.000000000000000000, -0.000000000000000000 ) ) ;
#3864 = COLOUR_RGB ( '',0.7764705882352941346, 0.7568627450980391913, 0.7372549019607843590 ) ;
#3865 = AXIS2_PLACEMENT_3D ( 'NONE', #922, #2917, #509 ) ;
#3866 = SURFACE_STYLE_FILL_AREA ( #2187 ) ;
#3867 = AXIS2_PLACEMENT_3D ( 'NONE', #908, #2255, #647 ) ;
#3868 = ORIENTED_EDGE ( 'NONE', *, *, #2121, .T. ) ;
#3869 = ORIENTED_EDGE ( 'NONE', *, *, #942, .F. ) ;
#3870 = SURFACE_STYLE_FILL_AREA ( #888 ) ;
#3871 =( NAMED_UNIT ( * ) PLANE_ANGLE_UNIT ( ) SI_UNIT ( $, .RADIAN. ) );
#3872 = CARTESIAN_POINT ( 'NONE',  ( 0.000000000000000000, 0.000000000000000000, 0.000000000000000000 ) ) ;
#3873 = AXIS2_PLACEMENT_3D ( 'NONE', #1583, #224, #1564 ) ;
#3874 = VERTEX_POINT ( 'NONE', #23 ) ;
#3875 = FACE_OUTER_BOUND ( 'NONE', #2250, .T. ) ;
#3876 = CARTESIAN_POINT ( 'NONE',  ( -0.0007888062056723722229, 0.002301545530250910781, -2.042016366786008507E-05 ) ) ;
#3877 = CARTESIAN_POINT ( 'NONE',  ( 0.001498599999999999238, 1.539748420567967457E-19, -0.001257300000000000258 ) ) ;
#3878 = DIRECTION ( 'NONE',  ( 0.000000000000000000, 0.000000000000000000, 1.000000000000000000 ) ) ;
#3879 = VERTEX_POINT ( 'NONE', #4050 ) ;
#3880 = CARTESIAN_POINT ( 'NONE',  ( 0.007499999999999998855, -0.002131780542604052621, 0.007000000000000002748 ) ) ;
#3881 = EDGE_CURVE ( 'NONE', #2745, #4066, #1412, .T. ) ;
#3882 = UNCERTAINTY_MEASURE_WITH_UNIT (LENGTH_MEASURE( 1.000000000000000082E-05 ), #3795, 'distance_accuracy_value', 'NONE');
#3883 = CIRCLE ( 'NONE', #2285, 0.0001230853639015391831 ) ;
#3884 = ORIENTED_EDGE ( 'NONE', *, *, #2399, .F. ) ;
#3885 = ORIENTED_EDGE ( 'NONE', *, *, #526, .F. ) ;
#3886 = DIRECTION ( 'NONE',  ( -0.6162393129646255296, 2.858189502597452027E-15, -0.7875589559879860868 ) ) ;
#3887 = DIRECTION ( 'NONE',  ( -0.000000000000000000, -0.000000000000000000, 1.000000000000000000 ) ) ;
#3888 = CIRCLE ( 'NONE', #3215, 0.006136487434321649323 ) ;
#3889 = EDGE_CURVE ( 'NONE', #2269, #2024, #711, .T. ) ;
#3890 = MECHANICAL_DESIGN_GEOMETRIC_PRESENTATION_REPRESENTATION (  '', ( #2576 ), #675 ) ;
#3891 = CIRCLE ( 'NONE', #3409, 0.005641952032044423096 ) ;
#3892 = EDGE_LOOP ( 'NONE', ( #2201, #391, #1912 ) ) ;
#3893 = CARTESIAN_POINT ( 'NONE',  ( 0.0005588000000000016565, 3.184680624376928646E-19, 0.002559378154018330381 ) ) ;
#3894 = AXIS2_PLACEMENT_3D ( 'NONE', #967, #1938, #3591 ) ;
#3895 = EDGE_CURVE ( 'NONE', #1791, #4040, #2367, .T. ) ;
#3896 =( NAMED_UNIT ( * ) SI_UNIT ( $, .STERADIAN. ) SOLID_ANGLE_UNIT ( ) );
#3897 = FILL_AREA_STYLE ('',( #3939 ) ) ;
#3898 = DIRECTION ( 'NONE',  ( 0.7850963187066078985, -0.6143123792477028777, 0.07901943467501588991 ) ) ;
#3899 = DIRECTION ( 'NONE',  ( -0.000000000000000000, -1.000000000000000000, -0.000000000000000000 ) ) ;
#3900 = ORIENTED_EDGE ( 'NONE', *, *, #1764, .F. ) ;
#3901 = FILL_AREA_STYLE_COLOUR ( '', #2577 ) ;
#3902 = EDGE_CURVE ( 'NONE', #3108, #336, #1726, .T. ) ;
#3903 = LINE ( 'NONE', #2562, #197 ) ;
#3904 = EDGE_CURVE ( 'NONE', #1341, #1749, #1393, .T. ) ;
#3905 = ORIENTED_EDGE ( 'NONE', *, *, #401, .F. ) ;
#3906 = VERTEX_POINT ( 'NONE', #493 ) ;
#3907 = DIRECTION ( 'NONE',  ( 0.000000000000000000, 0.000000000000000000, 1.000000000000000000 ) ) ;
#3908 = STYLED_ITEM ( 'NONE', ( #2967 ), #2314 ) ;
#3909 = CARTESIAN_POINT ( 'NONE',  ( -0.004468399649801290535, 0.008889999999999998598, -0.001993900000000000707 ) ) ;
#3910 = DIRECTION ( 'NONE',  ( 0.000000000000000000, 0.000000000000000000, 1.000000000000000000 ) ) ;
#3911 = AXIS2_PLACEMENT_3D ( 'NONE', #1746, #2500, #2113 ) ;
#3912 = B_SPLINE_CURVE_WITH_KNOTS ( 'NONE', 3,
 ( #1599, #1660, #1285, #1266, #2609, #3932 ),
 .UNSPECIFIED., .F., .F.,
 ( 4, 2, 4 ),
 ( 0.003853924757926620228, 0.004551605330133744361, 0.005249285902340868927 ),
 .UNSPECIFIED. ) ;
#3913 = ORIENTED_EDGE ( 'NONE', *, *, #749, .F. ) ;
#3914 = DIRECTION ( 'NONE',  ( 0.000000000000000000, 0.000000000000000000, 1.000000000000000000 ) ) ;
#3915 =( GEOMETRIC_REPRESENTATION_CONTEXT ( 3 ) GLOBAL_UNCERTAINTY_ASSIGNED_CONTEXT ( ( #2270 ) ) GLOBAL_UNIT_ASSIGNED_CONTEXT ( ( #3547, #1855, #4193 ) ) REPRESENTATION_CONTEXT ( 'NONE', 'WORKASPACE' ) );
#3916 = VECTOR ( 'NONE', #2827, 1.000000000000000000 ) ;
#3917 = DIRECTION ( 'NONE',  ( 0.000000000000000000, 0.000000000000000000, 1.000000000000000000 ) ) ;
#3918 =( GEOMETRIC_REPRESENTATION_CONTEXT ( 3 ) GLOBAL_UNCERTAINTY_ASSIGNED_CONTEXT ( ( #1436 ) ) GLOBAL_UNIT_ASSIGNED_CONTEXT ( ( #2931, #1213, #3896 ) ) REPRESENTATION_CONTEXT ( 'NONE', 'WORKASPACE' ) );
#3919 = CARTESIAN_POINT ( 'NONE',  ( -0.002387600000000000139, 0.001378481502717147618, -0.001676399999999999982 ) ) ;
#3920 = SURFACE_SIDE_STYLE ('',( #1180 ) ) ;
#3921 = ORIENTED_EDGE ( 'NONE', *, *, #3579, .T. ) ;
#3922 = DIRECTION ( 'NONE',  ( 1.000000000000000000, 0.000000000000000000, 0.000000000000000000 ) ) ;
#3923 = CARTESIAN_POINT ( 'NONE',  ( -0.003170082409782873714, -0.003400000000000000678, 0.0001230853639015388578 ) ) ;
#3924 = CARTESIAN_POINT ( 'NONE',  ( -0.004500000000000002262, -0.002131780542604054789, -0.008000000000000000167 ) ) ;
#3925 = ORIENTED_EDGE ( 'NONE', *, *, #4140, .F. ) ;
#3926 = UNCERTAINTY_MEASURE_WITH_UNIT (LENGTH_MEASURE( 1.000000000000000082E-05 ), #494, 'distance_accuracy_value', 'NONE');
#3927 = SHAPE_REPRESENTATION ( 'machine screw nut hex_ai_MSHXNUT 0.099-56-S-N', ( #3072 ), #1991 ) ;
#3928 = FILL_AREA_STYLE_COLOUR ( '', #1082 ) ;
#3929 = AXIS2_PLACEMENT_3D ( 'NONE', #3653, #2375, #4000 ) ;
#3930 = ORIENTED_EDGE ( 'NONE', *, *, #3353, .F. ) ;
#3931 = VECTOR ( 'NONE', #2043, 1.000000000000000000 ) ;
#3932 = CARTESIAN_POINT ( 'NONE',  ( 0.002387600000000000139, 0.001378481502717155208, -0.0002132518306161850126 ) ) ;
#3933 = CARTESIAN_POINT ( 'NONE',  ( -0.003500000000000001374, -0.002131780542604054789, -0.008000000000000000167 ) ) ;
#3934 = AXIS2_PLACEMENT_3D ( 'NONE', #891, #3557, #1168 ) ;
#3935 = ORIENTED_EDGE ( 'NONE', *, *, #3128, .F. ) ;
#3936 = CARTESIAN_POINT ( 'NONE',  ( -0.002923911681979795944, 0.000000000000000000, 0.0001230853639015388849 ) ) ;
#3937 = EDGE_CURVE ( 'NONE', #4148, #1667, #4178, .T. ) ;
#3938 = CARTESIAN_POINT ( 'NONE',  ( 0.008499999999999998876, 0.01778846306386022702, 0.006999999999999999278 ) ) ;
#3939 = FILL_AREA_STYLE_COLOUR ( '', #677 ) ;
#3940 = AXIS2_PLACEMENT_3D ( 'NONE', #2762, #171, #4096 ) ;
#3941 = COLOUR_RGB ( '',0.8509803921568627194, 0.8509803921568627194, 0.8509803921568627194 ) ;
#3942 = LINE ( 'NONE', #4022, #1401 ) ;
#3943 =( NAMED_UNIT ( * ) SI_UNIT ( $, .STERADIAN. ) SOLID_ANGLE_UNIT ( ) );
#3944 = ORIENTED_EDGE ( 'NONE', *, *, #3669, .F. ) ;
#3945 = SURFACE_SIDE_STYLE ('',( #3533 ) ) ;
#3946 = DIRECTION ( 'NONE',  ( -0.000000000000000000, 0.000000000000000000, 1.000000000000000000 ) ) ;
#3947 = CARTESIAN_POINT ( 'NONE',  ( 0.0002132326029872380971, -0.0003722382769720691906, 0.001560352411298947034 ) ) ;
#3948 = ORIENTED_EDGE ( 'NONE', *, *, #209, .F. ) ;
#3949 = ORIENTED_EDGE ( 'NONE', *, *, #886, .F. ) ;
#3950 = EDGE_CURVE ( 'NONE', #3250, #1083, #2502, .T. ) ;
#3951 = ORIENTED_EDGE ( 'NONE', *, *, #2587, .F. ) ;
#3952 = FACE_OUTER_BOUND ( 'NONE', #1015, .T. ) ;
#3953 = ORIENTED_EDGE ( 'NONE', *, *, #3007, .F. ) ;
#3954 =( NAMED_UNIT ( * ) SI_UNIT ( $, .STERADIAN. ) SOLID_ANGLE_UNIT ( ) );
#3955 = EDGE_CURVE ( 'NONE', #3762, #4305, #820, .T. ) ;
#3956 = CARTESIAN_POINT ( 'NONE',  ( 0.007499999999999998855, 0.01778846306386022008, -0.001000000000000000021 ) ) ;
#3957 = EDGE_CURVE ( 'NONE', #2065, #2842, #875, .T. ) ;
#3958 =( GEOMETRIC_REPRESENTATION_CONTEXT ( 3 ) GLOBAL_UNCERTAINTY_ASSIGNED_CONTEXT ( ( #3243 ) ) GLOBAL_UNIT_ASSIGNED_CONTEXT ( ( #2398, #397, #1741 ) ) REPRESENTATION_CONTEXT ( 'NONE', 'WORKASPACE' ) );
#3959 = CIRCLE ( 'NONE', #4019, 0.002387600000000000139 ) ;
#3960 = DIRECTION ( 'NONE',  ( -0.000000000000000000, -0.000000000000000000, 1.000000000000000000 ) ) ;
#3961 = AXIS2_PLACEMENT_3D ( 'NONE', #3258, #251, #1899 ) ;
#3962 = PLANE ( 'NONE',  #2951 ) ;
#3963 = PRESENTATION_STYLE_ASSIGNMENT (( #4278 ) ) ;
#3964 = ORIENTED_EDGE ( 'NONE', *, *, #2488, .F. ) ;
#3965 = CARTESIAN_POINT ( 'NONE',  ( 0.008500000000000002345, 0.01778846306386022008, -0.001000000000000000021 ) ) ;
#3966 =( NAMED_UNIT ( * ) PLANE_ANGLE_UNIT ( ) SI_UNIT ( $, .RADIAN. ) );
#3967 = ORIENTED_EDGE ( 'NONE', *, *, #911, .T. ) ;
#3968 = ORIENTED_EDGE ( 'NONE', *, *, #2505, .T. ) ;
#3969 = CARTESIAN_POINT ( 'NONE',  ( 0.008499999999999998876, -0.002131780542604055223, -0.007999999999999996697 ) ) ;
#3970 = DIRECTION ( 'NONE',  ( 1.000000000000000000, 0.000000000000000000, -0.000000000000000000 ) ) ;
#3971 = LINE ( 'NONE', #1703, #3766 ) ;
#3972 = CARTESIAN_POINT ( 'NONE',  ( 0.002156088318020198298, -0.003999999999999999216, -0.0001230853639015410533 ) ) ;
#3973 = CARTESIAN_POINT ( 'NONE',  ( 0.007499999999999998855, 0.01778846306386022355, -0.008000000000000000167 ) ) ;
#3974 = ORIENTED_EDGE ( 'NONE', *, *, #3619, .T. ) ;
#3975 = PRESENTATION_STYLE_ASSIGNMENT (( #4272 ) ) ;
#3976 = CARTESIAN_POINT ( 'NONE',  ( 0.000000000000000000, 0.001727199999999999916, 0.0003936999999999999745 ) ) ;
#3977 = EDGE_CURVE ( 'NONE', #3000, #2525, #3883, .T. ) ;
#3978 = DIRECTION ( 'NONE',  ( 0.000000000000000000, 0.000000000000000000, -1.000000000000000000 ) ) ;
#3979 = ADVANCED_FACE ( 'NONE', ( #3825 ), #3516, .T. ) ;
#3980 =( LENGTH_UNIT ( ) NAMED_UNIT ( * ) SI_UNIT ( $, .METRE. ) );
#3981 = CARTESIAN_POINT ( 'NONE',  ( 0.003499999999999997904, -0.002131780542604056958, -0.008000000000000000167 ) ) ;
#3982 = LINE ( 'NONE', #1954, #16 ) ;
#3983 = ORIENTED_EDGE ( 'NONE', *, *, #1854, .F. ) ;
#3984 = DIRECTION ( 'NONE',  ( 0.7875589559879860868, 0.6162393129646253076, 0.000000000000000000 ) ) ;
#3985 = DIRECTION ( 'NONE',  ( -0.9900210886840221658, 0.09964497970520991288, 0.09964497970521003778 ) ) ;
#3986 = DIRECTION ( 'NONE',  ( -0.000000000000000000, 1.000000000000000000, -0.000000000000000000 ) ) ;
#3987 = EDGE_CURVE ( 'NONE', #1300, #437, #2511, .T. ) ;
#3988 = VECTOR ( 'NONE', #1620, 1.000000000000000000 ) ;
#3989 = ORIENTED_EDGE ( 'NONE', *, *, #2957, .F. ) ;
#3990 = CARTESIAN_POINT ( 'NONE',  ( 0.004646921033399658077, -0.001908864834575705986, -2.628391415580597020E-19 ) ) ;
#3991 = DIRECTION ( 'NONE',  ( -1.000000000000000000, 0.000000000000000000, 0.000000000000000000 ) ) ;
#3992 = CARTESIAN_POINT ( 'NONE',  ( 0.002387600000000000139, -0.0002329407039015554540, 2.541098841762899513E-21 ) ) ;
#3993 = LINE ( 'NONE', #1662, #796 ) ;
#3994 = ORIENTED_EDGE ( 'NONE', *, *, #721, .T. ) ;
#3995 = FILL_AREA_STYLE_COLOUR ( '', #2409 ) ;
#3996 = VECTOR ( 'NONE', #3426, 1.000000000000000000 ) ;
#3997 = CYLINDRICAL_SURFACE ( 'NONE', #3853, 0.0005000000000000000104 ) ;
#3998 = VECTOR ( 'NONE', #281, 1.000000000000000000 ) ;
#3999 = CARTESIAN_POINT ( 'NONE',  ( 0.007499999999999998855, 0.01778846306386022702, 0.006999999999999999278 ) ) ;
#4000 = DIRECTION ( 'NONE',  ( 1.000000000000000000, 0.000000000000000000, 0.000000000000000000 ) ) ;
#4001 = EDGE_LOOP ( 'NONE', ( #1148, #4142, #1633, #4204 ) ) ;
#4002 = CARTESIAN_POINT ( 'NONE',  ( 0.0002132326029872380971, -0.0003722382769720582944, -0.001560352411298948335 ) ) ;
#4003 = CARTESIAN_POINT ( 'NONE',  ( -0.004468399649801274923, 0.01269999999999999775, -0.002260600000000000630 ) ) ;
#4004 = LINE ( 'NONE', #335, #2359 ) ;
#4005 = MECHANICAL_DESIGN_GEOMETRIC_PRESENTATION_REPRESENTATION (  '', ( #2557 ), #3661 ) ;
#4006 = CARTESIAN_POINT ( 'NONE',  ( 0.006140545790324154068, -1.301042606982605321E-18, 0.000000000000000000 ) ) ;
#4007 = EDGE_CURVE ( 'NONE', #1226, #229, #2713, .T. ) ;
#4008 = DIRECTION ( 'NONE',  ( 1.000000000000000000, 0.000000000000000000, 0.000000000000000000 ) ) ;
#4009 = CARTESIAN_POINT ( 'NONE',  ( -0.006499999999999998834, 0.01778846306386022355, -0.001000000000000000021 ) ) ;
#4010 = DIRECTION ( 'NONE',  ( 1.000000000000000000, 0.000000000000000000, 0.000000000000000000 ) ) ;
#4011 = CARTESIAN_POINT ( 'NONE',  ( -0.007499999999999998855, -0.002131780542604055223, -0.007999999999999996697 ) ) ;
#4012 = ORIENTED_EDGE ( 'NONE', *, *, #2771, .T. ) ;
#4013 = VERTEX_POINT ( 'NONE', #191 ) ;
#4014 = FILL_AREA_STYLE_COLOUR ( '', #3864 ) ;
#4015 = LINE ( 'NONE', #4035, #1758 ) ;
#4016 = ADVANCED_FACE ( 'NONE', ( #2135 ), #2523, .F. ) ;
#4017 = AXIS2_PLACEMENT_3D ( 'NONE', #1636, #1939, #1920 ) ;
#4018 = SURFACE_STYLE_FILL_AREA ( #1690 ) ;
#4019 = AXIS2_PLACEMENT_3D ( 'NONE', #58, #3700, #2020 ) ;
#4020 = CIRCLE ( 'NONE', #1806, 0.001257300000000000258 ) ;
#4021 = PRESENTATION_LAYER_ASSIGNMENT (  '', '', ( #600 ) ) ;
#4022 = CARTESIAN_POINT ( 'NONE',  ( 0.002156088318020198298, -0.005000000000000000104, 0.000000000000000000 ) ) ;
#4023 = CARTESIAN_POINT ( 'NONE',  ( 0.004468399649801274923, 0.01269999999999999775, -0.002260600000000000630 ) ) ;
#4024 = ORIENTED_EDGE ( 'NONE', *, *, #2437, .T. ) ;
#4025 = DIRECTION ( 'NONE',  ( -0.6162393129646254186, 0.7875589559879860868, 2.168842090532359305E-16 ) ) ;
#4026 = CARTESIAN_POINT ( 'NONE',  ( -0.0003839116819797988231, -0.005000000000000000104, -0.0001230853639015392102 ) ) ;
#4027 = EDGE_CURVE ( 'NONE', #3797, #402, #3473, .T. ) ;
#4028 = DIRECTION ( 'NONE',  ( -8.708344688183810284E-17, -1.000000000000000000, 0.000000000000000000 ) ) ;
#4029 = CARTESIAN_POINT ( 'NONE',  ( 0.000000000000000000, 0.000000000000000000, -0.02503750572909317282 ) ) ;
#4030 = ORIENTED_EDGE ( 'NONE', *, *, #911, .F. ) ;
#4031 = ADVANCED_FACE ( 'NONE', ( #3223, #212 ), #4198, .F. ) ;
#4032 = CARTESIAN_POINT ( 'NONE',  ( 0.002156088318020204370, -0.005000000000000000104, 0.0001230853639015391831 ) ) ;
#4033 = CARTESIAN_POINT ( 'NONE',  ( 0.002387600000000000139, 0.001378481502717147835, -0.001676399999999999982 ) ) ;
#4034 = VERTEX_POINT ( 'NONE', #4117 ) ;
#4035 = CARTESIAN_POINT ( 'NONE',  ( -0.003500000000000001374, -0.002131780542604054789, -0.008000000000000000167 ) ) ;
#4036 = ORIENTED_EDGE ( 'NONE', *, *, #350, .T. ) ;
#4037 = ITEM_DEFINED_TRANSFORMATION ( 'NONE', 'NONE', #114,  #3072 ) ;
#4038 = PLANE ( 'NONE',  #3433 ) ;
#4039 = CYLINDRICAL_SURFACE ( 'NONE', #181, 0.001905000000000000009 ) ;
#4040 = VERTEX_POINT ( 'NONE', #1139 ) ;
#4041 = FACE_BOUND ( 'NONE', #2107, .T. ) ;
#4042 = CARTESIAN_POINT ( 'NONE',  ( 0.0003839116819797988231, 0.000000000000000000, 0.000000000000000000 ) ) ;
#4043 = CARTESIAN_POINT ( 'NONE',  ( 0.0002132326029872380971, 0.0003722382769720587823, 0.001560352411298949636 ) ) ;
#4044 = VECTOR ( 'NONE', #3357, 1.000000000000000000 ) ;
#4045 = VERTEX_POINT ( 'NONE', #2115 ) ;
#4046 = VECTOR ( 'NONE', #2718, 1.000000000000000000 ) ;
#4047 = LINE ( 'NONE', #3159, #4119 ) ;
#4048 = DIRECTION ( 'NONE',  ( -1.000000000000000000, 0.000000000000000000, 0.000000000000000000 ) ) ;
#4049 = AXIS2_PLACEMENT_3D ( 'NONE', #2705, #1355, #3016 ) ;
#4050 = CARTESIAN_POINT ( 'NONE',  ( -0.004279999999999993879, 0.001299999999999999940, 0.002147900000000000763 ) ) ;
#4051 = VERTEX_POINT ( 'NONE', #2478 ) ;
#4052 = FILL_AREA_STYLE ('',( #4014 ) ) ;
#4053 = FACE_BOUND ( 'NONE', #1940, .T. ) ;
#4054 = ORIENTED_EDGE ( 'NONE', *, *, #3857, .T. ) ;
#4055 =( NAMED_UNIT ( * ) SI_UNIT ( $, .STERADIAN. ) SOLID_ANGLE_UNIT ( ) );
#4056 = COLOUR_RGB ( '',0.7764705882352941346, 0.7568627450980391913, 0.7372549019607843590 ) ;
#4057 = VECTOR ( 'NONE', #1208, 1.000000000000000000 ) ;
#4058 = DIRECTION ( 'NONE',  ( -0.6153341282808847401, 0.7882663956891755586, 0.000000000000000000 ) ) ;
#4059 = CARTESIAN_POINT ( 'NONE',  ( 0.000000000000000000, 0.000000000000000000, -0.001650999999999999690 ) ) ;
#4060 = ORIENTED_EDGE ( 'NONE', *, *, #3881, .T. ) ;
#4061 = ADVANCED_FACE ( 'NONE', ( #2920 ), #2584, .F. ) ;
#4062 = DIRECTION ( 'NONE',  ( 0.000000000000000000, 0.000000000000000000, 1.000000000000000000 ) ) ;
#4063 = CARTESIAN_POINT ( 'NONE',  ( 0.001498599999999999238, 3.235026984627646975E-19, 0.002641599999999999157 ) ) ;
#4064 = EDGE_CURVE ( 'NONE', #2000, #890, #1279, .T. ) ;
#4065 = VECTOR ( 'NONE', #2639, 1.000000000000000000 ) ;
#4066 = VERTEX_POINT ( 'NONE', #3592 ) ;
#4067 = CARTESIAN_POINT ( 'NONE',  ( -0.005079999999999994242, 0.008889999999999998598, -0.002247900000000000592 ) ) ;
#4068 = CARTESIAN_POINT ( 'NONE',  ( 0.003499999999999997904, -0.002131780542604056958, -0.001000000000000000021 ) ) ;
#4069 = LINE ( 'NONE', #2184, #977 ) ;
#4070 = CARTESIAN_POINT ( 'NONE',  ( -0.008499999999999998876, -0.002131780542604055223, -0.007999999999999996697 ) ) ;
#4071 = AXIS2_PLACEMENT_3D ( 'NONE', #4059, #1451, #2440 ) ;
#4072 = VERTEX_POINT ( 'NONE', #1592 ) ;
#4073 = ORIENTED_EDGE ( 'NONE', *, *, #742, .T. ) ;
#4074 = DIRECTION ( 'NONE',  ( 1.000000000000000000, 0.000000000000000000, 0.000000000000000000 ) ) ;
#4075 = FACE_OUTER_BOUND ( 'NONE', #1432, .T. ) ;
#4076 = EDGE_LOOP ( 'NONE', ( #3513, #1837, #2338, #1056, #3286, #1947, #2829, #1695, #2794, #3488, #923, #2316, #538, #3025, #3538, #1281, #2784, #3399, #756, #4073, #4181, #906, #3900, #175, #1496, #1614, #2119, #1850 ) ) ;
#4077 = EDGE_CURVE ( 'NONE', #1026, #2754, #3259, .T. ) ;
#4078 = APPLICATION_PROTOCOL_DEFINITION ( 'draft international standard', 'automotive_design', 1998, #201 ) ;
#4079 = LINE ( 'NONE', #1122, #1574 ) ;
#4080 = EDGE_CURVE ( 'NONE', #3698, #2264, #3295, .T. ) ;
#4081 = SHAPE_REPRESENTATION ( 'binding head screw_ai_CR-BHMS 0.099-56x0.188x0.188-N', ( #3072 ), #2370 ) ;
#4082 = CARTESIAN_POINT ( 'NONE',  ( 0.002975987827458993068, 0.01461183624312912752, -0.002260600000000000630 ) ) ;
#4083 = ORIENTED_EDGE ( 'NONE', *, *, #3509, .F. ) ;
#4084 = CARTESIAN_POINT ( 'NONE',  ( 0.001996370427485578535, 0.001604358001723291821, -9.471344253524109017E-05 ) ) ;
#4085 = AXIS2_PLACEMENT_3D ( 'NONE', #1369, #3708, #2761 ) ;
#4086 = CARTESIAN_POINT ( 'NONE',  ( -0.007499999999999998855, -0.002131780542604053922, 0.000000000000000000 ) ) ;
#4087 = AXIS2_PLACEMENT_3D ( 'NONE', #1503, #1134, #2404 ) ;
#4088 = COLOUR_RGB ( '',0.09803921568627450844, 0.09803921568627450844, 0.09803921568627450844 ) ;
#4089 = VECTOR ( 'NONE', #313, 1.000000000000000000 ) ;
#4090 = CARTESIAN_POINT ( 'NONE',  ( -0.007499999999999998855, 0.01778846306386022702, 0.000000000000000000 ) ) ;
#4091 = FILL_AREA_STYLE ('',( #2498 ) ) ;
#4092 = DIRECTION ( 'NONE',  ( -1.000000000000000000, 0.000000000000000000, 0.000000000000000000 ) ) ;
#4093 = LINE ( 'NONE', #1109, #1661 ) ;
#4094 = CARTESIAN_POINT ( 'NONE',  ( 0.001904999999999995889, 0.01175091812156456306, -0.002260600000000000630 ) ) ;
#4095 = VECTOR ( 'NONE', #3023, 1.000000000000000000 ) ;
#4096 = DIRECTION ( 'NONE',  ( 0.000000000000000000, 0.000000000000000000, 1.000000000000000000 ) ) ;
#4097 = UNCERTAINTY_MEASURE_WITH_UNIT (LENGTH_MEASURE( 1.000000000000000082E-05 ), #3001, 'distance_accuracy_value', 'NONE');
#4098 = ORIENTED_EDGE ( 'NONE', *, *, #742, .F. ) ;
#4099 = CARTESIAN_POINT ( 'NONE',  ( -0.004468399649801290535, 0.008889999999999998598, -0.002247900000000000592 ) ) ;
#4100 = ORIENTED_EDGE ( 'NONE', *, *, #1911, .F. ) ;
#4101 = SURFACE_SIDE_STYLE ('',( #2792 ) ) ;
#4102 = ADVANCED_FACE ( 'NONE', ( #2248 ), #881, .F. ) ;
#4103 = DIRECTION ( 'NONE',  ( -0.000000000000000000, -0.000000000000000000, 1.000000000000000000 ) ) ;
#4104 = VECTOR ( 'NONE', #2459, 1.000000000000000000 ) ;
#4105 = DIRECTION ( 'NONE',  ( 0.000000000000000000, -0.000000000000000000, 1.000000000000000000 ) ) ;
#4106 = ORIENTED_EDGE ( 'NONE', *, *, #2438, .T. ) ;
#4107 = DIRECTION ( 'NONE',  ( 0.000000000000000000, -0.000000000000000000, 1.000000000000000000 ) ) ;
#4108 = CARTESIAN_POINT ( 'NONE',  ( 0.008499999999999998876, 0.01778846306386022355, -0.008000000000000000167 ) ) ;
#4109 = MECHANICAL_DESIGN_GEOMETRIC_PRESENTATION_REPRESENTATION (  '', ( #3556 ), #3019 ) ;
#4110 = EDGE_CURVE ( 'NONE', #2264, #3532, #968, .T. ) ;
#4111 = FILL_AREA_STYLE_COLOUR ( '', #2242 ) ;
#4112 = DIRECTION ( 'NONE',  ( 1.741668937636762057E-16, 1.000000000000000000, -0.000000000000000000 ) ) ;
#4113 = EDGE_LOOP ( 'NONE', ( #2972, #3767, #2939, #337 ) ) ;
#4114 = DIRECTION ( 'NONE',  ( 1.000000000000000000, 0.000000000000000000, -0.000000000000000000 ) ) ;
#4115 = EDGE_CURVE ( 'NONE', #3762, #1597, #1654, .T. ) ;
#4116 = DIRECTION ( 'NONE',  ( 0.1001433879378215430, -0.9949730156402912806, -3.473929716760554209E-15 ) ) ;
#4117 = CARTESIAN_POINT ( 'NONE',  ( -0.001257299999999999607, 0.000000000000000000, -0.001650999999999999690 ) ) ;
#4118 = DIRECTION ( 'NONE',  ( 0.000000000000000000, 0.000000000000000000, 1.000000000000000000 ) ) ;
#4119 = VECTOR ( 'NONE', #2798, 1.000000000000000000 ) ;
#4120 = VECTOR ( 'NONE', #2039, 1.000000000000000000 ) ;
#4121 = EDGE_LOOP ( 'NONE', ( #3868, #2966, #3949, #4283, #3803, #3690 ) ) ;
#4122 = ORIENTED_EDGE ( 'NONE', *, *, #2912, .F. ) ;
#4123 = CYLINDRICAL_SURFACE ( 'NONE', #2949, 0.001905000000000000009 ) ;
#4124 = DIRECTION ( 'NONE',  ( 0.000000000000000000, -0.000000000000000000, 1.000000000000000000 ) ) ;
#4125 = VECTOR ( 'NONE', #199, 1.000000000000000000 ) ;
#4126 = ORIENTED_EDGE ( 'NONE', *, *, #401, .T. ) ;
#4127 = PRODUCT_CONTEXT ( 'NONE', #3062, 'mechanical' ) ;
#4128 = AXIS2_PLACEMENT_3D ( 'NONE', #612, #10, #2709 ) ;
#4129 = FACE_OUTER_BOUND ( 'NONE', #385, .T. ) ;
#4130 = ORIENTED_EDGE ( 'NONE', *, *, #264, .F. ) ;
#4131 = CARTESIAN_POINT ( 'NONE',  ( -0.002387600000000000139, -0.001378481502717156075, -0.001676399999999999982 ) ) ;
#4132 =( NAMED_UNIT ( * ) SI_UNIT ( $, .STERADIAN. ) SOLID_ANGLE_UNIT ( ) );
#4133 = VECTOR ( 'NONE', #48, 1.000000000000000000 ) ;
#4134 = FACE_OUTER_BOUND ( 'NONE', #2183, .T. ) ;
#4135 = VERTEX_POINT ( 'NONE', #3947 ) ;
#4136 = LINE ( 'NONE', #2855, #2307 ) ;
#4137 = ADVANCED_FACE ( 'NONE', ( #2626 ), #615, .T. ) ;
#4138 = ORIENTED_EDGE ( 'NONE', *, *, #2283, .T. ) ;
#4139 = DIRECTION ( 'NONE',  ( 0.000000000000000000, 0.000000000000000000, 1.000000000000000000 ) ) ;
#4140 = EDGE_CURVE ( 'NONE', #2837, #4260, #2313, .T. ) ;
#4141 = AXIS2_PLACEMENT_3D ( 'NONE', #4, #1989, #651 ) ;
#4142 = ORIENTED_EDGE ( 'NONE', *, *, #2230, .F. ) ;
#4143 = ORIENTED_EDGE ( 'NONE', *, *, #2179, .F. ) ;
#4144 = DIRECTION ( 'NONE',  ( 0.000000000000000000, -0.000000000000000000, 1.000000000000000000 ) ) ;
#4145 = CARTESIAN_POINT ( 'NONE',  ( -0.007499999999999998855, 0.000000000000000000, -0.001000000000000000021 ) ) ;
#4146 = COLOUR_RGB ( '',0.7764705882352941346, 0.7568627450980391913, 0.7372549019607843590 ) ;
#4147 = AXIS2_PLACEMENT_3D ( 'NONE', #3129, #4172, #1520 ) ;
#4148 = VERTEX_POINT ( 'NONE', #927 ) ;
#4149 = EDGE_CURVE ( 'NONE', #1815, #2193, #3637, .T. ) ;
#4150 = LINE ( 'NONE', #3835, #2699 ) ;
#4151 = ORIENTED_EDGE ( 'NONE', *, *, #3007, .T. ) ;
#4152 = DIRECTION ( 'NONE',  ( -1.000000000000000000, 0.000000000000000000, 0.000000000000000000 ) ) ;
#4153 = CARTESIAN_POINT ( 'NONE',  ( 0.000000000000000000, 0.0003937000000000067507, -0.001727199999999998615 ) ) ;
#4154 = CARTESIAN_POINT ( 'NONE',  ( -0.002923911681979795944, -0.004000000000000000083, -0.006988914636098460080 ) ) ;
#4155 = CARTESIAN_POINT ( 'NONE',  ( 0.002156088318020204370, 0.000000000000000000, 0.0001230853639015391831 ) ) ;
#4156 = EDGE_LOOP ( 'NONE', ( #3642, #2922, #2238, #2918 ) ) ;
#4157 = CARTESIAN_POINT ( 'NONE',  ( 0.002156088318020204370, 0.000000000000000000, -0.0001230853639015391831 ) ) ;
#4158 = LINE ( 'NONE', #2522, #4294 ) ;
#4159 = EDGE_LOOP ( 'NONE', ( #833, #4100, #1595 ) ) ;
#4160 =( NAMED_UNIT ( * ) PLANE_ANGLE_UNIT ( ) SI_UNIT ( $, .RADIAN. ) );
#4161 = STYLED_ITEM ( 'NONE', ( #3022 ), #2765 ) ;
#4162 = PRESENTATION_LAYER_ASSIGNMENT (  '', '', ( #673 ) ) ;
#4163 = EDGE_CURVE ( 'NONE', #3762, #2703, #271, .T. ) ;
#4164 = EDGE_CURVE ( 'NONE', #2427, #597, #3242, .T. ) ;
#4165 = VERTEX_POINT ( 'NONE', #419 ) ;
#4166 = VERTEX_POINT ( 'NONE', #2733 ) ;
#4167 = DIRECTION ( 'NONE',  ( 1.000000000000000000, 0.000000000000000000, 0.000000000000000000 ) ) ;
#4168 = CIRCLE ( 'NONE', #2868, 0.001904999999999999792 ) ;
#4169 = EDGE_CURVE ( 'NONE', #3879, #2990, #258, .T. ) ;
#4170 = EDGE_LOOP ( 'NONE', ( #2301, #738, #3221, #2757 ) ) ;
#4171 = ADVANCED_FACE ( 'NONE', ( #3113 ), #740, .T. ) ;
#4172 = DIRECTION ( 'NONE',  ( -1.000000000000000000, 0.000000000000000000, 0.000000000000000000 ) ) ;
#4173 =( NAMED_UNIT ( * ) SI_UNIT ( $, .STERADIAN. ) SOLID_ANGLE_UNIT ( ) );
#4174 = FACE_OUTER_BOUND ( 'NONE', #345, .T. ) ;
#4175 = LINE ( 'NONE', #877, #159 ) ;
#4176 = ORIENTED_EDGE ( 'NONE', *, *, #835, .F. ) ;
#4177 = CARTESIAN_POINT ( 'NONE',  ( 0.0003839116819797988231, 0.000000000000000000, 0.0001230853639015392102 ) ) ;
#4178 = LINE ( 'NONE', #1555, #2782 ) ;
#4179 = STYLED_ITEM ( 'NONE', ( #2936 ), #2687 ) ;
#4180 = ORIENTED_EDGE ( 'NONE', *, *, #2341, .T. ) ;
#4181 = ORIENTED_EDGE ( 'NONE', *, *, #2227, .F. ) ;
#4182 = CARTESIAN_POINT ( 'NONE',  ( 0.003170082409782898868, -0.003399999999999938228, -0.0001230853639015514075 ) ) ;
#4183 = VECTOR ( 'NONE', #4028, 1.000000000000000000 ) ;
#4184 = FACE_OUTER_BOUND ( 'NONE', #2986, .T. ) ;
#4185 = STYLED_ITEM ( 'NONE', ( #2953 ), #1824 ) ;
#4186 = ORIENTED_EDGE ( 'NONE', *, *, #4296, .T. ) ;
#4187 = VECTOR ( 'NONE', #2055, 1.000000000000000000 ) ;
#4188 = CARTESIAN_POINT ( 'NONE',  ( 0.006500000000000000569, 0.01778846306386022008, -0.008000000000000000167 ) ) ;
#4189 = AXIS2_PLACEMENT_3D ( 'NONE', #3565, #484, #3174 ) ;
#4190 = EDGE_CURVE ( 'NONE', #4255, #2203, #3888, .T. ) ;
#4191 =( NAMED_UNIT ( * ) SI_UNIT ( $, .STERADIAN. ) SOLID_ANGLE_UNIT ( ) );
#4192 = ADVANCED_FACE ( 'NONE', ( #1698 ), #3407, .F. ) ;
#4193 =( NAMED_UNIT ( * ) SI_UNIT ( $, .STERADIAN. ) SOLID_ANGLE_UNIT ( ) );
#4194 = LINE ( 'NONE', #2224, #366 ) ;
#4195 = ORIENTED_EDGE ( 'NONE', *, *, #3401, .T. ) ;
#4196 = DIRECTION ( 'NONE',  ( 0.000000000000000000, 1.000000000000000000, 0.000000000000000000 ) ) ;
#4197 = DIRECTION ( 'NONE',  ( 0.7850963187066078985, 0.07901943467501358620, 0.6143123792477030998 ) ) ;
#4198 = PLANE ( 'NONE',  #1371 ) ;
#4199 = EDGE_CURVE ( 'NONE', #3250, #1341, #1407, .T. ) ;
#4200 = AXIS2_PLACEMENT_3D ( 'NONE', #1375, #783, #1733 ) ;
#4201 = PRESENTATION_STYLE_ASSIGNMENT (( #214 ) ) ;
#4202 = VECTOR ( 'NONE', #3284, 1.000000000000000222 ) ;
#4203 = ORIENTED_EDGE ( 'NONE', *, *, #2962, .T. ) ;
#4204 = ORIENTED_EDGE ( 'NONE', *, *, #1129, .T. ) ;
#4205 = DIRECTION ( 'NONE',  ( 0.1001433879378215430, -0.000000000000000000, 0.9949730156402912806 ) ) ;
#4206 = CARTESIAN_POINT ( 'NONE',  ( -0.002156088318020198298, -0.004000000000000000083, -0.0001230853639015401860 ) ) ;
#4207 = EDGE_CURVE ( 'NONE', #1711, #2963, #684, .T. ) ;
#4208 = CONICAL_SURFACE ( 'NONE', #2196, 0.001257299999999999607, 0.9599310885968841411 ) ;
#4209 = VERTEX_POINT ( 'NONE', #4043 ) ;
#4210 = SURFACE_STYLE_USAGE ( .BOTH. , #1949 ) ;
#4211 = AXIS2_PLACEMENT_3D ( 'NONE', #515, #3262, #1903 ) ;
#4212 = EDGE_CURVE ( 'NONE', #221, #99, #3959, .T. ) ;
#4213 = EDGE_CURVE ( 'NONE', #1852, #3595, #399, .T. ) ;
#4214 = SURFACE_STYLE_FILL_AREA ( #547 ) ;
#4215 =( NAMED_UNIT ( * ) SI_UNIT ( $, .STERADIAN. ) SOLID_ANGLE_UNIT ( ) );
#4216 = CARTESIAN_POINT ( 'NONE',  ( 0.005080000000000006385, 0.008889999999999998598, 0.002247900000000000592 ) ) ;
#4217 = VERTEX_POINT ( 'NONE', #995 ) ;
#4218 = DIRECTION ( 'NONE',  ( -0.000000000000000000, -0.000000000000000000, 1.000000000000000000 ) ) ;
#4219 = PRODUCT_DEFINITION_FORMATION_WITH_SPECIFIED_SOURCE ( 'ANY', '', #1732, .NOT_KNOWN. ) ;
#4220 =( LENGTH_UNIT ( ) NAMED_UNIT ( * ) SI_UNIT ( $, .METRE. ) );
#4221 = ORIENTED_EDGE ( 'NONE', *, *, #1513, .F. ) ;
#4222 = AXIS2_PLACEMENT_3D ( 'NONE', #427, #3098, #2006 ) ;
#4223 =( LENGTH_UNIT ( ) NAMED_UNIT ( * ) SI_UNIT ( $, .METRE. ) );
#4224 = ORIENTED_EDGE ( 'NONE', *, *, #290, .F. ) ;
#4225 =( NAMED_UNIT ( * ) SI_UNIT ( $, .STERADIAN. ) SOLID_ANGLE_UNIT ( ) );
#4226 = PRESENTATION_STYLE_ASSIGNMENT (( #3247 ) ) ;
#4227 = CARTESIAN_POINT ( 'NONE',  ( 0.004500000000000000527, 0.01778846306386022008, -0.008000000000000000167 ) ) ;
#4228 = CIRCLE ( 'NONE', #121, 0.0001230853639015391831 ) ;
#4229 = AXIS2_PLACEMENT_3D ( 'NONE', #2799, #2447, #1836 ) ;
#4230 = VECTOR ( 'NONE', #2956, 1.000000000000000000 ) ;
#4231 = B_SPLINE_CURVE_WITH_KNOTS ( 'NONE', 3,
 ( #670, #3347, #691, #1727, #2300, #1686 ),
 .UNSPECIFIED., .F., .F.,
 ( 4, 2, 4 ),
 ( 0.002459392154511692852, 0.003156658456219156757, 0.003853924757926620228 ),
 .UNSPECIFIED. ) ;
#4232 = EDGE_LOOP ( 'NONE', ( #1311, #866, #3739, #2904, #3704, #4126 ) ) ;
#4233 = ITEM_DEFINED_TRANSFORMATION ( 'NONE', 'NONE', #948,  #3072 ) ;
#4234 = LINE ( 'NONE', #2418, #1849 ) ;
#4235 = LINE ( 'NONE', #4188, #2489 ) ;
#4236 = CLOSED_SHELL ( 'NONE', ( #299, #592, #1948, #2742, #3528, #1536, #1215, #200, #1024, #3324, #667, #4031, #2366, #2514, #798, #3805, #4171, #3196, #3151, #270, #465, #7 ) ) ;
#4237 = CYLINDRICAL_SURFACE ( 'NONE', #3297, 0.0001230853639015388849 ) ;
#4238 =( NAMED_UNIT ( * ) SI_UNIT ( $, .STERADIAN. ) SOLID_ANGLE_UNIT ( ) );
#4239 = CARTESIAN_POINT ( 'NONE',  ( 0.0006300824097828785445, -0.003399999999999992872, -0.0001230853639015401047 ) ) ;
#4240 = PRESENTATION_STYLE_ASSIGNMENT (( #3569 ) ) ;
#4241 = EDGE_LOOP ( 'NONE', ( #2854, #3689 ) ) ;
#4242 = CARTESIAN_POINT ( 'NONE',  ( 0.002156088318020204370, -0.005000000000000000104, -0.0001230853639015391831 ) ) ;
#4243 = CARTESIAN_POINT ( 'NONE',  ( -3.903127820947815962E-18, 0.01175091812156456306, -0.001993900000000000707 ) ) ;
#4244 = ORIENTED_EDGE ( 'NONE', *, *, #2889, .T. ) ;
#4245 = CARTESIAN_POINT ( 'NONE',  ( -0.004279999999999993879, 0.001299999999999999940, 0.002247900000000000592 ) ) ;
#4246 = VERTEX_POINT ( 'NONE', #378 ) ;
#4247 = CARTESIAN_POINT ( 'NONE',  ( -0.002387600000000000573, 0.0004693274281724121454, -2.057650251589417559E-05 ) ) ;
#4248 = CARTESIAN_POINT ( 'NONE',  ( 0.000000000000000000, -0.002756963005434312150, -0.001676399999999999982 ) ) ;
#4249 = EDGE_LOOP ( 'NONE', ( #4291, #3869, #2822, #1060 ) ) ;
#4250 = MECHANICAL_DESIGN_GEOMETRIC_PRESENTATION_REPRESENTATION (  '', ( #495 ), #2391 ) ;
#4251 = AXIS2_PLACEMENT_3D ( 'NONE', #664, #3641, #2003 ) ;
#4252 = LINE ( 'NONE', #654, #632 ) ;
#4253 = PRESENTATION_STYLE_ASSIGNMENT (( #2221 ) ) ;
#4254 = EDGE_CURVE ( 'NONE', #1379, #1210, #4228, .T. ) ;
#4255 = VERTEX_POINT ( 'NONE', #77 ) ;
#4256 = FILL_AREA_STYLE_COLOUR ( '', #1748 ) ;
#4257 = ORIENTED_EDGE ( 'NONE', *, *, #1290, .T. ) ;
#4258 = FACE_BOUND ( 'NONE', #3809, .T. ) ;
#4259 = DIRECTION ( 'NONE',  ( 0.000000000000000000, 1.734723475976807094E-16, 1.000000000000000000 ) ) ;
#4260 = VERTEX_POINT ( 'NONE', #1386 ) ;
#4261 = VERTEX_POINT ( 'NONE', #4063 ) ;
#4262 = EDGE_CURVE ( 'NONE', #838, #3705, #4295, .T. ) ;
#4263 = LINE ( 'NONE', #3207, #1831 ) ;
#4264 = VERTEX_POINT ( 'NONE', #3682 ) ;
#4265 = CARTESIAN_POINT ( 'NONE',  ( 0.002387599999999999272, -0.001378481502717156942, -0.0002132518306161850126 ) ) ;
#4266 =( GEOMETRIC_REPRESENTATION_CONTEXT ( 3 ) GLOBAL_UNCERTAINTY_ASSIGNED_CONTEXT ( ( #2806 ) ) GLOBAL_UNIT_ASSIGNED_CONTEXT ( ( #347, #280, #3954 ) ) REPRESENTATION_CONTEXT ( 'NONE', 'WORKASPACE' ) );
#4267 = EDGE_CURVE ( 'NONE', #3848, #1261, #4004, .T. ) ;
#4268 = CARTESIAN_POINT ( 'NONE',  ( -0.002923911681979795944, -0.005000000000000000104, -0.0001230853639015388849 ) ) ;
#4269 = CARTESIAN_POINT ( 'NONE',  ( -0.001193800000000003539, -0.002067722254075723704, 0.000000000000000000 ) ) ;
#4270 = AXIS2_PLACEMENT_3D ( 'NONE', #518, #479, #2885 ) ;
#4271 = ORIENTED_EDGE ( 'NONE', *, *, #4110, .F. ) ;
#4272 = SURFACE_STYLE_USAGE ( .BOTH. , #2259 ) ;
#4273 = CARTESIAN_POINT ( 'NONE',  ( 0.004468399649801239361, -3.198158936437069223E-17, -0.002247900000000000592 ) ) ;
#4274 =( NAMED_UNIT ( * ) PLANE_ANGLE_UNIT ( ) SI_UNIT ( $, .RADIAN. ) );
#4275 = PRESENTATION_LAYER_ASSIGNMENT (  '', '', ( #3054 ) ) ;
#4276 = STYLED_ITEM ( 'NONE', ( #1781 ), #521 ) ;
#4277 = CARTESIAN_POINT ( 'NONE',  ( -0.007499999999999998855, 0.01778846306386022355, -0.008000000000000000167 ) ) ;
#4278 = SURFACE_STYLE_USAGE ( .BOTH. , #2353 ) ;
#4279 = EDGE_LOOP ( 'NONE', ( #2697, #2774, #1193, #1656 ) ) ;
#4280 = CARTESIAN_POINT ( 'NONE',  ( -0.002923911681979795944, -0.004000000000000000083, -0.0001230853639015401860 ) ) ;
#4281 = DIRECTION ( 'NONE',  ( -0.000000000000000000, -0.000000000000000000, -1.000000000000000000 ) ) ;
#4282 = ORIENTED_EDGE ( 'NONE', *, *, #1910, .T. ) ;
#4283 = ORIENTED_EDGE ( 'NONE', *, *, #3950, .F. ) ;
#4284 = DIRECTION ( 'NONE',  ( -0.000000000000000000, -0.000000000000000000, 1.000000000000000000 ) ) ;
#4285 = VERTEX_POINT ( 'NONE', #14 ) ;
#4286 = FILL_AREA_STYLE ('',( #2987 ) ) ;
#4287 = DIRECTION ( 'NONE',  ( 1.000000000000000000, 0.000000000000000000, 0.000000000000000000 ) ) ;
#4288 = PLANE ( 'NONE',  #3396 ) ;
#4289 = EDGE_CURVE ( 'NONE', #2448, #1368, #791, .T. ) ;
#4290 = EDGE_CURVE ( 'NONE', #1667, #954, #3793, .T. ) ;
#4291 = ORIENTED_EDGE ( 'NONE', *, *, #3204, .T. ) ;
#4292 = CIRCLE ( 'NONE', #4222, 0.006136487434321649323 ) ;
#4293 = PRESENTATION_STYLE_ASSIGNMENT (( #696 ) ) ;
#4294 = VECTOR ( 'NONE', #2856, 1.000000000000000000 ) ;
#4295 = CIRCLE ( 'NONE', #1524, 0.005641952032044423096 ) ;
#4296 = EDGE_CURVE ( 'NONE', #637, #241, #2796, .T. ) ;
#4297 = FACE_OUTER_BOUND ( 'NONE', #4076, .T. ) ;
#4298 = PRESENTATION_STYLE_ASSIGNMENT (( #987 ) ) ;
#4299 = FACE_OUTER_BOUND ( 'NONE', #381, .T. ) ;
#4300 = DIRECTION ( 'NONE',  ( -0.000000000000000000, 0.000000000000000000, 1.000000000000000000 ) ) ;
#4301 = VERTEX_POINT ( 'NONE', #2197 ) ;
#4302 = LINE ( 'NONE', #2712, #4095 ) ;
#4303 = CARTESIAN_POINT ( 'NONE',  ( -0.004468399649801290535, 0.001134100007169953081, -0.002260600000000000630 ) ) ;
#4304 = ORIENTED_EDGE ( 'NONE', *, *, #3074, .F. ) ;
#4305 = VERTEX_POINT ( 'NONE', #4086 ) ;
#4306 = CARTESIAN_POINT ( 'NONE',  ( -0.001905000000000000009, 0.01146821945739594575, 0.000000000000000000 ) ) ;
#4307 = NEXT_ASSEMBLY_USAGE_OCCURRENCE ( 'NAUO1', ' ', ' ', #426, #1293, $ ) ;
#4308 = NEXT_ASSEMBLY_USAGE_OCCURRENCE ( 'NAUO2', ' ', ' ', #426, #2073, $ ) ;
#4309 = NEXT_ASSEMBLY_USAGE_OCCURRENCE ( 'NAUO3', ' ', ' ', #426, #2212, $ ) ;
#4310 = NEXT_ASSEMBLY_USAGE_OCCURRENCE ( 'NAUO4', ' ', ' ', #426, #293, $ ) ;
ENDSEC;
END-ISO-10303-21;
