ISO-10303-21;
HEADER;
FILE_DESCRIPTION (( 'STEP AP214' ),
    '1' );
FILE_NAME ('TO-220 Package IC.STEP',
    '2024-10-03T21:44:05',
    ( '' ),
    ( '' ),
    'SwSTEP 2.0',
    'SolidWorks 2022',
    '' );
FILE_SCHEMA (( 'AUTOMOTIVE_DESIGN' ));
ENDSEC;

DATA;
#1 = VECTOR ( 'NONE', #1814, 1000.000000000000000 ) ;
#2 = ORIENTED_EDGE ( 'NONE', *, *, #581, .F. ) ;
#3 = FILL_AREA_STYLE ('',( #1774 ) ) ;
#4 = PRESENTATION_LAYER_ASSIGNMENT (  '', '', ( #466 ) ) ;
#5 = DIRECTION ( 'NONE',  ( -0.000000000000000000, -0.000000000000000000, 1.000000000000000000 ) ) ;
#6 = VERTEX_POINT ( 'NONE', #372 ) ;
#7 = CARTESIAN_POINT ( 'NONE',  ( 5.080000000000006288, 8.889999999999998792, -2.247900000000000453 ) ) ;
#8 = FACE_OUTER_BOUND ( 'NONE', #1339, .T. ) ;
#9 = CARTESIAN_POINT ( 'NONE',  ( -5.079999999999993854, 0.000000000000000000, 2.247900000000000453 ) ) ;
#10 = EDGE_LOOP ( 'NONE', ( #1292, #1119 ) ) ;
#11 = PLANE ( 'NONE',  #683 ) ;
#12 = CARTESIAN_POINT ( 'NONE',  ( -3.279999999999994476, 1.300000000000000044, 2.147900000000000809 ) ) ;
#13 =( NAMED_UNIT ( * ) SI_UNIT ( $, .STERADIAN. ) SOLID_ANGLE_UNIT ( ) );
#14 = EDGE_CURVE ( 'NONE', #161, #1751, #1054, .T. ) ;
#15 = SURFACE_SIDE_STYLE ('',( #152 ) ) ;
#16 = LINE ( 'NONE', #1188, #688 ) ;
#17 = UNCERTAINTY_MEASURE_WITH_UNIT (LENGTH_MEASURE( 1.000000000000000082E-05 ), #519, 'distance_accuracy_value', 'NONE');
#18 = EDGE_LOOP ( 'NONE', ( #1303, #1843, #980, #1589, #1252, #49 ) ) ;
#19 = SURFACE_STYLE_USAGE ( .BOTH. , #440 ) ;
#20 = STYLED_ITEM ( 'NONE', ( #1539 ), #1680 ) ;
#21 = PRODUCT_DEFINITION_FORMATION_WITH_SPECIFIED_SOURCE ( 'ANY', '', #1473, .NOT_KNOWN. ) ;
#22 = FACE_OUTER_BOUND ( 'NONE', #110, .T. ) ;
#23 = DIRECTION ( 'NONE',  ( 0.000000000000000000, 1.000000000000000000, 0.000000000000000000 ) ) ;
#24 = VECTOR ( 'NONE', #1201, 1000.000000000000000 ) ;
#25 = ORIENTED_EDGE ( 'NONE', *, *, #1529, .T. ) ;
#26 = SURFACE_STYLE_USAGE ( .BOTH. , #1172 ) ;
#27 = LINE ( 'NONE', #630, #1099 ) ;
#28 = DIRECTION ( 'NONE',  ( -0.000000000000000000, 1.000000000000000000, -0.000000000000000000 ) ) ;
#29 = PRESENTATION_LAYER_ASSIGNMENT (  '', '', ( #338 ) ) ;
#30 = PRESENTATION_LAYER_ASSIGNMENT (  '', '', ( #535 ) ) ;
#31 = SURFACE_STYLE_USAGE ( .BOTH. , #454 ) ;
#32 = AXIS2_PLACEMENT_3D ( 'NONE', #1635, #946, #327 ) ;
#33 = EDGE_CURVE ( 'NONE', #405, #285, #1793, .T. ) ;
#34 = CIRCLE ( 'NONE', #1488, 0.5000000000000000000 ) ;
#35 = SURFACE_STYLE_FILL_AREA ( #1218 ) ;
#36 = COLOUR_RGB ( '',0.8509803921568627194, 0.8509803921568627194, 0.8509803921568627194 ) ;
#37 = ORIENTED_EDGE ( 'NONE', *, *, #280, .F. ) ;
#38 = DIRECTION ( 'NONE',  ( 0.000000000000000000, 0.000000000000000000, 1.000000000000000000 ) ) ;
#39 = SURFACE_SIDE_STYLE ('',( #1342 ) ) ;
#40 =( LENGTH_UNIT ( ) NAMED_UNIT ( * ) SI_UNIT ( .MILLI., .METRE. ) );
#41 = FACE_OUTER_BOUND ( 'NONE', #1112, .T. ) ;
#42 = ORIENTED_EDGE ( 'NONE', *, *, #598, .F. ) ;
#43 = CARTESIAN_POINT ( 'NONE',  ( 2.923911681979796118, -4.999999999999999112, -0.1230853639015410533 ) ) ;
#44 = ADVANCED_FACE ( 'NONE', ( #915 ), #329, .F. ) ;
#45 = VECTOR ( 'NONE', #1085, 1000.000000000000000 ) ;
#46 = ORIENTED_EDGE ( 'NONE', *, *, #747, .T. ) ;
#47 =( LENGTH_UNIT ( ) NAMED_UNIT ( * ) SI_UNIT ( .MILLI., .METRE. ) );
#48 = CARTESIAN_POINT ( 'NONE',  ( 2.923911681979801891, -5.000000000000000000, 0.1230853639015391798 ) ) ;
#49 = ORIENTED_EDGE ( 'NONE', *, *, #1761, .T. ) ;
#50 = CARTESIAN_POINT ( 'NONE',  ( 2.156088318020204397, -5.000000000000000000, 0.000000000000000000 ) ) ;
#51 = FILL_AREA_STYLE ('',( #215 ) ) ;
#52 =( NAMED_UNIT ( * ) PLANE_ANGLE_UNIT ( ) SI_UNIT ( $, .RADIAN. ) );
#53 = ORIENTED_EDGE ( 'NONE', *, *, #1185, .F. ) ;
#54 = CARTESIAN_POINT ( 'NONE',  ( -2.156088318020198180, -4.000000000000000000, -6.988914636098460420 ) ) ;
#55 = PRODUCT_DEFINITION_CONTEXT ( 'detailed design', #817, 'design' ) ;
#56 = ORIENTED_EDGE ( 'NONE', *, *, #846, .T. ) ;
#57 = PRESENTATION_LAYER_ASSIGNMENT (  '', '', ( #1365 ) ) ;
#58 = DIRECTION ( 'NONE',  ( 0.000000000000000000, 0.000000000000000000, 1.000000000000000000 ) ) ;
#59 = LINE ( 'NONE', #195, #678 ) ;
#60 = DIRECTION ( 'NONE',  ( 0.7882663956891754475, -0.6153341282808847401, 0.000000000000000000 ) ) ;
#61 = CARTESIAN_POINT ( 'NONE',  ( 2.156088318020198180, -3.999999999999999112, -0.1230853639015410533 ) ) ;
#62 = PRESENTATION_LAYER_ASSIGNMENT (  '', '', ( #1701 ) ) ;
#63 = VERTEX_POINT ( 'NONE', #650 ) ;
#64 = VECTOR ( 'NONE', #518, 1000.000000000000000 ) ;
#65 = DIRECTION ( 'NONE',  ( -1.000000000000000000, -0.000000000000000000, -0.000000000000000000 ) ) ;
#66 = PRESENTATION_LAYER_ASSIGNMENT (  '', '', ( #1191 ) ) ;
#67 = PLANE ( 'NONE',  #767 ) ;
#68 = CARTESIAN_POINT ( 'NONE',  ( 2.156088318020204397, -5.000000000000000000, -0.1230853639015391798 ) ) ;
#69 = ADVANCED_FACE ( 'NONE', ( #1213 ), #1074, .T. ) ;
#70 = EDGE_CURVE ( 'NONE', #1131, #1503, #900, .T. ) ;
#71 = CARTESIAN_POINT ( 'NONE',  ( 1.909917590217143912, -3.400000000000058087, 0.1230853639015271478 ) ) ;
#72 = CARTESIAN_POINT ( 'NONE',  ( 2.923911681979796118, -3.999999999999999112, -0.1230853639015401790 ) ) ;
#73 = DIRECTION ( 'NONE',  ( 1.000000000000000000, -0.000000000000000000, 0.000000000000000000 ) ) ;
#74 = DIRECTION ( 'NONE',  ( -0.000000000000000000, 1.000000000000000000, -0.000000000000000000 ) ) ;
#75 = SURFACE_STYLE_USAGE ( .BOTH. , #1815 ) ;
#76 = CARTESIAN_POINT ( 'NONE',  ( -2.923911681979796118, -5.000000000000000000, -0.1230853639015388884 ) ) ;
#77 = ADVANCED_FACE ( 'NONE', ( #1848 ), #834, .T. ) ;
#78 = CARTESIAN_POINT ( 'NONE',  ( -0.3839116819797988023, -5.000000000000000000, 0.000000000000000000 ) ) ;
#79 = ORIENTED_EDGE ( 'NONE', *, *, #1850, .F. ) ;
#80 =( NAMED_UNIT ( * ) PLANE_ANGLE_UNIT ( ) SI_UNIT ( $, .RADIAN. ) );
#81 = SURFACE_SIDE_STYLE ('',( #247 ) ) ;
#82 = CARTESIAN_POINT ( 'NONE',  ( -2.923911681979796118, -5.000000000000000000, 0.000000000000000000 ) ) ;
#83 = VECTOR ( 'NONE', #950, 1000.000000000000000 ) ;
#84 = ORIENTED_EDGE ( 'NONE', *, *, #1663, .T. ) ;
#85 = EDGE_CURVE ( 'NONE', #757, #188, #531, .T. ) ;
#86 = VECTOR ( 'NONE', #1636, 1000.000000000000000 ) ;
#87 = VECTOR ( 'NONE', #632, 1000.000000000000000 ) ;
#88 = CARTESIAN_POINT ( 'NONE',  ( 0.3839116819797984137, -4.999999999999999112, -6.988914636098460420 ) ) ;
#89 = DIRECTION ( 'NONE',  ( -0.000000000000000000, 1.000000000000000000, -0.000000000000000000 ) ) ;
#90 = DIRECTION ( 'NONE',  ( 0.000000000000000000, 0.000000000000000000, -1.000000000000000000 ) ) ;
#91 =( BOUNDED_CURVE ( )  B_SPLINE_CURVE ( 3, ( #1808, #509, #362, #1602 ),
 .UNSPECIFIED., .F., .T. ) 
 B_SPLINE_CURVE_WITH_KNOTS ( ( 4, 4 ),
 ( 4.712388980384689674, 7.853981633974482790 ),
 .UNSPECIFIED. ) 
 CURVE ( )  GEOMETRIC_REPRESENTATION_ITEM ( )  RATIONAL_B_SPLINE_CURVE ( ( 1.000000000000000000, 0.3333333333333333703, 0.3333333333333333703, 1.000000000000000000 ) ) 
 REPRESENTATION_ITEM ( '' )  );
#92 = ORIENTED_EDGE ( 'NONE', *, *, #1663, .F. ) ;
#93 = DIRECTION ( 'NONE',  ( 0.000000000000000000, 0.000000000000000000, -1.000000000000000000 ) ) ;
#94 = DIRECTION ( 'NONE',  ( 1.000000000000000000, 0.000000000000000000, 0.000000000000000000 ) ) ;
#95 = PLANE ( 'NONE',  #1057 ) ;
#96 = EDGE_CURVE ( 'NONE', #1086, #1138, #826, .T. ) ;
#97 = CARTESIAN_POINT ( 'NONE',  ( -0.6300824097828759962, -3.400000000000002132, 0.1230853639015385276 ) ) ;
#98 = PRESENTATION_STYLE_ASSIGNMENT (( #1109 ) ) ;
#99 = FACE_OUTER_BOUND ( 'NONE', #899, .T. ) ;
#100 = AXIS2_PLACEMENT_3D ( 'NONE', #54, #1190, #505 ) ;
#101 = ORIENTED_EDGE ( 'NONE', *, *, #1407, .F. ) ;
#102 = COLOUR_RGB ( '',0.7764705882352941346, 0.7568627450980391913, 0.7372549019607843590 ) ;
#103 = EDGE_CURVE ( 'NONE', #1131, #411, #1116, .T. ) ;
#104 = CARTESIAN_POINT ( 'NONE',  ( 0.3839116819797984137, -4.000000000000000000, 0.1230853639015392076 ) ) ;
#105 =( LENGTH_UNIT ( ) NAMED_UNIT ( * ) SI_UNIT ( .MILLI., .METRE. ) );
#106 = CARTESIAN_POINT ( 'NONE',  ( 0.3839116819797988023, -5.000000000000000000, -0.1230853639015392076 ) ) ;
#107 = ORIENTED_EDGE ( 'NONE', *, *, #753, .T. ) ;
#108 =( GEOMETRIC_REPRESENTATION_CONTEXT ( 3 ) GLOBAL_UNCERTAINTY_ASSIGNED_CONTEXT ( ( #837 ) ) GLOBAL_UNIT_ASSIGNED_CONTEXT ( ( #319, #638, #293 ) ) REPRESENTATION_CONTEXT ( 'NONE', 'WORKASPACE' ) );
#109 = LINE ( 'NONE', #434, #334 ) ;
#110 = EDGE_LOOP ( 'NONE', ( #542, #423, #260, #1778, #1411, #346 ) ) ;
#111 = CIRCLE ( 'NONE', #532, 0.1230853639015392076 ) ;
#112 = CARTESIAN_POINT ( 'NONE',  ( -2.156088318020198180, -5.000000000000000000, -0.1230853639015388884 ) ) ;
#113 = SURFACE_STYLE_USAGE ( .BOTH. , #1420 ) ;
#114 = COLOUR_RGB ( '',0.7764705882352941346, 0.7568627450980391913, 0.7372549019607843590 ) ;
#115 = ORIENTED_EDGE ( 'NONE', *, *, #813, .T. ) ;
#116 = COLOUR_RGB ( '',0.7764705882352941346, 0.7568627450980391913, 0.7372549019607843590 ) ;
#117 = DIRECTION ( 'NONE',  ( 0.000000000000000000, 0.000000000000000000, -1.000000000000000000 ) ) ;
#118 = SURFACE_SIDE_STYLE ('',( #1392 ) ) ;
#119 = VECTOR ( 'NONE', #1156, 1000.000000000000000 ) ;
#120 = ORIENTED_EDGE ( 'NONE', *, *, #1075, .T. ) ;
#121 = EDGE_CURVE ( 'NONE', #408, #713, #1859, .T. ) ;
#122 = DIRECTION ( 'NONE',  ( 0.000000000000000000, 0.000000000000000000, -1.000000000000000000 ) ) ;
#123 = EDGE_LOOP ( 'NONE', ( #1328, #1563, #1874, #502, #1867, #1394 ) ) ;
#124 = DIRECTION ( 'NONE',  ( -0.000000000000000000, 1.000000000000000000, -0.000000000000000000 ) ) ;
#125 = CARTESIAN_POINT ( 'NONE',  ( 2.923911681979796118, -3.999999999999999112, -6.988914636098460420 ) ) ;
#126 = EDGE_LOOP ( 'NONE', ( #336, #473, #944, #1727 ) ) ;
#127 = LINE ( 'NONE', #266, #167 ) ;
#128 = FILL_AREA_STYLE_COLOUR ( '', #1583 ) ;
#129 = ORIENTED_EDGE ( 'NONE', *, *, #1731, .T. ) ;
#130 = PRESENTATION_STYLE_ASSIGNMENT (( #314 ) ) ;
#131 = DIRECTION ( 'NONE',  ( -0.000000000000000000, 1.000000000000000000, -0.000000000000000000 ) ) ;
#132 = EDGE_CURVE ( 'NONE', #1079, #359, #267, .T. ) ;
#133 = VERTEX_POINT ( 'NONE', #1696 ) ;
#134 = FILL_AREA_STYLE ('',( #871 ) ) ;
#135 =( GEOMETRIC_REPRESENTATION_CONTEXT ( 3 ) GLOBAL_UNCERTAINTY_ASSIGNED_CONTEXT ( ( #1161 ) ) GLOBAL_UNIT_ASSIGNED_CONTEXT ( ( #824, #552, #1246 ) ) REPRESENTATION_CONTEXT ( 'NONE', 'WORKASPACE' ) );
#136 = ORIENTED_EDGE ( 'NONE', *, *, #539, .F. ) ;
#137 =( NAMED_UNIT ( * ) PLANE_ANGLE_UNIT ( ) SI_UNIT ( $, .RADIAN. ) );
#138 = DIRECTION ( 'NONE',  ( 0.000000000000000000, -1.000000000000000000, 0.000000000000000000 ) ) ;
#139 = CARTESIAN_POINT ( 'NONE',  ( -0.3839116819797988023, 0.000000000000000000, 0.000000000000000000 ) ) ;
#140 = ORIENTED_EDGE ( 'NONE', *, *, #1441, .T. ) ;
#141 = COLOUR_RGB ( '',0.8509803921568627194, 0.8509803921568627194, 0.8509803921568627194 ) ;
#142 = LINE ( 'NONE', #437, #1643 ) ;
#143 = COLOUR_RGB ( '',0.8509803921568627194, 0.8509803921568627194, 0.8509803921568627194 ) ;
#144 = UNCERTAINTY_MEASURE_WITH_UNIT (LENGTH_MEASURE( 1.000000000000000082E-05 ), #537, 'distance_accuracy_value', 'NONE');
#145 = VECTOR ( 'NONE', #89, 1000.000000000000000 ) ;
#146 = VERTEX_POINT ( 'NONE', #982 ) ;
#147 = SURFACE_STYLE_FILL_AREA ( #294 ) ;
#148 = CARTESIAN_POINT ( 'NONE',  ( 0.3839116819797988023, -5.000000000000000000, 0.1230853639015392076 ) ) ;
#149 = STYLED_ITEM ( 'NONE', ( #130 ), #636 ) ;
#150 = CARTESIAN_POINT ( 'NONE',  ( -3.903127820947815962E-15, 11.75091812156456328, -2.260600000000000609 ) ) ;
#151 = VECTOR ( 'NONE', #65, 1000.000000000000000 ) ;
#152 = SURFACE_STYLE_FILL_AREA ( #888 ) ;
#153 =( NAMED_UNIT ( * ) SI_UNIT ( $, .STERADIAN. ) SOLID_ANGLE_UNIT ( ) );
#154 = ADVANCED_FACE ( 'NONE', ( #963 ), #396, .F. ) ;
#155 = EDGE_LOOP ( 'NONE', ( #801, #1282, #140, #462 ) ) ;
#156 = FACE_OUTER_BOUND ( 'NONE', #998, .T. ) ;
#157 = DIRECTION ( 'NONE',  ( 0.000000000000000000, -1.000000000000000000, 0.000000000000000000 ) ) ;
#158 =( LENGTH_UNIT ( ) NAMED_UNIT ( * ) SI_UNIT ( .MILLI., .METRE. ) );
#159 = DIRECTION ( 'NONE',  ( -0.000000000000000000, 1.000000000000000000, -0.000000000000000000 ) ) ;
#160 = PLANE ( 'NONE',  #100 ) ;
#161 = VERTEX_POINT ( 'NONE', #973 ) ;
#162 =( NAMED_UNIT ( * ) SI_UNIT ( $, .STERADIAN. ) SOLID_ANGLE_UNIT ( ) );
#163 = DIRECTION ( 'NONE',  ( 0.000000000000000000, -1.000000000000000000, 0.000000000000000000 ) ) ;
#164 = ADVANCED_FACE ( 'NONE', ( #1305 ), #613, .F. ) ;
#165 = LINE ( 'NONE', #1198, #1103 ) ;
#166 = DIRECTION ( 'NONE',  ( 1.000000000000000000, 0.000000000000000000, 0.000000000000000000 ) ) ;
#167 = VECTOR ( 'NONE', #1271, 1000.000000000000114 ) ;
#168 = ORIENTED_EDGE ( 'NONE', *, *, #1830, .T. ) ;
#169 = FILL_AREA_STYLE_COLOUR ( '', #1699 ) ;
#170 = DIRECTION ( 'NONE',  ( 0.6153341282808847401, 0.7882663956891754475, 0.000000000000000000 ) ) ;
#171 = VECTOR ( 'NONE', #1724, 1000.000000000000000 ) ;
#172 =( BOUNDED_CURVE ( )  B_SPLINE_CURVE ( 3, ( #1362, #752, #1212, #1612 ),
 .UNSPECIFIED., .F., .T. ) 
 B_SPLINE_CURVE_WITH_KNOTS ( ( 4, 4 ),
 ( 4.712388980384639936, 7.853981633974532528 ),
 .UNSPECIFIED. ) 
 CURVE ( )  GEOMETRIC_REPRESENTATION_ITEM ( )  RATIONAL_B_SPLINE_CURVE ( ( 1.000000000000000000, 0.3333333333333001747, 0.3333333333333001747, 1.000000000000000000 ) ) 
 REPRESENTATION_ITEM ( '' )  );
#173 = ADVANCED_FACE ( 'NONE', ( #156 ), #864, .F. ) ;
#174 = PRESENTATION_LAYER_ASSIGNMENT (  '', '', ( #375 ) ) ;
#175 = CARTESIAN_POINT ( 'NONE',  ( 4.468399649801239271, -3.198158936437069095E-14, -2.247900000000000453 ) ) ;
#176 = MECHANICAL_DESIGN_GEOMETRIC_PRESENTATION_REPRESENTATION (  '', ( #561 ), #1614 ) ;
#177 = VECTOR ( 'NONE', #794, 1000.000000000000000 ) ;
#178 = FILL_AREA_STYLE_COLOUR ( '', #1842 ) ;
#179 = CYLINDRICAL_SURFACE ( 'NONE', #1781, 0.1230853639015392076 ) ;
#180 = COLOUR_RGB ( '',0.8509803921568627194, 0.8509803921568627194, 0.8509803921568627194 ) ;
#181 = FACE_OUTER_BOUND ( 'NONE', #1717, .T. ) ;
#182 = AXIS2_PLACEMENT_3D ( 'NONE', #139, #1026, #122 ) ;
#183 =( NAMED_UNIT ( * ) PLANE_ANGLE_UNIT ( ) SI_UNIT ( $, .RADIAN. ) );
#184 = EDGE_LOOP ( 'NONE', ( #92, #969 ) ) ;
#185 = CARTESIAN_POINT ( 'NONE',  ( 3.962525858598139815E-15, 1.134100007169937419, -2.247900000000000453 ) ) ;
#186 = SURFACE_STYLE_FILL_AREA ( #1588 ) ;
#187 = SURFACE_STYLE_USAGE ( .BOTH. , #917 ) ;
#188 = VERTEX_POINT ( 'NONE', #1033 ) ;
#189 = EDGE_CURVE ( 'NONE', #63, #411, #111, .T. ) ;
#190 = LINE ( 'NONE', #1056, #1804 ) ;
#191 = FILL_AREA_STYLE ('',( #204 ) ) ;
#192 = ORIENTED_EDGE ( 'NONE', *, *, #1288, .F. ) ;
#193 = CARTESIAN_POINT ( 'NONE',  ( -0.3839116819797988023, -5.000000000000000000, 0.1230853639015392076 ) ) ;
#194 = CARTESIAN_POINT ( 'NONE',  ( 1.904999999999995808, 11.75091812156456328, -2.260600000000000609 ) ) ;
#195 = CARTESIAN_POINT ( 'NONE',  ( -2.156088318020198180, -5.000000000000000000, -0.1230853639015388884 ) ) ;
#196 = EDGE_LOOP ( 'NONE', ( #1018, #1006, #1171, #1546, #418, #366 ) ) ;
#197 = STYLED_ITEM ( 'NONE', ( #1111 ), #1777 ) ;
#198 = FACE_OUTER_BOUND ( 'NONE', #1788, .T. ) ;
#199 = DIRECTION ( 'NONE',  ( 0.000000000000000000, 0.000000000000000000, -1.000000000000000000 ) ) ;
#200 = LINE ( 'NONE', #1783, #45 ) ;
#201 = DIRECTION ( 'NONE',  ( -0.000000000000000000, 1.000000000000000000, -0.000000000000000000 ) ) ;
#202 = ORIENTED_EDGE ( 'NONE', *, *, #1884, .T. ) ;
#203 = PRESENTATION_STYLE_ASSIGNMENT (( #358 ) ) ;
#204 = FILL_AREA_STYLE_COLOUR ( '', #530 ) ;
#205 = ADVANCED_FACE ( 'NONE', ( #1180, #908, #1474, #576 ), #286, .T. ) ;
#206 = ORIENTED_EDGE ( 'NONE', *, *, #1779, .T. ) ;
#207 = EDGE_CURVE ( 'NONE', #691, #1653, #738, .T. ) ;
#208 = STYLED_ITEM ( 'NONE', ( #1021 ), #1084 ) ;
#209 = SURFACE_SIDE_STYLE ('',( #1491 ) ) ;
#210 = DIRECTION ( 'NONE',  ( 1.000000000000000000, 0.000000000000000000, 0.000000000000000000 ) ) ;
#211 = MECHANICAL_DESIGN_GEOMETRIC_PRESENTATION_REPRESENTATION (  '', ( #1854 ), #1204 ) ;
#212 = DIRECTION ( 'NONE',  ( 0.000000000000000000, -1.000000000000000000, 0.000000000000000000 ) ) ;
#213 = DIRECTION ( 'NONE',  ( -0.000000000000000000, 1.000000000000000000, -0.000000000000000000 ) ) ;
#214 =( GEOMETRIC_REPRESENTATION_CONTEXT ( 3 ) GLOBAL_UNCERTAINTY_ASSIGNED_CONTEXT ( ( #903 ) ) GLOBAL_UNIT_ASSIGNED_CONTEXT ( ( #1570, #239, #1264 ) ) REPRESENTATION_CONTEXT ( 'NONE', 'WORKASPACE' ) );
#215 = FILL_AREA_STYLE_COLOUR ( '', #387 ) ;
#216 = PRESENTATION_STYLE_ASSIGNMENT (( #1095 ) ) ;
#217 = ORIENTED_EDGE ( 'NONE', *, *, #1577, .F. ) ;
#218 = VECTOR ( 'NONE', #28, 1000.000000000000000 ) ;
#219 = SURFACE_STYLE_FILL_AREA ( #246 ) ;
#220 = STYLED_ITEM ( 'NONE', ( #1254 ), #865 ) ;
#221 = FILL_AREA_STYLE_COLOUR ( '', #114 ) ;
#222 = EDGE_CURVE ( 'NONE', #607, #1453, #1317, .T. ) ;
#223 = ORIENTED_EDGE ( 'NONE', *, *, #787, .F. ) ;
#224 = DIRECTION ( 'NONE',  ( 0.6153341282808847401, 0.7882663956891754475, 0.000000000000000000 ) ) ;
#225 = PRESENTATION_STYLE_ASSIGNMENT (( #1102 ) ) ;
#226 = VERTEX_POINT ( 'NONE', #1449 ) ;
#227 = SURFACE_STYLE_USAGE ( .BOTH. , #527 ) ;
#228 = UNCERTAINTY_MEASURE_WITH_UNIT (LENGTH_MEASURE( 1.000000000000000082E-05 ), #1393, 'distance_accuracy_value', 'NONE');
#229 = EDGE_CURVE ( 'NONE', #1453, #1851, #766, .T. ) ;
#230 = FILL_AREA_STYLE_COLOUR ( '', #853 ) ;
#231 = CARTESIAN_POINT ( 'NONE',  ( 2.156088318020198180, -3.999999999999999112, 0.1230853639015392076 ) ) ;
#232 = MECHANICAL_DESIGN_GEOMETRIC_PRESENTATION_REPRESENTATION (  '', ( #197 ), #842 ) ;
#233 = EDGE_LOOP ( 'NONE', ( #781, #402, #1320, #1500 ) ) ;
#234 = COLOUR_RGB ( '',0.8509803921568627194, 0.8509803921568627194, 0.8509803921568627194 ) ;
#235 = SURFACE_STYLE_USAGE ( .BOTH. , #809 ) ;
#236 = PLANE ( 'NONE',  #1722 ) ;
#237 = STYLED_ITEM ( 'NONE', ( #882 ), #1463 ) ;
#238 =( LENGTH_UNIT ( ) NAMED_UNIT ( * ) SI_UNIT ( .MILLI., .METRE. ) );
#239 =( NAMED_UNIT ( * ) PLANE_ANGLE_UNIT ( ) SI_UNIT ( $, .RADIAN. ) );
#240 = VECTOR ( 'NONE', #1609, 1000.000000000000000 ) ;
#241 = SURFACE_STYLE_FILL_AREA ( #968 ) ;
#242 = PRESENTATION_LAYER_ASSIGNMENT (  '', '', ( #1574 ) ) ;
#243 = ORIENTED_EDGE ( 'NONE', *, *, #1441, .F. ) ;
#244 = VECTOR ( 'NONE', #255, 1000.000000000000000 ) ;
#245 = EDGE_CURVE ( 'NONE', #1183, #1573, #1880, .T. ) ;
#246 = FILL_AREA_STYLE ('',( #1687 ) ) ;
#247 = SURFACE_STYLE_FILL_AREA ( #1396 ) ;
#248 = MECHANICAL_DESIGN_GEOMETRIC_PRESENTATION_REPRESENTATION (  '', ( #1191 ), #1314 ) ;
#249 = UNCERTAINTY_MEASURE_WITH_UNIT (LENGTH_MEASURE( 1.000000000000000082E-05 ), #933, 'distance_accuracy_value', 'NONE');
#250 = SURFACE_STYLE_FILL_AREA ( #1272 ) ;
#251 = ORIENTED_EDGE ( 'NONE', *, *, #1748, .F. ) ;
#252 = FILL_AREA_STYLE_COLOUR ( '', #1681 ) ;
#253 = ORIENTED_EDGE ( 'NONE', *, *, #1414, .T. ) ;
#254 = EDGE_CURVE ( 'NONE', #6, #343, #1610, .T. ) ;
#255 = DIRECTION ( 'NONE',  ( -0.000000000000000000, -0.000000000000000000, 1.000000000000000000 ) ) ;
#256 = PLANE ( 'NONE',  #1739 ) ;
#257 =( NAMED_UNIT ( * ) SI_UNIT ( $, .STERADIAN. ) SOLID_ANGLE_UNIT ( ) );
#258 = ORIENTED_EDGE ( 'NONE', *, *, #528, .F. ) ;
#259 = SURFACE_STYLE_FILL_AREA ( #422 ) ;
#260 = ORIENTED_EDGE ( 'NONE', *, *, #813, .F. ) ;
#261 = VECTOR ( 'NONE', #1544, 1000.000000000000000 ) ;
#262 = SURFACE_STYLE_FILL_AREA ( #134 ) ;
#263 = ADVANCED_FACE ( 'NONE', ( #420 ), #1467, .T. ) ;
#264 =( GEOMETRIC_REPRESENTATION_CONTEXT ( 3 ) GLOBAL_UNCERTAINTY_ASSIGNED_CONTEXT ( ( #1122 ) ) GLOBAL_UNIT_ASSIGNED_CONTEXT ( ( #1881, #974, #1417 ) ) REPRESENTATION_CONTEXT ( 'NONE', 'WORKASPACE' ) );
#265 = ORIENTED_EDGE ( 'NONE', *, *, #889, .F. ) ;
#266 = CARTESIAN_POINT ( 'NONE',  ( 4.468399649801274798, 12.69999999999999751, -2.260600000000000609 ) ) ;
#267 = LINE ( 'NONE', #1101, #920 ) ;
#268 =( NAMED_UNIT ( * ) PLANE_ANGLE_UNIT ( ) SI_UNIT ( $, .RADIAN. ) );
#269 = ORIENTED_EDGE ( 'NONE', *, *, #409, .F. ) ;
#270 = MECHANICAL_DESIGN_GEOMETRIC_PRESENTATION_REPRESENTATION (  '', ( #208 ), #108 ) ;
#271 = DIRECTION ( 'NONE',  ( 0.000000000000000000, 0.000000000000000000, 1.000000000000000000 ) ) ;
#272 = EDGE_LOOP ( 'NONE', ( #1135, #1465, #192, #37 ) ) ;
#273 =( GEOMETRIC_REPRESENTATION_CONTEXT ( 3 ) GLOBAL_UNCERTAINTY_ASSIGNED_CONTEXT ( ( #1139 ) ) GLOBAL_UNIT_ASSIGNED_CONTEXT ( ( #792, #677, #671 ) ) REPRESENTATION_CONTEXT ( 'NONE', 'WORKASPACE' ) );
#274 = AXIS2_PLACEMENT_3D ( 'NONE', #1483, #1223, #923 ) ;
#275 = EDGE_LOOP ( 'NONE', ( #1222, #1152 ) ) ;
#276 = MECHANICAL_DESIGN_GEOMETRIC_PRESENTATION_REPRESENTATION (  '', ( #220 ), #1742 ) ;
#277 = FILL_AREA_STYLE_COLOUR ( '', #1245 ) ;
#278 = CARTESIAN_POINT ( 'NONE',  ( -5.079999999999993854, 0.000000000000000000, 2.247900000000000453 ) ) ;
#279 = DIRECTION ( 'NONE',  ( -0.9251594774500235818, 0.3795786364963119053, 0.000000000000000000 ) ) ;
#280 = EDGE_CURVE ( 'NONE', #1585, #736, #1462, .T. ) ;
#281 = CARTESIAN_POINT ( 'NONE',  ( -5.079999999999993854, 8.889999999999998792, 2.247900000000000453 ) ) ;
#282 = CARTESIAN_POINT ( 'NONE',  ( -2.156088318020198180, -5.000000000000000000, -6.988914636098460420 ) ) ;
#283 = ORIENTED_EDGE ( 'NONE', *, *, #942, .F. ) ;
#284 = CARTESIAN_POINT ( 'NONE',  ( 2.975987827458993262, 14.61183624312912777, -2.260600000000000609 ) ) ;
#285 = VERTEX_POINT ( 'NONE', #1372 ) ;
#286 = PLANE ( 'NONE',  #373 ) ;
#287 =( LENGTH_UNIT ( ) NAMED_UNIT ( * ) SI_UNIT ( .MILLI., .METRE. ) );
#288 = EDGE_CURVE ( 'NONE', #637, #1707, #507, .T. ) ;
#289 = FILL_AREA_STYLE_COLOUR ( '', #141 ) ;
#290 = ORIENTED_EDGE ( 'NONE', *, *, #811, .F. ) ;
#291 = COLOUR_RGB ( '',0.8509803921568627194, 0.8509803921568627194, 0.8509803921568627194 ) ;
#292 = ORIENTED_EDGE ( 'NONE', *, *, #644, .F. ) ;
#293 =( NAMED_UNIT ( * ) SI_UNIT ( $, .STERADIAN. ) SOLID_ANGLE_UNIT ( ) );
#294 = FILL_AREA_STYLE ('',( #1598 ) ) ;
#295 = PRESENTATION_STYLE_ASSIGNMENT (( #1023 ) ) ;
#296 = VERTEX_POINT ( 'NONE', #1645 ) ;
#297 = LINE ( 'NONE', #1468, #1802 ) ;
#298 = CARTESIAN_POINT ( 'NONE',  ( -1.909917590217120598, -3.400000000000000799, -0.1230853639015388745 ) ) ;
#299 =( GEOMETRIC_REPRESENTATION_CONTEXT ( 3 ) GLOBAL_UNCERTAINTY_ASSIGNED_CONTEXT ( ( #692 ) ) GLOBAL_UNIT_ASSIGNED_CONTEXT ( ( #1255, #393, #1097 ) ) REPRESENTATION_CONTEXT ( 'NONE', 'WORKASPACE' ) );
#300 = ADVANCED_FACE ( 'NONE', ( #482 ), #67, .F. ) ;
#301 = FACE_OUTER_BOUND ( 'NONE', #155, .T. ) ;
#302 = FILL_AREA_STYLE_COLOUR ( '', #748 ) ;
#303 = COLOUR_RGB ( '',0.7764705882352941346, 0.7568627450980391913, 0.7372549019607843590 ) ;
#304 = UNCERTAINTY_MEASURE_WITH_UNIT (LENGTH_MEASURE( 1.000000000000000082E-05 ), #726, 'distance_accuracy_value', 'NONE');
#305 = AXIS2_PLACEMENT_3D ( 'NONE', #885, #1869, #464 ) ;
#306 = DIRECTION ( 'NONE',  ( 1.000000000000000000, 0.000000000000000000, 0.000000000000000000 ) ) ;
#307 = ORIENTED_EDGE ( 'NONE', *, *, #930, .T. ) ;
#308 = PLANE ( 'NONE',  #655 ) ;
#309 =( NAMED_UNIT ( * ) PLANE_ANGLE_UNIT ( ) SI_UNIT ( $, .RADIAN. ) );
#310 = CIRCLE ( 'NONE', #1248, 1.904999999999999805 ) ;
#311 = FILL_AREA_STYLE_COLOUR ( '', #663 ) ;
#312 =( GEOMETRIC_REPRESENTATION_CONTEXT ( 3 ) GLOBAL_UNCERTAINTY_ASSIGNED_CONTEXT ( ( #543 ) ) GLOBAL_UNIT_ASSIGNED_CONTEXT ( ( #621, #901, #604 ) ) REPRESENTATION_CONTEXT ( 'NONE', 'WORKASPACE' ) );
#313 = ORIENTED_EDGE ( 'NONE', *, *, #540, .T. ) ;
#314 = SURFACE_STYLE_USAGE ( .BOTH. , #1184 ) ;
#315 = LINE ( 'NONE', #1336, #1403 ) ;
#316 =( LENGTH_UNIT ( ) NAMED_UNIT ( * ) SI_UNIT ( .MILLI., .METRE. ) );
#317 = EDGE_CURVE ( 'NONE', #746, #567, #1232, .T. ) ;
#318 = VERTEX_POINT ( 'NONE', #1351 ) ;
#319 =( LENGTH_UNIT ( ) NAMED_UNIT ( * ) SI_UNIT ( .MILLI., .METRE. ) );
#320 = DIRECTION ( 'NONE',  ( 0.000000000000000000, 0.000000000000000000, -1.000000000000000000 ) ) ;
#321 =( NAMED_UNIT ( * ) SI_UNIT ( $, .STERADIAN. ) SOLID_ANGLE_UNIT ( ) );
#322 = ORIENTED_EDGE ( 'NONE', *, *, #744, .T. ) ;
#323 =( NAMED_UNIT ( * ) PLANE_ANGLE_UNIT ( ) SI_UNIT ( $, .RADIAN. ) );
#324 = SURFACE_STYLE_USAGE ( .BOTH. , #1069 ) ;
#325 = ADVANCED_FACE ( 'NONE', ( #347 ), #1501, .F. ) ;
#326 = ORIENTED_EDGE ( 'NONE', *, *, #85, .F. ) ;
#327 = DIRECTION ( 'NONE',  ( 1.000000000000000000, 0.000000000000000000, 0.000000000000000000 ) ) ;
#328 = VECTOR ( 'NONE', #597, 1000.000000000000000 ) ;
#329 = PLANE ( 'NONE',  #1247 ) ;
#330 = FILL_AREA_STYLE_COLOUR ( '', #1800 ) ;
#331 = AXIS2_PLACEMENT_3D ( 'NONE', #284, #1205, #1064 ) ;
#332 = CARTESIAN_POINT ( 'NONE',  ( 2.156088318020198180, -5.000000000000000000, 0.1230853639015392076 ) ) ;
#333 = DIRECTION ( 'NONE',  ( 1.000000000000000000, 0.000000000000000000, 0.000000000000000000 ) ) ;
#334 = VECTOR ( 'NONE', #1017, 1000.000000000000000 ) ;
#335 = CARTESIAN_POINT ( 'NONE',  ( -2.923911681979796118, 0.000000000000000000, 0.000000000000000000 ) ) ;
#336 = ORIENTED_EDGE ( 'NONE', *, *, #1136, .T. ) ;
#337 = FILL_AREA_STYLE ('',( #221 ) ) ;
#338 = STYLED_ITEM ( 'NONE', ( #640 ), #69 ) ;
#339 = EDGE_CURVE ( 'NONE', #564, #1195, #812, .T. ) ;
#340 = LINE ( 'NONE', #1876, #1399 ) ;
#341 = MECHANICAL_DESIGN_GEOMETRIC_PRESENTATION_REPRESENTATION (  '', ( #149 ), #312 ) ;
#342 = SURFACE_SIDE_STYLE ('',( #1520 ) ) ;
#343 = VERTEX_POINT ( 'NONE', #1202 ) ;
#344 = PRESENTATION_LAYER_ASSIGNMENT (  '', '', ( #1160 ) ) ;
#345 = CARTESIAN_POINT ( 'NONE',  ( -3.779999999999994476, 1.300000000000000044, 2.247900000000000453 ) ) ;
#346 = ORIENTED_EDGE ( 'NONE', *, *, #787, .T. ) ;
#347 = FACE_OUTER_BOUND ( 'NONE', #1723, .T. ) ;
#348 = ADVANCED_BREP_SHAPE_REPRESENTATION ( 'TO-220 Package IC', ( #1256, #1725 ), #1478 ) ;
#349 = CARTESIAN_POINT ( 'NONE',  ( 2.156088318020204397, -5.000000000000000000, -0.1230853639015391798 ) ) ;
#350 = CARTESIAN_POINT ( 'NONE',  ( -2.156088318020198180, -4.000000000000000000, 0.1230853639015392076 ) ) ;
#351 = SURFACE_STYLE_USAGE ( .BOTH. , #39 ) ;
#352 = CARTESIAN_POINT ( 'NONE',  ( -3.903127820947815962E-15, 11.75091812156456328, -2.260600000000000609 ) ) ;
#353 = CARTESIAN_POINT ( 'NONE',  ( -5.079999999999993854, 8.889999999999998792, 2.247900000000000453 ) ) ;
#354 = EDGE_CURVE ( 'NONE', #934, #607, #830, .T. ) ;
#355 = FACE_OUTER_BOUND ( 'NONE', #123, .T. ) ;
#356 = FACE_OUTER_BOUND ( 'NONE', #1129, .T. ) ;
#357 = ORIENTED_EDGE ( 'NONE', *, *, #14, .F. ) ;
#358 = SURFACE_STYLE_USAGE ( .BOTH. , #1487 ) ;
#359 = VERTEX_POINT ( 'NONE', #1329 ) ;
#360 = CARTESIAN_POINT ( 'NONE',  ( -5.079999999999993854, 8.889999999999998792, 2.247900000000000453 ) ) ;
#361 = DIRECTION ( 'NONE',  ( -0.000000000000000000, -0.000000000000000000, 1.000000000000000000 ) ) ;
#362 = CARTESIAN_POINT ( 'NONE',  ( -3.170082409782874144, -3.400000000000000799, 0.1230853639015388745 ) ) ;
#363 =( GEOMETRIC_REPRESENTATION_CONTEXT ( 3 ) GLOBAL_UNCERTAINTY_ASSIGNED_CONTEXT ( ( #735 ) ) GLOBAL_UNIT_ASSIGNED_CONTEXT ( ( #872, #1315, #745 ) ) REPRESENTATION_CONTEXT ( 'NONE', 'WORKASPACE' ) );
#364 = CARTESIAN_POINT ( 'NONE',  ( -4.279999999999994031, 1.300000000000000044, 2.247900000000000453 ) ) ;
#365 = CARTESIAN_POINT ( 'NONE',  ( -2.923911681979796118, -5.000000000000000000, 0.1230853639015388884 ) ) ;
#366 = ORIENTED_EDGE ( 'NONE', *, *, #598, .T. ) ;
#367 = PLANE ( 'NONE',  #711 ) ;
#368 = CARTESIAN_POINT ( 'NONE',  ( -4.279999999999994031, 1.300000000000000044, 2.147900000000000809 ) ) ;
#369 = EDGE_CURVE ( 'NONE', #1020, #525, #27, .T. ) ;
#370 = STYLED_ITEM ( 'NONE', ( #1822 ), #1256 ) ;
#371 = DIRECTION ( 'NONE',  ( 0.000000000000000000, 0.000000000000000000, 1.000000000000000000 ) ) ;
#372 = CARTESIAN_POINT ( 'NONE',  ( -4.468399649801290785, 1.134100007169953184, -2.260600000000000609 ) ) ;
#373 = AXIS2_PLACEMENT_3D ( 'NONE', #897, #163, #1456 ) ;
#374 = DIRECTION ( 'NONE',  ( -0.000000000000000000, -0.000000000000000000, 1.000000000000000000 ) ) ;
#375 = STYLED_ITEM ( 'NONE', ( #928 ), #399 ) ;
#376 =( LENGTH_UNIT ( ) NAMED_UNIT ( * ) SI_UNIT ( .MILLI., .METRE. ) );
#377 = ORIENTED_EDGE ( 'NONE', *, *, #427, .T. ) ;
#378 = VECTOR ( 'NONE', #935, 1000.000000000000000 ) ;
#379 = FACE_OUTER_BOUND ( 'NONE', #432, .T. ) ;
#380 = AXIS2_PLACEMENT_3D ( 'NONE', #1479, #654, #786 ) ;
#381 = MECHANICAL_DESIGN_GEOMETRIC_PRESENTATION_REPRESENTATION (  '', ( #895 ), #1340 ) ;
#382 = EDGE_CURVE ( 'NONE', #873, #691, #1824, .T. ) ;
#383 = CARTESIAN_POINT ( 'NONE',  ( 0.3839116819797984137, -4.000000000000000000, 0.1230853639015392076 ) ) ;
#384 = SURFACE_STYLE_FILL_AREA ( #1275 ) ;
#385 = PLANE ( 'NONE',  #1010 ) ;
#386 = DIRECTION ( 'NONE',  ( 0.000000000000000000, 0.000000000000000000, 1.000000000000000000 ) ) ;
#387 = COLOUR_RGB ( '',0.7764705882352941346, 0.7568627450980391913, 0.7372549019607843590 ) ;
#388 = EDGE_CURVE ( 'NONE', #1195, #1644, #810, .T. ) ;
#389 = FACE_OUTER_BOUND ( 'NONE', #646, .T. ) ;
#390 = AXIS2_PLACEMENT_3D ( 'NONE', #511, #662, #1506 ) ;
#391 = ORIENTED_EDGE ( 'NONE', *, *, #1818, .F. ) ;
#392 = FILL_AREA_STYLE_COLOUR ( '', #180 ) ;
#393 =( NAMED_UNIT ( * ) PLANE_ANGLE_UNIT ( ) SI_UNIT ( $, .RADIAN. ) );
#394 =( GEOMETRIC_REPRESENTATION_CONTEXT ( 3 ) GLOBAL_UNCERTAINTY_ASSIGNED_CONTEXT ( ( #712 ) ) GLOBAL_UNIT_ASSIGNED_CONTEXT ( ( #40, #1148, #1029 ) ) REPRESENTATION_CONTEXT ( 'NONE', 'WORKASPACE' ) );
#395 = SURFACE_STYLE_USAGE ( .BOTH. , #1304 ) ;
#396 = PLANE ( 'NONE',  #495 ) ;
#397 =( NAMED_UNIT ( * ) PLANE_ANGLE_UNIT ( ) SI_UNIT ( $, .RADIAN. ) );
#398 =( GEOMETRIC_REPRESENTATION_CONTEXT ( 3 ) GLOBAL_UNCERTAINTY_ASSIGNED_CONTEXT ( ( #1694 ) ) GLOBAL_UNIT_ASSIGNED_CONTEXT ( ( #1425, #137, #1847 ) ) REPRESENTATION_CONTEXT ( 'NONE', 'WORKASPACE' ) );
#399 = ADVANCED_FACE ( 'NONE', ( #521 ), #1093, .T. ) ;
#400 = ORIENTED_EDGE ( 'NONE', *, *, #189, .F. ) ;
#401 = MECHANICAL_DESIGN_GEOMETRIC_PRESENTATION_REPRESENTATION (  '', ( #1550 ), #273 ) ;
#402 = ORIENTED_EDGE ( 'NONE', *, *, #1565, .F. ) ;
#403 = VECTOR ( 'NONE', #170, 1000.000000000000114 ) ;
#404 = DIRECTION ( 'NONE',  ( -0.000000000000000000, 1.000000000000000000, -0.000000000000000000 ) ) ;
#405 = VERTEX_POINT ( 'NONE', #1816 ) ;
#406 = EDGE_CURVE ( 'NONE', #637, #188, #958, .T. ) ;
#407 = CARTESIAN_POINT ( 'NONE',  ( -0.3839116819797990243, -4.000000000000000000, -0.1230853639015410533 ) ) ;
#408 = VERTEX_POINT ( 'NONE', #776 ) ;
#409 = EDGE_CURVE ( 'NONE', #188, #567, #1494, .T. ) ;
#410 =( NAMED_UNIT ( * ) PLANE_ANGLE_UNIT ( ) SI_UNIT ( $, .RADIAN. ) );
#411 = VERTEX_POINT ( 'NONE', #1343 ) ;
#412 = LINE ( 'NONE', #1736, #1763 ) ;
#413 = ORIENTED_EDGE ( 'NONE', *, *, #1243, .T. ) ;
#414 = LINE ( 'NONE', #1711, #911 ) ;
#415 = ADVANCED_FACE ( 'NONE', ( #783, #1782 ), #1354, .F. ) ;
#416 = UNCERTAINTY_MEASURE_WITH_UNIT (LENGTH_MEASURE( 1.000000000000000082E-05 ), #652, 'distance_accuracy_value', 'NONE');
#417 = LINE ( 'NONE', #1579, #1599 ) ;
#418 = ORIENTED_EDGE ( 'NONE', *, *, #1197, .T. ) ;
#419 = CARTESIAN_POINT ( 'NONE',  ( 2.923911681979801891, -5.000000000000000000, 0.000000000000000000 ) ) ;
#420 = FACE_OUTER_BOUND ( 'NONE', #720, .T. ) ;
#421 =( NAMED_UNIT ( * ) SI_UNIT ( $, .STERADIAN. ) SOLID_ANGLE_UNIT ( ) );
#422 = FILL_AREA_STYLE ('',( #986 ) ) ;
#423 = ORIENTED_EDGE ( 'NONE', *, *, #14, .T. ) ;
#424 = CARTESIAN_POINT ( 'NONE',  ( -2.156088318020198180, -0.000000000000000000, 0.1230853639015388884 ) ) ;
#425 = MECHANICAL_DESIGN_GEOMETRIC_PRESENTATION_REPRESENTATION (  '', ( #535 ), #594 ) ;
#426 = CIRCLE ( 'NONE', #893, 1.904999999999999805 ) ;
#427 = EDGE_CURVE ( 'NONE', #536, #603, #310, .T. ) ;
#428 = LINE ( 'NONE', #904, #616 ) ;
#429 = ORIENTED_EDGE ( 'NONE', *, *, #914, .F. ) ;
#430 = AXIS2_PLACEMENT_3D ( 'NONE', #1801, #477, #333 ) ;
#431 = CARTESIAN_POINT ( 'NONE',  ( -2.156088318020198180, -4.000000000000000000, -0.1230853639015401790 ) ) ;
#432 = EDGE_LOOP ( 'NONE', ( #1476, #1883, #1387, #489 ) ) ;
#433 = CARTESIAN_POINT ( 'NONE',  ( -4.468399649801290785, 8.889999999999998792, -2.260600000000000609 ) ) ;
#434 = CARTESIAN_POINT ( 'NONE',  ( -0.3839116819797988023, -5.000000000000000000, 0.1230853639015392076 ) ) ;
#435 = EDGE_LOOP ( 'NONE', ( #1472, #1735, #53, #1268 ) ) ;
#436 = SURFACE_STYLE_USAGE ( .BOTH. , #1594 ) ;
#437 = CARTESIAN_POINT ( 'NONE',  ( -0.3839116819797988023, -5.000000000000000000, 0.1230853639015392076 ) ) ;
#438 = UNCERTAINTY_MEASURE_WITH_UNIT (LENGTH_MEASURE( 1.000000000000000082E-05 ), #964, 'distance_accuracy_value', 'NONE');
#439 = EDGE_LOOP ( 'NONE', ( #1437, #2 ) ) ;
#440 = SURFACE_SIDE_STYLE ('',( #147 ) ) ;
#441 = PRODUCT_DEFINITION ( 'UNKNOWN', '', #21, #55 ) ;
#442 = DIRECTION ( 'NONE',  ( -0.3795786364963119053, -0.9251594774500235818, 0.000000000000000000 ) ) ;
#443 = ORIENTED_EDGE ( 'NONE', *, *, #1471, .T. ) ;
#444 = ADVANCED_FACE ( 'NONE', ( #198 ), #1364, .F. ) ;
#445 = DIRECTION ( 'NONE',  ( 0.000000000000000000, -0.000000000000000000, 1.000000000000000000 ) ) ;
#446 = DIRECTION ( 'NONE',  ( -0.000000000000000000, 1.000000000000000000, -0.000000000000000000 ) ) ;
#447 = ORIENTED_EDGE ( 'NONE', *, *, #1149, .T. ) ;
#448 = FILL_AREA_STYLE_COLOUR ( '', #857 ) ;
#449 = VECTOR ( 'NONE', #374, 1000.000000000000000 ) ;
#450 = DIRECTION ( 'NONE',  ( -0.9251594774500233598, 0.3795786364963124049, 0.000000000000000000 ) ) ;
#451 = ORIENTED_EDGE ( 'NONE', *, *, #1759, .F. ) ;
#452 = DIRECTION ( 'NONE',  ( 1.000000000000000000, 0.000000000000000000, 0.000000000000000000 ) ) ;
#453 = FACE_OUTER_BOUND ( 'NONE', #196, .T. ) ;
#454 = SURFACE_SIDE_STYLE ('',( #1769 ) ) ;
#455 = EDGE_CURVE ( 'NONE', #1503, #63, #828, .T. ) ;
#456 = VECTOR ( 'NONE', #1061, 1000.000000000000000 ) ;
#457 = DIRECTION ( 'NONE',  ( -0.000000000000000000, -0.000000000000000000, -1.000000000000000000 ) ) ;
#458 = AXIS2_PLACEMENT_3D ( 'NONE', #82, #1834, #1391 ) ;
#459 = UNCERTAINTY_MEASURE_WITH_UNIT (LENGTH_MEASURE( 1.000000000000000082E-05 ), #1267, 'distance_accuracy_value', 'NONE');
#460 = AXIS2_PLACEMENT_3D ( 'NONE', #1090, #371, #953 ) ;
#461 = PLANE ( 'NONE',  #582 ) ;
#462 = ORIENTED_EDGE ( 'NONE', *, *, #914, .T. ) ;
#463 = FILL_AREA_STYLE ('',( #169 ) ) ;
#464 = DIRECTION ( 'NONE',  ( 0.000000000000000000, 0.000000000000000000, -1.000000000000000000 ) ) ;
#465 = VECTOR ( 'NONE', #1166, 1000.000000000000000 ) ;
#466 = STYLED_ITEM ( 'NONE', ( #203 ), #762 ) ;
#467 = ORIENTED_EDGE ( 'NONE', *, *, #1839, .T. ) ;
#468 = PRESENTATION_STYLE_ASSIGNMENT (( #31 ) ) ;
#469 = MECHANICAL_DESIGN_GEOMETRIC_PRESENTATION_REPRESENTATION (  '', ( #1280 ), #1151 ) ;
#470 = EDGE_CURVE ( 'NONE', #603, #146, #703, .T. ) ;
#471 =( LENGTH_UNIT ( ) NAMED_UNIT ( * ) SI_UNIT ( .MILLI., .METRE. ) );
#472 = ADVANCED_FACE ( 'NONE', ( #1705, #1684 ), #993, .T. ) ;
#473 = ORIENTED_EDGE ( 'NONE', *, *, #672, .T. ) ;
#474 = CARTESIAN_POINT ( 'NONE',  ( 4.468399649801274798, 12.69999999999999751, -2.260600000000000609 ) ) ;
#475 =( LENGTH_UNIT ( ) NAMED_UNIT ( * ) SI_UNIT ( .MILLI., .METRE. ) );
#476 = LINE ( 'NONE', #641, #926 ) ;
#477 = DIRECTION ( 'NONE',  ( -0.000000000000000000, -0.000000000000000000, 1.000000000000000000 ) ) ;
#478 = ADVANCED_FACE ( 'NONE', ( #99 ), #256, .F. ) ;
#479 = VECTOR ( 'NONE', #1215, 1000.000000000000000 ) ;
#480 = ORIENTED_EDGE ( 'NONE', *, *, #644, .T. ) ;
#481 = CARTESIAN_POINT ( 'NONE',  ( -3.779999999999994476, 1.300000000000000044, 2.147900000000000809 ) ) ;
#482 = FACE_OUTER_BOUND ( 'NONE', #844, .T. ) ;
#483 = FILL_AREA_STYLE_COLOUR ( '', #1770 ) ;
#484 =( GEOMETRIC_REPRESENTATION_CONTEXT ( 3 ) GLOBAL_UNCERTAINTY_ASSIGNED_CONTEXT ( ( #228 ) ) GLOBAL_UNIT_ASSIGNED_CONTEXT ( ( #1393, #268, #421 ) ) REPRESENTATION_CONTEXT ( 'NONE', 'WORKASPACE' ) );
#485 = ORIENTED_EDGE ( 'NONE', *, *, #382, .T. ) ;
#486 = DIRECTION ( 'NONE',  ( -0.000000000000000000, 1.000000000000000000, -0.000000000000000000 ) ) ;
#487 = FILL_AREA_STYLE_COLOUR ( '', #116 ) ;
#488 =( NAMED_UNIT ( * ) SI_UNIT ( $, .STERADIAN. ) SOLID_ANGLE_UNIT ( ) );
#489 = ORIENTED_EDGE ( 'NONE', *, *, #1197, .F. ) ;
#490 = CARTESIAN_POINT ( 'NONE',  ( 4.468399649801274798, 8.889999999999998792, -1.993900000000000672 ) ) ;
#491 = VECTOR ( 'NONE', #999, 1000.000000000000000 ) ;
#492 = ORIENTED_EDGE ( 'NONE', *, *, #121, .F. ) ;
#493 = LINE ( 'NONE', #349, #378 ) ;
#494 = ADVANCED_FACE ( 'NONE', ( #1440 ), #1306, .F. ) ;
#495 = AXIS2_PLACEMENT_3D ( 'NONE', #839, #1683, #1537 ) ;
#496 = PRESENTATION_LAYER_ASSIGNMENT (  '', '', ( #1639 ) ) ;
#497 = VERTEX_POINT ( 'NONE', #148 ) ;
#498 =( NAMED_UNIT ( * ) SI_UNIT ( $, .STERADIAN. ) SOLID_ANGLE_UNIT ( ) );
#499 = CARTESIAN_POINT ( 'NONE',  ( -2.156088318020198180, -5.000000000000000000, 0.000000000000000000 ) ) ;
#500 = LINE ( 'NONE', #1605, #584 ) ;
#501 = DIRECTION ( 'NONE',  ( -0.000000000000000000, 1.000000000000000000, -0.000000000000000000 ) ) ;
#502 = ORIENTED_EDGE ( 'NONE', *, *, #1839, .F. ) ;
#503 =( GEOMETRIC_REPRESENTATION_CONTEXT ( 3 ) GLOBAL_UNCERTAINTY_ASSIGNED_CONTEXT ( ( #1270 ) ) GLOBAL_UNIT_ASSIGNED_CONTEXT ( ( #1047, #323, #1196 ) ) REPRESENTATION_CONTEXT ( 'NONE', 'WORKASPACE' ) );
#504 = DIRECTION ( 'NONE',  ( 1.000000000000000000, 0.000000000000000000, 0.000000000000000000 ) ) ;
#505 = DIRECTION ( 'NONE',  ( -0.3795786364963124049, -0.9251594774500233598, 0.000000000000000000 ) ) ;
#506 = ORIENTED_EDGE ( 'NONE', *, *, #470, .T. ) ;
#507 = LINE ( 'NONE', #1210, #403 ) ;
#508 = CARTESIAN_POINT ( 'NONE',  ( 5.080000000000006288, 0.000000000000000000, 2.247900000000000453 ) ) ;
#509 = CARTESIAN_POINT ( 'NONE',  ( -3.170082409782874144, -3.400000000000000799, -0.1230853639015389578 ) ) ;
#510 = FILL_AREA_STYLE_COLOUR ( '', #1371 ) ;
#511 = CARTESIAN_POINT ( 'NONE',  ( 0.000000000000000000, 0.000000000000000000, -2.260600000000000609 ) ) ;
#512 = CARTESIAN_POINT ( 'NONE',  ( -3.903127820947815962E-15, 11.75091812156456328, -7.073900000000000077 ) ) ;
#513 = ADVANCED_FACE ( 'NONE', ( #453 ), #1034, .F. ) ;
#514 = DIRECTION ( 'NONE',  ( -0.000000000000000000, 1.000000000000000000, -0.000000000000000000 ) ) ;
#515 = ORIENTED_EDGE ( 'NONE', *, *, #1850, .T. ) ;
#516 = PRESENTATION_STYLE_ASSIGNMENT (( #235 ) ) ;
#517 = PRODUCT_DEFINITION_SHAPE ( 'NONE', 'NONE',  #441 ) ;
#518 = DIRECTION ( 'NONE',  ( 1.000000000000000000, 0.000000000000000000, 0.000000000000000000 ) ) ;
#519 =( LENGTH_UNIT ( ) NAMED_UNIT ( * ) SI_UNIT ( .MILLI., .METRE. ) );
#520 = MECHANICAL_DESIGN_GEOMETRIC_PRESENTATION_REPRESENTATION (  '', ( #20 ), #135 ) ;
#521 = FACE_OUTER_BOUND ( 'NONE', #1209, .T. ) ;
#522 = FILL_AREA_STYLE ('',( #1817 ) ) ;
#523 = MECHANICAL_DESIGN_GEOMETRIC_PRESENTATION_REPRESENTATION (  '', ( #967 ), #484 ) ;
#524 = SURFACE_STYLE_FILL_AREA ( #51 ) ;
#525 = VERTEX_POINT ( 'NONE', #1053 ) ;
#526 = EDGE_CURVE ( 'NONE', #146, #987, #831, .T. ) ;
#527 = SURFACE_SIDE_STYLE ('',( #1535 ) ) ;
#528 = EDGE_CURVE ( 'NONE', #1619, #736, #1194, .T. ) ;
#529 = DIRECTION ( 'NONE',  ( 0.000000000000000000, 0.000000000000000000, 1.000000000000000000 ) ) ;
#530 = COLOUR_RGB ( '',0.7764705882352941346, 0.7568627450980391913, 0.7372549019607843590 ) ;
#531 = LINE ( 'NONE', #1716, #1422 ) ;
#532 = AXIS2_PLACEMENT_3D ( 'NONE', #750, #138, #320 ) ;
#533 = DIRECTION ( 'NONE',  ( 0.9251594774500232488, 0.3795786364963129600, 0.000000000000000000 ) ) ;
#534 = LINE ( 'NONE', #1518, #1758 ) ;
#535 = STYLED_ITEM ( 'NONE', ( #547 ), #472 ) ;
#536 = VERTEX_POINT ( 'NONE', #1233 ) ;
#537 =( LENGTH_UNIT ( ) NAMED_UNIT ( * ) SI_UNIT ( .MILLI., .METRE. ) );
#538 =( NAMED_UNIT ( * ) SI_UNIT ( $, .STERADIAN. ) SOLID_ANGLE_UNIT ( ) );
#539 = EDGE_CURVE ( 'NONE', #343, #1751, #1374, .T. ) ;
#540 = EDGE_CURVE ( 'NONE', #1644, #869, #1330, .T. ) ;
#541 = FILL_AREA_STYLE_COLOUR ( '', #592 ) ;
#542 = ORIENTED_EDGE ( 'NONE', *, *, #811, .T. ) ;
#543 = UNCERTAINTY_MEASURE_WITH_UNIT (LENGTH_MEASURE( 1.000000000000000082E-05 ), #621, 'distance_accuracy_value', 'NONE');
#544 = ADVANCED_FACE ( 'NONE', ( #1203 ), #1073, .F. ) ;
#545 =( GEOMETRIC_REPRESENTATION_CONTEXT ( 3 ) GLOBAL_UNCERTAINTY_ASSIGNED_CONTEXT ( ( #416 ) ) GLOBAL_UNIT_ASSIGNED_CONTEXT ( ( #652, #939, #488 ) ) REPRESENTATION_CONTEXT ( 'NONE', 'WORKASPACE' ) );
#546 = CARTESIAN_POINT ( 'NONE',  ( 4.468399649801274798, 12.69999999999999751, -2.260600000000000609 ) ) ;
#547 = PRESENTATION_STYLE_ASSIGNMENT (( #818 ) ) ;
#548 = PRESENTATION_STYLE_ASSIGNMENT (( #566 ) ) ;
#549 = PRESENTATION_LAYER_ASSIGNMENT (  '', '', ( #20 ) ) ;
#550 = ORIENTED_EDGE ( 'NONE', *, *, #1538, .F. ) ;
#551 = CARTESIAN_POINT ( 'NONE',  ( -0.3839116819797990243, -4.000000000000000000, 0.1230853639015392076 ) ) ;
#552 =( NAMED_UNIT ( * ) PLANE_ANGLE_UNIT ( ) SI_UNIT ( $, .RADIAN. ) );
#553 = MECHANICAL_DESIGN_GEOMETRIC_PRESENTATION_REPRESENTATION (  '', ( #623 ), #1730 ) ;
#554 = SURFACE_SIDE_STYLE ('',( #1568 ) ) ;
#555 = DIRECTION ( 'NONE',  ( -0.000000000000000000, 1.000000000000000000, -0.000000000000000000 ) ) ;
#556 = ORIENTED_EDGE ( 'NONE', *, *, #1185, .T. ) ;
#557 = MECHANICAL_DESIGN_GEOMETRIC_PRESENTATION_REPRESENTATION (  '', ( #560 ), #214 ) ;
#558 = SURFACE_SIDE_STYLE ('',( #259 ) ) ;
#559 = ORIENTED_EDGE ( 'NONE', *, *, #1098, .T. ) ;
#560 = STYLED_ITEM ( 'NONE', ( #1259 ), #444 ) ;
#561 = STYLED_ITEM ( 'NONE', ( #1870 ), #513 ) ;
#562 =( GEOMETRIC_REPRESENTATION_CONTEXT ( 3 ) GLOBAL_UNCERTAINTY_ASSIGNED_CONTEXT ( ( #1712 ) ) GLOBAL_UNIT_ASSIGNED_CONTEXT ( ( #158, #410, #1746 ) ) REPRESENTATION_CONTEXT ( 'NONE', 'WORKASPACE' ) );
#563 = DIRECTION ( 'NONE',  ( 0.000000000000000000, 0.000000000000000000, -1.000000000000000000 ) ) ;
#564 = VERTEX_POINT ( 'NONE', #1502 ) ;
#565 = SURFACE_STYLE_USAGE ( .BOTH. , #1835 ) ;
#566 = SURFACE_STYLE_USAGE ( .BOTH. , #841 ) ;
#567 = VERTEX_POINT ( 'NONE', #772 ) ;
#568 = CARTESIAN_POINT ( 'NONE',  ( -0.3839116819797988023, 0.000000000000000000, 0.1230853639015392076 ) ) ;
#569 = EDGE_CURVE ( 'NONE', #585, #1619, #1361, .T. ) ;
#570 = ORIENTED_EDGE ( 'NONE', *, *, #799, .T. ) ;
#571 = DIRECTION ( 'NONE',  ( -0.000000000000000000, 1.000000000000000000, -0.000000000000000000 ) ) ;
#572 = DIRECTION ( 'NONE',  ( 0.000000000000000000, -1.000000000000000000, 0.000000000000000000 ) ) ;
#573 = CARTESIAN_POINT ( 'NONE',  ( 0.000000000000000000, 8.889999999999998792, -1.993900000000000672 ) ) ;
#574 = ORIENTED_EDGE ( 'NONE', *, *, #1358, .T. ) ;
#575 = FILL_AREA_STYLE ('',( #277 ) ) ;
#576 = FACE_BOUND ( 'NONE', #754, .T. ) ;
#577 = CARTESIAN_POINT ( 'NONE',  ( 0.000000000000000000, 0.000000000000000000, 0.000000000000000000 ) ) ;
#578 = ORIENTED_EDGE ( 'NONE', *, *, #1545, .T. ) ;
#579 = LINE ( 'NONE', #718, #1530 ) ;
#580 = EDGE_LOOP ( 'NONE', ( #1686, #223, #666, #1174, #269, #326 ) ) ;
#581 = EDGE_CURVE ( 'NONE', #987, #146, #426, .T. ) ;
#582 = AXIS2_PLACEMENT_3D ( 'NONE', #125, #450, #1754 ) ;
#583 = DIRECTION ( 'NONE',  ( 0.000000000000000000, 0.000000000000000000, -1.000000000000000000 ) ) ;
#584 = VECTOR ( 'NONE', #1302, 1000.000000000000000 ) ;
#585 = VERTEX_POINT ( 'NONE', #48 ) ;
#586 = LINE ( 'NONE', #1858, #1548 ) ;
#587 = CARTESIAN_POINT ( 'NONE',  ( -4.468399649801290785, 1.134100007169953184, -2.260600000000000609 ) ) ;
#588 = FILL_AREA_STYLE ('',( #1324 ) ) ;
#589 = DIRECTION ( 'NONE',  ( -1.000000000000000000, 3.493982747153251384E-15, 0.000000000000000000 ) ) ;
#590 = MECHANICAL_DESIGN_GEOMETRIC_PRESENTATION_REPRESENTATION (  '', ( #1574 ), #1794 ) ;
#591 = EDGE_LOOP ( 'NONE', ( #115, #136, #1163, #1043 ) ) ;
#592 = COLOUR_RGB ( '',0.7764705882352941346, 0.7568627450980391913, 0.7372549019607843590 ) ;
#593 = FACE_OUTER_BOUND ( 'NONE', #1768, .T. ) ;
#594 =( GEOMETRIC_REPRESENTATION_CONTEXT ( 3 ) GLOBAL_UNCERTAINTY_ASSIGNED_CONTEXT ( ( #1732 ) ) GLOBAL_UNIT_ASSIGNED_CONTEXT ( ( #1697, #397, #1849 ) ) REPRESENTATION_CONTEXT ( 'NONE', 'WORKASPACE' ) );
#595 =( GEOMETRIC_REPRESENTATION_CONTEXT ( 3 ) GLOBAL_UNCERTAINTY_ASSIGNED_CONTEXT ( ( #17 ) ) GLOBAL_UNIT_ASSIGNED_CONTEXT ( ( #519, #913, #1352 ) ) REPRESENTATION_CONTEXT ( 'NONE', 'WORKASPACE' ) );
#596 = VECTOR ( 'NONE', #784, 1000.000000000000000 ) ;
#597 = DIRECTION ( 'NONE',  ( 0.000000000000000000, 0.000000000000000000, -1.000000000000000000 ) ) ;
#598 = EDGE_CURVE ( 'NONE', #731, #612, #493, .T. ) ;
#599 = EDGE_LOOP ( 'NONE', ( #313, #1050, #727, #1179 ) ) ;
#600 = LINE ( 'NONE', #701, #491 ) ;
#601 = SURFACE_SIDE_STYLE ('',( #1737 ) ) ;
#602 = CARTESIAN_POINT ( 'NONE',  ( 0.3839116819797984137, -4.000000000000000000, -6.988914636098460420 ) ) ;
#603 = VERTEX_POINT ( 'NONE', #194 ) ;
#604 =( NAMED_UNIT ( * ) SI_UNIT ( $, .STERADIAN. ) SOLID_ANGLE_UNIT ( ) );
#605 = LINE ( 'NONE', #936, #880 ) ;
#606 = FACE_OUTER_BOUND ( 'NONE', #233, .T. ) ;
#607 = VERTEX_POINT ( 'NONE', #658 ) ;
#608 = CARTESIAN_POINT ( 'NONE',  ( 2.156088318020204397, -5.000000000000000000, -0.1230853639015391798 ) ) ;
#609 = SURFACE_SIDE_STYLE ('',( #1564 ) ) ;
#610 = UNCERTAINTY_MEASURE_WITH_UNIT (LENGTH_MEASURE( 1.000000000000000082E-05 ), #1591, 'distance_accuracy_value', 'NONE');
#611 = DIRECTION ( 'NONE',  ( 1.000000000000000000, 0.000000000000000000, 0.000000000000000000 ) ) ;
#612 = VERTEX_POINT ( 'NONE', #1514 ) ;
#613 = PLANE ( 'NONE',  #659 ) ;
#614 = ADVANCED_FACE ( 'NONE', ( #1225 ), #791, .F. ) ;
#615 = DIRECTION ( 'NONE',  ( -1.000000000000000000, -0.000000000000000000, -0.000000000000000000 ) ) ;
#616 = VECTOR ( 'NONE', #852, 1000.000000000000000 ) ;
#617 = ORIENTED_EDGE ( 'NONE', *, *, #988, .T. ) ;
#618 = CARTESIAN_POINT ( 'NONE',  ( 4.468399649801247264, 1.134100007169921875, -2.260600000000000609 ) ) ;
#619 =( NAMED_UNIT ( * ) PLANE_ANGLE_UNIT ( ) SI_UNIT ( $, .RADIAN. ) );
#620 = EDGE_CURVE ( 'NONE', #405, #226, #297, .T. ) ;
#621 =( LENGTH_UNIT ( ) NAMED_UNIT ( * ) SI_UNIT ( .MILLI., .METRE. ) );
#622 = EDGE_CURVE ( 'NONE', #6, #637, #1004, .T. ) ;
#623 = STYLED_ITEM ( 'NONE', ( #1490 ), #1126 ) ;
#624 = FACE_OUTER_BOUND ( 'NONE', #435, .T. ) ;
#625 = VECTOR ( 'NONE', #1439, 1000.000000000000000 ) ;
#626 = UNCERTAINTY_MEASURE_WITH_UNIT (LENGTH_MEASURE( 1.000000000000000082E-05 ), #316, 'distance_accuracy_value', 'NONE');
#627 = VECTOR ( 'NONE', #555, 1000.000000000000000 ) ;
#628 = ORIENTED_EDGE ( 'NONE', *, *, #1199, .F. ) ;
#629 = CARTESIAN_POINT ( 'NONE',  ( -4.468399649801290785, 0.000000000000000000, -2.247900000000000453 ) ) ;
#630 = CARTESIAN_POINT ( 'NONE',  ( -2.923911681979796118, -5.000000000000000000, 0.1230853639015388884 ) ) ;
#631 = AXIS2_PLACEMENT_3D ( 'NONE', #1807, #361, #210 ) ;
#632 = DIRECTION ( 'NONE',  ( -0.000000000000000000, 1.000000000000000000, -0.000000000000000000 ) ) ;
#633 = PRESENTATION_LAYER_ASSIGNMENT (  '', '', ( #1642 ) ) ;
#634 = VECTOR ( 'NONE', #457, 1000.000000000000000 ) ;
#635 = CIRCLE ( 'NONE', #961, 0.5000000000000000000 ) ;
#636 = ADVANCED_FACE ( 'NONE', ( #1318 ), #1611, .F. ) ;
#637 = VERTEX_POINT ( 'NONE', #1308 ) ;
#638 =( NAMED_UNIT ( * ) PLANE_ANGLE_UNIT ( ) SI_UNIT ( $, .RADIAN. ) );
#639 = DIRECTION ( 'NONE',  ( -1.000000000000000000, 0.000000000000000000, -0.000000000000000000 ) ) ;
#640 = PRESENTATION_STYLE_ASSIGNMENT (( #351 ) ) ;
#641 = CARTESIAN_POINT ( 'NONE',  ( 2.923911681979801891, -5.000000000000000000, -0.1230853639015391798 ) ) ;
#642 = LINE ( 'NONE', #1784, #759 ) ;
#643 = ORIENTED_EDGE ( 'NONE', *, *, #1734, .F. ) ;
#644 = EDGE_CURVE ( 'NONE', #603, #536, #806, .T. ) ;
#645 = AXIS2_PLACEMENT_3D ( 'NONE', #1290, #572, #563 ) ;
#646 = EDGE_LOOP ( 'NONE', ( #995, #1562, #243, #1297, #862, #699 ) ) ;
#647 = DIRECTION ( 'NONE',  ( 0.000000000000000000, -0.000000000000000000, -1.000000000000000000 ) ) ;
#648 = DIRECTION ( 'NONE',  ( 0.000000000000000000, 0.000000000000000000, -1.000000000000000000 ) ) ;
#649 = CARTESIAN_POINT ( 'NONE',  ( 5.080000000000006288, 0.000000000000000000, 2.247900000000000453 ) ) ;
#650 = CARTESIAN_POINT ( 'NONE',  ( 0.3839116819797988023, 0.000000000000000000, -0.1230853639015392076 ) ) ;
#651 = PLANE ( 'NONE',  #390 ) ;
#652 =( LENGTH_UNIT ( ) NAMED_UNIT ( * ) SI_UNIT ( .MILLI., .METRE. ) );
#653 = ORIENTED_EDGE ( 'NONE', *, *, #889, .T. ) ;
#654 = DIRECTION ( 'NONE',  ( -0.000000000000000000, 1.000000000000000000, -0.000000000000000000 ) ) ;
#655 = AXIS2_PLACEMENT_3D ( 'NONE', #481, #1350, #1765 ) ;
#656 = ORIENTED_EDGE ( 'NONE', *, *, #103, .F. ) ;
#657 = CARTESIAN_POINT ( 'NONE',  ( 2.156088318020204397, -5.000000000000000000, 0.000000000000000000 ) ) ;
#658 = CARTESIAN_POINT ( 'NONE',  ( -3.279999999999994476, 1.300000000000000044, 2.147900000000000809 ) ) ;
#659 = AXIS2_PLACEMENT_3D ( 'NONE', #618, #1620, #1294 ) ;
#660 = VECTOR ( 'NONE', #1666, 1000.000000000000000 ) ;
#661 = UNCERTAINTY_MEASURE_WITH_UNIT (LENGTH_MEASURE( 1.000000000000000082E-05 ), #1669, 'distance_accuracy_value', 'NONE');
#662 = DIRECTION ( 'NONE',  ( 0.000000000000000000, -0.000000000000000000, 1.000000000000000000 ) ) ;
#663 = COLOUR_RGB ( '',0.8509803921568627194, 0.8509803921568627194, 0.8509803921568627194 ) ;
#664 =( NAMED_UNIT ( * ) SI_UNIT ( $, .STERADIAN. ) SOLID_ANGLE_UNIT ( ) );
#665 = FACE_OUTER_BOUND ( 'NONE', #807, .T. ) ;
#666 = ORIENTED_EDGE ( 'NONE', *, *, #756, .T. ) ;
#667 = COLOUR_RGB ( '',0.8509803921568627194, 0.8509803921568627194, 0.8509803921568627194 ) ;
#668 = FILL_AREA_STYLE ('',( #252 ) ) ;
#669 = DIRECTION ( 'NONE',  ( 0.000000000000000000, -1.000000000000000000, 0.000000000000000000 ) ) ;
#670 = DIRECTION ( 'NONE',  ( 1.000000000000000000, 0.000000000000000000, 0.000000000000000000 ) ) ;
#671 =( NAMED_UNIT ( * ) SI_UNIT ( $, .STERADIAN. ) SOLID_ANGLE_UNIT ( ) );
#672 = EDGE_CURVE ( 'NONE', #851, #1481, #728, .T. ) ;
#673 = LINE ( 'NONE', #76, #261 ) ;
#674 = LINE ( 'NONE', #1821, #1011 ) ;
#675 = SURFACE_SIDE_STYLE ('',( #219 ) ) ;
#676 = DIRECTION ( 'NONE',  ( -0.000000000000000000, -1.000000000000000000, -0.000000000000000000 ) ) ;
#677 =( NAMED_UNIT ( * ) PLANE_ANGLE_UNIT ( ) SI_UNIT ( $, .RADIAN. ) );
#678 = VECTOR ( 'NONE', #1791, 1000.000000000000000 ) ;
#679 = CARTESIAN_POINT ( 'NONE',  ( -2.923911681979796118, 0.000000000000000000, 0.1230853639015388884 ) ) ;
#680 = EDGE_CURVE ( 'NONE', #296, #1444, #771, .T. ) ;
#681 = ORIENTED_EDGE ( 'NONE', *, *, #526, .T. ) ;
#682 = DIRECTION ( 'NONE',  ( 1.000000000000000000, -0.000000000000000000, 0.000000000000000000 ) ) ;
#683 = AXIS2_PLACEMENT_3D ( 'NONE', #1438, #117, #1415 ) ;
#684 = CARTESIAN_POINT ( 'NONE',  ( 0.3839116819797988023, -5.000000000000000000, 0.1230853639015392076 ) ) ;
#685 =( GEOMETRIC_REPRESENTATION_CONTEXT ( 3 ) GLOBAL_UNCERTAINTY_ASSIGNED_CONTEXT ( ( #1576 ) ) GLOBAL_UNIT_ASSIGNED_CONTEXT ( ( #238, #702, #1426 ) ) REPRESENTATION_CONTEXT ( 'NONE', 'WORKASPACE' ) );
#686 = PRESENTATION_LAYER_ASSIGNMENT (  '', '', ( #1398 ) ) ;
#687 = AXIS2_PLACEMENT_3D ( 'NONE', #512, #1629, #1660 ) ;
#688 = VECTOR ( 'NONE', #615, 1000.000000000000000 ) ;
#689 = ADVANCED_FACE ( 'NONE', ( #22 ), #758, .F. ) ;
#690 = DIRECTION ( 'NONE',  ( 0.000000000000000000, 0.000000000000000000, 1.000000000000000000 ) ) ;
#691 = VERTEX_POINT ( 'NONE', #1298 ) ;
#692 = UNCERTAINTY_MEASURE_WITH_UNIT (LENGTH_MEASURE( 1.000000000000000082E-05 ), #1255, 'distance_accuracy_value', 'NONE');
#693 = PRESENTATION_STYLE_ASSIGNMENT (( #981 ) ) ;
#694 = SURFACE_STYLE_FILL_AREA ( #1410 ) ;
#695 = FACE_OUTER_BOUND ( 'NONE', #1355, .T. ) ;
#696 = AXIS2_PLACEMENT_3D ( 'NONE', #78, #1661, #1672 ) ;
#697 = VERTEX_POINT ( 'NONE', #332 ) ;
#698 = CARTESIAN_POINT ( 'NONE',  ( 0.3839116819797984137, -4.000000000000000000, -6.988914636098460420 ) ) ;
#699 = ORIENTED_EDGE ( 'NONE', *, *, #1049, .T. ) ;
#700 = COLOUR_RGB ( '',0.7764705882352941346, 0.7568627450980391913, 0.7372549019607843590 ) ;
#701 = CARTESIAN_POINT ( 'NONE',  ( 2.923911681979796118, -5.000000000000000000, 0.000000000000000000 ) ) ;
#702 =( NAMED_UNIT ( * ) PLANE_ANGLE_UNIT ( ) SI_UNIT ( $, .RADIAN. ) );
#703 = LINE ( 'NONE', #1117, #1677 ) ;
#704 = ADVANCED_FACE ( 'NONE', ( #916 ), #1344, .T. ) ;
#705 = APPLICATION_PROTOCOL_DEFINITION ( 'draft international standard', 'automotive_design', 1998, #817 ) ;
#706 = COLOUR_RGB ( '',0.7764705882352941346, 0.7568627450980391913, 0.7372549019607843590 ) ;
#707 = EDGE_LOOP ( 'NONE', ( #876, #760, #1028, #1580 ) ) ;
#708 =( NAMED_UNIT ( * ) PLANE_ANGLE_UNIT ( ) SI_UNIT ( $, .RADIAN. ) );
#709 = ORIENTED_EDGE ( 'NONE', *, *, #930, .F. ) ;
#710 = MECHANICAL_DESIGN_GEOMETRIC_PRESENTATION_REPRESENTATION (  '', ( #1337 ), #1430 ) ;
#711 = AXIS2_PLACEMENT_3D ( 'NONE', #1523, #682, #1382 ) ;
#712 = UNCERTAINTY_MEASURE_WITH_UNIT (LENGTH_MEASURE( 1.000000000000000082E-05 ), #40, 'distance_accuracy_value', 'NONE');
#713 = VERTEX_POINT ( 'NONE', #734 ) ;
#714 = LINE ( 'NONE', #1868, #1792 ) ;
#715 = PRESENTATION_STYLE_ASSIGNMENT (( #1841 ) ) ;
#716 = EDGE_CURVE ( 'NONE', #713, #851, #142, .T. ) ;
#717 = ORIENTED_EDGE ( 'NONE', *, *, #941, .F. ) ;
#718 = CARTESIAN_POINT ( 'NONE',  ( 2.156088318020198180, -5.000000000000000000, 0.000000000000000000 ) ) ;
#719 = ADVANCED_FACE ( 'NONE', ( #8 ), #1865, .T. ) ;
#720 = EDGE_LOOP ( 'NONE', ( #1656, #443, #1700, #42 ) ) ;
#721 = PRESENTATION_STYLE_ASSIGNMENT (( #1495 ) ) ;
#722 = CARTESIAN_POINT ( 'NONE',  ( -0.3839116819797988023, -5.000000000000000000, 0.000000000000000000 ) ) ;
#723 = CARTESIAN_POINT ( 'NONE',  ( 5.080000000000006288, 8.889999999999998792, 2.247900000000000453 ) ) ;
#724 = EDGE_LOOP ( 'NONE', ( #206, #1855, #101, #1349, #1534, #46 ) ) ;
#725 = DIRECTION ( 'NONE',  ( 0.000000000000000000, 0.000000000000000000, 1.000000000000000000 ) ) ;
#726 =( LENGTH_UNIT ( ) NAMED_UNIT ( * ) SI_UNIT ( .MILLI., .METRE. ) );
#727 = ORIENTED_EDGE ( 'NONE', *, *, #1545, .F. ) ;
#728 = LINE ( 'NONE', #1622, #465 ) ;
#729 = CARTESIAN_POINT ( 'NONE',  ( -2.923911681979796118, -4.000000000000000000, -6.988914636098460420 ) ) ;
#730 = STYLED_ITEM ( 'NONE', ( #216 ), #1485 ) ;
#731 = VERTEX_POINT ( 'NONE', #1630 ) ;
#732 = ADVANCED_FACE ( 'NONE', ( #181 ), #1040, .F. ) ;
#733 = DIRECTION ( 'NONE',  ( -0.000000000000000000, -0.000000000000000000, 1.000000000000000000 ) ) ;
#734 = CARTESIAN_POINT ( 'NONE',  ( -0.3839116819797992464, -5.000000000000000000, 0.1230853639015392076 ) ) ;
#735 = UNCERTAINTY_MEASURE_WITH_UNIT (LENGTH_MEASURE( 1.000000000000000082E-05 ), #872, 'distance_accuracy_value', 'NONE');
#736 = VERTEX_POINT ( 'NONE', #1776 ) ;
#737 = SURFACE_STYLE_FILL_AREA ( #1153 ) ;
#738 = LINE ( 'NONE', #278, #625 ) ;
#739 = VECTOR ( 'NONE', #1715, 1000.000000000000000 ) ;
#740 = LINE ( 'NONE', #1146, #859 ) ;
#741 = ORIENTED_EDGE ( 'NONE', *, *, #455, .T. ) ;
#742 = CARTESIAN_POINT ( 'NONE',  ( 5.080000000000006288, 8.889999999999998792, -2.247900000000000453 ) ) ;
#743 = VECTOR ( 'NONE', #1234, 1000.000000000000000 ) ;
#744 = EDGE_CURVE ( 'NONE', #408, #1285, #315, .T. ) ;
#745 =( NAMED_UNIT ( * ) SI_UNIT ( $, .STERADIAN. ) SOLID_ANGLE_UNIT ( ) );
#746 = VERTEX_POINT ( 'NONE', #1654 ) ;
#747 = EDGE_CURVE ( 'NONE', #1573, #1444, #1469, .T. ) ;
#748 = COLOUR_RGB ( '',0.7764705882352941346, 0.7568627450980391913, 0.7372549019607843590 ) ;
#749 = CARTESIAN_POINT ( 'NONE',  ( 2.156088318020204397, 0.000000000000000000, -0.1230853639015391798 ) ) ;
#750 = CARTESIAN_POINT ( 'NONE',  ( 0.3839116819797988023, 0.000000000000000000, 0.000000000000000000 ) ) ;
#751 = DIRECTION ( 'NONE',  ( 1.000000000000000000, 0.000000000000000000, 0.000000000000000000 ) ) ;
#752 = CARTESIAN_POINT ( 'NONE',  ( 3.170082409782899457, -3.399999999999938627, 0.1230853639015514617 ) ) ;
#753 = EDGE_CURVE ( 'NONE', #1851, #1453, #34, .T. ) ;
#754 = EDGE_LOOP ( 'NONE', ( #628, #251, #1147, #785 ) ) ;
#755 = SURFACE_STYLE_USAGE ( .BOTH. , #1001 ) ;
#756 = EDGE_CURVE ( 'NONE', #1138, #746, #190, .T. ) ;
#757 = VERTEX_POINT ( 'NONE', #780 ) ;
#758 = PLANE ( 'NONE',  #1527 ) ;
#759 = VECTOR ( 'NONE', #514, 1000.000000000000000 ) ;
#760 = ORIENTED_EDGE ( 'NONE', *, *, #1385, .T. ) ;
#761 = CARTESIAN_POINT ( 'NONE',  ( -5.079999999999993854, 8.889999999999998792, 2.247900000000000453 ) ) ;
#762 = ADVANCED_FACE ( 'NONE', ( #624 ), #1347, .F. ) ;
#763 = VECTOR ( 'NONE', #589, 1000.000000000000000 ) ;
#764 = LINE ( 'NONE', #1785, #774 ) ;
#765 = SURFACE_STYLE_FILL_AREA ( #1631 ) ;
#766 = CIRCLE ( 'NONE', #1828, 0.5000000000000000000 ) ;
#767 = AXIS2_PLACEMENT_3D ( 'NONE', #1513, #669, #647 ) ;
#768 = EDGE_LOOP ( 'NONE', ( #202, #1624, #643, #1885, #1015, #1799 ) ) ;
#769 = CARTESIAN_POINT ( 'NONE',  ( -2.923911681979796118, -4.000000000000000000, -6.988914636098460420 ) ) ;
#770 = PRESENTATION_STYLE_ASSIGNMENT (( #1806 ) ) ;
#771 = CIRCLE ( 'NONE', #1278, 0.1230853639015388884 ) ;
#772 = CARTESIAN_POINT ( 'NONE',  ( -2.975987827458993262, 14.61183624312912777, -1.993900000000000672 ) ) ;
#773 = VECTOR ( 'NONE', #733, 1000.000000000000000 ) ;
#774 = VECTOR ( 'NONE', #23, 1000.000000000000000 ) ;
#775 = FILL_AREA_STYLE_COLOUR ( '', #850 ) ;
#776 = CARTESIAN_POINT ( 'NONE',  ( -0.3839116819797988023, -5.000000000000000000, -0.1230853639015392076 ) ) ;
#777 = PRESENTATION_LAYER_ASSIGNMENT (  '', '', ( #895 ) ) ;
#778 = EDGE_CURVE ( 'NONE', #847, #1086, #764, .T. ) ;
#779 = VERTEX_POINT ( 'NONE', #43 ) ;
#780 = CARTESIAN_POINT ( 'NONE',  ( -4.468399649801290785, 8.889999999999998792, -1.993900000000000672 ) ) ;
#781 = ORIENTED_EDGE ( 'NONE', *, *, #245, .T. ) ;
#782 = SURFACE_SIDE_STYLE ('',( #1667 ) ) ;
#783 = FACE_BOUND ( 'NONE', #275, .T. ) ;
#784 = DIRECTION ( 'NONE',  ( 1.000000000000000000, 0.000000000000000000, 0.000000000000000000 ) ) ;
#785 = ORIENTED_EDGE ( 'NONE', *, *, #680, .F. ) ;
#786 = DIRECTION ( 'NONE',  ( 0.000000000000000000, 0.000000000000000000, 1.000000000000000000 ) ) ;
#787 = EDGE_CURVE ( 'NONE', #1138, #318, #1357, .T. ) ;
#788 = VECTOR ( 'NONE', #571, 1000.000000000000000 ) ;
#789 = EDGE_LOOP ( 'NONE', ( #1508, #1557, #1459, #1604 ) ) ;
#790 =( NAMED_UNIT ( * ) SI_UNIT ( $, .STERADIAN. ) SOLID_ANGLE_UNIT ( ) );
#791 = CYLINDRICAL_SURFACE ( 'NONE', #631, 0.5000000000000000000 ) ;
#792 =( LENGTH_UNIT ( ) NAMED_UNIT ( * ) SI_UNIT ( .MILLI., .METRE. ) );
#793 = SURFACE_STYLE_FILL_AREA ( #1214 ) ;
#794 = DIRECTION ( 'NONE',  ( -1.000000000000000000, -0.000000000000000000, -0.000000000000000000 ) ) ;
#795 =( NAMED_UNIT ( * ) PLANE_ANGLE_UNIT ( ) SI_UNIT ( $, .RADIAN. ) );
#796 = VERTEX_POINT ( 'NONE', #1498 ) ;
#797 = DIRECTION ( 'NONE',  ( 1.000000000000000000, -2.168404344971009115E-16, 0.000000000000000000 ) ) ;
#798 = COLOUR_RGB ( '',0.09803921568627450844, 0.09803921568627450844, 0.09803921568627450844 ) ;
#799 = EDGE_CURVE ( 'NONE', #921, #873, #16, .T. ) ;
#800 = AXIS2_PLACEMENT_3D ( 'NONE', #1124, #1258, #1263 ) ;
#801 = ORIENTED_EDGE ( 'NONE', *, *, #317, .F. ) ;
#802 = VECTOR ( 'NONE', #1741, 1000.000000000000000 ) ;
#803 = DIRECTION ( 'NONE',  ( 0.6153341282808847401, 0.7882663956891754475, 0.000000000000000000 ) ) ;
#804 = SURFACE_STYLE_USAGE ( .BOTH. , #1055 ) ;
#805 = CARTESIAN_POINT ( 'NONE',  ( 2.156088318020204397, -5.000000000000000000, 0.1230853639015391798 ) ) ;
#806 = CIRCLE ( 'NONE', #1856, 1.904999999999999805 ) ;
#807 = EDGE_LOOP ( 'NONE', ( #821, #741, #1878, #656 ) ) ;
#808 = VECTOR ( 'NONE', #159, 1000.000000000000000 ) ;
#809 = SURFACE_SIDE_STYLE ('',( #1812 ) ) ;
#810 = LINE ( 'NONE', #1383, #743 ) ;
#811 = EDGE_CURVE ( 'NONE', #318, #161, #910, .T. ) ;
#812 = LINE ( 'NONE', #360, #64 ) ;
#813 = EDGE_CURVE ( 'NONE', #847, #1751, #165, .T. ) ;
#814 = LINE ( 'NONE', #805, #1509 ) ;
#815 = ORIENTED_EDGE ( 'NONE', *, *, #1862, .F. ) ;
#816 = CARTESIAN_POINT ( 'NONE',  ( -5.079999999999993854, 8.889999999999998792, -2.247900000000000453 ) ) ;
#817 = APPLICATION_CONTEXT ( 'automotive_design' ) ;
#818 = SURFACE_STYLE_USAGE ( .BOTH. , #849 ) ;
#819 =( NAMED_UNIT ( * ) PLANE_ANGLE_UNIT ( ) SI_UNIT ( $, .RADIAN. ) );
#820 = PRESENTATION_LAYER_ASSIGNMENT (  '', '', ( #237 ) ) ;
#821 = ORIENTED_EDGE ( 'NONE', *, *, #70, .T. ) ;
#822 = COLOUR_RGB ( '',0.7764705882352941346, 0.7568627450980391913, 0.7372549019607843590 ) ;
#823 = CARTESIAN_POINT ( 'NONE',  ( -0.3839116819797988023, -5.000000000000000000, -0.1230853639015392076 ) ) ;
#824 =( LENGTH_UNIT ( ) NAMED_UNIT ( * ) SI_UNIT ( .MILLI., .METRE. ) );
#825 = UNCERTAINTY_MEASURE_WITH_UNIT (LENGTH_MEASURE( 1.000000000000000082E-05 ), #1547, 'distance_accuracy_value', 'NONE');
#826 = LINE ( 'NONE', #546, #244 ) ;
#827 =( GEOMETRIC_REPRESENTATION_CONTEXT ( 3 ) GLOBAL_UNCERTAINTY_ASSIGNED_CONTEXT ( ( #1257 ) ) GLOBAL_UNIT_ASSIGNED_CONTEXT ( ( #105, #1704, #1400 ) ) REPRESENTATION_CONTEXT ( 'NONE', 'WORKASPACE' ) );
#828 = LINE ( 'NONE', #106, #627 ) ;
#829 = LINE ( 'NONE', #679, #479 ) ;
#830 = CIRCLE ( 'NONE', #460, 0.5000000000000000000 ) ;
#831 = CIRCLE ( 'NONE', #32, 1.904999999999999805 ) ;
#832 = CARTESIAN_POINT ( 'NONE',  ( 5.080000000000006288, 0.000000000000000000, -2.247900000000000453 ) ) ;
#833 = MECHANICAL_DESIGN_GEOMETRIC_PRESENTATION_REPRESENTATION (  '', ( #1251 ), #562 ) ;
#834 = PLANE ( 'NONE',  #800 ) ;
#835 = DIRECTION ( 'NONE',  ( 1.000000000000000000, 0.000000000000000000, -0.000000000000000000 ) ) ;
#836 = ORIENTED_EDGE ( 'NONE', *, *, #1651, .T. ) ;
#837 = UNCERTAINTY_MEASURE_WITH_UNIT (LENGTH_MEASURE( 1.000000000000000082E-05 ), #319, 'distance_accuracy_value', 'NONE');
#838 = CARTESIAN_POINT ( 'NONE',  ( -0.6300824097828759962, -3.400000000000002132, -0.1230853639015385831 ) ) ;
#839 = CARTESIAN_POINT ( 'NONE',  ( -5.079999999999993854, 8.889999999999998792, -2.247900000000000453 ) ) ;
#840 = FILL_AREA_STYLE_COLOUR ( '', #956 ) ;
#841 = SURFACE_SIDE_STYLE ('',( #1295 ) ) ;
#842 =( GEOMETRIC_REPRESENTATION_CONTEXT ( 3 ) GLOBAL_UNCERTAINTY_ASSIGNED_CONTEXT ( ( #438 ) ) GLOBAL_UNIT_ASSIGNED_CONTEXT ( ( #964, #819, #1366 ) ) REPRESENTATION_CONTEXT ( 'NONE', 'WORKASPACE' ) );
#843 = ORIENTED_EDGE ( 'NONE', *, *, #382, .F. ) ;
#844 = EDGE_LOOP ( 'NONE', ( #653, #570, #515, #985, #578, #56, #290, #1587 ) ) ;
#845 = LINE ( 'NONE', #112, #788 ) ;
#846 = EDGE_CURVE ( 'NONE', #1404, #161, #1120, .T. ) ;
#847 = VERTEX_POINT ( 'NONE', #970 ) ;
#848 = CARTESIAN_POINT ( 'NONE',  ( -0.3839116819797990243, -4.000000000000000000, -6.988914636098460420 ) ) ;
#849 = SURFACE_SIDE_STYLE ('',( #384 ) ) ;
#850 = COLOUR_RGB ( '',0.7764705882352941346, 0.7568627450980391913, 0.7372549019607843590 ) ;
#851 = VERTEX_POINT ( 'NONE', #551 ) ;
#852 = DIRECTION ( 'NONE',  ( -0.000000000000000000, 1.000000000000000000, -0.000000000000000000 ) ) ;
#853 = COLOUR_RGB ( '',0.7764705882352941346, 0.7568627450980391913, 0.7372549019607843590 ) ;
#854 = CARTESIAN_POINT ( 'NONE',  ( -4.279999999999994031, 1.300000000000000044, 2.147900000000000809 ) ) ;
#855 = EDGE_LOOP ( 'NONE', ( #1157, #1169, #1455, #550 ) ) ;
#856 = AXIS2_PLACEMENT_3D ( 'NONE', #68, #1091, #670 ) ;
#857 = COLOUR_RGB ( '',0.7764705882352941346, 0.7568627450980391913, 0.7372549019607843590 ) ;
#858 = CARTESIAN_POINT ( 'NONE',  ( -3.279999999999994476, 1.300000000000000044, 2.247900000000000453 ) ) ;
#859 = VECTOR ( 'NONE', #446, 1000.000000000000000 ) ;
#860 = UNCERTAINTY_MEASURE_WITH_UNIT (LENGTH_MEASURE( 1.000000000000000082E-05 ), #47, 'distance_accuracy_value', 'NONE');
#861 = LINE ( 'NONE', #1618, #1877 ) ;
#862 = ORIENTED_EDGE ( 'NONE', *, *, #778, .F. ) ;
#863 = DIRECTION ( 'NONE',  ( -0.000000000000000000, 1.000000000000000000, -0.000000000000000000 ) ) ;
#864 = PLANE ( 'NONE',  #305 ) ;
#865 = ADVANCED_FACE ( 'NONE', ( #379 ), #385, .F. ) ;
#866 = CARTESIAN_POINT ( 'NONE',  ( -0.3839116819797990243, -4.000000000000000000, -6.988914636098460420 ) ) ;
#867 = DIRECTION ( 'NONE',  ( -1.000000000000000000, 3.578640214712346672E-15, 0.000000000000000000 ) ) ;
#868 = LINE ( 'NONE', #698, #119 ) ;
#869 = VERTEX_POINT ( 'NONE', #832 ) ;
#870 = FILL_AREA_STYLE_COLOUR ( '', #822 ) ;
#871 = FILL_AREA_STYLE_COLOUR ( '', #291 ) ;
#872 =( LENGTH_UNIT ( ) NAMED_UNIT ( * ) SI_UNIT ( .MILLI., .METRE. ) );
#873 = VERTEX_POINT ( 'NONE', #816 ) ;
#874 = DIRECTION ( 'NONE',  ( 1.000000000000000000, 0.000000000000000000, 0.000000000000000000 ) ) ;
#875 = DIRECTION ( 'NONE',  ( 0.9251594774500233598, 0.3795786364963124049, 0.000000000000000000 ) ) ;
#876 = ORIENTED_EDGE ( 'NONE', *, *, #427, .F. ) ;
#877 = DIRECTION ( 'NONE',  ( 1.000000000000000000, 0.000000000000000000, 0.000000000000000000 ) ) ;
#878 = DIRECTION ( 'NONE',  ( -1.000000000000000000, -0.000000000000000000, -0.000000000000000000 ) ) ;
#879 = ADVANCED_FACE ( 'NONE', ( #978 ), #367, .F. ) ;
#880 = VECTOR ( 'NONE', #1081, 1000.000000000000000 ) ;
#881 = ORIENTED_EDGE ( 'NONE', *, *, #1162, .T. ) ;
#882 = PRESENTATION_STYLE_ASSIGNMENT (( #436 ) ) ;
#883 = ORIENTED_EDGE ( 'NONE', *, *, #369, .T. ) ;
#884 = DIRECTION ( 'NONE',  ( 0.9251594774500233598, 0.3795786364963124049, 0.000000000000000000 ) ) ;
#885 = CARTESIAN_POINT ( 'NONE',  ( -4.468399649801290785, 1.134100007169953184, -2.260600000000000609 ) ) ;
#886 =( NAMED_UNIT ( * ) SI_UNIT ( $, .STERADIAN. ) SOLID_ANGLE_UNIT ( ) );
#887 = AXIS2_PLACEMENT_3D ( 'NONE', #419, #863, #725 ) ;
#888 = FILL_AREA_STYLE ('',( #487 ) ) ;
#889 = EDGE_CURVE ( 'NONE', #757, #921, #674, .T. ) ;
#890 = VECTOR ( 'NONE', #1493, 1000.000000000000000 ) ;
#891 = SURFACE_SIDE_STYLE ('',( #186 ) ) ;
#892 =( NAMED_UNIT ( * ) PLANE_ANGLE_UNIT ( ) SI_UNIT ( $, .RADIAN. ) );
#893 = AXIS2_PLACEMENT_3D ( 'NONE', #1646, #38, #1492 ) ;
#894 = ORIENTED_EDGE ( 'NONE', *, *, #1346, .T. ) ;
#895 = STYLED_ITEM ( 'NONE', ( #516 ), #879 ) ;
#896 = FACE_OUTER_BOUND ( 'NONE', #724, .T. ) ;
#897 = CARTESIAN_POINT ( 'NONE',  ( 0.000000000000000000, 0.000000000000000000, 0.000000000000000000 ) ) ;
#898 = SURFACE_SIDE_STYLE ('',( #1766 ) ) ;
#899 = EDGE_LOOP ( 'NONE', ( #1080, #556 ) ) ;
#900 =( BOUNDED_CURVE ( )  B_SPLINE_CURVE ( 3, ( #383, #1840, #1542, #1133 ),
 .UNSPECIFIED., .F., .F. ) 
 B_SPLINE_CURVE_WITH_KNOTS ( ( 4, 4 ),
 ( 4.712388980384686121, 7.853981633974486343 ),
 .UNSPECIFIED. ) 
 CURVE ( )  GEOMETRIC_REPRESENTATION_ITEM ( )  RATIONAL_B_SPLINE_CURVE ( ( 1.000000000000000000, 0.3333333333333309834, 0.3333333333333309834, 1.000000000000000000 ) ) 
 REPRESENTATION_ITEM ( '' )  );
#901 =( NAMED_UNIT ( * ) PLANE_ANGLE_UNIT ( ) SI_UNIT ( $, .RADIAN. ) );
#902 =( NAMED_UNIT ( * ) SI_UNIT ( $, .STERADIAN. ) SOLID_ANGLE_UNIT ( ) );
#903 = UNCERTAINTY_MEASURE_WITH_UNIT (LENGTH_MEASURE( 1.000000000000000082E-05 ), #1570, 'distance_accuracy_value', 'NONE');
#904 = CARTESIAN_POINT ( 'NONE',  ( -2.156088318020198180, -5.000000000000000000, 0.1230853639015388884 ) ) ;
#905 = EDGE_CURVE ( 'NONE', #607, #934, #635, .T. ) ;
#906 = ORIENTED_EDGE ( 'NONE', *, *, #1475, .F. ) ;
#907 =( NAMED_UNIT ( * ) PLANE_ANGLE_UNIT ( ) SI_UNIT ( $, .RADIAN. ) );
#908 = FACE_BOUND ( 'NONE', #272, .T. ) ;
#909 = EDGE_LOOP ( 'NONE', ( #960, #1266, #391, #894 ) ) ;
#910 = LINE ( 'NONE', #1178, #634 ) ;
#911 = VECTOR ( 'NONE', #201, 1000.000000000000000 ) ;
#912 = VERTEX_POINT ( 'NONE', #1853 ) ;
#913 =( NAMED_UNIT ( * ) PLANE_ANGLE_UNIT ( ) SI_UNIT ( $, .RADIAN. ) );
#914 = EDGE_CURVE ( 'NONE', #1707, #567, #1168, .T. ) ;
#915 = FACE_OUTER_BOUND ( 'NONE', #1567, .T. ) ;
#916 = FACE_OUTER_BOUND ( 'NONE', #126, .T. ) ;
#917 = SURFACE_SIDE_STYLE ('',( #524 ) ) ;
#918 = STYLED_ITEM ( 'NONE', ( #693 ), #1208 ) ;
#919 = DIRECTION ( 'NONE',  ( -0.6153341282808847401, 0.7882663956891754475, 0.000000000000000000 ) ) ;
#920 = VECTOR ( 'NONE', #404, 1000.000000000000000 ) ;
#921 = VERTEX_POINT ( 'NONE', #1005 ) ;
#922 = FILL_AREA_STYLE ('',( #289 ) ) ;
#923 = DIRECTION ( 'NONE',  ( 0.000000000000000000, 0.000000000000000000, -1.000000000000000000 ) ) ;
#924 = AXIS2_PLACEMENT_3D ( 'NONE', #602, #279, #442 ) ;
#925 = CARTESIAN_POINT ( 'NONE',  ( 2.923911681979801891, -5.000000000000000000, 0.1230853639015391798 ) ) ;
#926 = VECTOR ( 'NONE', #124, 1000.000000000000000 ) ;
#927 = AXIS2_PLACEMENT_3D ( 'NONE', #1510, #797, #1048 ) ;
#928 = PRESENTATION_STYLE_ASSIGNMENT (( #804 ) ) ;
#929 = CYLINDRICAL_SURFACE ( 'NONE', #687, 1.904999999999999805 ) ;
#930 = EDGE_CURVE ( 'NONE', #1503, #1131, #868, .T. ) ;
#931 = FILL_AREA_STYLE_COLOUR ( '', #1628 ) ;
#932 = DIRECTION ( 'NONE',  ( 0.000000000000000000, 0.000000000000000000, 1.000000000000000000 ) ) ;
#933 =( LENGTH_UNIT ( ) NAMED_UNIT ( * ) SI_UNIT ( .MILLI., .METRE. ) );
#934 = VERTEX_POINT ( 'NONE', #854 ) ;
#935 = DIRECTION ( 'NONE',  ( -0.000000000000000000, 1.000000000000000000, -0.000000000000000000 ) ) ;
#936 = CARTESIAN_POINT ( 'NONE',  ( 2.156088318020204397, -5.000000000000000000, 0.1230853639015391798 ) ) ;
#937 = DIRECTION ( 'NONE',  ( 1.000000000000000000, 0.000000000000000000, 0.000000000000000000 ) ) ;
#938 = CARTESIAN_POINT ( 'NONE',  ( 1.909917590217143912, -3.400000000000058087, -0.1230853639015272172 ) ) ;
#939 =( NAMED_UNIT ( * ) PLANE_ANGLE_UNIT ( ) SI_UNIT ( $, .RADIAN. ) );
#940 = ORIENTED_EDGE ( 'NONE', *, *, #222, .F. ) ;
#941 = EDGE_CURVE ( 'NONE', #796, #697, #579, .T. ) ;
#942 = EDGE_CURVE ( 'NONE', #411, #1481, #1431, .T. ) ;
#943 = VECTOR ( 'NONE', #1659, 1000.000000000000000 ) ;
#944 = ORIENTED_EDGE ( 'NONE', *, *, #962, .T. ) ;
#945 = DIRECTION ( 'NONE',  ( -0.000000000000000000, 1.000000000000000000, -0.000000000000000000 ) ) ;
#946 = DIRECTION ( 'NONE',  ( 0.000000000000000000, 0.000000000000000000, 1.000000000000000000 ) ) ;
#947 = PRESENTATION_STYLE_ASSIGNMENT (( #187 ) ) ;
#948 = DIRECTION ( 'NONE',  ( -0.000000000000000000, -0.000000000000000000, 1.000000000000000000 ) ) ;
#949 = ORIENTED_EDGE ( 'NONE', *, *, #1748, .T. ) ;
#950 = DIRECTION ( 'NONE',  ( -0.000000000000000000, -0.000000000000000000, 1.000000000000000000 ) ) ;
#951 =( GEOMETRIC_REPRESENTATION_CONTEXT ( 3 ) GLOBAL_UNCERTAINTY_ASSIGNED_CONTEXT ( ( #1596 ) ) GLOBAL_UNIT_ASSIGNED_CONTEXT ( ( #1022, #309, #1322 ) ) REPRESENTATION_CONTEXT ( 'NONE', 'WORKASPACE' ) );
#952 = EDGE_CURVE ( 'NONE', #285, #1020, #1728, .T. ) ;
#953 = DIRECTION ( 'NONE',  ( 1.000000000000000000, 0.000000000000000000, 0.000000000000000000 ) ) ;
#954 = DIRECTION ( 'NONE',  ( -1.000000000000000000, 0.000000000000000000, 0.000000000000000000 ) ) ;
#955 = AXIS2_PLACEMENT_3D ( 'NONE', #657, #945, #1626 ) ;
#956 = COLOUR_RGB ( '',0.8509803921568627194, 0.8509803921568627194, 0.8509803921568627194 ) ;
#957 = ORIENTED_EDGE ( 'NONE', *, *, #1709, .F. ) ;
#958 = LINE ( 'NONE', #1531, #1335 ) ;
#959 = SURFACE_SIDE_STYLE ('',( #1670 ) ) ;
#960 = ORIENTED_EDGE ( 'NONE', *, *, #1189, .F. ) ;
#961 = AXIS2_PLACEMENT_3D ( 'NONE', #1244, #1279, #1137 ) ;
#962 = EDGE_CURVE ( 'NONE', #1481, #359, #1682, .T. ) ;
#963 = FACE_OUTER_BOUND ( 'NONE', #1419, .T. ) ;
#964 =( LENGTH_UNIT ( ) NAMED_UNIT ( * ) SI_UNIT ( .MILLI., .METRE. ) );
#965 =( LENGTH_UNIT ( ) NAMED_UNIT ( * ) SI_UNIT ( .MILLI., .METRE. ) );
#966 = VECTOR ( 'NONE', #1733, 1000.000000000000000 ) ;
#967 = STYLED_ITEM ( 'NONE', ( #225 ), #1872 ) ;
#968 = FILL_AREA_STYLE ('',( #1250 ) ) ;
#969 = ORIENTED_EDGE ( 'NONE', *, *, #245, .F. ) ;
#970 = CARTESIAN_POINT ( 'NONE',  ( 4.468399649801247264, 1.134100007169921875, -2.260600000000000609 ) ) ;
#971 = UNCERTAINTY_MEASURE_WITH_UNIT (LENGTH_MEASURE( 1.000000000000000082E-05 ), #287, 'distance_accuracy_value', 'NONE');
#972 = PRESENTATION_STYLE_ASSIGNMENT (( #395 ) ) ;
#973 = CARTESIAN_POINT ( 'NONE',  ( 4.468399649801274798, 8.889999999999998792, -2.247900000000000453 ) ) ;
#974 =( NAMED_UNIT ( * ) PLANE_ANGLE_UNIT ( ) SI_UNIT ( $, .RADIAN. ) );
#975 = MECHANICAL_DESIGN_GEOMETRIC_PRESENTATION_REPRESENTATION (  '', ( #1639 ), #1552 ) ;
#976 = ORIENTED_EDGE ( 'NONE', *, *, #280, .T. ) ;
#977 = STYLED_ITEM ( 'NONE', ( #1528 ), #544 ) ;
#978 = FACE_OUTER_BOUND ( 'NONE', #789, .T. ) ;
#979 = VECTOR ( 'NONE', #1068, 1000.000000000000000 ) ;
#980 = ORIENTED_EDGE ( 'NONE', *, *, #1615, .F. ) ;
#981 = SURFACE_STYLE_USAGE ( .BOTH. , #554 ) ;
#982 = CARTESIAN_POINT ( 'NONE',  ( 1.904999999999995808, 11.75091812156456328, -1.993900000000000672 ) ) ;
#983 = CARTESIAN_POINT ( 'NONE',  ( 0.000000000000000000, 0.000000000000000000, -1.993900000000000672 ) ) ;
#984 = DIRECTION ( 'NONE',  ( 1.000000000000000000, 0.000000000000000000, 0.000000000000000000 ) ) ;
#985 = ORIENTED_EDGE ( 'NONE', *, *, #339, .T. ) ;
#986 = FILL_AREA_STYLE_COLOUR ( '', #36 ) ;
#987 = VERTEX_POINT ( 'NONE', #1287 ) ;
#988 = EDGE_CURVE ( 'NONE', #1311, #1585, #1873, .T. ) ;
#989 = FILL_AREA_STYLE ('',( #302 ) ) ;
#990 = UNCERTAINTY_MEASURE_WITH_UNIT (LENGTH_MEASURE( 1.000000000000000082E-05 ), #996, 'distance_accuracy_value', 'NONE');
#991 = ORIENTED_EDGE ( 'NONE', *, *, #1577, .T. ) ;
#992 = CYLINDRICAL_SURFACE ( 'NONE', #887, 0.1230853639015391798 ) ;
#993 = PLANE ( 'NONE',  #1100 ) ;
#994 = CARTESIAN_POINT ( 'NONE',  ( 4.468399649801247264, 1.134100007169921875, -2.247900000000000453 ) ) ;
#995 = ORIENTED_EDGE ( 'NONE', *, *, #622, .T. ) ;
#996 =( LENGTH_UNIT ( ) NAMED_UNIT ( * ) SI_UNIT ( .MILLI., .METRE. ) );
#997 = AXIS2_PLACEMENT_3D ( 'NONE', #282, #1128, #1708 ) ;
#998 = EDGE_LOOP ( 'NONE', ( #1067, #1359, #265, #1554, #1289, #1145 ) ) ;
#999 = DIRECTION ( 'NONE',  ( 0.000000000000000000, 0.000000000000000000, -1.000000000000000000 ) ) ;
#1000 = FILL_AREA_STYLE ('',( #128 ) ) ;
#1001 = SURFACE_SIDE_STYLE ('',( #1621 ) ) ;
#1002 = CARTESIAN_POINT ( 'NONE',  ( 4.468399649801274798, 12.69999999999999751, -2.260600000000000609 ) ) ;
#1003 = ORIENTED_EDGE ( 'NONE', *, *, #962, .F. ) ;
#1004 = LINE ( 'NONE', #433, #802 ) ;
#1005 = CARTESIAN_POINT ( 'NONE',  ( -4.468399649801290785, 8.889999999999998792, -2.247900000000000453 ) ) ;
#1006 = ORIENTED_EDGE ( 'NONE', *, *, #988, .F. ) ;
#1007 = VECTOR ( 'NONE', #1637, 1000.000000000000000 ) ;
#1008 = DIRECTION ( 'NONE',  ( 0.000000000000000000, 0.000000000000000000, -1.000000000000000000 ) ) ;
#1009 = DIRECTION ( 'NONE',  ( -0.000000000000000000, 1.000000000000000000, -0.000000000000000000 ) ) ;
#1010 = AXIS2_PLACEMENT_3D ( 'NONE', #1693, #73, #93 ) ;
#1011 = VECTOR ( 'NONE', #1675, 1000.000000000000000 ) ;
#1012 = EDGE_LOOP ( 'NONE', ( #1368, #1710, #881, #1521 ) ) ;
#1013 = EDGE_CURVE ( 'NONE', #408, #1079, #740, .T. ) ;
#1014 = LINE ( 'NONE', #1429, #1823 ) ;
#1015 = ORIENTED_EDGE ( 'NONE', *, *, #1013, .T. ) ;
#1016 = DIRECTION ( 'NONE',  ( 1.000000000000000000, 0.000000000000000000, 0.000000000000000000 ) ) ;
#1017 = DIRECTION ( 'NONE',  ( -1.000000000000000000, -0.000000000000000000, -0.000000000000000000 ) ) ;
#1018 = ORIENTED_EDGE ( 'NONE', *, *, #1087, .T. ) ;
#1019 = PRESENTATION_STYLE_ASSIGNMENT (( #1435 ) ) ;
#1020 = VERTEX_POINT ( 'NONE', #1743 ) ;
#1021 = PRESENTATION_STYLE_ASSIGNMENT (( #26 ) ) ;
#1022 =( LENGTH_UNIT ( ) NAMED_UNIT ( * ) SI_UNIT ( .MILLI., .METRE. ) );
#1023 = SURFACE_STYLE_USAGE ( .BOTH. , #898 ) ;
#1024 = STYLED_ITEM ( 'NONE', ( #1810 ), #1323 ) ;
#1025 = CARTESIAN_POINT ( 'NONE',  ( -1.909917590217120598, -3.400000000000000799, 0.1230853639015389578 ) ) ;
#1026 = DIRECTION ( 'NONE',  ( 0.000000000000000000, -1.000000000000000000, 0.000000000000000000 ) ) ;
#1027 = COLOUR_RGB ( '',0.7764705882352941346, 0.7568627450980391913, 0.7372549019607843590 ) ;
#1028 = ORIENTED_EDGE ( 'NONE', *, *, #581, .T. ) ;
#1029 =( NAMED_UNIT ( * ) SI_UNIT ( $, .STERADIAN. ) SOLID_ANGLE_UNIT ( ) );
#1030 = DIRECTION ( 'NONE',  ( 0.000000000000000000, 0.000000000000000000, 1.000000000000000000 ) ) ;
#1031 = ORIENTED_EDGE ( 'NONE', *, *, #1884, .F. ) ;
#1032 = LINE ( 'NONE', #629, #240 ) ;
#1033 = CARTESIAN_POINT ( 'NONE',  ( -4.468399649801274798, 12.69999999999999751, -1.993900000000000672 ) ) ;
#1034 = PLANE ( 'NONE',  #856 ) ;
#1035 = MECHANICAL_DESIGN_GEOMETRIC_PRESENTATION_REPRESENTATION (  '', ( #370 ), #1331 ) ;
#1036 = PRESENTATION_LAYER_ASSIGNMENT (  '', '', ( #1854 ) ) ;
#1037 = PRESENTATION_STYLE_ASSIGNMENT (( #1176 ) ) ;
#1038 = AXIS2_PLACEMENT_3D ( 'NONE', #193, #1657, #639 ) ;
#1039 = ADVANCED_FACE ( 'NONE', ( #606 ), #1586, .F. ) ;
#1040 = CYLINDRICAL_SURFACE ( 'NONE', #430, 0.5000000000000000000 ) ;
#1041 = PRESENTATION_LAYER_ASSIGNMENT (  '', '', ( #977 ) ) ;
#1042 =( GEOMETRIC_REPRESENTATION_CONTEXT ( 3 ) GLOBAL_UNCERTAINTY_ASSIGNED_CONTEXT ( ( #1558 ) ) GLOBAL_UNIT_ASSIGNED_CONTEXT ( ( #471, #1326, #1623 ) ) REPRESENTATION_CONTEXT ( 'NONE', 'WORKASPACE' ) );
#1043 = ORIENTED_EDGE ( 'NONE', *, *, #1049, .F. ) ;
#1044 = PRESENTATION_STYLE_ASSIGNMENT (( #19 ) ) ;
#1045 = FILL_AREA_STYLE ('',( #1284 ) ) ;
#1046 = ORIENTED_EDGE ( 'NONE', *, *, #103, .T. ) ;
#1047 =( LENGTH_UNIT ( ) NAMED_UNIT ( * ) SI_UNIT ( .MILLI., .METRE. ) );
#1048 = DIRECTION ( 'NONE',  ( 2.168404344971009115E-16, 1.000000000000000000, 0.000000000000000000 ) ) ;
#1049 = EDGE_CURVE ( 'NONE', #847, #6, #1443, .T. ) ;
#1050 = ORIENTED_EDGE ( 'NONE', *, *, #1388, .F. ) ;
#1051 = FACE_OUTER_BOUND ( 'NONE', #1632, .T. ) ;
#1052 =( NAMED_UNIT ( * ) SI_UNIT ( $, .STERADIAN. ) SOLID_ANGLE_UNIT ( ) );
#1053 = CARTESIAN_POINT ( 'NONE',  ( -2.923911681979796118, 0.000000000000000000, 0.1230853639015388884 ) ) ;
#1054 = LINE ( 'NONE', #175, #890 ) ;
#1055 = SURFACE_SIDE_STYLE ('',( #793 ) ) ;
#1056 = CARTESIAN_POINT ( 'NONE',  ( 4.468399649801274798, 12.69999999999999751, -1.993900000000000672 ) ) ;
#1057 = AXIS2_PLACEMENT_3D ( 'NONE', #1269, #1130, #386 ) ;
#1058 = MECHANICAL_DESIGN_GEOMETRIC_PRESENTATION_REPRESENTATION (  '', ( #237 ), #1423 ) ;
#1059 = MECHANICAL_DESIGN_GEOMETRIC_PRESENTATION_REPRESENTATION (  '', ( #1541 ), #264 ) ;
#1060 = ORIENTED_EDGE ( 'NONE', *, *, #1385, .F. ) ;
#1061 = DIRECTION ( 'NONE',  ( -0.000000000000000000, -1.000000000000000000, -0.000000000000000000 ) ) ;
#1062 = FILL_AREA_STYLE ('',( #483 ) ) ;
#1063 = CARTESIAN_POINT ( 'NONE',  ( -2.923911681979796118, -5.000000000000000000, -0.1230853639015388884 ) ) ;
#1064 = DIRECTION ( 'NONE',  ( 0.000000000000000000, -0.000000000000000000, 1.000000000000000000 ) ) ;
#1065 = SURFACE_SIDE_STYLE ('',( #1519 ) ) ;
#1066 = AXIS2_PLACEMENT_3D ( 'NONE', #769, #884, #1780 ) ;
#1067 = ORIENTED_EDGE ( 'NONE', *, *, #254, .T. ) ;
#1068 = DIRECTION ( 'NONE',  ( -3.578640214712346672E-15, -1.000000000000000000, 0.000000000000000000 ) ) ;
#1069 = SURFACE_SIDE_STYLE ('',( #1786 ) ) ;
#1070 = PRESENTATION_LAYER_ASSIGNMENT (  '', '', ( #1829 ) ) ;
#1071 = ORIENTED_EDGE ( 'NONE', *, *, #799, .F. ) ;
#1072 = MECHANICAL_DESIGN_GEOMETRIC_PRESENTATION_REPRESENTATION (  '', ( #1398 ), #1584 ) ;
#1073 = PLANE ( 'NONE',  #1640 ) ;
#1074 = CYLINDRICAL_SURFACE ( 'NONE', #458, 0.1230853639015388884 ) ;
#1075 = EDGE_CURVE ( 'NONE', #497, #713, #109, .T. ) ;
#1076 = CARTESIAN_POINT ( 'NONE',  ( -5.079999999999993854, 8.889999999999998792, 2.247900000000000453 ) ) ;
#1077 = LINE ( 'NONE', #353, #943 ) ;
#1078 = DIRECTION ( 'NONE',  ( 0.000000000000000000, 0.000000000000000000, 1.000000000000000000 ) ) ;
#1079 = VERTEX_POINT ( 'NONE', #407 ) ;
#1080 = ORIENTED_EDGE ( 'NONE', *, *, #1136, .F. ) ;
#1081 = DIRECTION ( 'NONE',  ( -0.000000000000000000, 1.000000000000000000, -0.000000000000000000 ) ) ;
#1082 = UNCERTAINTY_MEASURE_WITH_UNIT (LENGTH_MEASURE( 1.000000000000000082E-05 ), #475, 'distance_accuracy_value', 'NONE');
#1083 = LINE ( 'NONE', #1827, #449 ) ;
#1084 = ADVANCED_FACE ( 'NONE', ( #1572 ), #1773, .F. ) ;
#1085 = DIRECTION ( 'NONE',  ( -1.000000000000000000, -0.000000000000000000, -0.000000000000000000 ) ) ;
#1086 = VERTEX_POINT ( 'NONE', #474 ) ;
#1087 = EDGE_CURVE ( 'NONE', #612, #1585, #1482, .T. ) ;
#1088 = SURFACE_STYLE_USAGE ( .BOTH. , #1803 ) ;
#1089 = AXIS2_PLACEMENT_3D ( 'NONE', #335, #1740, #1008 ) ;
#1090 = CARTESIAN_POINT ( 'NONE',  ( -3.779999999999994476, 1.300000000000000044, 2.147900000000000809 ) ) ;
#1091 = DIRECTION ( 'NONE',  ( -0.000000000000000000, 0.000000000000000000, 1.000000000000000000 ) ) ;
#1092 = ORIENTED_EDGE ( 'NONE', *, *, #539, .T. ) ;
#1093 = PLANE ( 'NONE',  #1702 ) ;
#1094 = FACE_BOUND ( 'NONE', #1638, .T. ) ;
#1095 = SURFACE_STYLE_USAGE ( .BOTH. , #342 ) ;
#1096 = ORIENTED_EDGE ( 'NONE', *, *, #229, .T. ) ;
#1097 =( NAMED_UNIT ( * ) SI_UNIT ( $, .STERADIAN. ) SOLID_ANGLE_UNIT ( ) );
#1098 = EDGE_CURVE ( 'NONE', #921, #343, #1032, .T. ) ;
#1099 = VECTOR ( 'NONE', #74, 1000.000000000000000 ) ;
#1100 = AXIS2_PLACEMENT_3D ( 'NONE', #983, #1560, #835 ) ;
#1101 = CARTESIAN_POINT ( 'NONE',  ( -0.3839116819797988023, -5.000000000000000000, -0.1230853639015392076 ) ) ;
#1102 = SURFACE_STYLE_USAGE ( .BOTH. , #959 ) ;
#1103 = VECTOR ( 'NONE', #1389, 1000.000000000000000 ) ;
#1104 = ORIENTED_EDGE ( 'NONE', *, *, #222, .T. ) ;
#1105 = PRESENTATION_LAYER_ASSIGNMENT (  '', '', ( #1280 ) ) ;
#1106 =( NAMED_UNIT ( * ) SI_UNIT ( $, .STERADIAN. ) SOLID_ANGLE_UNIT ( ) );
#1107 = ADVANCED_FACE ( 'NONE', ( #1051 ), #308, .T. ) ;
#1108 = SURFACE_STYLE_USAGE ( .BOTH. , #81 ) ;
#1109 = SURFACE_STYLE_USAGE ( .BOTH. , #1559 ) ;
#1110 = FILL_AREA_STYLE ('',( #840 ) ) ;
#1111 = PRESENTATION_STYLE_ASSIGNMENT (( #1836 ) ) ;
#1112 = EDGE_LOOP ( 'NONE', ( #1060, #292, #506, #681 ) ) ;
#1113 =( NAMED_UNIT ( * ) SI_UNIT ( $, .STERADIAN. ) SOLID_ANGLE_UNIT ( ) );
#1114 = PRESENTATION_LAYER_ASSIGNMENT (  '', '', ( #1024 ) ) ;
#1115 = FILL_AREA_STYLE_COLOUR ( '', #234 ) ;
#1116 = LINE ( 'NONE', #684, #145 ) ;
#1117 = CARTESIAN_POINT ( 'NONE',  ( 1.904999999999995808, 11.75091812156456328, -7.073900000000000077 ) ) ;
#1118 = EDGE_CURVE ( 'NONE', #564, #1653, #1625, .T. ) ;
#1119 = ORIENTED_EDGE ( 'NONE', *, *, #952, .T. ) ;
#1120 = LINE ( 'NONE', #1369, #151 ) ;
#1121 = ORIENTED_EDGE ( 'NONE', *, *, #942, .T. ) ;
#1122 = UNCERTAINTY_MEASURE_WITH_UNIT (LENGTH_MEASURE( 1.000000000000000082E-05 ), #1881, 'distance_accuracy_value', 'NONE');
#1123 = FACE_OUTER_BOUND ( 'NONE', #768, .T. ) ;
#1124 = CARTESIAN_POINT ( 'NONE',  ( -2.923911681979796118, -5.000000000000000000, 0.000000000000000000 ) ) ;
#1125 = MECHANICAL_DESIGN_GEOMETRIC_PRESENTATION_REPRESENTATION (  '', ( #1701 ), #951 ) ;
#1126 = ADVANCED_FACE ( 'NONE', ( #896 ), #11, .F. ) ;
#1127 = EDGE_LOOP ( 'NONE', ( #991, #617, #976, #258 ) ) ;
#1128 = DIRECTION ( 'NONE',  ( -1.000000000000000000, 0.000000000000000000, 0.000000000000000000 ) ) ;
#1129 = EDGE_LOOP ( 'NONE', ( #217, #906 ) ) ;
#1130 = DIRECTION ( 'NONE',  ( -1.000000000000000000, 0.000000000000000000, 0.000000000000000000 ) ) ;
#1131 = VERTEX_POINT ( 'NONE', #104 ) ;
#1132 = CARTESIAN_POINT ( 'NONE',  ( -0.3839116819797990243, -4.000000000000000000, -0.1230853639015410533 ) ) ;
#1133 = CARTESIAN_POINT ( 'NONE',  ( 0.3839116819797984137, -4.000000000000000000, -0.1230853639015410533 ) ) ;
#1134 = PRODUCT_CONTEXT ( 'NONE', #1412, 'mechanical' ) ;
#1135 = ORIENTED_EDGE ( 'NONE', *, *, #1087, .F. ) ;
#1136 = EDGE_CURVE ( 'NONE', #1079, #851, #1787, .T. ) ;
#1137 = DIRECTION ( 'NONE',  ( 1.000000000000000000, 0.000000000000000000, 0.000000000000000000 ) ) ;
#1138 = VERTEX_POINT ( 'NONE', #1293 ) ;
#1139 = UNCERTAINTY_MEASURE_WITH_UNIT (LENGTH_MEASURE( 1.000000000000000082E-05 ), #792, 'distance_accuracy_value', 'NONE');
#1140 = ORIENTED_EDGE ( 'NONE', *, *, #354, .T. ) ;
#1141 = DIRECTION ( 'NONE',  ( -0.000000000000000000, -0.000000000000000000, 1.000000000000000000 ) ) ;
#1142 = DIRECTION ( 'NONE',  ( -0.3795786364963124049, 0.9251594774500233598, 0.000000000000000000 ) ) ;
#1143 = PLANE ( 'NONE',  #1600 ) ;
#1144 = MECHANICAL_DESIGN_GEOMETRIC_PRESENTATION_REPRESENTATION (  '', ( #1390 ), #363 ) ;
#1145 = ORIENTED_EDGE ( 'NONE', *, *, #622, .F. ) ;
#1146 = CARTESIAN_POINT ( 'NONE',  ( -0.3839116819797988023, -5.000000000000000000, -0.1230853639015392076 ) ) ;
#1147 = ORIENTED_EDGE ( 'NONE', *, *, #1779, .F. ) ;
#1148 =( NAMED_UNIT ( * ) PLANE_ANGLE_UNIT ( ) SI_UNIT ( $, .RADIAN. ) );
#1149 = EDGE_CURVE ( 'NONE', #585, #779, #600, .T. ) ;
#1150 = CARTESIAN_POINT ( 'NONE',  ( 2.975987827458993262, 14.61183624312912777, -2.260600000000000609 ) ) ;
#1151 =( GEOMETRIC_REPRESENTATION_CONTEXT ( 3 ) GLOBAL_UNCERTAINTY_ASSIGNED_CONTEXT ( ( #459 ) ) GLOBAL_UNIT_ASSIGNED_CONTEXT ( ( #1267, #708, #1418 ) ) REPRESENTATION_CONTEXT ( 'NONE', 'WORKASPACE' ) );
#1152 = ORIENTED_EDGE ( 'NONE', *, *, #753, .F. ) ;
#1153 = FILL_AREA_STYLE ('',( #1879 ) ) ;
#1154 = DIRECTION ( 'NONE',  ( -0.000000000000000000, -0.000000000000000000, 1.000000000000000000 ) ) ;
#1155 = DIRECTION ( 'NONE',  ( 0.000000000000000000, 0.000000000000000000, 1.000000000000000000 ) ) ;
#1156 = DIRECTION ( 'NONE',  ( -0.000000000000000000, -0.000000000000000000, 1.000000000000000000 ) ) ;
#1157 = ORIENTED_EDGE ( 'NONE', *, *, #540, .F. ) ;
#1158 = VECTOR ( 'NONE', #648, 1000.000000000000000 ) ;
#1159 = FILL_AREA_STYLE ('',( #870 ) ) ;
#1160 = STYLED_ITEM ( 'NONE', ( #468 ), #689 ) ;
#1161 = UNCERTAINTY_MEASURE_WITH_UNIT (LENGTH_MEASURE( 1.000000000000000082E-05 ), #824, 'distance_accuracy_value', 'NONE');
#1162 = EDGE_CURVE ( 'NONE', #1086, #133, #127, .T. ) ;
#1163 = ORIENTED_EDGE ( 'NONE', *, *, #254, .F. ) ;
#1164 = SURFACE_STYLE_FILL_AREA ( #922 ) ;
#1165 = SURFACE_STYLE_USAGE ( .BOTH. , #601 ) ;
#1166 = DIRECTION ( 'NONE',  ( -0.000000000000000000, 1.000000000000000000, -0.000000000000000000 ) ) ;
#1167 = CARTESIAN_POINT ( 'NONE',  ( -5.079999999999993854, 0.000000000000000000, 2.247900000000000453 ) ) ;
#1168 = LINE ( 'NONE', #1750, #1833 ) ;
#1169 = ORIENTED_EDGE ( 'NONE', *, *, #1529, .F. ) ;
#1170 = LINE ( 'NONE', #573, #1356 ) ;
#1171 = ORIENTED_EDGE ( 'NONE', *, *, #1358, .F. ) ;
#1172 = SURFACE_SIDE_STYLE ('',( #1164 ) ) ;
#1173 = CARTESIAN_POINT ( 'NONE',  ( -3.779999999999994476, 1.300000000000000044, 2.247900000000000453 ) ) ;
#1174 = ORIENTED_EDGE ( 'NONE', *, *, #317, .T. ) ;
#1175 = CARTESIAN_POINT ( 'NONE',  ( 2.923911681979796118, -3.999999999999999112, 0.1230853639015392076 ) ) ;
#1176 = SURFACE_STYLE_USAGE ( .BOTH. , #15 ) ;
#1177 = MECHANICAL_DESIGN_GEOMETRIC_PRESENTATION_REPRESENTATION (  '', ( #730 ), #1325 ) ;
#1178 = CARTESIAN_POINT ( 'NONE',  ( 4.468399649801274798, 8.889999999999998792, -1.993900000000000672 ) ) ;
#1179 = ORIENTED_EDGE ( 'NONE', *, *, #388, .T. ) ;
#1180 = FACE_OUTER_BOUND ( 'NONE', #855, .T. ) ;
#1181 =( NAMED_UNIT ( * ) PLANE_ANGLE_UNIT ( ) SI_UNIT ( $, .RADIAN. ) );
#1182 = MECHANICAL_DESIGN_GEOMETRIC_PRESENTATION_REPRESENTATION (  '', ( #1365 ), #299 ) ;
#1183 = VERTEX_POINT ( 'NONE', #431 ) ;
#1184 = SURFACE_SIDE_STYLE ('',( #1451 ) ) ;
#1185 = EDGE_CURVE ( 'NONE', #1079, #851, #1408, .T. ) ;
#1186 = PRESENTATION_LAYER_ASSIGNMENT (  '', '', ( #1550 ) ) ;
#1187 = VECTOR ( 'NONE', #224, 1000.000000000000114 ) ;
#1188 = CARTESIAN_POINT ( 'NONE',  ( -5.079999999999993854, 8.889999999999998792, -2.247900000000000453 ) ) ;
#1189 = EDGE_CURVE ( 'NONE', #405, #1692, #586, .T. ) ;
#1190 = DIRECTION ( 'NONE',  ( -0.9251594774500233598, 0.3795786364963124049, 0.000000000000000000 ) ) ;
#1191 = STYLED_ITEM ( 'NONE', ( #1019 ), #719 ) ;
#1192 = EDGE_LOOP ( 'NONE', ( #836, #883, #949, #1261 ) ) ;
#1193 = VECTOR ( 'NONE', #1718, 1000.000000000000000 ) ;
#1194 = LINE ( 'NONE', #1211, #87 ) ;
#1195 = VERTEX_POINT ( 'NONE', #1581 ) ;
#1196 =( NAMED_UNIT ( * ) SI_UNIT ( $, .STERADIAN. ) SOLID_ANGLE_UNIT ( ) );
#1197 = EDGE_CURVE ( 'NONE', #796, #731, #412, .T. ) ;
#1198 = CARTESIAN_POINT ( 'NONE',  ( 4.468399649801247264, 1.134100007169921875, -2.260600000000000609 ) ) ;
#1199 = EDGE_CURVE ( 'NONE', #1864, #296, #714, .T. ) ;
#1200 = ORIENTED_EDGE ( 'NONE', *, *, #1862, .T. ) ;
#1201 = DIRECTION ( 'NONE',  ( 1.000000000000000000, 0.000000000000000000, 0.000000000000000000 ) ) ;
#1202 = CARTESIAN_POINT ( 'NONE',  ( -4.468399649801290785, 1.134100007169953184, -2.247900000000000453 ) ) ;
#1203 = FACE_OUTER_BOUND ( 'NONE', #1332, .T. ) ;
#1204 =( GEOMETRIC_REPRESENTATION_CONTEXT ( 3 ) GLOBAL_UNCERTAINTY_ASSIGNED_CONTEXT ( ( #249 ) ) GLOBAL_UNIT_ASSIGNED_CONTEXT ( ( #933, #183, #1470 ) ) REPRESENTATION_CONTEXT ( 'NONE', 'WORKASPACE' ) );
#1205 = DIRECTION ( 'NONE',  ( 0.000000000000000000, 1.000000000000000000, 0.000000000000000000 ) ) ;
#1206 = CARTESIAN_POINT ( 'NONE',  ( -2.156088318020198180, -5.000000000000000000, 0.1230853639015388884 ) ) ;
#1207 = COLOUR_RGB ( '',0.09803921568627450844, 0.09803921568627450844, 0.09803921568627450844 ) ;
#1208 = ADVANCED_FACE ( 'NONE', ( #1695 ), #992, .T. ) ;
#1209 = EDGE_LOOP ( 'NONE', ( #717, #253, #1608, #467 ) ) ;
#1210 = CARTESIAN_POINT ( 'NONE',  ( -4.468399649801274798, 12.69999999999999751, -2.260600000000000609 ) ) ;
#1211 = CARTESIAN_POINT ( 'NONE',  ( 2.923911681979801891, -5.000000000000000000, 0.1230853639015391798 ) ) ;
#1212 = CARTESIAN_POINT ( 'NONE',  ( 3.170082409782899457, -3.399999999999938627, -0.1230853639015513923 ) ) ;
#1213 = FACE_OUTER_BOUND ( 'NONE', #1192, .T. ) ;
#1214 = FILL_AREA_STYLE ('',( #330 ) ) ;
#1215 = DIRECTION ( 'NONE',  ( -1.000000000000000000, -0.000000000000000000, -0.000000000000000000 ) ) ;
#1216 = SURFACE_STYLE_USAGE ( .BOTH. , #1065 ) ;
#1217 = ORIENTED_EDGE ( 'NONE', *, *, #70, .F. ) ;
#1218 = FILL_AREA_STYLE ('',( #1762 ) ) ;
#1219 = PRESENTATION_STYLE_ASSIGNMENT (( #1088 ) ) ;
#1220 = CLOSED_SHELL ( 'NONE', ( #636, #614, #205, #154, #300, #1676, #1875, #415, #732, #1107, #472, #689, #164, #173, #44, #1428, #1872, #1777, #1323, #263, #513, #1208, #1301, #399, #704, #1237, #1485, #325, #1463, #69, #1273, #719, #1126, #77, #1277, #1039, #494, #1680, #1084, #879, #1526, #544, #478, #762, #444, #865 ) ) ;
#1221 =( GEOMETRIC_REPRESENTATION_CONTEXT ( 3 ) GLOBAL_UNCERTAINTY_ASSIGNED_CONTEXT ( ( #661 ) ) GLOBAL_UNIT_ASSIGNED_CONTEXT ( ( #1669, #1627, #498 ) ) REPRESENTATION_CONTEXT ( 'NONE', 'WORKASPACE' ) );
#1222 = ORIENTED_EDGE ( 'NONE', *, *, #229, .F. ) ;
#1223 = DIRECTION ( 'NONE',  ( 0.000000000000000000, -1.000000000000000000, 0.000000000000000000 ) ) ;
#1224 = PRESENTATION_LAYER_ASSIGNMENT (  '', '', ( #149 ) ) ;
#1225 = FACE_OUTER_BOUND ( 'NONE', #1229, .T. ) ;
#1226 = FACE_OUTER_BOUND ( 'NONE', #599, .T. ) ;
#1227 = CARTESIAN_POINT ( 'NONE',  ( -4.468399649801274798, 12.69999999999999751, -1.993900000000000672 ) ) ;
#1228 = FILL_AREA_STYLE ('',( #178 ) ) ;
#1229 = EDGE_LOOP ( 'NONE', ( #1381, #413, #107, #940 ) ) ;
#1230 =( NAMED_UNIT ( * ) PLANE_ANGLE_UNIT ( ) SI_UNIT ( $, .RADIAN. ) );
#1231 =( BOUNDED_CURVE ( )  B_SPLINE_CURVE ( 3, ( #61, #938, #71, #231 ),
 .UNSPECIFIED., .F., .T. ) 
 B_SPLINE_CURVE_WITH_KNOTS ( ( 4, 4 ),
 ( 4.712388980384738524, 7.853981633974433940 ),
 .UNSPECIFIED. ) 
 CURVE ( )  GEOMETRIC_REPRESENTATION_ITEM ( )  RATIONAL_B_SPLINE_CURVE ( ( 1.000000000000000000, 0.3333333333333659554, 0.3333333333333659554, 1.000000000000000000 ) ) 
 REPRESENTATION_ITEM ( '' )  );
#1232 = LINE ( 'NONE', #1634, #660 ) ;
#1233 = CARTESIAN_POINT ( 'NONE',  ( -1.905000000000003801, 11.75091812156456328, -2.260600000000000609 ) ) ;
#1234 = DIRECTION ( 'NONE',  ( -0.000000000000000000, -1.000000000000000000, -0.000000000000000000 ) ) ;
#1235 = PLANE ( 'NONE',  #1569 ) ;
#1236 = PLANE ( 'NONE',  #1691 ) ;
#1237 = ADVANCED_FACE ( 'NONE', ( #1123 ), #1665, .F. ) ;
#1238 = PLANE ( 'NONE',  #696 ) ;
#1239 = SURFACE_STYLE_USAGE ( .BOTH. , #675 ) ;
#1240 = DIRECTION ( 'NONE',  ( -1.000000000000000000, 0.000000000000000000, 0.000000000000000000 ) ) ;
#1241 = PRESENTATION_LAYER_ASSIGNMENT (  '', '', ( #1390 ) ) ;
#1242 = CARTESIAN_POINT ( 'NONE',  ( -5.079999999999993854, 8.889999999999998792, -2.247900000000000453 ) ) ;
#1243 = EDGE_CURVE ( 'NONE', #934, #1851, #1406, .T. ) ;
#1244 = CARTESIAN_POINT ( 'NONE',  ( -3.779999999999994476, 1.300000000000000044, 2.147900000000000809 ) ) ;
#1245 = COLOUR_RGB ( '',0.7764705882352941346, 0.7568627450980391913, 0.7372549019607843590 ) ;
#1246 =( NAMED_UNIT ( * ) SI_UNIT ( $, .STERADIAN. ) SOLID_ANGLE_UNIT ( ) );
#1247 = AXIS2_PLACEMENT_3D ( 'NONE', #1516, #60, #803 ) ;
#1248 = AXIS2_PLACEMENT_3D ( 'NONE', #352, #1505, #937 ) ;
#1249 = CARTESIAN_POINT ( 'NONE',  ( 2.156088318020198180, -3.999999999999999112, -6.988914636098460420 ) ) ;
#1250 = FILL_AREA_STYLE_COLOUR ( '', #1027 ) ;
#1251 = STYLED_ITEM ( 'NONE', ( #1037 ), #704 ) ;
#1252 = ORIENTED_EDGE ( 'NONE', *, *, #33, .T. ) ;
#1253 = VECTOR ( 'NONE', #131, 1000.000000000000000 ) ;
#1254 = PRESENTATION_STYLE_ASSIGNMENT (( #227 ) ) ;
#1255 =( LENGTH_UNIT ( ) NAMED_UNIT ( * ) SI_UNIT ( .MILLI., .METRE. ) );
#1256 = MANIFOLD_SOLID_BREP ( 'Cut-Extrude4', #1220 ) ;
#1257 = UNCERTAINTY_MEASURE_WITH_UNIT (LENGTH_MEASURE( 1.000000000000000082E-05 ), #105, 'distance_accuracy_value', 'NONE');
#1258 = DIRECTION ( 'NONE',  ( 0.000000000000000000, -1.000000000000000000, 0.000000000000000000 ) ) ;
#1259 = PRESENTATION_STYLE_ASSIGNMENT (( #565 ) ) ;
#1260 = FILL_AREA_STYLE ('',( #1860 ) ) ;
#1261 = ORIENTED_EDGE ( 'NONE', *, *, #1761, .F. ) ;
#1262 =( GEOMETRIC_REPRESENTATION_CONTEXT ( 3 ) GLOBAL_UNCERTAINTY_ASSIGNED_CONTEXT ( ( #1846 ) ) GLOBAL_UNIT_ASSIGNED_CONTEXT ( ( #1775, #1496, #664 ) ) REPRESENTATION_CONTEXT ( 'NONE', 'WORKASPACE' ) );
#1263 = DIRECTION ( 'NONE',  ( 0.000000000000000000, -0.000000000000000000, -1.000000000000000000 ) ) ;
#1264 =( NAMED_UNIT ( * ) SI_UNIT ( $, .STERADIAN. ) SOLID_ANGLE_UNIT ( ) );
#1265 =( NAMED_UNIT ( * ) PLANE_ANGLE_UNIT ( ) SI_UNIT ( $, .RADIAN. ) );
#1266 = ORIENTED_EDGE ( 'NONE', *, *, #620, .T. ) ;
#1267 =( LENGTH_UNIT ( ) NAMED_UNIT ( * ) SI_UNIT ( .MILLI., .METRE. ) );
#1268 = ORIENTED_EDGE ( 'NONE', *, *, #1013, .F. ) ;
#1269 = CARTESIAN_POINT ( 'NONE',  ( 5.080000000000006288, 8.889999999999998792, 2.247900000000000453 ) ) ;
#1270 = UNCERTAINTY_MEASURE_WITH_UNIT (LENGTH_MEASURE( 1.000000000000000082E-05 ), #1047, 'distance_accuracy_value', 'NONE');
#1271 = DIRECTION ( 'NONE',  ( -0.6153341282808847401, 0.7882663956891754475, 0.000000000000000000 ) ) ;
#1272 = FILL_AREA_STYLE ('',( #541 ) ) ;
#1273 = ADVANCED_FACE ( 'NONE', ( #1511 ), #1549, .F. ) ;
#1274 = VECTOR ( 'NONE', #1154, 1000.000000000000000 ) ;
#1275 = FILL_AREA_STYLE ('',( #230 ) ) ;
#1276 = SHAPE_DEFINITION_REPRESENTATION ( #517, #348 ) ;
#1277 = ADVANCED_FACE ( 'NONE', ( #1813 ), #160, .F. ) ;
#1278 = AXIS2_PLACEMENT_3D ( 'NONE', #1760, #157, #1333 ) ;
#1279 = DIRECTION ( 'NONE',  ( 0.000000000000000000, 0.000000000000000000, 1.000000000000000000 ) ) ;
#1280 = STYLED_ITEM ( 'NONE', ( #1863 ), #1039 ) ;
#1281 = ORIENTED_EDGE ( 'NONE', *, *, #1734, .T. ) ;
#1282 = ORIENTED_EDGE ( 'NONE', *, *, #1555, .F. ) ;
#1283 = CARTESIAN_POINT ( 'NONE',  ( -0.3839116819797990243, -4.000000000000000000, 0.1230853639015392076 ) ) ;
#1284 = FILL_AREA_STYLE_COLOUR ( '', #1312 ) ;
#1285 = VERTEX_POINT ( 'NONE', #1655 ) ;
#1286 =( BOUNDED_CURVE ( )  B_SPLINE_CURVE ( 3, ( #1515, #1025, #298, #1461 ),
 .UNSPECIFIED., .F., .T. ) 
 B_SPLINE_CURVE_WITH_KNOTS ( ( 4, 4 ),
 ( 4.712388980384689674, 7.853981633974482790 ),
 .UNSPECIFIED. ) 
 CURVE ( )  GEOMETRIC_REPRESENTATION_ITEM ( )  RATIONAL_B_SPLINE_CURVE ( ( 1.000000000000000000, 0.3333333333333333703, 0.3333333333333333703, 1.000000000000000000 ) ) 
 REPRESENTATION_ITEM ( '' )  );
#1287 = CARTESIAN_POINT ( 'NONE',  ( -1.905000000000003801, 11.75091812156456328, -1.993900000000000672 ) ) ;
#1288 = EDGE_CURVE ( 'NONE', #736, #912, #200, .T. ) ;
#1289 = ORIENTED_EDGE ( 'NONE', *, *, #406, .F. ) ;
#1290 = CARTESIAN_POINT ( 'NONE',  ( 2.156088318020204397, 0.000000000000000000, 0.000000000000000000 ) ) ;
#1291 = LINE ( 'NONE', #1150, #966 ) ;
#1292 = ORIENTED_EDGE ( 'NONE', *, *, #1651, .F. ) ;
#1293 = CARTESIAN_POINT ( 'NONE',  ( 4.468399649801274798, 12.69999999999999751, -1.993900000000000672 ) ) ;
#1294 = DIRECTION ( 'NONE',  ( -1.000000000000000000, 3.493982747153251778E-15, 0.000000000000000000 ) ) ;
#1295 = SURFACE_STYLE_FILL_AREA ( #1260 ) ;
#1296 = CIRCLE ( 'NONE', #645, 0.1230853639015391798 ) ;
#1297 = ORIENTED_EDGE ( 'NONE', *, *, #1162, .F. ) ;
#1298 = CARTESIAN_POINT ( 'NONE',  ( -5.079999999999993854, 0.000000000000000000, -2.247900000000000453 ) ) ;
#1299 = CARTESIAN_POINT ( 'NONE',  ( 4.468399649801247264, 1.134100007169921875, -2.260600000000000609 ) ) ;
#1300 = ORIENTED_EDGE ( 'NONE', *, *, #1075, .F. ) ;
#1301 = ADVANCED_FACE ( 'NONE', ( #355 ), #1236, .F. ) ;
#1302 = DIRECTION ( 'NONE',  ( -1.000000000000000000, 0.000000000000000000, 0.000000000000000000 ) ) ;
#1303 = ORIENTED_EDGE ( 'NONE', *, *, #1199, .T. ) ;
#1304 = SURFACE_SIDE_STYLE ('',( #737 ) ) ;
#1305 = FACE_OUTER_BOUND ( 'NONE', #591, .T. ) ;
#1306 = PLANE ( 'NONE',  #924 ) ;
#1307 = VECTOR ( 'NONE', #690, 1000.000000000000000 ) ;
#1308 = CARTESIAN_POINT ( 'NONE',  ( -4.468399649801274798, 12.69999999999999751, -2.260600000000000609 ) ) ;
#1309 = MECHANICAL_DESIGN_GEOMETRIC_PRESENTATION_REPRESENTATION (  '', ( #1829 ), #1524 ) ;
#1310 = SURFACE_STYLE_USAGE ( .BOTH. , #558 ) ;
#1311 = VERTEX_POINT ( 'NONE', #72 ) ;
#1312 = COLOUR_RGB ( '',0.7764705882352941346, 0.7568627450980391913, 0.7372549019607843590 ) ;
#1313 = LINE ( 'NONE', #7, #1007 ) ;
#1314 =( GEOMETRIC_REPRESENTATION_CONTEXT ( 3 ) GLOBAL_UNCERTAINTY_ASSIGNED_CONTEXT ( ( #990 ) ) GLOBAL_UNIT_ASSIGNED_CONTEXT ( ( #996, #892, #153 ) ) REPRESENTATION_CONTEXT ( 'NONE', 'WORKASPACE' ) );
#1315 =( NAMED_UNIT ( * ) PLANE_ANGLE_UNIT ( ) SI_UNIT ( $, .RADIAN. ) );
#1316 = EDGE_LOOP ( 'NONE', ( #25, #1424, #1484, #1749 ) ) ;
#1317 = LINE ( 'NONE', #12, #1578 ) ;
#1318 = FACE_OUTER_BOUND ( 'NONE', #707, .T. ) ;
#1319 = CARTESIAN_POINT ( 'NONE',  ( -2.156088318020198180, -5.000000000000000000, 0.1230853639015388884 ) ) ;
#1320 = ORIENTED_EDGE ( 'NONE', *, *, #1818, .T. ) ;
#1321 = SURFACE_STYLE_FILL_AREA ( #463 ) ;
#1322 =( NAMED_UNIT ( * ) SI_UNIT ( $, .STERADIAN. ) SOLID_ANGLE_UNIT ( ) );
#1323 = ADVANCED_FACE ( 'NONE', ( #41 ), #929, .F. ) ;
#1324 = FILL_AREA_STYLE_COLOUR ( '', #1771 ) ;
#1325 =( GEOMETRIC_REPRESENTATION_CONTEXT ( 3 ) GLOBAL_UNCERTAINTY_ASSIGNED_CONTEXT ( ( #1447 ) ) GLOBAL_UNIT_ASSIGNED_CONTEXT ( ( #1380, #52, #1507 ) ) REPRESENTATION_CONTEXT ( 'NONE', 'WORKASPACE' ) );
#1326 =( NAMED_UNIT ( * ) PLANE_ANGLE_UNIT ( ) SI_UNIT ( $, .RADIAN. ) );
#1327 = UNCERTAINTY_MEASURE_WITH_UNIT (LENGTH_MEASURE( 1.000000000000000082E-05 ), #1341, 'distance_accuracy_value', 'NONE');
#1328 = ORIENTED_EDGE ( 'NONE', *, *, #1288, .T. ) ;
#1329 = CARTESIAN_POINT ( 'NONE',  ( -0.3839116819797988023, 0.000000000000000000, -0.1230853639015392076 ) ) ;
#1330 = LINE ( 'NONE', #508, #1158 ) ;
#1331 =( GEOMETRIC_REPRESENTATION_CONTEXT ( 3 ) GLOBAL_UNCERTAINTY_ASSIGNED_CONTEXT ( ( #1421 ) ) GLOBAL_UNIT_ASSIGNED_CONTEXT ( ( #965, #80, #538 ) ) REPRESENTATION_CONTEXT ( 'NONE', 'WORKASPACE' ) );
#1332 = EDGE_LOOP ( 'NONE', ( #1719, #1772, #447, #574 ) ) ;
#1333 = DIRECTION ( 'NONE',  ( 0.000000000000000000, 0.000000000000000000, -1.000000000000000000 ) ) ;
#1334 = STYLED_ITEM ( 'NONE', ( #98 ), #77 ) ;
#1335 = VECTOR ( 'NONE', #1795, 1000.000000000000000 ) ;
#1336 = CARTESIAN_POINT ( 'NONE',  ( -0.3839116819797988023, -5.000000000000000000, -0.1230853639015392076 ) ) ;
#1337 = STYLED_ITEM ( 'NONE', ( #715 ), #478 ) ;
#1338 = AXIS2_PLACEMENT_3D ( 'NONE', #722, #1575, #1030 ) ;
#1339 = EDGE_LOOP ( 'NONE', ( #84, #129, #1811, #1433 ) ) ;
#1340 =( GEOMETRIC_REPRESENTATION_CONTEXT ( 3 ) GLOBAL_UNCERTAINTY_ASSIGNED_CONTEXT ( ( #144 ) ) GLOBAL_UNIT_ASSIGNED_CONTEXT ( ( #537, #1405, #1113 ) ) REPRESENTATION_CONTEXT ( 'NONE', 'WORKASPACE' ) );
#1341 =( LENGTH_UNIT ( ) NAMED_UNIT ( * ) SI_UNIT ( .MILLI., .METRE. ) );
#1342 = SURFACE_STYLE_FILL_AREA ( #1376 ) ;
#1343 = CARTESIAN_POINT ( 'NONE',  ( 0.3839116819797988023, 0.000000000000000000, 0.1230853639015392076 ) ) ;
#1344 = CYLINDRICAL_SURFACE ( 'NONE', #1338, 0.1230853639015392076 ) ;
#1345 = DIRECTION ( 'NONE',  ( 0.000000000000000000, 0.000000000000000000, -1.000000000000000000 ) ) ;
#1346 = EDGE_CURVE ( 'NONE', #1597, #1692, #1650, .T. ) ;
#1347 = PLANE ( 'NONE',  #927 ) ;
#1348 =( NAMED_UNIT ( * ) PLANE_ANGLE_UNIT ( ) SI_UNIT ( $, .RADIAN. ) );
#1349 = ORIENTED_EDGE ( 'NONE', *, *, #1346, .F. ) ;
#1350 = DIRECTION ( 'NONE',  ( 0.000000000000000000, 0.000000000000000000, 1.000000000000000000 ) ) ;
#1351 = CARTESIAN_POINT ( 'NONE',  ( 4.468399649801274798, 8.889999999999998792, -1.993900000000000672 ) ) ;
#1352 =( NAMED_UNIT ( * ) SI_UNIT ( $, .STERADIAN. ) SOLID_ANGLE_UNIT ( ) );
#1353 = CARTESIAN_POINT ( 'NONE',  ( 2.923911681979801891, 0.000000000000000000, -0.1230853639015391798 ) ) ;
#1354 = PLANE ( 'NONE',  #1427 ) ;
#1355 = EDGE_LOOP ( 'NONE', ( #1593, #1755, #79, #485 ) ) ;
#1356 = VECTOR ( 'NONE', #306, 1000.000000000000000 ) ;
#1357 = LINE ( 'NONE', #490, #979 ) ;
#1358 = EDGE_CURVE ( 'NONE', #779, #1311, #476, .T. ) ;
#1359 = ORIENTED_EDGE ( 'NONE', *, *, #1098, .F. ) ;
#1360 =( NAMED_UNIT ( * ) PLANE_ANGLE_UNIT ( ) SI_UNIT ( $, .RADIAN. ) );
#1361 = LINE ( 'NONE', #925, #218 ) ;
#1362 = CARTESIAN_POINT ( 'NONE',  ( 2.923911681979796118, -3.999999999999999112, 0.1230853639015392076 ) ) ;
#1363 = SURFACE_STYLE_FILL_AREA ( #1648 ) ;
#1364 = PLANE ( 'NONE',  #1767 ) ;
#1365 = STYLED_ITEM ( 'NONE', ( #972 ), #1237 ) ;
#1366 =( NAMED_UNIT ( * ) SI_UNIT ( $, .STERADIAN. ) SOLID_ANGLE_UNIT ( ) );
#1367 = CARTESIAN_POINT ( 'NONE',  ( 0.3839116819797984137, -4.000000000000000000, -0.1230853639015410533 ) ) ;
#1368 = ORIENTED_EDGE ( 'NONE', *, *, #756, .F. ) ;
#1369 = CARTESIAN_POINT ( 'NONE',  ( -5.079999999999993854, 8.889999999999998792, -2.247900000000000453 ) ) ;
#1370 = PRESENTATION_STYLE_ASSIGNMENT (( #324 ) ) ;
#1371 = COLOUR_RGB ( '',0.8509803921568627194, 0.8509803921568627194, 0.8509803921568627194 ) ;
#1372 = CARTESIAN_POINT ( 'NONE',  ( -2.923911681979796118, -4.000000000000000000, -0.1230853639015401790 ) ) ;
#1373 = MECHANICAL_DESIGN_GEOMETRIC_PRESENTATION_REPRESENTATION (  '', ( #977 ), #595 ) ;
#1374 = LINE ( 'NONE', #185, #1 ) ;
#1375 = MECHANICAL_DESIGN_GEOMETRIC_PRESENTATION_REPRESENTATION (  '', ( #1160 ), #503 ) ;
#1376 = FILL_AREA_STYLE ('',( #775 ) ) ;
#1377 = DIRECTION ( 'NONE',  ( 0.000000000000000000, -0.000000000000000000, -1.000000000000000000 ) ) ;
#1378 = CARTESIAN_POINT ( 'NONE',  ( -2.923911681979796118, 0.000000000000000000, -0.1230853639015388884 ) ) ;
#1379 = DIRECTION ( 'NONE',  ( -1.000000000000000000, 0.000000000000000000, -0.000000000000000000 ) ) ;
#1380 =( LENGTH_UNIT ( ) NAMED_UNIT ( * ) SI_UNIT ( .MILLI., .METRE. ) );
#1381 = ORIENTED_EDGE ( 'NONE', *, *, #354, .F. ) ;
#1382 = DIRECTION ( 'NONE',  ( 0.000000000000000000, 0.000000000000000000, -1.000000000000000000 ) ) ;
#1383 = CARTESIAN_POINT ( 'NONE',  ( 5.080000000000006288, 8.889999999999998792, 2.247900000000000453 ) ) ;
#1384 = FILL_AREA_STYLE_COLOUR ( '', #303 ) ;
#1385 = EDGE_CURVE ( 'NONE', #536, #987, #1434, .T. ) ;
#1386 =( NAMED_UNIT ( * ) SI_UNIT ( $, .STERADIAN. ) SOLID_ANGLE_UNIT ( ) );
#1387 = ORIENTED_EDGE ( 'NONE', *, *, #1830, .F. ) ;
#1388 = EDGE_CURVE ( 'NONE', #1404, #869, #1313, .T. ) ;
#1389 = DIRECTION ( 'NONE',  ( -0.000000000000000000, -0.000000000000000000, 1.000000000000000000 ) ) ;
#1390 = STYLED_ITEM ( 'NONE', ( #1720 ), #1526 ) ;
#1391 = DIRECTION ( 'NONE',  ( 0.000000000000000000, 0.000000000000000000, 1.000000000000000000 ) ) ;
#1392 = SURFACE_STYLE_FILL_AREA ( #1110 ) ;
#1393 =( LENGTH_UNIT ( ) NAMED_UNIT ( * ) SI_UNIT ( .MILLI., .METRE. ) );
#1394 = ORIENTED_EDGE ( 'NONE', *, *, #528, .T. ) ;
#1395 = PRESENTATION_LAYER_ASSIGNMENT (  '', '', ( #208 ) ) ;
#1396 = FILL_AREA_STYLE ('',( #1115 ) ) ;
#1397 = MECHANICAL_DESIGN_GEOMETRIC_PRESENTATION_REPRESENTATION (  '', ( #375 ), #1221 ) ;
#1398 = STYLED_ITEM ( 'NONE', ( #295 ), #494 ) ;
#1399 = VECTOR ( 'NONE', #486, 1000.000000000000000 ) ;
#1400 =( NAMED_UNIT ( * ) SI_UNIT ( $, .STERADIAN. ) SOLID_ANGLE_UNIT ( ) );
#1401 = DIRECTION ( 'NONE',  ( -0.000000000000000000, -0.000000000000000000, 1.000000000000000000 ) ) ;
#1402 = DIRECTION ( 'NONE',  ( -0.6153341282808847401, 0.7882663956891754475, 0.000000000000000000 ) ) ;
#1403 = VECTOR ( 'NONE', #1616, 1000.000000000000000 ) ;
#1404 = VERTEX_POINT ( 'NONE', #742 ) ;
#1405 =( NAMED_UNIT ( * ) PLANE_ANGLE_UNIT ( ) SI_UNIT ( $, .RADIAN. ) );
#1406 = LINE ( 'NONE', #368, #83 ) ;
#1407 = EDGE_CURVE ( 'NONE', #1692, #1020, #340, .T. ) ;
#1408 = LINE ( 'NONE', #848, #739 ) ;
#1409 = DIRECTION ( 'NONE',  ( 0.000000000000000000, 1.000000000000000000, 0.000000000000000000 ) ) ;
#1410 = FILL_AREA_STYLE ('',( #510 ) ) ;
#1411 = ORIENTED_EDGE ( 'NONE', *, *, #96, .T. ) ;
#1412 = APPLICATION_CONTEXT ( 'automotive_design' ) ;
#1413 = ORIENTED_EDGE ( 'NONE', *, *, #672, .F. ) ;
#1414 = EDGE_CURVE ( 'NONE', #796, #779, #1752, .T. ) ;
#1415 = DIRECTION ( 'NONE',  ( -1.000000000000000000, 0.000000000000000000, -0.000000000000000000 ) ) ;
#1416 = PRESENTATION_LAYER_ASSIGNMENT (  '', '', ( #967 ) ) ;
#1417 =( NAMED_UNIT ( * ) SI_UNIT ( $, .STERADIAN. ) SOLID_ANGLE_UNIT ( ) );
#1418 =( NAMED_UNIT ( * ) SI_UNIT ( $, .STERADIAN. ) SOLID_ANGLE_UNIT ( ) );
#1419 = EDGE_LOOP ( 'NONE', ( #559, #1092, #357, #1744, #1662, #1714, #843, #1071 ) ) ;
#1420 = SURFACE_SIDE_STYLE ('',( #262 ) ) ;
#1421 = UNCERTAINTY_MEASURE_WITH_UNIT (LENGTH_MEASURE( 1.000000000000000082E-05 ), #965, 'distance_accuracy_value', 'NONE');
#1422 = VECTOR ( 'NONE', #1409, 1000.000000000000000 ) ;
#1423 =( GEOMETRIC_REPRESENTATION_CONTEXT ( 3 ) GLOBAL_UNCERTAINTY_ASSIGNED_CONTEXT ( ( #1866 ) ) GLOBAL_UNIT_ASSIGNED_CONTEXT ( ( #376, #795, #1386 ) ) REPRESENTATION_CONTEXT ( 'NONE', 'WORKASPACE' ) );
#1424 = ORIENTED_EDGE ( 'NONE', *, *, #388, .F. ) ;
#1425 =( LENGTH_UNIT ( ) NAMED_UNIT ( * ) SI_UNIT ( .MILLI., .METRE. ) );
#1426 =( NAMED_UNIT ( * ) SI_UNIT ( $, .STERADIAN. ) SOLID_ANGLE_UNIT ( ) );
#1427 = AXIS2_PLACEMENT_3D ( 'NONE', #1076, #1649, #1809 ) ;
#1428 = ADVANCED_FACE ( 'NONE', ( #301 ), #1797, .T. ) ;
#1429 = CARTESIAN_POINT ( 'NONE',  ( -0.3839116819797988023, 0.000000000000000000, -0.1230853639015392076 ) ) ;
#1430 =( GEOMETRIC_REPRESENTATION_CONTEXT ( 3 ) GLOBAL_UNCERTAINTY_ASSIGNED_CONTEXT ( ( #1617 ) ) GLOBAL_UNIT_ASSIGNED_CONTEXT ( ( #1689, #619, #13 ) ) REPRESENTATION_CONTEXT ( 'NONE', 'WORKASPACE' ) );
#1431 = LINE ( 'NONE', #568, #1432 ) ;
#1432 = VECTOR ( 'NONE', #878, 1000.000000000000000 ) ;
#1433 = ORIENTED_EDGE ( 'NONE', *, *, #747, .F. ) ;
#1434 = LINE ( 'NONE', #1445, #773 ) ;
#1435 = SURFACE_STYLE_USAGE ( .BOTH. , #609 ) ;
#1436 = LINE ( 'NONE', #723, #328 ) ;
#1437 = ORIENTED_EDGE ( 'NONE', *, *, #526, .F. ) ;
#1438 = CARTESIAN_POINT ( 'NONE',  ( -2.923911681979796118, -5.000000000000000000, 0.1230853639015388884 ) ) ;
#1439 = DIRECTION ( 'NONE',  ( -0.000000000000000000, -0.000000000000000000, 1.000000000000000000 ) ) ;
#1440 = FACE_OUTER_BOUND ( 'NONE', #1448, .T. ) ;
#1441 = EDGE_CURVE ( 'NONE', #133, #1707, #500, .T. ) ;
#1442 = DIRECTION ( 'NONE',  ( -0.000000000000000000, -0.000000000000000000, 1.000000000000000000 ) ) ;
#1443 = LINE ( 'NONE', #1299, #763 ) ;
#1444 = VERTEX_POINT ( 'NONE', #424 ) ;
#1445 = CARTESIAN_POINT ( 'NONE',  ( -1.905000000000003801, 11.75091812156456328, -7.073900000000000077 ) ) ;
#1446 = PRESENTATION_LAYER_ASSIGNMENT (  '', '', ( #1595 ) ) ;
#1447 = UNCERTAINTY_MEASURE_WITH_UNIT (LENGTH_MEASURE( 1.000000000000000082E-05 ), #1380, 'distance_accuracy_value', 'NONE');
#1448 = EDGE_LOOP ( 'NONE', ( #1217, #709 ) ) ;
#1449 = CARTESIAN_POINT ( 'NONE',  ( -2.156088318020198180, -5.000000000000000000, -0.1230853639015401790 ) ) ;
#1450 = VECTOR ( 'NONE', #199, 1000.000000000000000 ) ;
#1451 = SURFACE_STYLE_FILL_AREA ( #3 ) ;
#1452 = CARTESIAN_POINT ( 'NONE',  ( 2.923911681979801891, -5.000000000000000000, -0.1230853639015391798 ) ) ;
#1453 = VERTEX_POINT ( 'NONE', #858 ) ;
#1454 = PRESENTATION_LAYER_ASSIGNMENT (  '', '', ( #918 ) ) ;
#1455 = ORIENTED_EDGE ( 'NONE', *, *, #207, .F. ) ;
#1456 = DIRECTION ( 'NONE',  ( 0.000000000000000000, -0.000000000000000000, -1.000000000000000000 ) ) ;
#1457 = FILL_AREA_STYLE ('',( #311 ) ) ;
#1458 = MECHANICAL_DESIGN_GEOMETRIC_PRESENTATION_REPRESENTATION (  '', ( #1334 ), #827 ) ;
#1459 = ORIENTED_EDGE ( 'NONE', *, *, #952, .F. ) ;
#1460 = CARTESIAN_POINT ( 'NONE',  ( -3.903127820947815962E-15, 11.75091812156456328, -7.073900000000000077 ) ) ;
#1461 = CARTESIAN_POINT ( 'NONE',  ( -2.156088318020198180, -4.000000000000000000, -0.1230853639015401790 ) ) ;
#1462 = CIRCLE ( 'NONE', #274, 0.1230853639015391798 ) ;
#1463 = ADVANCED_FACE ( 'NONE', ( #593 ), #1238, .T. ) ;
#1464 = DIRECTION ( 'NONE',  ( -1.000000000000000000, -0.000000000000000000, -0.000000000000000000 ) ) ;
#1465 = ORIENTED_EDGE ( 'NONE', *, *, #1688, .F. ) ;
#1466 = SURFACE_SIDE_STYLE ('',( #1321 ) ) ;
#1467 = CYLINDRICAL_SURFACE ( 'NONE', #955, 0.1230853639015391798 ) ;
#1468 = CARTESIAN_POINT ( 'NONE',  ( -2.923911681979796118, -5.000000000000000000, -0.1230853639015388884 ) ) ;
#1469 = LINE ( 'NONE', #1206, #808 ) ;
#1470 =( NAMED_UNIT ( * ) SI_UNIT ( $, .STERADIAN. ) SOLID_ANGLE_UNIT ( ) );
#1471 = EDGE_CURVE ( 'NONE', #1747, #912, #642, .T. ) ;
#1472 = ORIENTED_EDGE ( 'NONE', *, *, #121, .T. ) ;
#1473 = PRODUCT ( 'TO-220 Package IC', 'TO-220 Package IC', '', ( #1134 ) ) ;
#1474 = FACE_BOUND ( 'NONE', #1673, .T. ) ;
#1475 = EDGE_CURVE ( 'NONE', #1311, #1619, #1497, .T. ) ;
#1476 = ORIENTED_EDGE ( 'NONE', *, *, #941, .T. ) ;
#1477 = VECTOR ( 'NONE', #611, 1000.000000000000000 ) ;
#1478 =( GEOMETRIC_REPRESENTATION_CONTEXT ( 3 ) GLOBAL_UNCERTAINTY_ASSIGNED_CONTEXT ( ( #971 ) ) GLOBAL_UNIT_ASSIGNED_CONTEXT ( ( #287, #1265, #257 ) ) REPRESENTATION_CONTEXT ( 'NONE', 'WORKASPACE' ) );
#1479 = CARTESIAN_POINT ( 'NONE',  ( -2.156088318020198180, -5.000000000000000000, 0.000000000000000000 ) ) ;
#1480 = DIRECTION ( 'NONE',  ( -0.000000000000000000, 0.000000000000000000, 1.000000000000000000 ) ) ;
#1481 = VERTEX_POINT ( 'NONE', #1533 ) ;
#1482 = LINE ( 'NONE', #749, #24 ) ;
#1483 = CARTESIAN_POINT ( 'NONE',  ( 2.923911681979801891, 0.000000000000000000, 0.000000000000000000 ) ) ;
#1484 = ORIENTED_EDGE ( 'NONE', *, *, #339, .F. ) ;
#1485 = ADVANCED_FACE ( 'NONE', ( #665 ), #179, .T. ) ;
#1486 = CARTESIAN_POINT ( 'NONE',  ( 2.156088318020204397, -5.000000000000000000, 0.1230853639015391798 ) ) ;
#1487 = SURFACE_SIDE_STYLE ('',( #35 ) ) ;
#1488 = AXIS2_PLACEMENT_3D ( 'NONE', #345, #932, #504 ) ;
#1489 = ORIENTED_EDGE ( 'NONE', *, *, #905, .T. ) ;
#1490 = PRESENTATION_STYLE_ASSIGNMENT (( #1633 ) ) ;
#1491 = SURFACE_STYLE_FILL_AREA ( #337 ) ;
#1492 = DIRECTION ( 'NONE',  ( 1.000000000000000000, 0.000000000000000000, 0.000000000000000000 ) ) ;
#1493 = DIRECTION ( 'NONE',  ( -7.157280429424721742E-15, -1.000000000000000000, 0.000000000000000000 ) ) ;
#1494 = LINE ( 'NONE', #1227, #1187 ) ;
#1495 = SURFACE_STYLE_USAGE ( .BOTH. , #891 ) ;
#1496 =( NAMED_UNIT ( * ) PLANE_ANGLE_UNIT ( ) SI_UNIT ( $, .RADIAN. ) );
#1497 = LINE ( 'NONE', #1652, #1566 ) ;
#1498 = CARTESIAN_POINT ( 'NONE',  ( 2.156088318020204397, -5.000000000000000000, -0.1230853639015391798 ) ) ;
#1499 = CARTESIAN_POINT ( 'NONE',  ( -2.923911681979796118, -5.000000000000000000, -0.1230853639015388884 ) ) ;
#1500 = ORIENTED_EDGE ( 'NONE', *, *, #1615, .T. ) ;
#1501 = PLANE ( 'NONE',  #1038 ) ;
#1502 = CARTESIAN_POINT ( 'NONE',  ( -5.079999999999993854, 8.889999999999998792, 2.247900000000000453 ) ) ;
#1503 = VERTEX_POINT ( 'NONE', #1367 ) ;
#1504 = MECHANICAL_DESIGN_GEOMETRIC_PRESENTATION_REPRESENTATION (  '', ( #1595 ), #545 ) ;
#1505 = DIRECTION ( 'NONE',  ( 0.000000000000000000, -0.000000000000000000, 1.000000000000000000 ) ) ;
#1506 = DIRECTION ( 'NONE',  ( 1.000000000000000000, 0.000000000000000000, -0.000000000000000000 ) ) ;
#1507 =( NAMED_UNIT ( * ) SI_UNIT ( $, .STERADIAN. ) SOLID_ANGLE_UNIT ( ) );
#1508 = ORIENTED_EDGE ( 'NONE', *, *, #1189, .T. ) ;
#1509 = VECTOR ( 'NONE', #1690, 1000.000000000000000 ) ;
#1510 = CARTESIAN_POINT ( 'NONE',  ( -0.3839116819797992464, -5.000000000000000000, -6.988914636098460420 ) ) ;
#1511 = FACE_OUTER_BOUND ( 'NONE', #18, .T. ) ;
#1512 = ORIENTED_EDGE ( 'NONE', *, *, #288, .F. ) ;
#1513 = CARTESIAN_POINT ( 'NONE',  ( 0.000000000000000000, 8.889999999999998792, 0.000000000000000000 ) ) ;
#1514 = CARTESIAN_POINT ( 'NONE',  ( 2.156088318020204397, 0.000000000000000000, -0.1230853639015391798 ) ) ;
#1515 = CARTESIAN_POINT ( 'NONE',  ( -2.156088318020198180, -4.000000000000000000, 0.1230853639015392076 ) ) ;
#1516 = CARTESIAN_POINT ( 'NONE',  ( -4.468399649801274798, 12.69999999999999751, -2.260600000000000609 ) ) ;
#1517 = MECHANICAL_DESIGN_GEOMETRIC_PRESENTATION_REPRESENTATION (  '', ( #918 ), #398 ) ;
#1518 = CARTESIAN_POINT ( 'NONE',  ( 0.3839116819797988023, -5.000000000000000000, 0.1230853639015392076 ) ) ;
#1519 = SURFACE_STYLE_FILL_AREA ( #1228 ) ;
#1520 = SURFACE_STYLE_FILL_AREA ( #1819 ) ;
#1521 = ORIENTED_EDGE ( 'NONE', *, *, #1555, .T. ) ;
#1522 = PRESENTATION_LAYER_ASSIGNMENT (  '', '', ( #1334 ) ) ;
#1523 = CARTESIAN_POINT ( 'NONE',  ( -2.923911681979796118, -4.999999999999999112, -6.988914636098460420 ) ) ;
#1524 =( GEOMETRIC_REPRESENTATION_CONTEXT ( 3 ) GLOBAL_UNCERTAINTY_ASSIGNED_CONTEXT ( ( #1082 ) ) GLOBAL_UNIT_ASSIGNED_CONTEXT ( ( #475, #1360, #1052 ) ) REPRESENTATION_CONTEXT ( 'NONE', 'WORKASPACE' ) );
#1525 = PRESENTATION_LAYER_ASSIGNMENT (  '', '', ( #561 ) ) ;
#1526 = ADVANCED_FACE ( 'NONE', ( #356 ), #461, .F. ) ;
#1527 = AXIS2_PLACEMENT_3D ( 'NONE', #1601, #867, #1882 ) ;
#1528 = PRESENTATION_STYLE_ASSIGNMENT (( #1658 ) ) ;
#1529 = EDGE_CURVE ( 'NONE', #1653, #1644, #1607, .T. ) ;
#1530 = VECTOR ( 'NONE', #271, 1000.000000000000000 ) ;
#1531 = CARTESIAN_POINT ( 'NONE',  ( -4.468399649801274798, 12.69999999999999751, -2.260600000000000609 ) ) ;
#1532 = FACE_OUTER_BOUND ( 'NONE', #1012, .T. ) ;
#1533 = CARTESIAN_POINT ( 'NONE',  ( -0.3839116819797988023, 0.000000000000000000, 0.1230853639015392076 ) ) ;
#1534 = ORIENTED_EDGE ( 'NONE', *, *, #1565, .T. ) ;
#1535 = SURFACE_STYLE_FILL_AREA ( #668 ) ;
#1536 = EDGE_CURVE ( 'NONE', #757, #318, #1170, .T. ) ;
#1537 = DIRECTION ( 'NONE',  ( 1.000000000000000000, 0.000000000000000000, -0.000000000000000000 ) ) ;
#1538 = EDGE_CURVE ( 'NONE', #869, #691, #861, .T. ) ;
#1539 = PRESENTATION_STYLE_ASSIGNMENT (( #1108 ) ) ;
#1540 = PRESENTATION_LAYER_ASSIGNMENT (  '', '', ( #1541 ) ) ;
#1541 = STYLED_ITEM ( 'NONE', ( #548 ), #348 ) ;
#1542 = CARTESIAN_POINT ( 'NONE',  ( 0.6300824097828785497, -3.399999999999992362, -0.1230853639015401096 ) ) ;
#1543 = DIRECTION ( 'NONE',  ( -0.3795786364963129045, 0.9251594774500231377, 0.000000000000000000 ) ) ;
#1544 = DIRECTION ( 'NONE',  ( -0.000000000000000000, 1.000000000000000000, -0.000000000000000000 ) ) ;
#1545 = EDGE_CURVE ( 'NONE', #1195, #1404, #1436, .T. ) ;
#1546 = ORIENTED_EDGE ( 'NONE', *, *, #1414, .F. ) ;
#1547 =( LENGTH_UNIT ( ) NAMED_UNIT ( * ) SI_UNIT ( .MILLI., .METRE. ) );
#1548 = VECTOR ( 'NONE', #1703, 1000.000000000000000 ) ;
#1549 = PLANE ( 'NONE',  #1671 ) ;
#1550 = STYLED_ITEM ( 'NONE', ( #1668 ), #44 ) ;
#1551 = CARTESIAN_POINT ( 'NONE',  ( 2.156088318020198180, -3.999999999999999112, 0.1230853639015392076 ) ) ;
#1552 =( GEOMETRIC_REPRESENTATION_CONTEXT ( 3 ) GLOBAL_UNCERTAINTY_ASSIGNED_CONTEXT ( ( #860 ) ) GLOBAL_UNIT_ASSIGNED_CONTEXT ( ( #47, #1789, #790 ) ) REPRESENTATION_CONTEXT ( 'NONE', 'WORKASPACE' ) );
#1553 = CARTESIAN_POINT ( 'NONE',  ( -0.3839116819797992464, -5.000000000000000000, 0.000000000000000000 ) ) ;
#1554 = ORIENTED_EDGE ( 'NONE', *, *, #85, .T. ) ;
#1555 = EDGE_CURVE ( 'NONE', #133, #746, #1291, .T. ) ;
#1556 = FILL_AREA_STYLE ('',( #392 ) ) ;
#1557 = ORIENTED_EDGE ( 'NONE', *, *, #1407, .T. ) ;
#1558 = UNCERTAINTY_MEASURE_WITH_UNIT (LENGTH_MEASURE( 1.000000000000000082E-05 ), #471, 'distance_accuracy_value', 'NONE');
#1559 = SURFACE_SIDE_STYLE ('',( #250 ) ) ;
#1560 = DIRECTION ( 'NONE',  ( 0.000000000000000000, -0.000000000000000000, 1.000000000000000000 ) ) ;
#1561 = APPLICATION_PROTOCOL_DEFINITION ( 'draft international standard', 'automotive_design', 1998, #1412 ) ;
#1562 = ORIENTED_EDGE ( 'NONE', *, *, #288, .T. ) ;
#1563 = ORIENTED_EDGE ( 'NONE', *, *, #1471, .F. ) ;
#1564 = SURFACE_STYLE_FILL_AREA ( #989 ) ;
#1565 = EDGE_CURVE ( 'NONE', #1597, #1573, #428, .T. ) ;
#1566 = VECTOR ( 'NONE', #948, 1000.000000000000000 ) ;
#1567 = EDGE_LOOP ( 'NONE', ( #1729, #429, #1512, #1871 ) ) ;
#1568 = SURFACE_STYLE_FILL_AREA ( #575 ) ;
#1569 = AXIS2_PLACEMENT_3D ( 'NONE', #1002, #1726, #1402 ) ;
#1570 =( LENGTH_UNIT ( ) NAMED_UNIT ( * ) SI_UNIT ( .MILLI., .METRE. ) );
#1571 = DIRECTION ( 'NONE',  ( 1.000000000000000000, -0.000000000000000000, 0.000000000000000000 ) ) ;
#1572 = FACE_OUTER_BOUND ( 'NONE', #10, .T. ) ;
#1573 = VERTEX_POINT ( 'NONE', #350 ) ;
#1574 = STYLED_ITEM ( 'NONE', ( #1370 ), #1273 ) ;
#1575 = DIRECTION ( 'NONE',  ( -0.000000000000000000, 1.000000000000000000, -0.000000000000000000 ) ) ;
#1576 = UNCERTAINTY_MEASURE_WITH_UNIT (LENGTH_MEASURE( 1.000000000000000082E-05 ), #238, 'distance_accuracy_value', 'NONE');
#1577 = EDGE_CURVE ( 'NONE', #1619, #1311, #172, .T. ) ;
#1578 = VECTOR ( 'NONE', #1141, 1000.000000000000000 ) ;
#1579 = CARTESIAN_POINT ( 'NONE',  ( 0.3839116819797984137, -5.000000000000000000, 0.000000000000000000 ) ) ;
#1580 = ORIENTED_EDGE ( 'NONE', *, *, #470, .F. ) ;
#1581 = CARTESIAN_POINT ( 'NONE',  ( 5.080000000000006288, 8.889999999999998792, 2.247900000000000453 ) ) ;
#1582 = PRESENTATION_STYLE_ASSIGNMENT (( #1165 ) ) ;
#1583 = COLOUR_RGB ( '',0.7764705882352941346, 0.7568627450980391913, 0.7372549019607843590 ) ;
#1584 =( GEOMETRIC_REPRESENTATION_CONTEXT ( 3 ) GLOBAL_UNCERTAINTY_ASSIGNED_CONTEXT ( ( #610 ) ) GLOBAL_UNIT_ASSIGNED_CONTEXT ( ( #1591, #1757, #886 ) ) REPRESENTATION_CONTEXT ( 'NONE', 'WORKASPACE' ) );
#1585 = VERTEX_POINT ( 'NONE', #1353 ) ;
#1586 = PLANE ( 'NONE',  #997 ) ;
#1587 = ORIENTED_EDGE ( 'NONE', *, *, #1536, .F. ) ;
#1588 = FILL_AREA_STYLE ('',( #448 ) ) ;
#1589 = ORIENTED_EDGE ( 'NONE', *, *, #620, .F. ) ;
#1590 = DIRECTION ( 'NONE',  ( -0.000000000000000000, 1.000000000000000000, -0.000000000000000000 ) ) ;
#1591 =( LENGTH_UNIT ( ) NAMED_UNIT ( * ) SI_UNIT ( .MILLI., .METRE. ) );
#1592 = DIRECTION ( 'NONE',  ( 1.000000000000000000, 0.000000000000000000, 0.000000000000000000 ) ) ;
#1593 = ORIENTED_EDGE ( 'NONE', *, *, #207, .T. ) ;
#1594 = SURFACE_SIDE_STYLE ('',( #1745 ) ) ;
#1595 = STYLED_ITEM ( 'NONE', ( #947 ), #1301 ) ;
#1596 = UNCERTAINTY_MEASURE_WITH_UNIT (LENGTH_MEASURE( 1.000000000000000082E-05 ), #1022, 'distance_accuracy_value', 'NONE');
#1597 = VERTEX_POINT ( 'NONE', #1319 ) ;
#1598 = FILL_AREA_STYLE_COLOUR ( '', #706 ) ;
#1599 = VECTOR ( 'NONE', #583, 1000.000000000000000 ) ;
#1600 = AXIS2_PLACEMENT_3D ( 'NONE', #281, #1571, #90 ) ;
#1601 = CARTESIAN_POINT ( 'NONE',  ( 4.468399649801274798, 8.889999999999998792, -2.260600000000000609 ) ) ;
#1602 = CARTESIAN_POINT ( 'NONE',  ( -2.923911681979796118, -4.000000000000000000, 0.1230853639015392076 ) ) ;
#1603 = EDGE_CURVE ( 'NONE', #697, #1747, #605, .T. ) ;
#1604 = ORIENTED_EDGE ( 'NONE', *, *, #33, .F. ) ;
#1605 = CARTESIAN_POINT ( 'NONE',  ( 2.975987827458993262, 14.61183624312912777, -2.260600000000000609 ) ) ;
#1606 = AXIS2_PLACEMENT_3D ( 'NONE', #823, #1838, #94 ) ;
#1607 = LINE ( 'NONE', #9, #1477 ) ;
#1608 = ORIENTED_EDGE ( 'NONE', *, *, #1149, .F. ) ;
#1609 = DIRECTION ( 'NONE',  ( 0.000000000000000000, -1.000000000000000000, 0.000000000000000000 ) ) ;
#1610 = LINE ( 'NONE', #587, #1274 ) ;
#1611 = CYLINDRICAL_SURFACE ( 'NONE', #1857, 1.904999999999999805 ) ;
#1612 = CARTESIAN_POINT ( 'NONE',  ( 2.923911681979796118, -3.999999999999999112, -0.1230853639015401790 ) ) ;
#1613 = PRESENTATION_LAYER_ASSIGNMENT (  '', '', ( #560 ) ) ;
#1614 =( GEOMETRIC_REPRESENTATION_CONTEXT ( 3 ) GLOBAL_UNCERTAINTY_ASSIGNED_CONTEXT ( ( #304 ) ) GLOBAL_UNIT_ASSIGNED_CONTEXT ( ( #726, #1181, #321 ) ) REPRESENTATION_CONTEXT ( 'NONE', 'WORKASPACE' ) );
#1615 = EDGE_CURVE ( 'NONE', #226, #1183, #59, .T. ) ;
#1616 = DIRECTION ( 'NONE',  ( 1.000000000000000000, 0.000000000000000000, 0.000000000000000000 ) ) ;
#1617 = UNCERTAINTY_MEASURE_WITH_UNIT (LENGTH_MEASURE( 1.000000000000000082E-05 ), #1689, 'distance_accuracy_value', 'NONE');
#1618 = CARTESIAN_POINT ( 'NONE',  ( -5.079999999999993854, 0.000000000000000000, -2.247900000000000453 ) ) ;
#1619 = VERTEX_POINT ( 'NONE', #1175 ) ;
#1620 = DIRECTION ( 'NONE',  ( 3.493982747153251778E-15, 1.000000000000000000, 0.000000000000000000 ) ) ;
#1621 = SURFACE_STYLE_FILL_AREA ( #1045 ) ;
#1622 = CARTESIAN_POINT ( 'NONE',  ( -0.3839116819797988023, -5.000000000000000000, 0.1230853639015392076 ) ) ;
#1623 =( NAMED_UNIT ( * ) SI_UNIT ( $, .STERADIAN. ) SOLID_ANGLE_UNIT ( ) );
#1624 = ORIENTED_EDGE ( 'NONE', *, *, #455, .F. ) ;
#1625 = LINE ( 'NONE', #761, #456 ) ;
#1626 = DIRECTION ( 'NONE',  ( 0.000000000000000000, 0.000000000000000000, 1.000000000000000000 ) ) ;
#1627 =( NAMED_UNIT ( * ) PLANE_ANGLE_UNIT ( ) SI_UNIT ( $, .RADIAN. ) );
#1628 = COLOUR_RGB ( '',0.7764705882352941346, 0.7568627450980391913, 0.7372549019607843590 ) ;
#1629 = DIRECTION ( 'NONE',  ( -0.000000000000000000, -0.000000000000000000, 1.000000000000000000 ) ) ;
#1630 = CARTESIAN_POINT ( 'NONE',  ( 2.156088318020198180, -3.999999999999999112, -0.1230853639015410533 ) ) ;
#1631 = FILL_AREA_STYLE ('',( #1641 ) ) ;
#1632 = EDGE_LOOP ( 'NONE', ( #1489, #1140 ) ) ;
#1633 = SURFACE_STYLE_USAGE ( .BOTH. , #1466 ) ;
#1634 = CARTESIAN_POINT ( 'NONE',  ( 2.975987827458993262, 14.61183624312912777, -1.993900000000000672 ) ) ;
#1635 = CARTESIAN_POINT ( 'NONE',  ( -3.903127820947815962E-15, 11.75091812156456328, -1.993900000000000672 ) ) ;
#1636 = DIRECTION ( 'NONE',  ( -0.000000000000000000, 1.000000000000000000, -0.000000000000000000 ) ) ;
#1637 = DIRECTION ( 'NONE',  ( -0.000000000000000000, -1.000000000000000000, -0.000000000000000000 ) ) ;
#1638 = EDGE_LOOP ( 'NONE', ( #480, #377 ) ) ;
#1639 = STYLED_ITEM ( 'NONE', ( #770 ), #325 ) ;
#1640 = AXIS2_PLACEMENT_3D ( 'NONE', #1790, #954, #58 ) ;
#1641 = FILL_AREA_STYLE_COLOUR ( '', #143 ) ;
#1642 = STYLED_ITEM ( 'NONE', ( #721 ), #1428 ) ;
#1643 = VECTOR ( 'NONE', #1009, 1000.000000000000000 ) ;
#1644 = VERTEX_POINT ( 'NONE', #649 ) ;
#1645 = CARTESIAN_POINT ( 'NONE',  ( -2.156088318020198180, 0.000000000000000000, -0.1230853639015388884 ) ) ;
#1646 = CARTESIAN_POINT ( 'NONE',  ( -3.903127820947815962E-15, 11.75091812156456328, -1.993900000000000672 ) ) ;
#1647 = PRODUCT_RELATED_PRODUCT_CATEGORY ( 'part', '', ( #1473 ) ) ;
#1648 = FILL_AREA_STYLE ('',( #1384 ) ) ;
#1649 = DIRECTION ( 'NONE',  ( 0.000000000000000000, 0.000000000000000000, -1.000000000000000000 ) ) ;
#1650 = LINE ( 'NONE', #365, #177 ) ;
#1651 = EDGE_CURVE ( 'NONE', #285, #1020, #91, .T. ) ;
#1652 = CARTESIAN_POINT ( 'NONE',  ( 2.923911681979796118, -3.999999999999999112, -6.988914636098460420 ) ) ;
#1653 = VERTEX_POINT ( 'NONE', #1167 ) ;
#1654 = CARTESIAN_POINT ( 'NONE',  ( 2.975987827458993262, 14.61183624312912777, -1.993900000000000672 ) ) ;
#1655 = CARTESIAN_POINT ( 'NONE',  ( 0.3839116819797984137, -4.999999999999999112, -0.1230853639015410533 ) ) ;
#1656 = ORIENTED_EDGE ( 'NONE', *, *, #1759, .T. ) ;
#1657 = DIRECTION ( 'NONE',  ( 0.000000000000000000, 0.000000000000000000, -1.000000000000000000 ) ) ;
#1658 = SURFACE_STYLE_USAGE ( .BOTH. , #782 ) ;
#1659 = DIRECTION ( 'NONE',  ( -0.000000000000000000, -0.000000000000000000, 1.000000000000000000 ) ) ;
#1660 = DIRECTION ( 'NONE',  ( 1.000000000000000000, 0.000000000000000000, 0.000000000000000000 ) ) ;
#1661 = DIRECTION ( 'NONE',  ( 0.000000000000000000, -1.000000000000000000, 0.000000000000000000 ) ) ;
#1662 = ORIENTED_EDGE ( 'NONE', *, *, #1388, .T. ) ;
#1663 = EDGE_CURVE ( 'NONE', #1573, #1183, #1286, .T. ) ;
#1664 = CIRCLE ( 'NONE', #1089, 0.1230853639015388884 ) ;
#1665 = PLANE ( 'NONE',  #1606 ) ;
#1666 = DIRECTION ( 'NONE',  ( -1.000000000000000000, 0.000000000000000000, 0.000000000000000000 ) ) ;
#1667 = SURFACE_STYLE_FILL_AREA ( #1062 ) ;
#1668 = PRESENTATION_STYLE_ASSIGNMENT (( #75 ) ) ;
#1669 =( LENGTH_UNIT ( ) NAMED_UNIT ( * ) SI_UNIT ( .MILLI., .METRE. ) );
#1670 = SURFACE_STYLE_FILL_AREA ( #522 ) ;
#1671 = AXIS2_PLACEMENT_3D ( 'NONE', #1499, #1480, #166 ) ;
#1672 = DIRECTION ( 'NONE',  ( 0.000000000000000000, -0.000000000000000000, -1.000000000000000000 ) ) ;
#1673 = EDGE_LOOP ( 'NONE', ( #1031, #1003, #283, #400 ) ) ;
#1674 = MECHANICAL_DESIGN_GEOMETRIC_PRESENTATION_REPRESENTATION (  '', ( #338 ), #685 ) ;
#1675 = DIRECTION ( 'NONE',  ( -0.000000000000000000, -0.000000000000000000, -1.000000000000000000 ) ) ;
#1676 = ADVANCED_FACE ( 'NONE', ( #1226 ), #95, .F. ) ;
#1677 = VECTOR ( 'NONE', #1401, 1000.000000000000000 ) ;
#1678 = COLOUR_RGB ( '',0.7764705882352941346, 0.7568627450980391913, 0.7372549019607843590 ) ;
#1679 = MECHANICAL_DESIGN_GEOMETRIC_PRESENTATION_REPRESENTATION (  '', ( #1642 ), #394 ) ;
#1680 = ADVANCED_FACE ( 'NONE', ( #1845 ), #236, .F. ) ;
#1681 = COLOUR_RGB ( '',0.8509803921568627194, 0.8509803921568627194, 0.8509803921568627194 ) ;
#1682 = CIRCLE ( 'NONE', #182, 0.1230853639015392076 ) ;
#1683 = DIRECTION ( 'NONE',  ( 0.000000000000000000, 0.000000000000000000, 1.000000000000000000 ) ) ;
#1684 = FACE_OUTER_BOUND ( 'NONE', #580, .T. ) ;
#1685 = SURFACE_SIDE_STYLE ('',( #241 ) ) ;
#1686 = ORIENTED_EDGE ( 'NONE', *, *, #1536, .T. ) ;
#1687 = FILL_AREA_STYLE_COLOUR ( '', #798 ) ;
#1688 = EDGE_CURVE ( 'NONE', #912, #612, #1296, .T. ) ;
#1689 =( LENGTH_UNIT ( ) NAMED_UNIT ( * ) SI_UNIT ( .MILLI., .METRE. ) );
#1690 = DIRECTION ( 'NONE',  ( -1.000000000000000000, -0.000000000000000000, -0.000000000000000000 ) ) ;
#1691 = AXIS2_PLACEMENT_3D ( 'NONE', #1486, #1345, #1379 ) ;
#1692 = VERTEX_POINT ( 'NONE', #1721 ) ;
#1693 = CARTESIAN_POINT ( 'NONE',  ( 2.156088318020198180, -5.000000000000000000, -6.988914636098460420 ) ) ;
#1694 = UNCERTAINTY_MEASURE_WITH_UNIT (LENGTH_MEASURE( 1.000000000000000082E-05 ), #1425, 'distance_accuracy_value', 'NONE');
#1695 = FACE_OUTER_BOUND ( 'NONE', #1127, .T. ) ;
#1696 = CARTESIAN_POINT ( 'NONE',  ( 2.975987827458993262, 14.61183624312912777, -2.260600000000000609 ) ) ;
#1697 =( LENGTH_UNIT ( ) NAMED_UNIT ( * ) SI_UNIT ( .MILLI., .METRE. ) );
#1698 = ORIENTED_EDGE ( 'NONE', *, *, #1709, .T. ) ;
#1699 = COLOUR_RGB ( '',0.7764705882352941346, 0.7568627450980391913, 0.7372549019607843590 ) ;
#1700 = ORIENTED_EDGE ( 'NONE', *, *, #1688, .T. ) ;
#1701 = STYLED_ITEM ( 'NONE', ( #1044 ), #173 ) ;
#1702 = AXIS2_PLACEMENT_3D ( 'NONE', #50, #212, #1377 ) ;
#1703 = DIRECTION ( 'NONE',  ( 0.000000000000000000, 0.000000000000000000, 1.000000000000000000 ) ) ;
#1704 =( NAMED_UNIT ( * ) PLANE_ANGLE_UNIT ( ) SI_UNIT ( $, .RADIAN. ) );
#1705 = FACE_BOUND ( 'NONE', #439, .T. ) ;
#1706 = PRESENTATION_LAYER_ASSIGNMENT (  '', '', ( #1251 ) ) ;
#1707 = VERTEX_POINT ( 'NONE', #1713 ) ;
#1708 = DIRECTION ( 'NONE',  ( 0.000000000000000000, 0.000000000000000000, 1.000000000000000000 ) ) ;
#1709 = EDGE_CURVE ( 'NONE', #497, #1285, #417, .T. ) ;
#1710 = ORIENTED_EDGE ( 'NONE', *, *, #96, .F. ) ;
#1711 = CARTESIAN_POINT ( 'NONE',  ( 0.3839116819797988023, -5.000000000000000000, -0.1230853639015392076 ) ) ;
#1712 = UNCERTAINTY_MEASURE_WITH_UNIT (LENGTH_MEASURE( 1.000000000000000082E-05 ), #158, 'distance_accuracy_value', 'NONE');
#1713 = CARTESIAN_POINT ( 'NONE',  ( -2.975987827458993262, 14.61183624312912777, -2.260600000000000609 ) ) ;
#1714 = ORIENTED_EDGE ( 'NONE', *, *, #1538, .T. ) ;
#1715 = DIRECTION ( 'NONE',  ( -0.000000000000000000, -0.000000000000000000, 1.000000000000000000 ) ) ;
#1716 = CARTESIAN_POINT ( 'NONE',  ( -4.468399649801290785, 1.134100007169953184, -1.993900000000000672 ) ) ;
#1717 = EDGE_LOOP ( 'NONE', ( #1825, #1837, #1104, #1096 ) ) ;
#1718 = DIRECTION ( 'NONE',  ( -0.000000000000000000, -0.000000000000000000, 1.000000000000000000 ) ) ;
#1719 = ORIENTED_EDGE ( 'NONE', *, *, #1475, .T. ) ;
#1720 = PRESENTATION_STYLE_ASSIGNMENT (( #113 ) ) ;
#1721 = CARTESIAN_POINT ( 'NONE',  ( -2.923911681979796118, -4.999999999999999112, 0.1230853639015392076 ) ) ;
#1722 = AXIS2_PLACEMENT_3D ( 'NONE', #88, #1240, #529 ) ;
#1723 = EDGE_LOOP ( 'NONE', ( #1121, #1413, #1805, #1300, #1200, #1046 ) ) ;
#1724 = DIRECTION ( 'NONE',  ( -0.000000000000000000, -0.000000000000000000, 1.000000000000000000 ) ) ;
#1725 = AXIS2_PLACEMENT_3D ( 'NONE', #577, #1155, #984 ) ;
#1726 = DIRECTION ( 'NONE',  ( 0.7882663956891754475, 0.6153341282808847401, 0.000000000000000000 ) ) ;
#1727 = ORIENTED_EDGE ( 'NONE', *, *, #132, .F. ) ;
#1728 = LINE ( 'NONE', #729, #1193 ) ;
#1729 = ORIENTED_EDGE ( 'NONE', *, *, #409, .T. ) ;
#1730 =( GEOMETRIC_REPRESENTATION_CONTEXT ( 3 ) GLOBAL_UNCERTAINTY_ASSIGNED_CONTEXT ( ( #1327 ) ) GLOBAL_UNIT_ASSIGNED_CONTEXT ( ( #1341, #907, #162 ) ) REPRESENTATION_CONTEXT ( 'NONE', 'WORKASPACE' ) );
#1731 = EDGE_CURVE ( 'NONE', #1183, #296, #845, .T. ) ;
#1732 = UNCERTAINTY_MEASURE_WITH_UNIT (LENGTH_MEASURE( 1.000000000000000082E-05 ), #1697, 'distance_accuracy_value', 'NONE');
#1733 = DIRECTION ( 'NONE',  ( -0.000000000000000000, -0.000000000000000000, 1.000000000000000000 ) ) ;
#1734 = EDGE_CURVE ( 'NONE', #1285, #1503, #414, .T. ) ;
#1735 = ORIENTED_EDGE ( 'NONE', *, *, #716, .T. ) ;
#1736 = CARTESIAN_POINT ( 'NONE',  ( 2.156088318020204397, -5.000000000000000000, -0.1230853639015391798 ) ) ;
#1737 = SURFACE_STYLE_FILL_AREA ( #1000 ) ;
#1738 = VECTOR ( 'NONE', #676, 1000.000000000000000 ) ;
#1739 = AXIS2_PLACEMENT_3D ( 'NONE', #866, #875, #1142 ) ;
#1740 = DIRECTION ( 'NONE',  ( 0.000000000000000000, -1.000000000000000000, 0.000000000000000000 ) ) ;
#1741 = DIRECTION ( 'NONE',  ( 4.097771990496395419E-15, 1.000000000000000000, 0.000000000000000000 ) ) ;
#1742 =( GEOMETRIC_REPRESENTATION_CONTEXT ( 3 ) GLOBAL_UNCERTAINTY_ASSIGNED_CONTEXT ( ( #825 ) ) GLOBAL_UNIT_ASSIGNED_CONTEXT ( ( #1547, #1230, #1106 ) ) REPRESENTATION_CONTEXT ( 'NONE', 'WORKASPACE' ) );
#1743 = CARTESIAN_POINT ( 'NONE',  ( -2.923911681979796118, -4.000000000000000000, 0.1230853639015392076 ) ) ;
#1744 = ORIENTED_EDGE ( 'NONE', *, *, #846, .F. ) ;
#1745 = SURFACE_STYLE_FILL_AREA ( #1159 ) ;
#1746 =( NAMED_UNIT ( * ) SI_UNIT ( $, .STERADIAN. ) SOLID_ANGLE_UNIT ( ) );
#1747 = VERTEX_POINT ( 'NONE', #1551 ) ;
#1748 = EDGE_CURVE ( 'NONE', #525, #1864, #1664, .T. ) ;
#1749 = ORIENTED_EDGE ( 'NONE', *, *, #1118, .T. ) ;
#1750 = CARTESIAN_POINT ( 'NONE',  ( -2.975987827458993262, 14.61183624312912777, -2.260600000000000609 ) ) ;
#1751 = VERTEX_POINT ( 'NONE', #994 ) ;
#1752 = LINE ( 'NONE', #608, #596 ) ;
#1753 = MECHANICAL_DESIGN_GEOMETRIC_PRESENTATION_REPRESENTATION (  '', ( #1024 ), #1262 ) ;
#1754 = DIRECTION ( 'NONE',  ( -0.3795786364963124049, -0.9251594774500233598, 0.000000000000000000 ) ) ;
#1755 = ORIENTED_EDGE ( 'NONE', *, *, #1118, .F. ) ;
#1756 = DIRECTION ( 'NONE',  ( 0.000000000000000000, 0.000000000000000000, 1.000000000000000000 ) ) ;
#1757 =( NAMED_UNIT ( * ) PLANE_ANGLE_UNIT ( ) SI_UNIT ( $, .RADIAN. ) );
#1758 = VECTOR ( 'NONE', #213, 1000.000000000000000 ) ;
#1759 = EDGE_CURVE ( 'NONE', #731, #1747, #1231, .T. ) ;
#1760 = CARTESIAN_POINT ( 'NONE',  ( -2.156088318020198180, 0.000000000000000000, 0.000000000000000000 ) ) ;
#1761 = EDGE_CURVE ( 'NONE', #285, #1864, #673, .T. ) ;
#1762 = FILL_AREA_STYLE_COLOUR ( '', #667 ) ;
#1763 = VECTOR ( 'NONE', #1590, 1000.000000000000000 ) ;
#1764 = EDGE_LOOP ( 'NONE', ( #307, #815, #1698, #1281 ) ) ;
#1765 = DIRECTION ( 'NONE',  ( 1.000000000000000000, 0.000000000000000000, -0.000000000000000000 ) ) ;
#1766 = SURFACE_STYLE_FILL_AREA ( #1457 ) ;
#1767 = AXIS2_PLACEMENT_3D ( 'NONE', #1249, #533, #1543 ) ;
#1768 = EDGE_LOOP ( 'NONE', ( #492, #322, #957, #120 ) ) ;
#1769 = SURFACE_STYLE_FILL_AREA ( #588 ) ;
#1770 = COLOUR_RGB ( '',0.8509803921568627194, 0.8509803921568627194, 0.8509803921568627194 ) ;
#1771 = COLOUR_RGB ( '',0.7764705882352941346, 0.7568627450980391913, 0.7372549019607843590 ) ;
#1772 = ORIENTED_EDGE ( 'NONE', *, *, #569, .F. ) ;
#1773 = PLANE ( 'NONE',  #1066 ) ;
#1774 = FILL_AREA_STYLE_COLOUR ( '', #1678 ) ;
#1775 =( LENGTH_UNIT ( ) NAMED_UNIT ( * ) SI_UNIT ( .MILLI., .METRE. ) );
#1776 = CARTESIAN_POINT ( 'NONE',  ( 2.923911681979801891, 0.000000000000000000, 0.1230853639015391798 ) ) ;
#1777 = ADVANCED_FACE ( 'NONE', ( #1094, #389 ), #651, .F. ) ;
#1778 = ORIENTED_EDGE ( 'NONE', *, *, #778, .T. ) ;
#1779 = EDGE_CURVE ( 'NONE', #1444, #525, #829, .T. ) ;
#1780 = DIRECTION ( 'NONE',  ( -0.3795786364963124049, 0.9251594774500233598, 0.000000000000000000 ) ) ;
#1781 = AXIS2_PLACEMENT_3D ( 'NONE', #1798, #501, #1078 ) ;
#1782 = FACE_OUTER_BOUND ( 'NONE', #1316, .T. ) ;
#1783 = CARTESIAN_POINT ( 'NONE',  ( 2.156088318020204397, 0.000000000000000000, 0.1230853639015391798 ) ) ;
#1784 = CARTESIAN_POINT ( 'NONE',  ( 2.156088318020204397, -5.000000000000000000, 0.1230853639015391798 ) ) ;
#1785 = CARTESIAN_POINT ( 'NONE',  ( 4.468399649801274798, 8.889999999999998792, -2.260600000000000609 ) ) ;
#1786 = SURFACE_STYLE_FILL_AREA ( #191 ) ;
#1787 =( BOUNDED_CURVE ( )  B_SPLINE_CURVE ( 3, ( #1132, #838, #97, #1283 ),
 .UNSPECIFIED., .F., .T. ) 
 B_SPLINE_CURVE_WITH_KNOTS ( ( 4, 4 ),
 ( 4.712388980384692339, 7.853981633974480125 ),
 .UNSPECIFIED. ) 
 CURVE ( )  GEOMETRIC_REPRESENTATION_ITEM ( )  RATIONAL_B_SPLINE_CURVE ( ( 1.000000000000000000, 0.3333333333333351467, 0.3333333333333351467, 1.000000000000000000 ) ) 
 REPRESENTATION_ITEM ( '' )  );
#1788 = EDGE_LOOP ( 'NONE', ( #451, #168 ) ) ;
#1789 =( NAMED_UNIT ( * ) PLANE_ANGLE_UNIT ( ) SI_UNIT ( $, .RADIAN. ) );
#1790 = CARTESIAN_POINT ( 'NONE',  ( 2.923911681979796118, -4.999999999999999112, -6.988914636098460420 ) ) ;
#1791 = DIRECTION ( 'NONE',  ( -0.000000000000000000, 1.000000000000000000, -0.000000000000000000 ) ) ;
#1792 = VECTOR ( 'NONE', #874, 1000.000000000000000 ) ;
#1793 = LINE ( 'NONE', #1063, #86 ) ;
#1794 =( GEOMETRIC_REPRESENTATION_CONTEXT ( 3 ) GLOBAL_UNCERTAINTY_ASSIGNED_CONTEXT ( ( #626 ) ) GLOBAL_UNIT_ASSIGNED_CONTEXT ( ( #316, #1348, #902 ) ) REPRESENTATION_CONTEXT ( 'NONE', 'WORKASPACE' ) );
#1795 = DIRECTION ( 'NONE',  ( -0.000000000000000000, -0.000000000000000000, 1.000000000000000000 ) ) ;
#1796 = LINE ( 'NONE', #499, #1450 ) ;
#1797 = PLANE ( 'NONE',  #331 ) ;
#1798 = CARTESIAN_POINT ( 'NONE',  ( 0.3839116819797988023, -5.000000000000000000, 0.000000000000000000 ) ) ;
#1799 = ORIENTED_EDGE ( 'NONE', *, *, #132, .T. ) ;
#1800 = COLOUR_RGB ( '',0.7764705882352941346, 0.7568627450980391913, 0.7372549019607843590 ) ;
#1801 = CARTESIAN_POINT ( 'NONE',  ( -3.779999999999994476, 1.300000000000000044, 2.147900000000000809 ) ) ;
#1802 = VECTOR ( 'NONE', #1016, 1000.000000000000000 ) ;
#1803 = SURFACE_SIDE_STYLE ('',( #765 ) ) ;
#1804 = VECTOR ( 'NONE', #919, 1000.000000000000114 ) ;
#1805 = ORIENTED_EDGE ( 'NONE', *, *, #716, .F. ) ;
#1806 = SURFACE_STYLE_USAGE ( .BOTH. , #209 ) ;
#1807 = CARTESIAN_POINT ( 'NONE',  ( -3.779999999999994476, 1.300000000000000044, 2.147900000000000809 ) ) ;
#1808 = CARTESIAN_POINT ( 'NONE',  ( -2.923911681979796118, -4.000000000000000000, -0.1230853639015401790 ) ) ;
#1809 = DIRECTION ( 'NONE',  ( -1.000000000000000000, 0.000000000000000000, -0.000000000000000000 ) ) ;
#1810 = PRESENTATION_STYLE_ASSIGNMENT (( #1216 ) ) ;
#1811 = ORIENTED_EDGE ( 'NONE', *, *, #680, .T. ) ;
#1812 = SURFACE_STYLE_FILL_AREA ( #1556 ) ;
#1813 = FACE_OUTER_BOUND ( 'NONE', #184, .T. ) ;
#1814 = DIRECTION ( 'NONE',  ( 1.000000000000000000, -3.493982747153251384E-15, 0.000000000000000000 ) ) ;
#1815 = SURFACE_SIDE_STYLE ('',( #1363 ) ) ;
#1816 = CARTESIAN_POINT ( 'NONE',  ( -2.923911681979796118, -5.000000000000000000, -0.1230853639015388884 ) ) ;
#1817 = FILL_AREA_STYLE_COLOUR ( '', #102 ) ;
#1818 = EDGE_CURVE ( 'NONE', #1597, #226, #1796, .T. ) ;
#1819 = FILL_AREA_STYLE ('',( #931 ) ) ;
#1820 = PRESENTATION_LAYER_ASSIGNMENT (  '', '', ( #197 ) ) ;
#1821 = CARTESIAN_POINT ( 'NONE',  ( -4.468399649801290785, 8.889999999999998792, -1.993900000000000672 ) ) ;
#1822 = PRESENTATION_STYLE_ASSIGNMENT (( #1239 ) ) ;
#1823 = VECTOR ( 'NONE', #1592, 1000.000000000000000 ) ;
#1824 = LINE ( 'NONE', #1242, #1738 ) ;
#1825 = ORIENTED_EDGE ( 'NONE', *, *, #1243, .F. ) ;
#1826 = PRESENTATION_LAYER_ASSIGNMENT (  '', '', ( #623 ) ) ;
#1827 = CARTESIAN_POINT ( 'NONE',  ( 2.156088318020198180, -3.999999999999999112, -6.988914636098460420 ) ) ;
#1828 = AXIS2_PLACEMENT_3D ( 'NONE', #1173, #1756, #452 ) ;
#1829 = STYLED_ITEM ( 'NONE', ( #1582 ), #263 ) ;
#1830 = EDGE_CURVE ( 'NONE', #731, #1747, #1083, .T. ) ;
#1831 = PRESENTATION_LAYER_ASSIGNMENT (  '', '', ( #1337 ) ) ;
#1832 = PRESENTATION_LAYER_ASSIGNMENT (  '', '', ( #220 ) ) ;
#1833 = VECTOR ( 'NONE', #5, 1000.000000000000000 ) ;
#1834 = DIRECTION ( 'NONE',  ( -0.000000000000000000, 1.000000000000000000, -0.000000000000000000 ) ) ;
#1835 = SURFACE_SIDE_STYLE ('',( #694 ) ) ;
#1836 = SURFACE_STYLE_USAGE ( .BOTH. , #1685 ) ;
#1837 = ORIENTED_EDGE ( 'NONE', *, *, #905, .F. ) ;
#1838 = DIRECTION ( 'NONE',  ( -0.000000000000000000, 0.000000000000000000, 1.000000000000000000 ) ) ;
#1839 = EDGE_CURVE ( 'NONE', #585, #697, #814, .T. ) ;
#1840 = CARTESIAN_POINT ( 'NONE',  ( 0.6300824097828785497, -3.399999999999992362, 0.1230853639015401513 ) ) ;
#1841 = SURFACE_STYLE_USAGE ( .BOTH. , #118 ) ;
#1842 = COLOUR_RGB ( '',0.7764705882352941346, 0.7568627450980391913, 0.7372549019607843590 ) ;
#1843 = ORIENTED_EDGE ( 'NONE', *, *, #1731, .F. ) ;
#1844 = PRESENTATION_LAYER_ASSIGNMENT (  '', '', ( #730 ) ) ;
#1845 = FACE_OUTER_BOUND ( 'NONE', #1764, .T. ) ;
#1846 = UNCERTAINTY_MEASURE_WITH_UNIT (LENGTH_MEASURE( 1.000000000000000082E-05 ), #1775, 'distance_accuracy_value', 'NONE');
#1847 =( NAMED_UNIT ( * ) SI_UNIT ( $, .STERADIAN. ) SOLID_ANGLE_UNIT ( ) );
#1848 = FACE_OUTER_BOUND ( 'NONE', #909, .T. ) ;
#1849 =( NAMED_UNIT ( * ) SI_UNIT ( $, .STERADIAN. ) SOLID_ANGLE_UNIT ( ) );
#1850 = EDGE_CURVE ( 'NONE', #873, #564, #1077, .T. ) ;
#1851 = VERTEX_POINT ( 'NONE', #364 ) ;
#1852 = PRESENTATION_LAYER_ASSIGNMENT (  '', '', ( #370 ) ) ;
#1853 = CARTESIAN_POINT ( 'NONE',  ( 2.156088318020204397, 0.000000000000000000, 0.1230853639015391798 ) ) ;
#1854 = STYLED_ITEM ( 'NONE', ( #1219 ), #1277 ) ;
#1855 = ORIENTED_EDGE ( 'NONE', *, *, #369, .F. ) ;
#1856 = AXIS2_PLACEMENT_3D ( 'NONE', #150, #445, #877 ) ;
#1857 = AXIS2_PLACEMENT_3D ( 'NONE', #1460, #1442, #751 ) ;
#1858 = CARTESIAN_POINT ( 'NONE',  ( -2.923911681979796118, -5.000000000000000000, 0.000000000000000000 ) ) ;
#1859 = LINE ( 'NONE', #1553, #1307 ) ;
#1860 = FILL_AREA_STYLE_COLOUR ( '', #1207 ) ;
#1861 = MECHANICAL_DESIGN_GEOMETRIC_PRESENTATION_REPRESENTATION (  '', ( #466 ), #1042 ) ;
#1862 = EDGE_CURVE ( 'NONE', #497, #1131, #534, .T. ) ;
#1863 = PRESENTATION_STYLE_ASSIGNMENT (( #1310 ) ) ;
#1864 = VERTEX_POINT ( 'NONE', #1378 ) ;
#1865 = CYLINDRICAL_SURFACE ( 'NONE', #380, 0.1230853639015388884 ) ;
#1866 = UNCERTAINTY_MEASURE_WITH_UNIT (LENGTH_MEASURE( 1.000000000000000082E-05 ), #376, 'distance_accuracy_value', 'NONE');
#1867 = ORIENTED_EDGE ( 'NONE', *, *, #569, .T. ) ;
#1868 = CARTESIAN_POINT ( 'NONE',  ( -2.923911681979796118, 0.000000000000000000, -0.1230853639015388884 ) ) ;
#1869 = DIRECTION ( 'NONE',  ( 1.000000000000000000, -0.000000000000000000, 0.000000000000000000 ) ) ;
#1870 = PRESENTATION_STYLE_ASSIGNMENT (( #755 ) ) ;
#1871 = ORIENTED_EDGE ( 'NONE', *, *, #406, .T. ) ;
#1872 = ADVANCED_FACE ( 'NONE', ( #1532 ), #1235, .T. ) ;
#1873 = LINE ( 'NONE', #1452, #1253 ) ;
#1874 = ORIENTED_EDGE ( 'NONE', *, *, #1603, .F. ) ;
#1875 = ADVANCED_FACE ( 'NONE', ( #695 ), #1143, .F. ) ;
#1876 = CARTESIAN_POINT ( 'NONE',  ( -2.923911681979796118, -5.000000000000000000, 0.1230853639015388884 ) ) ;
#1877 = VECTOR ( 'NONE', #1464, 1000.000000000000000 ) ;
#1878 = ORIENTED_EDGE ( 'NONE', *, *, #189, .T. ) ;
#1879 = FILL_AREA_STYLE_COLOUR ( '', #700 ) ;
#1880 = LINE ( 'NONE', #1886, #171 ) ;
#1881 =( LENGTH_UNIT ( ) NAMED_UNIT ( * ) SI_UNIT ( .MILLI., .METRE. ) );
#1882 = DIRECTION ( 'NONE',  ( -3.578640214712346672E-15, -1.000000000000000000, 0.000000000000000000 ) ) ;
#1883 = ORIENTED_EDGE ( 'NONE', *, *, #1603, .T. ) ;
#1884 = EDGE_CURVE ( 'NONE', #359, #63, #1014, .T. ) ;
#1885 = ORIENTED_EDGE ( 'NONE', *, *, #744, .F. ) ;
#1886 = CARTESIAN_POINT ( 'NONE',  ( -2.156088318020198180, -4.000000000000000000, -6.988914636098460420 ) ) ;
ENDSEC;
END-ISO-10303-21;
