ISO-10303-21;
HEADER;
FILE_DESCRIPTION (( 'STEP AP203' ),
    '1' );
FILE_NAME ('CUI_DEVICES_TB007-508-16BE.step',
    '2019-10-21T21:42:48',
    ( '' ),
    ( '' ),
    'SwSTEP 2.0',
    'SolidWorks 2019',
    '' );
FILE_SCHEMA (( 'CONFIG_CONTROL_DESIGN' ));
ENDSEC;

DATA;
#1 = FACE_OUTER_BOUND ( 'NONE', #5967, .T. ) ;
#2 = APPLICATION_CONTEXT ( 'configuration controlled 3d designs of mechanical parts and assemblies' ) ;
#3 = CARTESIAN_POINT ( 'NONE',  ( 1.942790561913620095, 0.0000000000000000000, 7.000000000000000000 ) ) ;
#4 = EDGE_CURVE ( 'NONE', #6260, #871, #7407, .T. ) ;
#5 = AXIS2_PLACEMENT_3D ( 'NONE', #542, #902, #7008 ) ;
#6 = ORIENTED_EDGE ( 'NONE', *, *, #6077, .T. ) ;
#7 = DIRECTION ( 'NONE',  ( -1.000000000000000000, 3.334909476821824268E-28, -1.794541526872530066E-14 ) ) ;
#8 = CARTESIAN_POINT ( 'NONE',  ( 5.349999999999989875, 11.43500000000000050, 5.080000000000000071 ) ) ;
#9 = CARTESIAN_POINT ( 'NONE',  ( 3.650000000000416911, 11.23500000000000121, 0.0000000000000000000 ) ) ;
#10 = CARTESIAN_POINT ( 'NONE',  ( 3.451341823670963205, 11.45812853167897494, 5.080000000000000071 ) ) ;
#11 = VECTOR ( 'NONE', #4782, 1000.000000000000000 ) ;
#12 = DIRECTION ( 'NONE',  ( 1.000000000000000000, -3.338853781347929776E-28, 1.794541526872530066E-14 ) ) ;
#13 = VECTOR ( 'NONE', #6907, 1000.000000000000000 ) ;
#14 = CALENDAR_DATE ( 2019, 21, 10 ) ;
#15 = ORIENTED_EDGE ( 'NONE', *, *, #3391, .T. ) ;
#16 = EDGE_CURVE ( 'NONE', #7271, #4370, #3728, .T. ) ;
#17 = LINE ( 'NONE', #6555, #2091 ) ;
#18 = VECTOR ( 'NONE', #4441, 1000.000000000000114 ) ;
#19 = LINE ( 'NONE', #4209, #6781 ) ;
#20 = EDGE_CURVE ( 'NONE', #5424, #5001, #5528, .T. ) ;
#21 = CARTESIAN_POINT ( 'NONE',  ( -0.6999999999999999556, -3.700000000000010392, 0.2999999999999999889 ) ) ;
#22 = CARTESIAN_POINT ( 'NONE',  ( 4.949999999999991296, 12.73499999999999943, -1.612082860990528665 ) ) ;
#23 = AXIS2_PLACEMENT_3D ( 'NONE', #2645, #3140, #1438 ) ;
#24 = CIRCLE ( 'NONE', #2732, 1.900000000000000133 ) ;
#25 = VERTEX_POINT ( 'NONE', #6608 ) ;
#26 = CARTESIAN_POINT ( 'NONE',  ( 5.749999999999845457, 12.70509370452921161, 1.685475017931466590 ) ) ;
#27 = ORIENTED_EDGE ( 'NONE', *, *, #2966, .F. ) ;
#28 = CARTESIAN_POINT ( 'NONE',  ( 4.950000000000131628, 12.73473344514864536, 3.459237733085169353 ) ) ;
#29 = FACE_OUTER_BOUND ( 'NONE', #4465, .T. ) ;
#30 = AXIS2_PLACEMENT_3D ( 'NONE', #2026, #4962, #1374 ) ;
#31 = FACE_OUTER_BOUND ( 'NONE', #7180, .T. ) ;
#32 = CARTESIAN_POINT ( 'NONE',  ( 3.449999999999989964, 11.44273112629125144, -1.279999999999998250 ) ) ;
#33 = CARTESIAN_POINT ( 'NONE',  ( 3.589703977699978843, 12.64656426582840432, 0.8586120510995512989 ) ) ;
#34 = ORIENTED_EDGE ( 'NONE', *, *, #1177, .T. ) ;
#35 = ORIENTED_EDGE ( 'NONE', *, *, #16, .F. ) ;
#36 = EDGE_CURVE ( 'NONE', #5414, #367, #833, .T. ) ;
#37 = CARTESIAN_POINT ( 'NONE',  ( 3.650000000000295231, 11.23500000000000121, -5.080000000000000071 ) ) ;
#38 = VERTEX_POINT ( 'NONE', #2532 ) ;
#39 = ORIENTED_EDGE ( 'NONE', *, *, #4814, .T. ) ;
#40 = DIRECTION ( 'NONE',  ( -1.000000000000000000, 0.0000000000000000000, 0.0000000000000000000 ) ) ;
#41 = CARTESIAN_POINT ( 'NONE',  ( 5.749999999996039612, 12.66532890578434234, 3.369219543454170740 ) ) ;
#42 = DIRECTION ( 'NONE',  ( 1.000000000000000000, -9.136576017787367610E-16, 0.0000000000000000000 ) ) ;
#43 = CARTESIAN_POINT ( 'NONE',  ( 7.010966932452110889, 12.73499999999999766, -5.080000000000000071 ) ) ;
#44 = VERTEX_POINT ( 'NONE', #4913 ) ;
#45 = ORIENTED_EDGE ( 'NONE', *, *, #2074, .F. ) ;
#46 = LINE ( 'NONE', #1911, #6277 ) ;
#47 = CARTESIAN_POINT ( 'NONE',  ( 9.250000000000000000, 2.199999999999989964, -3.779999999999999805 ) ) ;
#48 = LINE ( 'NONE', #6251, #3442 ) ;
#49 = CARTESIAN_POINT ( 'NONE',  ( 5.500000000000000000, -0.05000000078162009781, -4.279999999999859916 ) ) ;
#50 = EDGE_CURVE ( 'NONE', #5417, #869, #2061, .T. ) ;
#51 = CARTESIAN_POINT ( 'NONE',  ( 5.299999999999990052, 4.784159143999949571, 6.080000000000209681 ) ) ;
#52 = ORIENTED_EDGE ( 'NONE', *, *, #3159, .F. ) ;
#53 = DIRECTION ( 'NONE',  ( 1.000000000000000000, 0.0000000000000000000, 0.0000000000000000000 ) ) ;
#54 = CARTESIAN_POINT ( 'NONE',  ( 4.949999999999999289, 12.64656426582875959, -6.794246796764900509 ) ) ;
#55 = EDGE_CURVE ( 'NONE', #6221, #6682, #7336, .T. ) ;
#56 = EDGE_CURVE ( 'NONE', #269, #6257, #6383, .T. ) ;
#57 = CARTESIAN_POINT ( 'NONE',  ( 5.349999999999989875, 12.73499999999999943, 0.0000000000000000000 ) ) ;
#58 = ORIENTED_EDGE ( 'NONE', *, *, #5038, .T. ) ;
#59 = LINE ( 'NONE', #1662, #1301 ) ;
#60 = ORIENTED_EDGE ( 'NONE', *, *, #1322, .T. ) ;
#61 = CARTESIAN_POINT ( 'NONE',  ( 5.299999999999990052, -0.05000000078161020295, 5.580000000000119975 ) ) ;
#62 = DIRECTION ( 'NONE',  ( -1.000000000000000000, -0.0000000000000000000, 0.0000000000000000000 ) ) ;
#63 = CARTESIAN_POINT ( 'NONE',  ( 4.949999999999989519, 12.73499999999999943, -5.080000000000000071 ) ) ;
#64 = CARTESIAN_POINT ( 'NONE',  ( 0.9446261355944070015, 6.599999999999999645, 7.195000000000000284 ) ) ;
#65 = DIRECTION ( 'NONE',  ( 0.0000000000000000000, 0.0000000000000000000, 1.000000000000000000 ) ) ;
#66 = ORIENTED_EDGE ( 'NONE', *, *, #3013, .T. ) ;
#67 = ADVANCED_FACE ( 'NONE', ( #2025 ), #1332, .F. ) ;
#68 = ORIENTED_EDGE ( 'NONE', *, *, #2539, .T. ) ;
#69 = FACE_OUTER_BOUND ( 'NONE', #210, .T. ) ;
#70 = EDGE_LOOP ( 'NONE', ( #6197, #4763 ) ) ;
#71 = ORIENTED_EDGE ( 'NONE', *, *, #5471, .F. ) ;
#72 = PLANE ( 'NONE',  #4308 ) ;
#73 = CARTESIAN_POINT ( 'NONE',  ( 9.250000000000000000, 2.199999999999999734, 1.299999999999999378 ) ) ;
#74 =( BOUNDED_CURVE ( )  B_SPLINE_CURVE ( 3, ( #1365, #2495, #829, #5994 ),
 .UNSPECIFIED., .F., .T. ) 
 B_SPLINE_CURVE_WITH_KNOTS ( ( 4, 4 ),
 ( 0.0000000000000000000, 1.000000000000000000 ),
 .UNSPECIFIED. ) 
 CURVE ( )  GEOMETRIC_REPRESENTATION_ITEM ( )  RATIONAL_B_SPLINE_CURVE ( ( 1.000000000000000000, 0.8584414868985700275, 0.8584414868985700275, 1.000000000000000000 ) ) 
 REPRESENTATION_ITEM ( '' )  );
#75 = DIRECTION ( 'NONE',  ( 0.0000000000000000000, -0.9805806756909201116, -0.1961161351381840168 ) ) ;
#76 = DIRECTION ( 'NONE',  ( -1.734723475976807410E-14, 0.0000000000000000000, 1.000000000000000000 ) ) ;
#77 = ORIENTED_EDGE ( 'NONE', *, *, #1413, .F. ) ;
#78 = ORIENTED_EDGE ( 'NONE', *, *, #1604, .F. ) ;
#79 = CARTESIAN_POINT ( 'NONE',  ( 7.249552224325724659, 11.45044927442902782, 2.326280551333744888E-16 ) ) ;
#80 = CARTESIAN_POINT ( 'NONE',  ( 4.949999999999999289, 11.93500000000000050, 3.109999999999999876 ) ) ;
#81 = CARTESIAN_POINT ( 'NONE',  ( 10.25000000000000000, 0.0000000000000000000, -7.620000000000000107 ) ) ;
#82 = CARTESIAN_POINT ( 'NONE',  ( 4.949999999999999289, 12.64656426582933335, -3.365753203231379498 ) ) ;
#83 = CALENDAR_DATE ( 2019, 21, 10 ) ;
#84 = CARTESIAN_POINT ( 'NONE',  ( 4.950000000004743050, 12.67614242096979993, 1.706545570107983467 ) ) ;
#85 = CARTESIAN_POINT ( 'NONE',  ( 5.349999999999989875, 11.45812853167969791, 0.0000000000000000000 ) ) ;
#86 = CIRCLE ( 'NONE', #6978, 1.760296020627533320 ) ;
#87 = LINE ( 'NONE', #1808, #6642 ) ;
#88 = CARTESIAN_POINT ( 'NONE',  ( 7.049999999999561950, 11.23499999999999766, -5.080000000000000959 ) ) ;
#89 = CARTESIAN_POINT ( 'NONE',  ( 0.0000000000000000000, 0.0000000000000000000, 0.0000000000000000000 ) ) ;
#90 = VERTEX_POINT ( 'NONE', #2176 ) ;
#91 = DIRECTION ( 'NONE',  ( -0.8944271909999154113, 0.4472135954999587604, 0.0000000000000000000 ) ) ;
#92 = VECTOR ( 'NONE', #5571, 1000.000000000000000 ) ;
#93 = ORIENTED_EDGE ( 'NONE', *, *, #4244, .F. ) ;
#94 = EDGE_CURVE ( 'NONE', #7444, #6617, #7123, .T. ) ;
#95 = FACE_BOUND ( 'NONE', #2468, .T. ) ;
#96 = LINE ( 'NONE', #1860, #5777 ) ;
#97 = DIRECTION ( 'NONE',  ( -0.0000000000000000000, -0.0000000000000000000, -1.000000000000000000 ) ) ;
#98 = CARTESIAN_POINT ( 'NONE',  ( 4.949999999999999289, 12.64656426582881821, 3.365753203235107183 ) ) ;
#99 = VECTOR ( 'NONE', #5382, 1000.000000000000000 ) ;
#100 = DIRECTION ( 'NONE',  ( 1.000000000000000000, -3.338853781347929776E-28, 1.794541526872530066E-14 ) ) ;
#101 = ORIENTED_EDGE ( 'NONE', *, *, #3630, .T. ) ;
#102 = CARTESIAN_POINT ( 'NONE',  ( 5.722352193218311456, 12.64656426582414817, -1.720463868963991727 ) ) ;
#103 = EDGE_LOOP ( 'NONE', ( #3483, #1822, #2138, #2181 ) ) ;
#104 = EDGE_CURVE ( 'NONE', #2269, #2505, #2218, .T. ) ;
#105 = DIRECTION ( 'NONE',  ( 0.0000000000000000000, 1.000000000000000000, 0.0000000000000000000 ) ) ;
#106 = CIRCLE ( 'NONE', #1937, 1.843139007349805292 ) ;
#107 = ORIENTED_EDGE ( 'NONE', *, *, #862, .T. ) ;
#108 = ORIENTED_EDGE ( 'NONE', *, *, #1753, .T. ) ;
#109 = CARTESIAN_POINT ( 'NONE',  ( 7.248658176322919644, 11.45812853178540536, 1.607708950454020642E-61 ) ) ;
#110 = ADVANCED_FACE ( 'NONE', ( #7417 ), #2690, .T. ) ;
#111 = CARTESIAN_POINT ( 'NONE',  ( 5.749999999999319655, 12.72522597148189405, 3.421977066808654655 ) ) ;
#112 = FACE_OUTER_BOUND ( 'NONE', #5304, .T. ) ;
#113 = CC_DESIGN_SECURITY_CLASSIFICATION ( #3432, ( #1698 ) ) ;
#114 = ORIENTED_EDGE ( 'NONE', *, *, #5841, .F. ) ;
#115 = DIRECTION ( 'NONE',  ( 1.171453342316279939E-15, 1.000000000000000000, -0.0000000000000000000 ) ) ;
#116 = ORIENTED_EDGE ( 'NONE', *, *, #2293, .F. ) ;
#117 = EDGE_LOOP ( 'NONE', ( #3735, #3362, #3960, #7597 ) ) ;
#118 = CARTESIAN_POINT ( 'NONE',  ( 7.249999999999991118, 11.43499999999999694, 2.326828918379971365E-16 ) ) ;
#119 = CARTESIAN_POINT ( 'NONE',  ( 5.749999999999999112, 11.93500000000000050, -7.049999999999999822 ) ) ;
#120 = CARTESIAN_POINT ( 'NONE',  ( 5.299999999999995381, -0.05000000078161231931, 5.580000000000127969 ) ) ;
#121 = CARTESIAN_POINT ( 'NONE',  ( 3.449999999999989075, 11.31784271247448181, 3.800000000000001155 ) ) ;
#122 = VECTOR ( 'NONE', #2253, 1000.000000000000000 ) ;
#123 = EDGE_CURVE ( 'NONE', #90, #6914, #5774, .T. ) ;
#124 = CARTESIAN_POINT ( 'NONE',  ( 3.450447775674256423, 11.45044927442903315, 8.879104448651469639 ) ) ;
#125 = DIRECTION ( 'NONE',  ( 0.2763074248798411681, 0.9610693039298835449, 0.0000000000000000000 ) ) ;
#126 = AXIS2_PLACEMENT_3D ( 'NONE', #3394, #3973, #5818 ) ;
#127 = CARTESIAN_POINT ( 'NONE',  ( 5.350000000000000533, 13.99999999999999822, 0.0000000000000000000 ) ) ;
#128 = DIRECTION ( 'NONE',  ( 1.171453342316279939E-15, 1.000000000000000000, 0.0000000000000000000 ) ) ;
#129 = ORIENTED_EDGE ( 'NONE', *, *, #3537, .T. ) ;
#130 = DIRECTION ( 'NONE',  ( 0.0000000000000000000, 0.0000000000000000000, 1.000000000000000000 ) ) ;
#131 = VECTOR ( 'NONE', #6820, 1000.000000000000000 ) ;
#132 = VECTOR ( 'NONE', #5871, 1000.000000000000000 ) ;
#133 = CARTESIAN_POINT ( 'NONE',  ( 4.950000000000073896, 12.72445880131357931, 3.421909901067867743 ) ) ;
#134 = DIRECTION ( 'NONE',  ( 1.332267629550187849E-15, 1.000000000000000000, -1.209806994167949925E-15 ) ) ;
#135 = CARTESIAN_POINT ( 'NONE',  ( 5.499999999999589662, -0.05000000078158019917, 4.279999999999960281 ) ) ;
#136 = CIRCLE ( 'NONE', #6407, 1.975000000000000089 ) ;
#138 = AXIS2_PLACEMENT_3D ( 'NONE', #278, #1887, #7238 ) ;
#137 = DIRECTION ( 'NONE',  ( -0.1543768802736090462, 0.9880120337511014705, 0.0000000000000000000 ) ) ;
#139 = CARTESIAN_POINT ( 'NONE',  ( 4.195177831678914337, 12.73500000000000298, 1.442761435585685703 ) ) ;
#140 = EDGE_CURVE ( 'NONE', #451, #2147, #3065, .T. ) ;
#141 = EDGE_LOOP ( 'NONE', ( #1615, #5216, #1325, #4621 ) ) ;
#142 = DIRECTION ( 'NONE',  ( -9.136576017787373527E-16, -1.000000000000000000, -2.086925533220184338E-31 ) ) ;
#143 = ORIENTED_EDGE ( 'NONE', *, *, #4760, .T. ) ;
#144 = CIRCLE ( 'NONE', #30, 1.760296020627533320 ) ;
#145 = CARTESIAN_POINT ( 'NONE',  ( 10.25000000000000000, 0.0000000000000000000, -4.575803989022731777 ) ) ;
#146 = ORIENTED_EDGE ( 'NONE', *, *, #7029, .T. ) ;
#147 = VERTEX_POINT ( 'NONE', #3340 ) ;
#148 = CARTESIAN_POINT ( 'NONE',  ( 5.349999999999989875, 11.45812853167969791, 0.0000000000000000000 ) ) ;
#149 = B_SPLINE_CURVE_WITH_KNOTS ( 'NONE', 3,
 ( #720, #3149, #2502, #1376 ),
 .UNSPECIFIED., .F., .F.,
 ( 4, 4 ),
 ( 2.734154237450285287E-15, 0.0007166189195523935693 ),
 .UNSPECIFIED. ) ;
#150 = EDGE_CURVE ( 'NONE', #4232, #1135, #2770, .T. ) ;
#151 = VECTOR ( 'NONE', #4261, 1000.000000000000341 ) ;
#152 = EDGE_CURVE ( 'NONE', #2498, #2916, #6263, .T. ) ;
#153 = CARTESIAN_POINT ( 'NONE',  ( 10.25000000000000000, 6.799999999999999822, 1.799999999999999822 ) ) ;
#154 = VERTEX_POINT ( 'NONE', #6917 ) ;
#155 = EDGE_CURVE ( 'NONE', #489, #7347, #1633, .T. ) ;
#156 = CARTESIAN_POINT ( 'NONE',  ( 4.950000000002678924, 12.71935702003381863, 1.668631667042422606 ) ) ;
#157 = ORIENTED_EDGE ( 'NONE', *, *, #7193, .T. ) ;
#158 = ORIENTED_EDGE ( 'NONE', *, *, #373, .T. ) ;
#159 = DIRECTION ( 'NONE',  ( -1.794541526872530066E-14, 0.0000000000000000000, 1.000000000000000000 ) ) ;
#160 = PLANE ( 'NONE',  #6789 ) ;
#161 = CARTESIAN_POINT ( 'NONE',  ( 4.499999999999605649, -0.05000000078158019917, -0.8000000000000569989 ) ) ;
#162 = CARTESIAN_POINT ( 'NONE',  ( 7.249999999999989342, 11.31784271247447293, 3.800000000000002931 ) ) ;
#163 = COORDINATED_UNIVERSAL_TIME_OFFSET ( 0, 0, .AHEAD. ) ;
#164 =( BOUNDED_SURFACE ( )  B_SPLINE_SURFACE ( 3, 3, ( 
 ( #6279, #5011, #2666, #7464 ),
 ( #7429, #3930, #962, #7353 ),
 ( #2121, #891, #1006, #5628 ),
 ( #5593, #309, #3361, #460 ) ),
 .UNSPECIFIED., .F., .F., .F. ) 
 B_SPLINE_SURFACE_WITH_KNOTS ( ( 4, 4 ),
 ( 4, 4 ),
 ( 0.0000000000000000000, 1.000000000000000000 ),
 ( 0.0000000000000000000, 1.000000000000000000 ),
 .UNSPECIFIED. ) 
 GEOMETRIC_REPRESENTATION_ITEM ( )  RATIONAL_B_SPLINE_SURFACE ( (
 ( 1.000000000000000000, 0.3333333333333332038, 0.3333333333333332038, 1.000000000000000000),
 ( 0.9988808742757321335, 0.3329602914252439150, 0.3329602914252439150, 0.9988808742757321335),
 ( 0.9988808742757321335, 0.3329602914252439150, 0.3329602914252439150, 0.9988808742757321335),
 ( 1.000000000000000000, 0.3333333333333332038, 0.3333333333333332038, 1.000000000000000000) ) ) 
 REPRESENTATION_ITEM ( '' )  SURFACE ( )  );
#165 = CARTESIAN_POINT ( 'NONE',  ( 1.199999999999999734, 6.599999999999999645, -2.540000000000000036 ) ) ;
#166 = CARTESIAN_POINT ( 'NONE',  ( 9.250000000000000000, 2.199999999999989964, -3.779999999999999805 ) ) ;
#167 = DIRECTION ( 'NONE',  ( 1.000000000000000000, 0.0000000000000000000, 0.0000000000000000000 ) ) ;
#168 = ORIENTED_EDGE ( 'NONE', *, *, #989, .T. ) ;
#169 = DIRECTION ( 'NONE',  ( -0.0000000000000000000, 0.9805806756909201116, 0.1961161351381840168 ) ) ;
#170 = DIRECTION ( 'NONE',  ( 0.0000000000000000000, 1.000000000000000000, 0.0000000000000000000 ) ) ;
#171 = LINE ( 'NONE', #1320, #2952 ) ;
#172 = LINE ( 'NONE', #3177, #4943 ) ;
#173 = LINE ( 'NONE', #4905, #3043 ) ;
#174 = CARTESIAN_POINT ( 'NONE',  ( 5.349999999999999645, 11.23499999999999943, -5.080000000000000071 ) ) ;
#175 = ORIENTED_EDGE ( 'NONE', *, *, #1878, .T. ) ;
#176 = CARTESIAN_POINT ( 'NONE',  ( 9.646410161513776060, 6.599999999999999645, -8.220000000000002416 ) ) ;
#177 = ORIENTED_EDGE ( 'NONE', *, *, #5460, .T. ) ;
#178 = PLANE ( 'NONE',  #5671 ) ;
#179 = ORIENTED_EDGE ( 'NONE', *, *, #2769, .T. ) ;
#180 = CARTESIAN_POINT ( 'NONE',  ( 4.950000000000698286, 12.68816249061475077, 3.380054170590970131 ) ) ;
#181 = CARTESIAN_POINT ( 'NONE',  ( 7.248658176322919644, 11.45812853178540536, -5.080000000000000071 ) ) ;
#182 = DIRECTION ( 'NONE',  ( 1.000000000000000000, -3.338853781347929776E-28, 1.794541526872530066E-14 ) ) ;
#183 = ORIENTED_EDGE ( 'NONE', *, *, #5047, .T. ) ;
#184 = ORIENTED_EDGE ( 'NONE', *, *, #664, .F. ) ;
#185 = LINE ( 'NONE', #2537, #1919 ) ;
#186 = VERTEX_POINT ( 'NONE', #3300 ) ;
#187 = ORIENTED_EDGE ( 'NONE', *, *, #2704, .T. ) ;
#188 = EDGE_CURVE ( 'NONE', #7382, #1048, #1827, .T. ) ;
#189 = CARTESIAN_POINT ( 'NONE',  ( 5.749999999999992895, 12.73499999999999943, 1.612082860990527999 ) ) ;
#190 = DIRECTION ( 'NONE',  ( -1.000000000000000000, 1.171453342316279939E-15, 5.517568307814269711E-16 ) ) ;
#191 = EDGE_CURVE ( 'NONE', #766, #4145, #1427, .T. ) ;
#192 = CARTESIAN_POINT ( 'NONE',  ( 7.110296020627515645, 12.64656426582178028, 1.240088438882487435E-31 ) ) ;
#193 = CARTESIAN_POINT ( 'NONE',  ( 3.650000000000295675, 11.23500000000000298, 3.399999999999388844 ) ) ;
#194 = CALENDAR_DATE ( 2019, 21, 10 ) ;
#195 = EDGE_CURVE ( 'NONE', #5506, #2498, #4530, .T. ) ;
#196 = DIRECTION ( 'NONE',  ( -0.5000000000000001110, 0.0000000000000000000, 0.8660254037844385966 ) ) ;
#197 = CARTESIAN_POINT ( 'NONE',  ( 3.451341823664733077, 11.45812853167969969, 5.080000000000000071 ) ) ;
#198 = EDGE_CURVE ( 'NONE', #443, #5882, #1059, .T. ) ;
#199 = CARTESIAN_POINT ( 'NONE',  ( 3.449999999999990408, 11.43500000000000227, -4.653657836759942730E-16 ) ) ;
#200 = PLANE ( 'NONE',  #4885 ) ;
#201 = CIRCLE ( 'NONE', #5121, 1.843139007349805292 ) ;
#202 = ORIENTED_EDGE ( 'NONE', *, *, #7285, .T. ) ;
#203 = CARTESIAN_POINT ( 'NONE',  ( 5.350000000000000533, 13.99999999999999822, 0.0000000000000000000 ) ) ;
#204 = LINE ( 'NONE', #6713, #1980 ) ;
#205 = AXIS2_PLACEMENT_3D ( 'NONE', #6752, #3360, #4040 ) ;
#206 = LINE ( 'NONE', #1359, #2828 ) ;
#207 = CARTESIAN_POINT ( 'NONE',  ( 1.942790561913620095, 0.0000000000000000000, 7.000000000000000000 ) ) ;
#208 = CARTESIAN_POINT ( 'NONE',  ( 3.449999999999989964, 11.43500000000000227, 0.0000000000000000000 ) ) ;
#209 = FACE_OUTER_BOUND ( 'NONE', #4575, .T. ) ;
#210 = EDGE_LOOP ( 'NONE', ( #2776, #7059, #4741, #1952 ) ) ;
#211 = AXIS2_PLACEMENT_3D ( 'NONE', #1275, #699, #128 ) ;
#212 = CARTESIAN_POINT ( 'NONE',  ( 4.949999999999999289, 11.93499999999671601, 3.280788672664244565 ) ) ;
#213 = ORIENTED_EDGE ( 'NONE', *, *, #728, .T. ) ;
#214 = DIRECTION ( 'NONE',  ( -1.794541526872530066E-14, 0.0000000000000000000, 1.000000000000000000 ) ) ;
#215 = VERTEX_POINT ( 'NONE', #5724 ) ;
#216 = CARTESIAN_POINT ( 'NONE',  ( 4.950000000000131628, 12.73420261174139867, 3.454934726216642993 ) ) ;
#217 = VECTOR ( 'NONE', #5264, 1000.000000000000000 ) ;
#218 = DIRECTION ( 'NONE',  ( -0.6666666666666660745, -0.6666666666666672958, -0.3333333333333330373 ) ) ;
#219 = CARTESIAN_POINT ( 'NONE',  ( 4.130405133862625533, 12.69953703111901433, -1.523684330418797028 ) ) ;
#220 = ORIENTED_EDGE ( 'NONE', *, *, #2995, .T. ) ;
#221 = ORIENTED_EDGE ( 'NONE', *, *, #1654, .T. ) ;
#222 = CARTESIAN_POINT ( 'NONE',  ( 5.749999999999999112, 12.17219196888833821, -1.770922332791466047 ) ) ;
#223 = EDGE_LOOP ( 'NONE', ( #4965, #6368, #3393, #5214 ) ) ;
#224 =( BOUNDED_SURFACE ( )  B_SPLINE_SURFACE ( 3, 3, ( 
 ( #5701, #6780, #1501, #1612 ),
 ( #3927, #3315, #7389, #6200 ),
 ( #6238, #922, #3967, #2118 ),
 ( #4470, #3388, #2747, #5734 ) ),
 .UNSPECIFIED., .F., .F., .F. ) 
 B_SPLINE_SURFACE_WITH_KNOTS ( ( 4, 4 ),
 ( 4, 4 ),
 ( 0.0000000000000000000, 1.000000000000000000 ),
 ( 0.0000000000000000000, 1.000000000000000000 ),
 .UNSPECIFIED. ) 
 GEOMETRIC_REPRESENTATION_ITEM ( )  RATIONAL_B_SPLINE_SURFACE ( (
 ( 1.000000000000000000, 0.3333333333333334259, 0.3333333333333334259, 1.000000000000000000),
 ( 0.9988808742757321335, 0.3329602914252441370, 0.3329602914252441370, 0.9988808742757321335),
 ( 0.9988808742757321335, 0.3329602914252441370, 0.3329602914252441370, 0.9988808742757321335),
 ( 1.000000000000000000, 0.3333333333333334259, 0.3333333333333334259, 1.000000000000000000) ) ) 
 REPRESENTATION_ITEM ( '' )  SURFACE ( )  );
#225 = EDGE_LOOP ( 'NONE', ( #5042, #6785, #2427, #6044 ) ) ;
#226 = CARTESIAN_POINT ( 'NONE',  ( 4.965164424293943668, 12.69953703111901433, -6.791393931465485423 ) ) ;
#227 = DIRECTION ( 'NONE',  ( -1.734723475976807410E-14, 0.0000000000000000000, 1.000000000000000000 ) ) ;
#228 = LOCAL_TIME ( 21, 42, 48.00000000000000000, #5060 ) ;
#229 = CARTESIAN_POINT ( 'NONE',  ( 5.722352193218312344, 12.64656426582414817, -6.800463868963991132 ) ) ;
#230 = EDGE_CURVE ( 'NONE', #1048, #6914, #1960, .T. ) ;
#231 = COORDINATED_UNIVERSAL_TIME_OFFSET ( 0, 0, .AHEAD. ) ;
#232 = ORIENTED_EDGE ( 'NONE', *, *, #3488, .F. ) ;
#233 = CARTESIAN_POINT ( 'NONE',  ( 4.178667264944277981, 12.73499999999999943, 6.500694997817845433 ) ) ;
#234 = LINE ( 'NONE', #4976, #1122 ) ;
#235 = DIRECTION ( 'NONE',  ( 1.000000000000000000, -9.854725885015578669E-16, 0.0000000000000000000 ) ) ;
#236 = DIRECTION ( 'NONE',  ( 1.000000000000000000, 0.0000000000000000000, -0.0000000000000000000 ) ) ;
#237 = VECTOR ( 'NONE', #2970, 1000.000000000000000 ) ;
#238 = EDGE_CURVE ( 'NONE', #4220, #392, #4924, .T. ) ;
#239 = DIRECTION ( 'NONE',  ( 1.000000000000000000, 0.0000000000000000000, 0.0000000000000000000 ) ) ;
#240 = ADVANCED_FACE ( 'NONE', ( #6954 ), #6302, .F. ) ;
#241 = ORIENTED_EDGE ( 'NONE', *, *, #6731, .F. ) ;
#242 = PLANE ( 'NONE',  #6355 ) ;
#243 = EDGE_CURVE ( 'NONE', #44, #5997, #6371, .T. ) ;
#244 = DIRECTION ( 'NONE',  ( 0.0000000000000000000, -0.0000000000000000000, -1.000000000000000000 ) ) ;
#245 = DIRECTION ( 'NONE',  ( 0.0000000000000000000, -1.000000000000000000, 0.0000000000000000000 ) ) ;
#246 = B_SPLINE_CURVE_WITH_KNOTS ( 'NONE', 3,
 ( #2702, #4502, #3238, #3387 ),
 .UNSPECIFIED., .F., .F.,
 ( 4, 4 ),
 ( 2.697467812798049822E-15, 0.0007166189195523339382 ),
 .UNSPECIFIED. ) ;
#247 = CONICAL_SURFACE ( 'NONE', #6150, 1.898658176322939983, 0.1159019745381328903 ) ;
#248 = DIRECTION ( 'NONE',  ( -1.734723475976807410E-14, -8.876905287225069131E-15, 1.000000000000000000 ) ) ;
#249 = LINE ( 'NONE', #2643, #1617 ) ;
#250 = DIRECTION ( 'NONE',  ( -9.136576017787373527E-16, -1.000000000000000000, -2.086925533220184338E-31 ) ) ;
#251 = CARTESIAN_POINT ( 'NONE',  ( 8.289638583737174216, 13.74631306408208964, 7.620000000000000107 ) ) ;
#252 = VECTOR ( 'NONE', #7387, 1000.000000000000000 ) ;
#253 = VECTOR ( 'NONE', #1100, 1000.000000000000000 ) ;
#254 = ORIENTED_EDGE ( 'NONE', *, *, #3789, .F. ) ;
#255 = CARTESIAN_POINT ( 'NONE',  ( 5.749999999999992006, 12.73499999999999943, 5.080000000000000071 ) ) ;
#256 = ORIENTED_EDGE ( 'NONE', *, *, #3435, .F. ) ;
#257 = DIRECTION ( 'NONE',  ( -1.000000000000000000, 0.0000000000000000000, 0.0000000000000000000 ) ) ;
#258 = VERTEX_POINT ( 'NONE', #2103 ) ;
#259 = DIRECTION ( 'NONE',  ( -1.734723475976806779E-14, 3.384066030870380210E-13, 1.000000000000000000 ) ) ;
#260 = VECTOR ( 'NONE', #7021, 1000.000000000000000 ) ;
#261 = VECTOR ( 'NONE', #2049, 1000.000000000000114 ) ;
#262 = CARTESIAN_POINT ( 'NONE',  ( 4.158098635934758924, 12.73500000000000476, -1.489085828626662833 ) ) ;
#263 = EDGE_CURVE ( 'NONE', #6968, #1415, #5573, .T. ) ;
#264 = ORIENTED_EDGE ( 'NONE', *, *, #527, .F. ) ;
#265 = VECTOR ( 'NONE', #3033, 999.9999999999998863 ) ;
#266 = VERTEX_POINT ( 'NONE', #4752 ) ;
#267 = VECTOR ( 'NONE', #1341, 1000.000000000000114 ) ;
#268 = CARTESIAN_POINT ( 'NONE',  ( 5.750000000000000888, 11.93499999999675154, 1.799211327335742849 ) ) ;
#269 = VERTEX_POINT ( 'NONE', #1748 ) ;
#270 = ORIENTED_EDGE ( 'NONE', *, *, #1711, .F. ) ;
#271 = CARTESIAN_POINT ( 'NONE',  ( 3.589703979381174914, 12.64656426582076776, -5.938612053078013986 ) ) ;
#272 = CARTESIAN_POINT ( 'NONE',  ( 4.950000000003960565, 12.66532890578434589, -3.369219543454167187 ) ) ;
#273 = AXIS2_PLACEMENT_3D ( 'NONE', #4486, #4600, #321 ) ;
#274 = CARTESIAN_POINT ( 'NONE',  ( 1.810000000000000053, 6.599999999999999645, 7.620000000000000107 ) ) ;
#275 = DATE_AND_TIME ( #2545, #539 ) ;
#276 = ORIENTED_EDGE ( 'NONE', *, *, #5665, .F. ) ;
#277 = CARTESIAN_POINT ( 'NONE',  ( 4.949999999999991296, 12.73499999999999943, 6.692082860990527848 ) ) ;
#278 = CARTESIAN_POINT ( 'NONE',  ( 5.299999999999990052, -0.05000000078161020295, 0.5000000000001200151 ) ) ;
#279 = EDGE_CURVE ( 'NONE', #2937, #1900, #6484, .T. ) ;
#280 = DIRECTION ( 'NONE',  ( -2.501911041408800138E-16, -1.000000000000000000, 0.0000000000000000000 ) ) ;
#281 = CARTESIAN_POINT ( 'NONE',  ( 3.451341823677039677, 11.45812853178540891, 5.080000000000000071 ) ) ;
#282 = DATE_AND_TIME ( #6209, #2449 ) ;
#283 = ORIENTED_EDGE ( 'NONE', *, *, #5613, .T. ) ;
#284 = CARTESIAN_POINT ( 'NONE',  ( 5.349999999999982769, 12.64656426582178206, 0.0000000000000000000 ) ) ;
#285 = CARTESIAN_POINT ( 'NONE',  ( 5.749999999995260680, 12.68578847567073353, -1.700703200956241945 ) ) ;
#286 = CARTESIAN_POINT ( 'NONE',  ( 5.749999999999869438, 12.73473344514865779, 6.700762266914636278 ) ) ;
#287 = ADVANCED_FACE ( 'NONE', ( #5912 ), #1779, .F. ) ;
#288 = CARTESIAN_POINT ( 'NONE',  ( 5.299999999999999822, -5.750000000781589904, -0.4999999999999800715 ) ) ;
#289 = EDGE_CURVE ( 'NONE', #4212, #304, #2340, .T. ) ;
#290 = DIRECTION ( 'NONE',  ( 1.000000000000000000, 0.0000000000000000000, -0.0000000000000000000 ) ) ;
#291 = LINE ( 'NONE', #2525, #7093 ) ;
#292 = LINE ( 'NONE', #5607, #1611 ) ;
#293 = ORIENTED_EDGE ( 'NONE', *, *, #6378, .F. ) ;
#294 = CARTESIAN_POINT ( 'NONE',  ( 7.049999999999561950, 11.23499999999999766, 1.249139735130075885E-16 ) ) ;
#295 = ORIENTED_EDGE ( 'NONE', *, *, #5189, .F. ) ;
#296 = DIRECTION ( 'NONE',  ( -0.0000000000000000000, -1.000000000000000000, -0.0000000000000000000 ) ) ;
#297 = EDGE_LOOP ( 'NONE', ( #1106, #3669, #6168, #4328 ) ) ;
#298 = CARTESIAN_POINT ( 'NONE',  ( 4.949999999999999289, 12.73499999999999943, 3.463581513078006768 ) ) ;
#299 = LINE ( 'NONE', #1990, #1133 ) ;
#300 = ADVANCED_FACE ( 'NONE', ( #3022 ), #526, .T. ) ;
#301 = CARTESIAN_POINT ( 'NONE',  ( 3.689033067547871525, 12.73500000000000121, 1.734723475976807094E-15 ) ) ;
#302 = ORIENTED_EDGE ( 'NONE', *, *, #3018, .F. ) ;
#303 = ORIENTED_EDGE ( 'NONE', *, *, #6739, .T. ) ;
#304 = VERTEX_POINT ( 'NONE', #7140 ) ;
#305 = ORIENTED_EDGE ( 'NONE', *, *, #584, .T. ) ;
#306 = CARTESIAN_POINT ( 'NONE',  ( 5.749999999999869438, 12.73473344514865779, 1.620762266914635763 ) ) ;
#307 = CARTESIAN_POINT ( 'NONE',  ( 5.750000000000000000, 12.64656426582508075, -1.714246796769120618 ) ) ;
#308 = CARTESIAN_POINT ( 'NONE',  ( 5.749999999995260680, 12.68578847567073176, 3.379296799043757904 ) ) ;
#309 = CARTESIAN_POINT ( 'NONE',  ( 3.449999999999990408, 11.43500000000000227, 8.880000000000002558 ) ) ;
#310 = ORIENTED_EDGE ( 'NONE', *, *, #7108, .T. ) ;
#311 = FACE_OUTER_BOUND ( 'NONE', #6732, .T. ) ;
#312 = CARTESIAN_POINT ( 'NONE',  ( 3.689033065960701130, 12.73500000000000298, -4.269837272835155240 ) ) ;
#313 = CARTESIAN_POINT ( 'NONE',  ( 5.701341293122920817, 12.73499999999999943, 6.703382409183404889 ) ) ;
#314 =( BOUNDED_SURFACE ( )  B_SPLINE_SURFACE ( 3, 3, ( 
 ( #1863, #6566, #7034, #5407 ),
 ( #7142, #5369, #7178, #4178 ),
 ( #2373, #32, #3638, #4140 ),
 ( #1750, #7068, #6530, #3060 ) ),
 .UNSPECIFIED., .F., .F., .F. ) 
 B_SPLINE_SURFACE_WITH_KNOTS ( ( 4, 4 ),
 ( 4, 4 ),
 ( 0.0000000000000000000, 1.000000000000000000 ),
 ( 0.0000000000000000000, 1.000000000000000000 ),
 .UNSPECIFIED. ) 
 GEOMETRIC_REPRESENTATION_ITEM ( )  RATIONAL_B_SPLINE_SURFACE ( (
 ( 1.000000000000000000, 0.3333333333333332038, 0.3333333333333332038, 1.000000000000000000),
 ( 0.9988808742757321335, 0.3329602914252439150, 0.3329602914252439150, 0.9988808742757321335),
 ( 0.9988808742757321335, 0.3329602914252439150, 0.3329602914252439150, 0.9988808742757321335),
 ( 1.000000000000000000, 0.3333333333333332038, 0.3333333333333332038, 1.000000000000000000) ) ) 
 REPRESENTATION_ITEM ( '' )  SURFACE ( )  );
#315 = PLANE ( 'NONE',  #1679 ) ;
#316 = ORIENTED_EDGE ( 'NONE', *, *, #6194, .F. ) ;
#317 = CARTESIAN_POINT ( 'NONE',  ( 5.349999999999999645, 10.44999999999999929, 5.080000000000000071 ) ) ;
#318 = CARTESIAN_POINT ( 'NONE',  ( 3.689033065990947602, 12.73500000000000121, 5.874722275277831862 ) ) ;
#319 = CARTESIAN_POINT ( 'NONE',  ( 7.249999999999990230, 11.43499999999999872, 1.280000000000000693 ) ) ;
#320 = VECTOR ( 'NONE', #4411, 1000.000000000000000 ) ;
#321 = DIRECTION ( 'NONE',  ( 1.000000000000000000, -9.854725885015578669E-16, 0.0000000000000000000 ) ) ;
#322 = CARTESIAN_POINT ( 'NONE',  ( 4.949999999999999289, 12.40938025448213544, 3.337397567517799590 ) ) ;
#323 = CARTESIAN_POINT ( 'NONE',  ( 7.010966932452110889, 12.73499999999999766, 1.017048918658543783E-16 ) ) ;
#324 = VERTEX_POINT ( 'NONE', #7102 ) ;
#325 = PLANE ( 'NONE',  #2297 ) ;
#326 = EDGE_CURVE ( 'NONE', #4725, #379, #4679, .T. ) ;
#327 = ORIENTED_EDGE ( 'NONE', *, *, #5972, .F. ) ;
#328 = AXIS2_PLACEMENT_3D ( 'NONE', #1721, #7002, #4195 ) ;
#329 = CARTESIAN_POINT ( 'NONE',  ( 5.299999999999990052, -9.540979117872439019E-15, 6.080000000000209681 ) ) ;
#330 = VERTEX_POINT ( 'NONE', #5366 ) ;
#331 = DIRECTION ( 'NONE',  ( 1.000000000000000000, -3.338853781347929776E-28, 1.794541526872530066E-14 ) ) ;
#332 = CARTESIAN_POINT ( 'NONE',  ( 3.450447775674257755, 11.45044927442903138, -3.799104448651466015 ) ) ;
#333 = AXIS2_PLACEMENT_3D ( 'NONE', #3213, #6278, #499 ) ;
#334 = CARTESIAN_POINT ( 'NONE',  ( 9.449999999999999289, 7.599999999999999645, 7.620000000000000107 ) ) ;
#335 = CARTESIAN_POINT ( 'NONE',  ( 7.110296020627515645, 12.64656426582178028, 5.080000000000000071 ) ) ;
#336 = ORIENTED_EDGE ( 'NONE', *, *, #437, .F. ) ;
#337 = PERSON ( 'NAUO-PER5', 'UNSPECIFIED', 'UNSPECIFIED', ('UNSPECIFIED'), ('UNSPECIFIED'), ('UNSPECIFIED') ) ;
#338 = EDGE_CURVE ( 'NONE', #2446, #4974, #555, .T. ) ;
#339 = ORIENTED_EDGE ( 'NONE', *, *, #4191, .T. ) ;
#340 = VECTOR ( 'NONE', #1083, 1000.000000000000000 ) ;
#341 = ORIENTED_EDGE ( 'NONE', *, *, #6867, .F. ) ;
#342 = EDGE_CURVE ( 'NONE', #6865, #1761, #96, .T. ) ;
#343 = CARTESIAN_POINT ( 'NONE',  ( 5.749999999999999112, 11.93500000000000050, -7.049999999999999822 ) ) ;
#344 = CARTESIAN_POINT ( 'NONE',  ( 4.949999999999991296, 12.73499999999999943, -1.612082860990528665 ) ) ;
#345 = CARTESIAN_POINT ( 'NONE',  ( 5.749999999999319655, 12.72522597148189405, 3.421977066808654655 ) ) ;
#346 = CONICAL_SURFACE ( 'NONE', #3047, 1.898658176322939983, 0.1159019745381328903 ) ;
#347 = PERSON_AND_ORGANIZATION_ROLE ( 'classification_officer' ) ;
#348 = DIRECTION ( 'NONE',  ( -0.1543768802736090462, 0.9880120337511014705, 0.0000000000000000000 ) ) ;
#349 = ORIENTED_EDGE ( 'NONE', *, *, #5460, .F. ) ;
#350 = CARTESIAN_POINT ( 'NONE',  ( 9.250000000000000000, 2.200000000000002842, 3.780000000000001137 ) ) ;
#351 = FACE_OUTER_BOUND ( 'NONE', #3235, .T. ) ;
#352 =( GEOMETRIC_REPRESENTATION_CONTEXT ( 3 ) GLOBAL_UNCERTAINTY_ASSIGNED_CONTEXT ( ( #4089 ) ) GLOBAL_UNIT_ASSIGNED_CONTEXT ( ( #1276, #5192, #6921 ) ) REPRESENTATION_CONTEXT ( 'NONE', 'WORKASPACE' ) );
#353 = CARTESIAN_POINT ( 'NONE',  ( 10.25000000000000000, 6.799999999999999822, 7.620000000000000107 ) ) ;
#354 = CARTESIAN_POINT ( 'NONE',  ( 5.299999999999999822, -3.700000000000009948, -5.000000000000000000 ) ) ;
#355 = PERSON_AND_ORGANIZATION_ROLE ( 'classification_officer' ) ;
#356 = ADVANCED_FACE ( 'NONE', ( #29 ), #7599, .T. ) ;
#357 = ORIENTED_EDGE ( 'NONE', *, *, #5329, .T. ) ;
#358 = APPROVAL_PERSON_ORGANIZATION ( #5635, #1161, #2243 ) ;
#359 = PLANE ( 'NONE',  #1708 ) ;
#360 = CARTESIAN_POINT ( 'NONE',  ( 3.689033067547872413, 12.73500000000000121, -6.761931742212837522E-09 ) ) ;
#361 = CARTESIAN_POINT ( 'NONE',  ( 7.049999999999685407, 11.23499999999999588, 5.079999999999999183 ) ) ;
#362 = CARTESIAN_POINT ( 'NONE',  ( 10.25000000000000000, 1.700000000000000178, 7.620000000000000107 ) ) ;
#363 = PLANE ( 'NONE',  #2433 ) ;
#364 = CARTESIAN_POINT ( 'NONE',  ( 8.332042833102427437, 0.0000000000000000000, 7.000000000000000888 ) ) ;
#365 = VERTEX_POINT ( 'NONE', #7560 ) ;
#366 = CARTESIAN_POINT ( 'NONE',  ( 5.299999999999999822, -3.700000000000009948, -5.379999999999999893 ) ) ;
#367 = VERTEX_POINT ( 'NONE', #4104 ) ;
#368 = VECTOR ( 'NONE', #7581, 1000.000000000000000 ) ;
#369 = LINE ( 'NONE', #7373, #2591 ) ;
#370 = ORIENTED_EDGE ( 'NONE', *, *, #1888, .F. ) ;
#371 = DIRECTION ( 'NONE',  ( 0.0000000000000000000, 0.0000000000000000000, 1.000000000000000000 ) ) ;
#372 = DIRECTION ( 'NONE',  ( 0.8164965809277260345, -0.4082482904638622956, 0.4082482904638637389 ) ) ;
#373 = EDGE_CURVE ( 'NONE', #5657, #3485, #6564, .T. ) ;
#374 = VECTOR ( 'NONE', #2959, 1000.000000000000000 ) ;
#375 = VECTOR ( 'NONE', #6970, 1000.000000000000000 ) ;
#376 = DIRECTION ( 'NONE',  ( 0.5000000000000048850, 0.0000000000000000000, 0.8660254037844358210 ) ) ;
#377 = CARTESIAN_POINT ( 'NONE',  ( 4.985603046709011998, 12.73499999999999943, -1.620501777577442848 ) ) ;
#378 = ORIENTED_EDGE ( 'NONE', *, *, #1089, .T. ) ;
#379 = VERTEX_POINT ( 'NONE', #6452 ) ;
#380 = AXIS2_PLACEMENT_3D ( 'NONE', #5883, #2888, #1215 ) ;
#381 = VECTOR ( 'NONE', #2850, 1000.000000000000114 ) ;
#382 = ORIENTED_EDGE ( 'NONE', *, *, #4854, .T. ) ;
#383 = CARTESIAN_POINT ( 'NONE',  ( 10.25000000000000000, 1.699999999999990186, -1.800000000000000488 ) ) ;
#384 = LINE ( 'NONE', #4469, #6893 ) ;
#385 = EDGE_CURVE ( 'NONE', #5249, #5955, #1171, .T. ) ;
#386 = ADVANCED_FACE ( 'NONE', ( #5872 ), #2948, .T. ) ;
#387 = CIRCLE ( 'NONE', #1354, 1.760296020627533320 ) ;
#388 = PLANE ( 'NONE',  #581 ) ;
#389 = VECTOR ( 'NONE', #4834, 1000.000000000000114 ) ;
#390 = EDGE_CURVE ( 'NONE', #4523, #7524, #206, .T. ) ;
#391 = PLANE ( 'NONE',  #3083 ) ;
#392 = VERTEX_POINT ( 'NONE', #2561 ) ;
#393 = CARTESIAN_POINT ( 'NONE',  ( 10.25000000000000000, 6.799999999999999822, 7.620000000000000107 ) ) ;
#394 = VECTOR ( 'NONE', #2015, 1000.000000000000000 ) ;
#395 = CARTESIAN_POINT ( 'NONE',  ( 4.985603046728844134, 12.73499999999999943, -3.459498222418098567 ) ) ;
#396 = CIRCLE ( 'NONE', #7397, 0.2999999999999999334 ) ;
#397 = APPLICATION_CONTEXT ( 'configuration controlled 3d designs of mechanical parts and assemblies' ) ;
#398 = CARTESIAN_POINT ( 'NONE',  ( 7.931257721594278109, 12.73499999999999588, 3.939228291228958678 ) ) ;
#399 = CARTESIAN_POINT ( 'NONE',  ( 5.749999999999928946, 12.72947253920396449, -3.432234320928400972 ) ) ;
#400 = APPROVAL_STATUS ( 'not_yet_approved' ) ;
#401 = CIRCLE ( 'NONE', #4577, 1.974999999999999423 ) ;
#402 = ORIENTED_EDGE ( 'NONE', *, *, #6984, .F. ) ;
#403 = CARTESIAN_POINT ( 'NONE',  ( 5.750000000000000000, 12.73499999999999943, -1.623854585596240740 ) ) ;
#404 = DIRECTION ( 'NONE',  ( -1.000000000000000000, -0.0000000000000000000, -0.0000000000000000000 ) ) ;
#405 = DIRECTION ( 'NONE',  ( -1.000000000000000000, 1.171453342316279939E-15, 0.0000000000000000000 ) ) ;
#406 = FACE_OUTER_BOUND ( 'NONE', #103, .T. ) ;
#407 = ORIENTED_EDGE ( 'NONE', *, *, #7023, .T. ) ;
#408 = LINE ( 'NONE', #2172, #6963 ) ;
#409 = ORIENTED_EDGE ( 'NONE', *, *, #6551, .F. ) ;
#410 = APPROVAL ( #772, 'UNKNOWN' ) ;
#411 = PLANE ( 'NONE',  #6774 ) ;
#412 = DIRECTION ( 'NONE',  ( -1.000000000000000000, 9.136576017758483468E-16, 0.0000000000000000000 ) ) ;
#413 = CARTESIAN_POINT ( 'NONE',  ( 5.750000000000000000, 12.73499999999999943, -1.623854585596240740 ) ) ;
#414 = CARTESIAN_POINT ( 'NONE',  ( 3.589703979381177579, 12.64656426582076776, 8.673617379884035472E-16 ) ) ;
#415 = EDGE_LOOP ( 'NONE', ( #3731, #6546, #4234, #5112 ) ) ;
#416 = EDGE_LOOP ( 'NONE', ( #7003, #2758, #530, #5151 ) ) ;
#417 = ORIENTED_EDGE ( 'NONE', *, *, #7570, .T. ) ;
#418 = CARTESIAN_POINT ( 'NONE',  ( 3.449999999999988631, 11.31784271247448004, 1.279999999999999805 ) ) ;
#419 = LINE ( 'NONE', #2778, #3940 ) ;
#420 = DIRECTION ( 'NONE',  ( 1.000000000000000000, 0.0000000000000000000, 1.224646799147355919E-16 ) ) ;
#421 = SECURITY_CLASSIFICATION_LEVEL ( 'unclassified' ) ;
#422 = CARTESIAN_POINT ( 'NONE',  ( 5.349999999999999645, 11.23499999999999943, 5.080000000000000071 ) ) ;
#423 = LINE ( 'NONE', #5736, #4022 ) ;
#424 = EDGE_CURVE ( 'NONE', #1095, #6260, #1831, .T. ) ;
#425 = EDGE_CURVE ( 'NONE', #4052, #1821, #3197, .T. ) ;
#426 = CARTESIAN_POINT ( 'NONE',  ( 3.689033067547870637, 12.63500000000000156, 5.080000000000000071 ) ) ;
#427 = EDGE_LOOP ( 'NONE', ( #341, #5090, #3906, #2899, #1813, #4706, #1533, #5196 ) ) ;
#428 = LINE ( 'NONE', #393, #2960 ) ;
#429 = CARTESIAN_POINT ( 'NONE',  ( 7.325000000000000178, 10.44999999999999929, 0.0000000000000000000 ) ) ;
#430 = CARTESIAN_POINT ( 'NONE',  ( 7.049999999999685407, 11.23499999999999588, 2.081899558550126310E-16 ) ) ;
#431 = LINE ( 'NONE', #2242, #340 ) ;
#432 = DATE_TIME_ROLE ( 'classification_date' ) ;
#433 = ORIENTED_EDGE ( 'NONE', *, *, #6194, .T. ) ;
#434 = EDGE_CURVE ( 'NONE', #1746, #6848, #4977, .T. ) ;
#435 = CARTESIAN_POINT ( 'NONE',  ( 8.557209438086390563, 6.599999999999999645, 7.620000000000000107 ) ) ;
#436 = DIRECTION ( 'NONE',  ( -0.0000000000000000000, -0.0000000000000000000, 1.000000000000000000 ) ) ;
#437 = EDGE_CURVE ( 'NONE', #6949, #6257, #3176, .T. ) ;
#438 = DIRECTION ( 'NONE',  ( -1.000000000000000000, 1.171453342316279939E-15, 0.0000000000000000000 ) ) ;
#439 = CARTESIAN_POINT ( 'NONE',  ( 3.451341823670963205, 11.45812853167897494, -5.080000000000000071 ) ) ;
#440 = ORIENTED_EDGE ( 'NONE', *, *, #6635, .F. ) ;
#441 = CARTESIAN_POINT ( 'NONE',  ( 7.993234973611840211, 14.00000000000000000, 7.620000000000000107 ) ) ;
#442 = EDGE_LOOP ( 'NONE', ( #175, #276, #6037, #3877, #2496, #6959, #4989, #779 ) ) ;
#443 = VERTEX_POINT ( 'NONE', #6098 ) ;
#444 = CARTESIAN_POINT ( 'NONE',  ( 3.650000000000416911, 11.23500000000000121, 0.0000000000000000000 ) ) ;
#445 = DIRECTION ( 'NONE',  ( 0.0000000000000000000, 0.0000000000000000000, -1.000000000000000000 ) ) ;
#446 = CARTESIAN_POINT ( 'NONE',  ( 5.749999999999992895, 12.73499999999999943, 1.612082860990527999 ) ) ;
#447 = CARTESIAN_POINT ( 'NONE',  ( 4.950000000000072120, 12.72445880131363616, -1.658090098932014200 ) ) ;
#448 = CARTESIAN_POINT ( 'NONE',  ( 1.810000000000000275, 6.600000000000004974, 7.620000000000000107 ) ) ;
#449 = VERTEX_POINT ( 'NONE', #4333 ) ;
#450 = VECTOR ( 'NONE', #4296, 1000.000000000000000 ) ;
#451 = VERTEX_POINT ( 'NONE', #5447 ) ;
#452 = ORIENTED_EDGE ( 'NONE', *, *, #6437, .T. ) ;
#453 = DIRECTION ( 'NONE',  ( 0.7071067811865470176, 0.7071067811865480168, 0.0000000000000000000 ) ) ;
#454 = DIRECTION ( 'NONE',  ( 0.7071067811865480168, -0.7071067811865470176, 0.0000000000000000000 ) ) ;
#455 = CIRCLE ( 'NONE', #5744, 1.843139007349806180 ) ;
#456 = CARTESIAN_POINT ( 'NONE',  ( 5.749999999996039612, 12.65172273822158822, 3.366475062076021985 ) ) ;
#457 = ADVANCED_FACE ( 'NONE', ( #1280 ), #5987, .T. ) ;
#458 = AXIS2_PLACEMENT_3D ( 'NONE', #57, #6518, #3514 ) ;
#459 = CARTESIAN_POINT ( 'NONE',  ( 5.722352193219256478, 12.64656426582414817, 6.800463868963788627 ) ) ;
#460 = CARTESIAN_POINT ( 'NONE',  ( 7.249999999999991118, 11.43499999999999694, 5.079999999999999183 ) ) ;
#461 = ORIENTED_EDGE ( 'NONE', *, *, #4205, .F. ) ;
#462 = CARTESIAN_POINT ( 'NONE',  ( 7.167157287525209419, 11.23499999999981647, -5.080000000000000959 ) ) ;
#463 = DIRECTION ( 'NONE',  ( -3.334909476821824268E-28, -1.000000000000000000, -5.984633544517506745E-42 ) ) ;
#464 = CARTESIAN_POINT ( 'NONE',  ( 8.014137117667727850, 12.73499999999999410, 6.257399771705302705 ) ) ;
#465 = EDGE_CURVE ( 'NONE', #3612, #585, #171, .T. ) ;
#466 = CARTESIAN_POINT ( 'NONE',  ( 3.449999999999989964, 11.43500000000000405, 5.080000000000000071 ) ) ;
#467 = PERSON_AND_ORGANIZATION ( #1524, #6256 ) ;
#468 = ORIENTED_EDGE ( 'NONE', *, *, #1031, .F. ) ;
#469 = EDGE_CURVE ( 'NONE', #6457, #788, #6678, .T. ) ;
#470 = CARTESIAN_POINT ( 'NONE',  ( 4.949999999999991296, 12.73499999999999943, 3.467917139009471406 ) ) ;
#471 = CARTESIAN_POINT ( 'NONE',  ( 7.010966932452110889, 12.73499999999999766, 5.080000000000000071 ) ) ;
#472 = FACE_OUTER_BOUND ( 'NONE', #6223, .T. ) ;
#473 = EDGE_CURVE ( 'NONE', #2556, #2766, #3055, .T. ) ;
#474 = EDGE_CURVE ( 'NONE', #2624, #2967, #4835, .T. ) ;
#475 = CARTESIAN_POINT ( 'NONE',  ( 3.449999999999990408, 11.43500000000000050, -5.080000000000000071 ) ) ;
#476 = CC_DESIGN_APPROVAL ( #5827, ( #5888 ) ) ;
#477 = ORIENTED_EDGE ( 'NONE', *, *, #3013, .F. ) ;
#478 = ADVANCED_FACE ( 'NONE', ( #3752 ), #4949, .F. ) ;
#479 = CARTESIAN_POINT ( 'NONE',  ( 8.699999999999999289, -3.469446951953614189E-15, -7.620000000000000107 ) ) ;
#480 = VERTEX_POINT ( 'NONE', #863 ) ;
#481 = ORIENTED_EDGE ( 'NONE', *, *, #6489, .F. ) ;
#482 = DIRECTION ( 'NONE',  ( 0.8944271909999154113, 0.0000000000000000000, -0.4472135954999587604 ) ) ;
#483 = CARTESIAN_POINT ( 'NONE',  ( 9.421243556529820040, 6.599999999999980105, -3.140000000000000124 ) ) ;
#484 = CARTESIAN_POINT ( 'NONE',  ( 4.499999999999992895, -3.700000000000007727, 5.379999999999999893 ) ) ;
#485 = CARTESIAN_POINT ( 'NONE',  ( 4.950000000000131628, 12.73279737082324914, -1.636456345332840678 ) ) ;
#486 = DIRECTION ( 'NONE',  ( 0.0000000000000000000, 0.0000000000000000000, 1.000000000000000000 ) ) ;
#487 = VECTOR ( 'NONE', #4087, 1000.000000000000000 ) ;
#488 = ORIENTED_EDGE ( 'NONE', *, *, #2150, .T. ) ;
#489 = VERTEX_POINT ( 'NONE', #2489 ) ;
#490 = VERTEX_POINT ( 'NONE', #782 ) ;
#491 = CARTESIAN_POINT ( 'NONE',  ( 3.650000000000294342, 11.23499999999999943, 5.080000000000000071 ) ) ;
#492 = LINE ( 'NONE', #4692, #6773 ) ;
#493 = CONICAL_SURFACE ( 'NONE', #4798, 1.898658176322939983, 0.1159019745381328903 ) ;
#494 = ADVANCED_FACE ( 'NONE', ( #7324 ), #7248, .T. ) ;
#495 =( BOUNDED_CURVE ( )  B_SPLINE_CURVE ( 3, ( #6982, #6252, #1694, #471 ),
 .UNSPECIFIED., .F., .T. ) 
 B_SPLINE_CURVE_WITH_KNOTS ( ( 4, 4 ),
 ( 0.0000000000000000000, 1.000000000000000000 ),
 .UNSPECIFIED. ) 
 CURVE ( )  GEOMETRIC_REPRESENTATION_ITEM ( )  RATIONAL_B_SPLINE_CURVE ( ( 1.000000000000000000, 0.8584414868985700275, 0.8584414868985700275, 1.000000000000000000 ) ) 
 REPRESENTATION_ITEM ( '' )  );
#496 = CARTESIAN_POINT ( 'NONE',  ( 4.949999999999999289, 11.93500000000000050, -3.120000000000000107 ) ) ;
#497 = VECTOR ( 'NONE', #6382, 1000.000000000000000 ) ;
#498 = VECTOR ( 'NONE', #6342, 1000.000000000000000 ) ;
#499 = DIRECTION ( 'NONE',  ( 1.000000000000000000, -1.084202172485509956E-15, 0.0000000000000000000 ) ) ;
#500 = ORIENTED_EDGE ( 'NONE', *, *, #7582, .T. ) ;
#501 = VERTEX_POINT ( 'NONE', #1894 ) ;
#502 = LINE ( 'NONE', #7006, #375 ) ;
#503 = CARTESIAN_POINT ( 'NONE',  ( 7.249999999999991118, 11.44273112629124611, 2.326828918379971858E-16 ) ) ;
#504 = CARTESIAN_POINT ( 'NONE',  ( 3.650000000000294342, 11.23499999999999943, 5.080000000000000071 ) ) ;
#505 = AXIS2_PLACEMENT_3D ( 'NONE', #161, #1839, #4822 ) ;
#506 = CIRCLE ( 'NONE', #5915, 1.898658176328942071 ) ;
#507 = CARTESIAN_POINT ( 'NONE',  ( 7.248658176329016989, 11.45812853167897138, 1.282683647341942734 ) ) ;
#508 = DIRECTION ( 'NONE',  ( -0.0000000000000000000, 0.0000000000000000000, 1.000000000000000000 ) ) ;
#509 = APPLICATION_PROTOCOL_DEFINITION ( 'international standard', 'config_control_design', 1994, #6835 ) ;
#510 = ORIENTED_EDGE ( 'NONE', *, *, #1311, .F. ) ;
#511 = VECTOR ( 'NONE', #6068, 1000.000000000000000 ) ;
#512 = AXIS2_PLACEMENT_3D ( 'NONE', #8, #613, #1225 ) ;
#513 = EDGE_CURVE ( 'NONE', #7271, #2916, #6387, .T. ) ;
#514 = CARTESIAN_POINT ( 'NONE',  ( 3.449999999999989964, 11.43500000000000227, 3.799999999999999378 ) ) ;
#515 = CARTESIAN_POINT ( 'NONE',  ( 3.689033064249634286, 12.73500000000000298, 0.8101627251523747519 ) ) ;
#516 = CARTESIAN_POINT ( 'NONE',  ( 2.337581515395890985, 13.78289222746397513, 7.620000000000000107 ) ) ;
#517 = VECTOR ( 'NONE', #2094, 1000.000000000000000 ) ;
#518 = DIRECTION ( 'NONE',  ( -1.794541526872530066E-14, 0.0000000000000000000, 1.000000000000000000 ) ) ;
#519 = ORIENTED_EDGE ( 'NONE', *, *, #2029, .F. ) ;
#520 =( BOUNDED_SURFACE ( )  B_SPLINE_SURFACE ( 3, 3, ( 
 ( #466, #2822, #3935, #1046 ),
 ( #5165, #1653, #2864, #4011 ),
 ( #6354, #5276, #6977, #4124 ),
 ( #6436, #4090, #3623, #1229 ) ),
 .UNSPECIFIED., .F., .F., .F. ) 
 B_SPLINE_SURFACE_WITH_KNOTS ( ( 4, 4 ),
 ( 4, 4 ),
 ( 0.0000000000000000000, 1.000000000000000000 ),
 ( 0.0000000000000000000, 1.000000000000000000 ),
 .UNSPECIFIED. ) 
 GEOMETRIC_REPRESENTATION_ITEM ( )  RATIONAL_B_SPLINE_SURFACE ( (
 ( 1.000000000000000000, 0.3333333333333332038, 0.3333333333333332038, 1.000000000000000000),
 ( 0.8047378541240031158, 0.2682459513746676127, 0.2682459513746676127, 0.8047378541240031158),
 ( 0.8047378541240031158, 0.2682459513746676127, 0.2682459513746676127, 0.8047378541240031158),
 ( 1.000000000000000000, 0.3333333333333332038, 0.3333333333333332038, 1.000000000000000000) ) ) 
 REPRESENTATION_ITEM ( '' )  SURFACE ( )  );
#521 = FACE_OUTER_BOUND ( 'NONE', #4759, .T. ) ;
#522 = EDGE_LOOP ( 'NONE', ( #2192, #1022, #6297, #2775, #3477, #1988, #5731, #750, #5522, #658, #1941, #1480, #5209, #6376, #4335, #6112, #6203, #4197, #3642 ) ) ;
#523 = EDGE_CURVE ( 'NONE', #4034, #5755, #7127, .T. ) ;
#524 = LINE ( 'NONE', #3487, #7137 ) ;
#525 = EDGE_CURVE ( 'NONE', #3051, #7330, #5568, .T. ) ;
#526 = PLANE ( 'NONE',  #5159 ) ;
#527 = EDGE_CURVE ( 'NONE', #6073, #871, #2641, .T. ) ;
#528 = DIRECTION ( 'NONE',  ( 1.000000000000000000, 0.0000000000000000000, 0.0000000000000000000 ) ) ;
#529 = CARTESIAN_POINT ( 'NONE',  ( 5.749999999999992895, 12.73499999999999943, -1.612082860990527999 ) ) ;
#530 = ORIENTED_EDGE ( 'NONE', *, *, #4724, .T. ) ;
#531 = EDGE_LOOP ( 'NONE', ( #5168, #5148, #1297, #101, #5938, #378, #6573, #2453 ) ) ;
#532 = ORIENTED_EDGE ( 'NONE', *, *, #2754, .F. ) ;
#533 = DIRECTION ( 'NONE',  ( -0.4999999999999996669, 0.0000000000000000000, -0.8660254037844388186 ) ) ;
#534 = DIRECTION ( 'NONE',  ( -1.794541526872530066E-14, 0.0000000000000000000, 1.000000000000000000 ) ) ;
#535 = EDGE_CURVE ( 'NONE', #3030, #7454, #1345, .T. ) ;
#536 = CARTESIAN_POINT ( 'NONE',  ( 10.25000000000000000, 6.799999999999999822, -7.620000000000001883 ) ) ;
#537 = CARTESIAN_POINT ( 'NONE',  ( 1.942790561913620095, 6.600000000000011191, 7.620000000000000107 ) ) ;
#538 = VERTEX_POINT ( 'NONE', #1517 ) ;
#539 = LOCAL_TIME ( 21, 42, 48.00000000000000000, #231 ) ;
#540 = CARTESIAN_POINT ( 'NONE',  ( 5.349999999999980993, 11.93499999999403727, 5.080000000000000071 ) ) ;
#541 = CARTESIAN_POINT ( 'NONE',  ( 0.0000000000000000000, 0.0000000000000000000, 7.620000000000000107 ) ) ;
#542 = CARTESIAN_POINT ( 'NONE',  ( 0.9446261355944070015, 6.599999999999999645, 7.195000000000000284 ) ) ;
#543 = DIRECTION ( 'NONE',  ( 0.0000000000000000000, 0.0000000000000000000, 1.000000000000000000 ) ) ;
#544 = CARTESIAN_POINT ( 'NONE',  ( 4.500000000000000000, -2.700000000000009948, -5.579999999999999183 ) ) ;
#545 = APPROVAL_STATUS ( 'not_yet_approved' ) ;
#546 = ORIENTED_EDGE ( 'NONE', *, *, #1974, .F. ) ;
#547 = B_SPLINE_CURVE_WITH_KNOTS ( 'NONE', 3,
 ( #1358, #744, #6797, #3217 ),
 .UNSPECIFIED., .F., .F.,
 ( 4, 4 ),
 ( 3.411991864460203497E-15, 0.0007166189195539830097 ),
 .UNSPECIFIED. ) ;
#548 = FACE_OUTER_BOUND ( 'NONE', #7160, .T. ) ;
#549 = PLANE ( 'NONE',  #7143 ) ;
#550 = CARTESIAN_POINT ( 'NONE',  ( 10.25000000000000000, 1.700000000000008393, 3.280000000000000249 ) ) ;
#551 = EDGE_LOOP ( 'NONE', ( #1640, #3863, #7277, #1262 ) ) ;
#552 = CARTESIAN_POINT ( 'NONE',  ( 5.749999999999932498, 12.71957496777950780, 1.668147016353231038 ) ) ;
#553 = VERTEX_POINT ( 'NONE', #6974 ) ;
#554 = DIRECTION ( 'NONE',  ( 0.4999999999999999445, 0.0000000000000000000, -0.8660254037844387076 ) ) ;
#555 = LINE ( 'NONE', #634, #5900 ) ;
#556 = LINE ( 'NONE', #1172, #1740 ) ;
#557 = CARTESIAN_POINT ( 'NONE',  ( 4.949999999999999289, 12.64656426582933335, 1.714246796768620795 ) ) ;
#558 = ADVANCED_FACE ( 'NONE', ( #1474 ), #5822, .T. ) ;
#559 = VERTEX_POINT ( 'NONE', #4449 ) ;
#560 = VERTEX_POINT ( 'NONE', #2895 ) ;
#561 = VERTEX_POINT ( 'NONE', #6391 ) ;
#562 = ORIENTED_EDGE ( 'NONE', *, *, #55, .T. ) ;
#563 = FACE_BOUND ( 'NONE', #1985, .T. ) ;
#564 = CARTESIAN_POINT ( 'NONE',  ( 5.749999999999319655, 12.72910876695780402, 3.433096816280104324 ) ) ;
#565 = ADVANCED_FACE ( 'NONE', ( #1686 ), #2092, .F. ) ;
#566 = DIRECTION ( 'NONE',  ( 1.224646799147353207E-16, -1.434616586018100824E-31, -1.000000000000000000 ) ) ;
#567 = EDGE_CURVE ( 'NONE', #559, #2624, #3320, .T. ) ;
#568 = CARTESIAN_POINT ( 'NONE',  ( 5.349999999999989875, 12.73499999999999943, -5.080000000000000071 ) ) ;
#569 = VECTOR ( 'NONE', #3468, 1000.000000000000000 ) ;
#570 = ORIENTED_EDGE ( 'NONE', *, *, #3775, .F. ) ;
#571 = CARTESIAN_POINT ( 'NONE',  ( 7.249999999999991118, 11.44273112629124611, 2.326828918379971365E-16 ) ) ;
#572 = CARTESIAN_POINT ( 'NONE',  ( 3.451341823664733077, 11.45812853167969969, -5.080000000000000071 ) ) ;
#573 = CARTESIAN_POINT ( 'NONE',  ( 4.500000000000000888, 0.0000000000000000000, 7.620000000000000107 ) ) ;
#574 = CARTESIAN_POINT ( 'NONE',  ( 5.749999999999999112, 11.93499999999701977, -1.799211327335711763 ) ) ;
#575 = DIRECTION ( 'NONE',  ( 0.0000000000000000000, -0.0000000000000000000, -1.000000000000000000 ) ) ;
#576 = AXIS2_PLACEMENT_3D ( 'NONE', #855, #2671, #3667 ) ;
#577 = DATE_AND_TIME ( #1267, #2938 ) ;
#578 = EDGE_LOOP ( 'NONE', ( #6646, #4586, #5225, #1944 ) ) ;
#579 = DIRECTION ( 'NONE',  ( -1.000000000000000000, -0.0000000000000000000, -0.0000000000000000000 ) ) ;
#580 = DIRECTION ( 'NONE',  ( -1.000000000000000000, 0.0000000000000000000, 0.0000000000000000000 ) ) ;
#581 = AXIS2_PLACEMENT_3D ( 'NONE', #6892, #4427, #5049 ) ;
#582 = DIRECTION ( 'NONE',  ( 0.5000000000000009992, 0.0000000000000000000, 0.8660254037844380415 ) ) ;
#583 = DIRECTION ( 'NONE',  ( -0.0000000000000000000, 0.0000000000000000000, 1.000000000000000000 ) ) ;
#584 = EDGE_CURVE ( 'NONE', #5429, #3890, #4726, .T. ) ;
#585 = VERTEX_POINT ( 'NONE', #1726 ) ;
#586 = CARTESIAN_POINT ( 'NONE',  ( 5.749999999999992895, 12.73499999999999943, 1.612082860990527999 ) ) ;
#587 = VERTEX_POINT ( 'NONE', #3867 ) ;
#588 = FACE_BOUND ( 'NONE', #3106, .T. ) ;
#589 = CC_DESIGN_PERSON_AND_ORGANIZATION_ASSIGNMENT ( #5675, #3897, ( #1957 ) ) ;
#590 = CARTESIAN_POINT ( 'NONE',  ( 4.949999999999998401, 12.17219196889107913, -1.770922332791147635 ) ) ;
#591 = ORGANIZATION ( 'NAUO-ORG2', 'UNSPECIFIED', 'UNSPECIFIED' ) ;
#592 = DIRECTION ( 'NONE',  ( -1.734723475976807410E-14, 3.188457888917788296E-13, 1.000000000000000000 ) ) ;
#593 = CARTESIAN_POINT ( 'NONE',  ( 4.949999999999989519, 12.73499999999999943, 0.0000000000000000000 ) ) ;
#594 = CARTESIAN_POINT ( 'NONE',  ( 4.973902936676231512, 12.73499999999999943, 1.672533082915170555 ) ) ;
#595 = ORIENTED_EDGE ( 'NONE', *, *, #2119, .F. ) ;
#596 = EDGE_LOOP ( 'NONE', ( #5137, #1126, #6887, #1187 ) ) ;
#597 = VECTOR ( 'NONE', #2617, 1000.000000000000000 ) ;
#598 = CARTESIAN_POINT ( 'NONE',  ( 7.249999999999990230, 11.31784271247447471, -5.080000000000001847 ) ) ;
#599 = ORIENTED_EDGE ( 'NONE', *, *, #6347, .F. ) ;
#600 = EDGE_CURVE ( 'NONE', #6698, #3993, #2584, .T. ) ;
#601 = ORIENTED_EDGE ( 'NONE', *, *, #7078, .T. ) ;
#602 = CARTESIAN_POINT ( 'NONE',  ( 4.500000000000000000, -3.700000000000009948, -5.000000000000000000 ) ) ;
#603 = LINE ( 'NONE', #73, #265 ) ;
#604 = AXIS2_PLACEMENT_3D ( 'NONE', #2325, #1815, #4216 ) ;
#605 = PERSON ( 'NAUO-PER3', 'UNSPECIFIED', 'UNSPECIFIED', ('UNSPECIFIED'), ('UNSPECIFIED'), ('UNSPECIFIED') ) ;
#606 = DIRECTION ( 'NONE',  ( 0.0000000000000000000, -0.1961161351381840445, 0.9805806756909202226 ) ) ;
#607 = PRODUCT_DEFINITION_SHAPE ( 'NONE', 'NONE',  #1957 ) ;
#608 = DIRECTION ( 'NONE',  ( -0.8660254037844358210, 0.0000000000000000000, 0.5000000000000048850 ) ) ;
#609 = CIRCLE ( 'NONE', #4181, 1.975000000000000089 ) ;
#610 = ORIENTED_EDGE ( 'NONE', *, *, #4053, .T. ) ;
#611 = EDGE_CURVE ( 'NONE', #5685, #1521, #4485, .T. ) ;
#612 = DIRECTION ( 'NONE',  ( -3.334909476821824268E-28, -1.000000000000000000, -5.984633544517506745E-42 ) ) ;
#613 = DIRECTION ( 'NONE',  ( 1.171453342316279939E-15, 1.000000000000000000, 0.0000000000000000000 ) ) ;
#614 = EDGE_CURVE ( 'NONE', #7452, #2071, #5205, .T. ) ;
#615 = CARTESIAN_POINT ( 'NONE',  ( 7.010966932452110889, 12.73499999999999766, 1.017048918658543783E-16 ) ) ;
#616 = ADVANCED_FACE ( 'NONE', ( #2347 ), #6253, .T. ) ;
#617 = DIRECTION ( 'NONE',  ( 1.000000000000000000, -9.854725885015578669E-16, 0.0000000000000000000 ) ) ;
#618 = VECTOR ( 'NONE', #2335, 1000.000000000000000 ) ;
#619 = DATE_AND_TIME ( #1732, #4289 ) ;
#620 = ORIENTED_EDGE ( 'NONE', *, *, #754, .T. ) ;
#621 = CARTESIAN_POINT ( 'NONE',  ( 5.349999999999980105, 11.45812853178540713, 1.607708950454020642E-61 ) ) ;
#622 = AXIS2_PLACEMENT_3D ( 'NONE', #2592, #736, #3130 ) ;
#623 = CARTESIAN_POINT ( 'NONE',  ( 8.466173140978199285, 6.599999999999999645, -8.025000000000000355 ) ) ;
#624 = VECTOR ( 'NONE', #4501, 1000.000000000000114 ) ;
#625 = ADVANCED_FACE ( 'NONE', ( #2272 ), #3152, .T. ) ;
#626 = CARTESIAN_POINT ( 'NONE',  ( 9.299999999999998934, 6.599999999999994316, -7.620000000000000107 ) ) ;
#627 = CARTESIAN_POINT ( 'NONE',  ( 3.650000000000294342, 11.23500000000000121, -8.479999999999387583 ) ) ;
#628 = AXIS2_PLACEMENT_3D ( 'NONE', #7489, #5692, #7529 ) ;
#629 = VECTOR ( 'NONE', #2196, 1000.000000000000000 ) ;
#630 = ORIENTED_EDGE ( 'NONE', *, *, #6798, .T. ) ;
#631 = CARTESIAN_POINT ( 'NONE',  ( 9.421243556529820040, 0.0000000000000000000, -8.220000000000000639 ) ) ;
#632 = VERTEX_POINT ( 'NONE', #1120 ) ;
#633 = CARTESIAN_POINT ( 'NONE',  ( 4.499999999999992006, 0.0000000000000000000, 0.5041960109772644083 ) ) ;
#634 = CARTESIAN_POINT ( 'NONE',  ( 0.0000000000000000000, 10.00000000000000000, -2.540000000000000480 ) ) ;
#635 = CIRCLE ( 'NONE', #3356, 1.760296020627533320 ) ;
#636 = CARTESIAN_POINT ( 'NONE',  ( 5.300000000000001599, -3.700000000000010392, 5.379999999999999005 ) ) ;
#637 = LINE ( 'NONE', #7601, #5127 ) ;
#638 = DIRECTION ( 'NONE',  ( 1.000000000000000000, -9.854725885015578669E-16, 0.0000000000000000000 ) ) ;
#639 = APPLICATION_CONTEXT ( 'configuration controlled 3d designs of mechanical parts and assemblies' ) ;
#640 = ORIENTED_EDGE ( 'NONE', *, *, #6880, .F. ) ;
#641 = CC_DESIGN_PERSON_AND_ORGANIZATION_ASSIGNMENT ( #2078, #1918, ( #1399 ) ) ;
#642 = ORIENTED_EDGE ( 'NONE', *, *, #326, .T. ) ;
#643 = CARTESIAN_POINT ( 'NONE',  ( 3.650000000000295675, 11.23500000000000121, 8.479999999999391136 ) ) ;
#644 = ORIENTED_EDGE ( 'NONE', *, *, #5463, .F. ) ;
#645 = ORIENTED_EDGE ( 'NONE', *, *, #6288, .F. ) ;
#646 = PLANE ( 'NONE',  #3695 ) ;
#647 = LINE ( 'NONE', #718, #1127 ) ;
#648 = DIRECTION ( 'NONE',  ( -1.931148907734990011E-16, 2.262250842476587301E-31, -1.000000000000000000 ) ) ;
#649 = FACE_OUTER_BOUND ( 'NONE', #2832, .T. ) ;
#650 = ORIENTED_EDGE ( 'NONE', *, *, #6358, .T. ) ;
#651 = ORIENTED_EDGE ( 'NONE', *, *, #50, .F. ) ;
#652 = DIRECTION ( 'NONE',  ( -1.794541526872530066E-14, 0.0000000000000000000, 1.000000000000000000 ) ) ;
#653 = CARTESIAN_POINT ( 'NONE',  ( 5.299999999999990052, -2.700000000000009948, 0.5000000000000699441 ) ) ;
#654 = CARTESIAN_POINT ( 'NONE',  ( 7.249552224325725547, 11.45044927442902782, 5.080000000000000959 ) ) ;
#655 = PLANE ( 'NONE',  #3414 ) ;
#656 = EDGE_CURVE ( 'NONE', #1821, #6195, #3542, .T. ) ;
#657 = PERSON_AND_ORGANIZATION ( #1524, #6256 ) ;
#658 = ORIENTED_EDGE ( 'NONE', *, *, #6519, .F. ) ;
#659 = EDGE_CURVE ( 'NONE', #2201, #3194, #993, .T. ) ;
#660 = CARTESIAN_POINT ( 'NONE',  ( 3.451341823670963649, 11.45812853167897671, 8.877316352658057852 ) ) ;
#661 = PLANE ( 'NONE',  #4563 ) ;
#662 = DIRECTION ( 'NONE',  ( 1.171453342316279939E-15, 1.000000000000000000, 0.0000000000000000000 ) ) ;
#663 = CARTESIAN_POINT ( 'NONE',  ( 4.499999999999988454, 4.784159143999949571, -4.579999999999948557 ) ) ;
#664 = EDGE_CURVE ( 'NONE', #1767, #324, #5893, .T. ) ;
#665 = ORIENTED_EDGE ( 'NONE', *, *, #2034, .F. ) ;
#666 = CARTESIAN_POINT ( 'NONE',  ( 9.250000000000000000, 2.199999999999989964, 1.299999999999999822 ) ) ;
#667 = ORIENTED_EDGE ( 'NONE', *, *, #1404, .F. ) ;
#668 = EDGE_CURVE ( 'NONE', #6804, #6698, #48, .T. ) ;
#669 = CARTESIAN_POINT ( 'NONE',  ( 4.500000000000000000, -2.700000000000009948, 4.580000000000001847 ) ) ;
#670 = CARTESIAN_POINT ( 'NONE',  ( 4.178667266375339473, 12.73499999999999588, 1.420694998172927326 ) ) ;
#671 = DIRECTION ( 'NONE',  ( -0.0000000000000000000, -0.0000000000000000000, -1.000000000000000000 ) ) ;
#672 = CARTESIAN_POINT ( 'NONE',  ( 5.299999999999990052, 4.784159143999949571, 1.000000000000210054 ) ) ;
#673 = CARTESIAN_POINT ( 'NONE',  ( 4.963811392487189167, 12.64656426582840254, 1.717410969928462094 ) ) ;
#674 = ORIENTED_EDGE ( 'NONE', *, *, #4144, .F. ) ;
#675 = LINE ( 'NONE', #5412, #2915 ) ;
#676 = VERTEX_POINT ( 'NONE', #3787 ) ;
#677 = CARTESIAN_POINT ( 'NONE',  ( 3.650000000000295231, 11.23500000000000121, 5.080000000000000071 ) ) ;
#678 = EDGE_LOOP ( 'NONE', ( #2080, #4415, #2572, #1995 ) ) ;
#679 = VERTEX_POINT ( 'NONE', #2088 ) ;
#680 = CARTESIAN_POINT ( 'NONE',  ( 5.749999999999999112, 11.93499999999701977, 3.280788672664288530 ) ) ;
#681 = DIRECTION ( 'NONE',  ( -1.000000000000000000, 9.136576017758483468E-16, 0.0000000000000000000 ) ) ;
#682 = CARTESIAN_POINT ( 'NONE',  ( 0.0000000000000000000, 0.0000000000000000000, -2.540000000000000480 ) ) ;
#683 = DIRECTION ( 'NONE',  ( 1.000000000000000000, -1.171453342316279939E-15, -1.931148907734990011E-16 ) ) ;
#684 = EDGE_LOOP ( 'NONE', ( #5183, #2698, #977, #4493 ) ) ;
#685 = ORIENTED_EDGE ( 'NONE', *, *, #3245, .T. ) ;
#686 = CARTESIAN_POINT ( 'NONE',  ( 7.249999999999991118, 11.43499999999999872, 5.079999999999999183 ) ) ;
#687 = DIRECTION ( 'NONE',  ( -1.000000000000000000, 0.0000000000000000000, -0.0000000000000000000 ) ) ;
#688 = CC_DESIGN_PERSON_AND_ORGANIZATION_ASSIGNMENT ( #2477, #1159, ( #1698 ) ) ;
#689 = CARTESIAN_POINT ( 'NONE',  ( 8.557209438086390563, 6.599999999999999645, 7.000000000000000000 ) ) ;
#690 = CARTESIAN_POINT ( 'NONE',  ( 5.299999999999999822, -2.700000000000009948, -0.4999999999999742983 ) ) ;
#691 = APPLICATION_PROTOCOL_DEFINITION ( 'international standard', 'config_control_design', 1994, #2361 ) ;
#692 = VECTOR ( 'NONE', #5140, 1000.000000000000000 ) ;
#693 =( BOUNDED_CURVE ( )  B_SPLINE_CURVE ( 3, ( #5902, #5280, #2360, #6441 ),
 .UNSPECIFIED., .F., .F. ) 
 B_SPLINE_CURVE_WITH_KNOTS ( ( 4, 4 ),
 ( 0.0000000000000000000, 1.000000000000000000 ),
 .UNSPECIFIED. ) 
 CURVE ( )  GEOMETRIC_REPRESENTATION_ITEM ( )  RATIONAL_B_SPLINE_CURVE ( ( 1.000000000000000000, 0.3333333333333333703, 0.3333333333333333703, 1.000000000000000000 ) ) 
 REPRESENTATION_ITEM ( '' )  );
#694 = LINE ( 'NONE', #2980, #7499 ) ;
#695 = CARTESIAN_POINT ( 'NONE',  ( 5.299999999999995381, -4.770489558936219510E-15, 5.584196010977271030 ) ) ;
#696 = ADVANCED_FACE ( 'NONE', ( #2759 ), #6712, .F. ) ;
#697 = AXIS2_PLACEMENT_3D ( 'NONE', #1451, #6082, #882 ) ;
#698 = CARTESIAN_POINT ( 'NONE',  ( 1.810000000000000941, -1.517883041479706208E-15, 7.620000000000000107 ) ) ;
#699 = DIRECTION ( 'NONE',  ( 1.000000000000000000, -1.171453342316279939E-15, -1.931148907734990011E-16 ) ) ;
#700 = ORIENTED_EDGE ( 'NONE', *, *, #4518, .T. ) ;
#701 = CARTESIAN_POINT ( 'NONE',  ( 5.701341293122920817, 12.73499999999999766, 1.623382409183404373 ) ) ;
#702 = VECTOR ( 'NONE', #5359, 1000.000000000000000 ) ;
#703 = CARTESIAN_POINT ( 'NONE',  ( 9.250000000000000000, 6.799999999999999822, 6.379999999999998117 ) ) ;
#704 = ADVANCED_FACE ( 'NONE', ( #973 ), #359, .F. ) ;
#705 = CARTESIAN_POINT ( 'NONE',  ( 4.949999999999998401, 12.17219196889107913, 3.309077667208852880 ) ) ;
#706 = EDGE_CURVE ( 'NONE', #1135, #4422, #1397, .T. ) ;
#707 = CARTESIAN_POINT ( 'NONE',  ( 4.949999999999999289, 12.40938025448213544, -1.742602432482200925 ) ) ;
#708 = DIRECTION ( 'NONE',  ( 0.5000000000000048850, 0.0000000000000000000, 0.8660254037844358210 ) ) ;
#709 = CIRCLE ( 'NONE', #956, 0.3000000000000000444 ) ;
#710 = LINE ( 'NONE', #5255, #1978 ) ;
#711 = EDGE_CURVE ( 'NONE', #4109, #1395, #3750, .T. ) ;
#712 = EDGE_LOOP ( 'NONE', ( #5141, #6932, #3038, #1865 ) ) ;
#713 = DIRECTION ( 'NONE',  ( -9.136576017787373527E-16, -1.000000000000000000, -2.086925533220184338E-31 ) ) ;
#714 = ORIENTED_EDGE ( 'NONE', *, *, #6637, .F. ) ;
#715 = CARTESIAN_POINT ( 'NONE',  ( 10.25000000000000000, 6.799999999999999822, 1.799999999999999600 ) ) ;
#716 = ORIENTED_EDGE ( 'NONE', *, *, #1907, .F. ) ;
#717 = VERTEX_POINT ( 'NONE', #3900 ) ;
#718 = CARTESIAN_POINT ( 'NONE',  ( 10.25000000000000000, 6.799999999999999822, -3.279999999999998028 ) ) ;
#719 = ADVANCED_FACE ( 'NONE', ( #6180 ), #3327, .T. ) ;
#720 = CARTESIAN_POINT ( 'NONE',  ( 5.750000000000000888, 11.93499999999674976, 6.879211327335743142 ) ) ;
#721 = CC_DESIGN_SECURITY_CLASSIFICATION ( #4779, ( #5888 ) ) ;
#722 = ORIENTED_EDGE ( 'NONE', *, *, #5979, .T. ) ;
#723 = CARTESIAN_POINT ( 'NONE',  ( 5.749999999999999112, 11.93499999999701977, -6.879211327335712056 ) ) ;
#724 = ORIENTED_EDGE ( 'NONE', *, *, #1514, .T. ) ;
#725 = ORIENTED_EDGE ( 'NONE', *, *, #1829, .T. ) ;
#726 = FACE_OUTER_BOUND ( 'NONE', #1856, .T. ) ;
#727 = CARTESIAN_POINT ( 'NONE',  ( 5.500000000000000000, -0.05000000078162009781, 5.880000000000140226 ) ) ;
#728 = EDGE_CURVE ( 'NONE', #4840, #6457, #5064, .T. ) ;
#729 = CARTESIAN_POINT ( 'NONE',  ( 4.985603046749380596, 12.73499999999999943, 6.700501777586518770 ) ) ;
#730 = CARTESIAN_POINT ( 'NONE',  ( 7.249999999999990230, 11.31784271247447471, 2.326828918379972351E-16 ) ) ;
#731 = APPROVAL_DATE_TIME ( #7352, #5865 ) ;
#732 = AXIS2_PLACEMENT_3D ( 'NONE', #317, #6676, #6828 ) ;
#733 = CARTESIAN_POINT ( 'NONE',  ( 1.199999999999999734, 6.799999999999999822, -2.540000000000000036 ) ) ;
#734 = CARTESIAN_POINT ( 'NONE',  ( 4.499999999999979572, 4.784159143999949571, -4.079999999999810001 ) ) ;
#735 = B_SPLINE_CURVE_WITH_KNOTS ( 'NONE', 3,
 ( #2048, #403, #7440, #1471, #3216, #5022, #5566, #933, #819, #285, #4403, #3829, #6211, #1515, #3865, #3286 ),
 .UNSPECIFIED., .F., .F.,
 ( 4, 3, 3, 3, 3, 4 ),
 ( 4.336808689942017736E-19, 3.531517381802507384E-05, 7.066450543868405660E-05, 0.0001054618491194700614, 0.0001392987215172446528, 0.0001469974402523165926 ),
 .UNSPECIFIED. ) ;
#736 = DIRECTION ( 'NONE',  ( 1.794541526872530066E-14, 1.889646980599319876E-14, -1.000000000000000000 ) ) ;
#737 = CARTESIAN_POINT ( 'NONE',  ( 4.949999999999991296, 12.73499999999999943, -1.612082860990528665 ) ) ;
#738 = CARTESIAN_POINT ( 'NONE',  ( 0.0000000000000000000, 0.0000000000000000000, 0.0000000000000000000 ) ) ;
#739 = ORIENTED_EDGE ( 'NONE', *, *, #3232, .F. ) ;
#740 = CARTESIAN_POINT ( 'NONE',  ( 8.076037614648482688, 12.69953703112068766, 1.204756333246467914 ) ) ;
#741 = EDGE_CURVE ( 'NONE', #3031, #2646, #6275, .T. ) ;
#742 = VECTOR ( 'NONE', #6496, 1000.000000000000000 ) ;
#743 = AXIS2_PLACEMENT_3D ( 'NONE', #1075, #5376, #3570 ) ;
#744 = CARTESIAN_POINT ( 'NONE',  ( 5.750000000000000000, 12.40938025447665716, 3.337397567517154773 ) ) ;
#745 = CARTESIAN_POINT ( 'NONE',  ( 4.949999999999999289, 12.64656426582881821, 3.365753203235107183 ) ) ;
#746 = PLANE ( 'NONE',  #1009 ) ;
#748 = VECTOR ( 'NONE', #1271, 1000.000000000000000 ) ;
#747 = DIRECTION ( 'NONE',  ( 0.2763074248798411126, 0.9610693039298835449, -0.0000000000000000000 ) ) ;
#749 = PLANE ( 'NONE',  #4201 ) ;
#750 = ORIENTED_EDGE ( 'NONE', *, *, #5230, .F. ) ;
#751 = CARTESIAN_POINT ( 'NONE',  ( 8.076037614648482688, 12.69953703112068766, 1.204756333246467914 ) ) ;
#752 = EDGE_CURVE ( 'NONE', #1117, #7283, #6135, .T. ) ;
#753 = ORIENTED_EDGE ( 'NONE', *, *, #2074, .T. ) ;
#754 = EDGE_CURVE ( 'NONE', #6233, #6668, #6796, .T. ) ;
#755 = VECTOR ( 'NONE', #5884, 1000.000000000000000 ) ;
#756 = DIRECTION ( 'NONE',  ( -1.000000000000000000, 3.391049977814769632E-28, -1.794541526872530066E-14 ) ) ;
#757 = ORIENTED_EDGE ( 'NONE', *, *, #2885, .T. ) ;
#758 = CARTESIAN_POINT ( 'NONE',  ( 4.950000000000153833, 12.70509370452910858, 3.394524982068426233 ) ) ;
#759 = CARTESIAN_POINT ( 'NONE',  ( 3.451341823670963649, 11.45812853167897316, -3.797316352658053340 ) ) ;
#760 = VECTOR ( 'NONE', #5913, 1000.000000000000000 ) ;
#761 = CARTESIAN_POINT ( 'NONE',  ( 5.299999999999994493, -4.770489558936219510E-15, -4.575803989022730001 ) ) ;
#762 = VERTEX_POINT ( 'NONE', #5525 ) ;
#763 = ADVANCED_FACE ( 'NONE', ( #3174 ), #4946, .T. ) ;
#764 = CARTESIAN_POINT ( 'NONE',  ( 5.749999999999999112, 11.93499999999701977, -1.799211327335711763 ) ) ;
#765 = ORIENTED_EDGE ( 'NONE', *, *, #1555, .T. ) ;
#766 = VERTEX_POINT ( 'NONE', #7286 ) ;
#767 = EDGE_CURVE ( 'NONE', #3310, #6262, #2009, .T. ) ;
#768 = CARTESIAN_POINT ( 'NONE',  ( 5.749999999996039612, 12.65172273822158822, -6.793524937923978158 ) ) ;
#769 = CARTESIAN_POINT ( 'NONE',  ( 4.950000000000678746, 12.73298944267163257, -3.444210495067834277 ) ) ;
#770 = CARTESIAN_POINT ( 'NONE',  ( 4.950000000003958789, 12.65172273822438953, 6.793524937923418605 ) ) ;
#771 = DIRECTION ( 'NONE',  ( -0.8660254037844385966, 0.0000000000000000000, -0.5000000000000001110 ) ) ;
#772 = APPROVAL_STATUS ( 'not_yet_approved' ) ;
#773 = CC_DESIGN_APPROVAL ( #1293, ( #3730 ) ) ;
#774 = PLANE ( 'NONE',  #4552 ) ;
#775 = CARTESIAN_POINT ( 'NONE',  ( 5.749999999999999112, 11.93500000000000050, 3.109999999999999876 ) ) ;
#776 = DIRECTION ( 'NONE',  ( -1.171453342316279939E-15, -1.000000000000000000, 0.0000000000000000000 ) ) ;
#777 = CARTESIAN_POINT ( 'NONE',  ( 7.325000000000000178, 11.23499999999999943, 5.080000000000000071 ) ) ;
#778 = APPROVAL_ROLE ( '' ) ;
#779 = ORIENTED_EDGE ( 'NONE', *, *, #3014, .F. ) ;
#780 = CARTESIAN_POINT ( 'NONE',  ( 4.949999999999999289, 12.65751425528028840, -1.712937712264779533 ) ) ;
#781 = CARTESIAN_POINT ( 'NONE',  ( 3.689038437082761579, 12.73500000000000121, 5.079999993485741605 ) ) ;
#782 = CARTESIAN_POINT ( 'NONE',  ( 4.949999999999991296, 12.73499999999999943, 1.612082860990528665 ) ) ;
#783 = EDGE_CURVE ( 'NONE', #2201, #3031, #735, .T. ) ;
#784 = LINE ( 'NONE', #207, #2859 ) ;
#785 = CC_DESIGN_DATE_AND_TIME_ASSIGNMENT ( #1690, #4479, ( #4779 ) ) ;
#786 = DIRECTION ( 'NONE',  ( 1.000000000000000000, -3.338853781347929776E-28, 1.794541526872530066E-14 ) ) ;
#787 = CARTESIAN_POINT ( 'NONE',  ( 4.500000000000006217, 4.784159143999949571, -5.579999999999897042 ) ) ;
#788 = VERTEX_POINT ( 'NONE', #1736 ) ;
#789 = CARTESIAN_POINT ( 'NONE',  ( 7.931257721594278109, 12.73499999999999410, -1.140771708771041393 ) ) ;
#790 = ORIENTED_EDGE ( 'NONE', *, *, #2649, .F. ) ;
#791 = DIRECTION ( 'NONE',  ( 1.000000000000000000, -9.136576017787367610E-16, 0.0000000000000000000 ) ) ;
#792 = ORIENTED_EDGE ( 'NONE', *, *, #5653, .F. ) ;
#793 = CARTESIAN_POINT ( 'NONE',  ( 4.950000000000698286, 12.66838590191657765, 3.370302590016768018 ) ) ;
#794 = CARTESIAN_POINT ( 'NONE',  ( 5.749999999999992895, 12.73499999999999943, -6.692082860990527848 ) ) ;
#795 = ADVANCED_FACE ( 'NONE', ( #2900 ), #1016, .T. ) ;
#796 = CARTESIAN_POINT ( 'NONE',  ( 1.250000000000000000, 10.00000000000000000, 7.619999999999999218 ) ) ;
#797 = ORIENTED_EDGE ( 'NONE', *, *, #7439, .F. ) ;
#798 = ADVANCED_FACE ( 'NONE', ( #4598 ), #4014, .F. ) ;
#799 = ORIENTED_EDGE ( 'NONE', *, *, #385, .F. ) ;
#800 = CARTESIAN_POINT ( 'NONE',  ( 3.589703979372449005, 12.64656426582178383, 2.240463272768698870E-16 ) ) ;
#801 = ORIENTED_EDGE ( 'NONE', *, *, #7064, .T. ) ;
#802 = ORIENTED_EDGE ( 'NONE', *, *, #3525, .T. ) ;
#803 = CARTESIAN_POINT ( 'NONE',  ( 4.195177833015007351, 12.73500000000000298, -6.522761435875966463 ) ) ;
#804 = CARTESIAN_POINT ( 'NONE',  ( 4.949999999999999289, 12.64656426582933335, -3.365753203231379498 ) ) ;
#805 = ADVANCED_FACE ( 'NONE', ( #548 ), #3440, .F. ) ;
#806 = EDGE_CURVE ( 'NONE', #6804, #7313, #6396, .T. ) ;
#807 = CARTESIAN_POINT ( 'NONE',  ( 3.595871267845516250, 12.69953703112280508, 5.079999992858800439 ) ) ;
#808 = CARTESIAN_POINT ( 'NONE',  ( 5.721047637986544920, 12.69953703112069121, -3.365563865487145367 ) ) ;
#809 = EDGE_CURVE ( 'NONE', #2201, #5621, #1129, .T. ) ;
#810 =( BOUNDED_CURVE ( )  B_SPLINE_CURVE ( 3, ( #6018, #3208, #3169, #737 ),
 .UNSPECIFIED., .F., .F. ) 
 B_SPLINE_CURVE_WITH_KNOTS ( ( 4, 4 ),
 ( 0.5000000015332691783, 1.000000000000000000 ),
 .UNSPECIFIED. ) 
 CURVE ( )  GEOMETRIC_REPRESENTATION_ITEM ( )  RATIONAL_B_SPLINE_CURVE ( ( 1.000000000000000000, 0.8584414877346443484, 0.8584414877346443484, 1.000000000000000000 ) ) 
 REPRESENTATION_ITEM ( '' )  );
#811 = APPROVAL_DATE_TIME ( #2038, #5540 ) ;
#812 = ORIENTED_EDGE ( 'NONE', *, *, #5184, .F. ) ;
#813 = CARTESIAN_POINT ( 'NONE',  ( 10.25000000000000000, 6.799999999999999822, 6.879999999999999893 ) ) ;
#814 = DIRECTION ( 'NONE',  ( -1.000000000000000000, 0.0000000000000000000, 0.0000000000000000000 ) ) ;
#815 = B_SPLINE_CURVE_WITH_KNOTS ( 'NONE', 3,
 ( #6063, #780, #4748, #3671, #3600, #4172, #5948, #5524, #5401, #1930, #3098, #2487, #6522, #7209, #4213, #3633 ),
 .UNSPECIFIED., .F., .F.,
 ( 4, 3, 3, 3, 3, 4 ),
 ( 8.218057895187574214E-15, 3.308388942448682785E-05, 6.613717211493560589E-05, 9.966070390111036407E-05, 0.0001340858777773710402, 0.0001469394654600627561 ),
 .UNSPECIFIED. ) ;
#816 = CARTESIAN_POINT ( 'NONE',  ( 5.750000000000001776, 12.65751425528054419, -3.367062287735286041 ) ) ;
#817 = DIRECTION ( 'NONE',  ( 0.0000000000000000000, 0.0000000000000000000, 1.000000000000000000 ) ) ;
#818 = ORIENTED_EDGE ( 'NONE', *, *, #1386, .T. ) ;
#819 = CARTESIAN_POINT ( 'NONE',  ( 5.749999999995260680, 12.69570467254462010, -1.694697213584748452 ) ) ;
#820 = PLANE ( 'NONE',  #2600 ) ;
#821 = AXIS2_PLACEMENT_3D ( 'NONE', #5231, #683, #4654 ) ;
#822 = CARTESIAN_POINT ( 'NONE',  ( 2.625902306574849909, 13.69999999999999929, 7.620000000000000107 ) ) ;
#823 = EDGE_CURVE ( 'NONE', #4648, #538, #4093, .T. ) ;
#824 = CARTESIAN_POINT ( 'NONE',  ( 4.950000000000072120, 12.72445880131357931, -6.738090098932130623 ) ) ;
#825 = DIRECTION ( 'NONE',  ( 0.0000000000000000000, 1.000000000000000000, 0.0000000000000000000 ) ) ;
#826 = CARTESIAN_POINT ( 'NONE',  ( 10.25000000000000000, 1.699999999999989742, 7.620000000000000107 ) ) ;
#827 = ORIENTED_EDGE ( 'NONE', *, *, #6288, .T. ) ;
#828 = VECTOR ( 'NONE', #6445, 1000.000000000000000 ) ;
#829 = CARTESIAN_POINT ( 'NONE',  ( 6.521332732297200785, 12.73499999999999943, 6.500694998502299704 ) ) ;
#830 = ORIENTED_EDGE ( 'NONE', *, *, #4338, .T. ) ;
#831 = FACE_OUTER_BOUND ( 'NONE', #6398, .T. ) ;
#832 = ORIENTED_EDGE ( 'NONE', *, *, #5993, .T. ) ;
#833 = LINE ( 'NONE', #2573, #597 ) ;
#834 = VECTOR ( 'NONE', #648, 1000.000000000000000 ) ;
#835 = CARTESIAN_POINT ( 'NONE',  ( 10.25000000000000000, 6.799999999999999822, 1.799999999999999600 ) ) ;
#836 = FACE_OUTER_BOUND ( 'NONE', #4847, .T. ) ;
#837 = VERTEX_POINT ( 'NONE', #6440 ) ;
#838 = ORIENTED_EDGE ( 'NONE', *, *, #7064, .F. ) ;
#839 = DIRECTION ( 'NONE',  ( 0.9880120337511015816, 0.1543768802736090739, -0.0000000000000000000 ) ) ;
#840 = ORIENTED_EDGE ( 'NONE', *, *, #4854, .F. ) ;
#841 = EDGE_CURVE ( 'NONE', #7335, #5201, #2164, .T. ) ;
#842 = ORIENTED_EDGE ( 'NONE', *, *, #6459, .T. ) ;
#843 = CARTESIAN_POINT ( 'NONE',  ( 4.126117196948061228, 12.64656426582076776, -6.609041406336344515 ) ) ;
#844 = DIRECTION ( 'NONE',  ( -0.8944271909999154113, 0.4472135954999587604, 0.0000000000000000000 ) ) ;
#845 = LOCAL_TIME ( 21, 42, 48.00000000000000000, #7513 ) ;
#846 = CARTESIAN_POINT ( 'NONE',  ( 3.449999999999989964, 11.43500000000000405, 0.0000000000000000000 ) ) ;
#847 = PERSON_AND_ORGANIZATION_ROLE ( 'classification_officer' ) ;
#848 = EDGE_CURVE ( 'NONE', #6644, #269, #1049, .T. ) ;
#849 = EDGE_CURVE ( 'NONE', #7532, #5082, #6327, .T. ) ;
#850 = AXIS2_PLACEMENT_3D ( 'NONE', #3988, #2839, #949 ) ;
#851 = ORIENTED_EDGE ( 'NONE', *, *, #3995, .F. ) ;
#852 = CARTESIAN_POINT ( 'NONE',  ( 3.689038457067286281, 12.73500000000000121, 5.079999986462972572 ) ) ;
#853 = DIRECTION ( 'NONE',  ( 0.0000000000000000000, -1.000000000000000000, 0.0000000000000000000 ) ) ;
#854 = CARTESIAN_POINT ( 'NONE',  ( 3.449999999999991296, 11.43500000000000227, -3.799999999999999378 ) ) ;
#855 = CARTESIAN_POINT ( 'NONE',  ( 1.250000000000000000, 10.00000000000000000, 7.620000000000000107 ) ) ;
#856 = DIRECTION ( 'NONE',  ( 0.0000000000000000000, 0.0000000000000000000, 1.000000000000000000 ) ) ;
#857 = EDGE_LOOP ( 'NONE', ( #3805, #2155, #931, #2581 ) ) ;
#858 = CARTESIAN_POINT ( 'NONE',  ( 5.722352193218312344, 12.64656426582414639, 3.359536131036008122 ) ) ;
#859 = DIRECTION ( 'NONE',  ( 0.0000000000000000000, 0.0000000000000000000, 1.000000000000000000 ) ) ;
#860 = CARTESIAN_POINT ( 'NONE',  ( 5.749999999999845457, 12.71295948527745345, 6.757530025091304182 ) ) ;
#861 = CIRCLE ( 'NONE', #5166, 1.760296020627533320 ) ;
#862 = EDGE_CURVE ( 'NONE', #3458, #1214, #5976, .T. ) ;
#863 = CARTESIAN_POINT ( 'NONE',  ( 10.25000000000000000, 1.700000000000009504, 6.880000000000000782 ) ) ;
#864 = CYLINDRICAL_SURFACE ( 'NONE', #5927, 0.2999999999999999334 ) ;
#865 = CARTESIAN_POINT ( 'NONE',  ( 7.249999999999990230, 11.44273112629124434, 3.800000000000000711 ) ) ;
#866 = DIRECTION ( 'NONE',  ( -1.000000000000000000, 0.0000000000000000000, 0.0000000000000000000 ) ) ;
#867 = VECTOR ( 'NONE', #4112, 1000.000000000000000 ) ;
#868 = CIRCLE ( 'NONE', #996, 1.900000000000000133 ) ;
#869 = VERTEX_POINT ( 'NONE', #3401 ) ;
#870 = DIRECTION ( 'NONE',  ( -0.4999999999999984457, 0.0000000000000000000, -0.8660254037844394848 ) ) ;
#871 = VERTEX_POINT ( 'NONE', #470 ) ;
#872 = DIRECTION ( 'NONE',  ( 1.794541526872530066E-14, -0.0000000000000000000, -1.000000000000000000 ) ) ;
#873 = ORIENTED_EDGE ( 'NONE', *, *, #5198, .T. ) ;
#874 = DIRECTION ( 'NONE',  ( -2.501911041408800138E-16, -1.000000000000000000, 0.0000000000000000000 ) ) ;
#875 = AXIS2_PLACEMENT_3D ( 'NONE', #5855, #7547, #1157 ) ;
#876 = VECTOR ( 'NONE', #6943, 1000.000000000000000 ) ;
#877 = DIRECTION ( 'NONE',  ( -1.000000000000000000, 3.391049977814769632E-28, -1.794541526872530066E-14 ) ) ;
#878 = CARTESIAN_POINT ( 'NONE',  ( 8.353589838486222163, 0.0000000000000000000, -8.220000000000000639 ) ) ;
#879 = ORIENTED_EDGE ( 'NONE', *, *, #2704, .F. ) ;
#880 = VECTOR ( 'NONE', #3071, 1000.000000000000114 ) ;
#881 = ORIENTED_EDGE ( 'NONE', *, *, #6727, .F. ) ;
#882 = DIRECTION ( 'NONE',  ( 0.8944271909999154113, 0.0000000000000000000, -0.4472135954999587604 ) ) ;
#883 = ORIENTED_EDGE ( 'NONE', *, *, #3163, .T. ) ;
#884 = ORIENTED_EDGE ( 'NONE', *, *, #3325, .F. ) ;
#885 = CARTESIAN_POINT ( 'NONE',  ( 5.749999999999845457, 12.69733902327550190, 1.693307792453212945 ) ) ;
#886 = DIRECTION ( 'NONE',  ( 0.1543768802736096291, -0.9880120337511013595, 0.0000000000000000000 ) ) ;
#887 = CIRCLE ( 'NONE', #5194, 0.2999999999999999334 ) ;
#888 = CARTESIAN_POINT ( 'NONE',  ( 5.722352193219255589, 12.64656426582414994, -3.359536131036214179 ) ) ;
#889 =( REPRESENTATION_RELATIONSHIP ('NONE','NONE', #2385, #1547 ) REPRESENTATION_RELATIONSHIP_WITH_TRANSFORMATION ( #5591 )SHAPE_REPRESENTATION_RELATIONSHIP( ) );
#890 = APPROVAL_ROLE ( '' ) ;
#891 = CARTESIAN_POINT ( 'NONE',  ( 3.449999999999989964, 11.44273112629125144, 8.880000000000002558 ) ) ;
#892 = ORIENTED_EDGE ( 'NONE', *, *, #6513, .F. ) ;
#893 = DIRECTION ( 'NONE',  ( 0.0000000000000000000, 1.000000000000000000, 0.0000000000000000000 ) ) ;
#894 = LINE ( 'NONE', #3165, #1003 ) ;
#895 = CARTESIAN_POINT ( 'NONE',  ( 8.085622008323797516, 12.64656426582414461, 6.288992099810590375 ) ) ;
#896 = EDGE_CURVE ( 'NONE', #1442, #147, #1222, .T. ) ;
#897 = DIRECTION ( 'NONE',  ( -0.1156426583973926697, -0.9932908816448401401, 1.416214114512545531E-17 ) ) ;
#898 = APPROVAL_ROLE ( '' ) ;
#899 = EDGE_LOOP ( 'NONE', ( #4871, #6494, #68, #2237 ) ) ;
#900 = CARTESIAN_POINT ( 'NONE',  ( 5.349999999999982769, 12.64656426582178206, 0.0000000000000000000 ) ) ;
#901 = CARTESIAN_POINT ( 'NONE',  ( 5.500000000000005329, -0.05000000078161020295, -4.579999999999860627 ) ) ;
#902 = DIRECTION ( 'NONE',  ( 0.8660254037844387076, 0.0000000000000000000, -0.4999999999999999445 ) ) ;
#903 = DIRECTION ( 'NONE',  ( -1.000000000000000000, 3.334909476821824268E-28, -1.794541526872530066E-14 ) ) ;
#904 = ADVANCED_FACE ( 'NONE', ( #4667 ), #2068, .T. ) ;
#905 = DIRECTION ( 'NONE',  ( -2.501911041408800138E-16, -1.000000000000000000, 0.0000000000000000000 ) ) ;
#906 = CARTESIAN_POINT ( 'NONE',  ( 5.350000000000000533, 13.99999999999999822, 5.080000000000000071 ) ) ;
#907 = ORIENTED_EDGE ( 'NONE', *, *, #338, .F. ) ;
#908 = ADVANCED_FACE ( 'NONE', ( #6981 ), #1693, .F. ) ;
#909 = CARTESIAN_POINT ( 'NONE',  ( 10.25000000000000000, 0.0000000000000000000, -0.5041960109771793652 ) ) ;
#910 = ORIENTED_EDGE ( 'NONE', *, *, #2073, .F. ) ;
#911 = PLANE ( 'NONE',  #1479 ) ;
#912 = EDGE_LOOP ( 'NONE', ( #4580, #6232, #6734, #4342 ) ) ;
#913 = ORIENTED_EDGE ( 'NONE', *, *, #2163, .T. ) ;
#914 = CARTESIAN_POINT ( 'NONE',  ( 3.449999999999991296, 11.43500000000000050, -3.799999999999999378 ) ) ;
#915 = PLANE ( 'NONE',  #5391 ) ;
#916 = EDGE_LOOP ( 'NONE', ( #1419, #5622, #6230, #2987 ) ) ;
#917 = ORIENTED_EDGE ( 'NONE', *, *, #5735, .F. ) ;
#918 = EDGE_LOOP ( 'NONE', ( #402, #370, #2660, #1992, #2580, #6885, #5105, #4371, #2499, #2689, #3183, #4499, #1663, #1607, #2102, #3848, #3618, #2836, #7299, #7294 ) ) ;
#919 = CARTESIAN_POINT ( 'NONE',  ( 3.635702501169019385, 12.73500000000000476, -5.916175551053240333 ) ) ;
#920 = CARTESIAN_POINT ( 'NONE',  ( 5.349999999999989875, 11.45812853167969791, 5.080000000000000071 ) ) ;
#921 = EDGE_CURVE ( 'NONE', #6289, #717, #17, .T. ) ;
#922 = CARTESIAN_POINT ( 'NONE',  ( 7.249999999999990230, 11.44273112629124434, 1.279999999999997362 ) ) ;
#923 = CARTESIAN_POINT ( 'NONE',  ( 7.325000000000000178, 13.99999999999999822, 0.0000000000000000000 ) ) ;
#924 = ORIENTED_EDGE ( 'NONE', *, *, #5000, .F. ) ;
#925 = APPROVAL ( #3547, 'UNSPECIFIED' ) ;
#926 = DIRECTION ( 'NONE',  ( 0.1543768802736090462, -0.9880120337511014705, -0.0000000000000000000 ) ) ;
#927 = CARTESIAN_POINT ( 'NONE',  ( 1.799999999999999600, 6.799999999999999822, -2.540000000000000036 ) ) ;
#928 = PLANE ( 'NONE',  #5795 ) ;
#929 = CARTESIAN_POINT ( 'NONE',  ( 4.178667266375339473, 12.73499999999999588, -3.659305001827072079 ) ) ;
#930 = CALENDAR_DATE ( 2019, 21, 10 ) ;
#931 = ORIENTED_EDGE ( 'NONE', *, *, #2875, .F. ) ;
#932 = ADVANCED_FACE ( 'NONE', ( #6514 ), #5763, .T. ) ;
#933 = CARTESIAN_POINT ( 'NONE',  ( 5.749999999997323030, 12.70467874844269751, -1.686818741883628459 ) ) ;
#934 = CARTESIAN_POINT ( 'NONE',  ( 4.126117194005745503, 12.64656426582840254, 1.529041405695723554 ) ) ;
#935 = DIRECTION ( 'NONE',  ( 0.0000000000000000000, 1.000000000000000000, 0.0000000000000000000 ) ) ;
#936 = AXIS2_PLACEMENT_3D ( 'NONE', #5482, #4865, #6594 ) ;
#937 = CARTESIAN_POINT ( 'NONE',  ( 5.349999999999989875, 12.73499999999999943, -5.080000000000000071 ) ) ;
#938 = CARTESIAN_POINT ( 'NONE',  ( 7.249999999999988454, 11.43499999999999694, -8.879999999999999005 ) ) ;
#939 = CARTESIAN_POINT ( 'NONE',  ( 10.25000000000000000, 6.799999999999999822, -3.279999999999999805 ) ) ;
#940 = ORIENTED_EDGE ( 'NONE', *, *, #1810, .T. ) ;
#941 = DIRECTION ( 'NONE',  ( 1.000000000000000000, 0.0000000000000000000, 0.0000000000000000000 ) ) ;
#942 = EDGE_LOOP ( 'NONE', ( #4230, #6925, #1452, #4341 ) ) ;
#943 = VECTOR ( 'NONE', #7228, 1000.000000000000000 ) ;
#944 = ADVANCED_FACE ( 'NONE', ( #5321 ), #247, .T. ) ;
#945 =( BOUNDED_SURFACE ( )  B_SPLINE_SURFACE ( 3, 3, ( 
 ( #7497, #3996, #3421, #5772 ),
 ( #7538, #6961, #5226, #7568 ),
 ( #6606, #4802, #5959, #3067 ),
 ( #677, #643, #1329, #4147 ) ),
 .UNSPECIFIED., .F., .F., .T. ) 
 B_SPLINE_SURFACE_WITH_KNOTS ( ( 4, 4 ),
 ( 4, 4 ),
 ( 0.0000000000000000000, 1.000000000000000000 ),
 ( 0.0000000000000000000, 1.000000000000000000 ),
 .UNSPECIFIED. ) 
 GEOMETRIC_REPRESENTATION_ITEM ( )  RATIONAL_B_SPLINE_SURFACE ( (
 ( 1.000000000000000000, 0.3333333333333332038, 0.3333333333333332038, 1.000000000000000000),
 ( 0.8047378541240031158, 0.2682459513746676127, 0.2682459513746676127, 0.8047378541240031158),
 ( 0.8047378541240031158, 0.2682459513746676127, 0.2682459513746676127, 0.8047378541240031158),
 ( 1.000000000000000000, 0.3333333333333332038, 0.3333333333333332038, 1.000000000000000000) ) ) 
 REPRESENTATION_ITEM ( '' )  SURFACE ( )  );
#946 = DIRECTION ( 'NONE',  ( 1.000000000000000000, 0.0000000000000000000, 1.224646799147355919E-16 ) ) ;
#947 = EDGE_CURVE ( 'NONE', #3962, #4864, #4167, .T. ) ;
#948 = ORIENTED_EDGE ( 'NONE', *, *, #474, .F. ) ;
#949 = DIRECTION ( 'NONE',  ( -1.000000000000000000, 1.171453342316279939E-15, 0.0000000000000000000 ) ) ;
#950 = EDGE_CURVE ( 'NONE', #490, #4220, #2209, .T. ) ;
#951 = CARTESIAN_POINT ( 'NONE',  ( 2.167957166897569454, -7.589415207398531038E-16, 6.999999999999999112 ) ) ;
#952 = VECTOR ( 'NONE', #3783, 1000.000000000000000 ) ;
#953 = DIRECTION ( 'NONE',  ( -0.0000000000000000000, -0.0000000000000000000, -1.000000000000000000 ) ) ;
#954 = ORIENTED_EDGE ( 'NONE', *, *, #6731, .T. ) ;
#955 = ORIENTED_EDGE ( 'NONE', *, *, #6041, .T. ) ;
#956 = AXIS2_PLACEMENT_3D ( 'NONE', #5316, #12, #1842 ) ;
#957 = EDGE_LOOP ( 'NONE', ( #6616, #5111, #4111, #5676 ) ) ;
#958 = CARTESIAN_POINT ( 'NONE',  ( 5.299999999999999822, -2.700000000000009948, 4.580000000000025828 ) ) ;
#959 = LINE ( 'NONE', #2149, #3454 ) ;
#960 = CARTESIAN_POINT ( 'NONE',  ( 4.949999999999989519, 12.73499999999999943, 5.080000000000000071 ) ) ;
#961 = AXIS2_PLACEMENT_3D ( 'NONE', #1414, #7302, #3615 ) ;
#962 = CARTESIAN_POINT ( 'NONE',  ( 7.249552224325726435, 11.45044927442902782, 8.879104448651469639 ) ) ;
#963 = ORIENTED_EDGE ( 'NONE', *, *, #1643, .T. ) ;
#964 = DIRECTION ( 'NONE',  ( -0.8164965809277258124, 0.4082482904638639054, 0.4082482904638624621 ) ) ;
#965 = DIRECTION ( 'NONE',  ( -2.501911041408800138E-16, -1.000000000000000000, 0.0000000000000000000 ) ) ;
#966 = LOCAL_TIME ( 21, 42, 48.00000000000000000, #6940 ) ;
#967 = ORGANIZATION ( 'NAUO-ORG6', 'UNSPECIFIED', 'UNSPECIFIED' ) ;
#968 = DIRECTION ( 'NONE',  ( -1.000000000000000000, 1.171453342316279939E-15, 5.517568307814269711E-16 ) ) ;
#969 = CARTESIAN_POINT ( 'NONE',  ( 3.689033065990946714, 12.73500000000000121, -4.285277724722170944 ) ) ;
#970 = DATE_TIME_ROLE ( 'creation_date' ) ;
#971 = VERTEX_POINT ( 'NONE', #165 ) ;
#972 = CC_DESIGN_SECURITY_CLASSIFICATION ( #3549, ( #7604 ) ) ;
#973 = FACE_OUTER_BOUND ( 'NONE', #3568, .T. ) ;
#974 = DIRECTION ( 'NONE',  ( -1.734723475976807410E-14, 0.0000000000000000000, 1.000000000000000000 ) ) ;
#975 = DIRECTION ( 'NONE',  ( 1.171453342316279939E-15, 1.000000000000000000, -0.0000000000000000000 ) ) ;
#976 = CARTESIAN_POINT ( 'NONE',  ( 5.349999999999982769, 12.64656426582178206, 5.080000000000000071 ) ) ;
#977 = ORIENTED_EDGE ( 'NONE', *, *, #1852, .T. ) ;
#978 = LINE ( 'NONE', #7370, #320 ) ;
#979 = ORIENTED_EDGE ( 'NONE', *, *, #1139, .F. ) ;
#980 = AXIS2_PLACEMENT_3D ( 'NONE', #3489, #1140, #5802 ) ;
#981 = LINE ( 'NONE', #5075, #2476 ) ;
#982 = ORIENTED_EDGE ( 'NONE', *, *, #123, .F. ) ;
#983 = DIRECTION ( 'NONE',  ( 1.000000000000000000, 0.0000000000000000000, 0.0000000000000000000 ) ) ;
#984 = CARTESIAN_POINT ( 'NONE',  ( 4.130405133862626421, 12.69953703111901611, 3.556315669581204819 ) ) ;
#985 = CIRCLE ( 'NONE', #1719, 0.1999999999999996503 ) ;
#986 = VECTOR ( 'NONE', #612, 1000.000000000000000 ) ;
#987 = LINE ( 'NONE', #5146, #5555 ) ;
#988 = EDGE_CURVE ( 'NONE', #971, #5201, #6015, .T. ) ;
#989 = EDGE_CURVE ( 'NONE', #1836, #6631, #694, .T. ) ;
#990 = CARTESIAN_POINT ( 'NONE',  ( 4.158098635934758036, 12.73499999999999766, -1.489085828626661945 ) ) ;
#991 = EDGE_LOOP ( 'NONE', ( #1797, #4247, #1670, #7354 ) ) ;
#992 = VERTEX_POINT ( 'NONE', #3045 ) ;
#993 =( BOUNDED_CURVE ( )  B_SPLINE_CURVE ( 3, ( #7049, #4122, #4701, #615 ),
 .UNSPECIFIED., .F., .T. ) 
 B_SPLINE_CURVE_WITH_KNOTS ( ( 4, 4 ),
 ( 0.0000000000000000000, 1.000000000000000000 ),
 .UNSPECIFIED. ) 
 CURVE ( )  GEOMETRIC_REPRESENTATION_ITEM ( )  RATIONAL_B_SPLINE_CURVE ( ( 1.000000000000000000, 0.8584414868985703606, 0.8584414868985703606, 1.000000000000000000 ) ) 
 REPRESENTATION_ITEM ( '' )  );
#994 = ADVANCED_FACE ( 'NONE', ( #5395 ), #774, .T. ) ;
#995 = VECTOR ( 'NONE', #6246, 1000.000000000000000 ) ;
#996 = AXIS2_PLACEMENT_3D ( 'NONE', #2688, #1369, #3725 ) ;
#997 = ORIENTED_EDGE ( 'NONE', *, *, #7523, .F. ) ;
#998 = CARTESIAN_POINT ( 'NONE',  ( 3.650000000000416911, 11.23500000000000121, 5.080000000000000959 ) ) ;
#999 = FACE_OUTER_BOUND ( 'NONE', #3373, .T. ) ;
#1000 = EDGE_CURVE ( 'NONE', #4185, #7454, #6625, .T. ) ;
#1001 = CIRCLE ( 'NONE', #4694, 1.760296020627533320 ) ;
#1002 = DIRECTION ( 'NONE',  ( 1.000000000000000000, 0.0000000000000000000, 0.0000000000000000000 ) ) ;
#1003 = VECTOR ( 'NONE', #1347, 1000.000000000000000 ) ;
#1004 = ADVANCED_FACE ( 'NONE', ( #3550 ), #2081, .T. ) ;
#1005 = DIRECTION ( 'NONE',  ( -0.0000000000000000000, -1.000000000000000000, -0.0000000000000000000 ) ) ;
#1006 = CARTESIAN_POINT ( 'NONE',  ( 7.249999999999992895, 11.44273112629124611, 8.880000000000002558 ) ) ;
#1007 = ORIENTED_EDGE ( 'NONE', *, *, #7571, .T. ) ;
#1008 = CARTESIAN_POINT ( 'NONE',  ( 10.25000000000000000, 6.199999999999996625, -1.800000000000001377 ) ) ;
#1009 = AXIS2_PLACEMENT_3D ( 'NONE', #6757, #5529, #290 ) ;
#1010 = DIRECTION ( 'NONE',  ( -1.000000000000000000, 1.171453342316279939E-15, 0.0000000000000000000 ) ) ;
#1011 = CARTESIAN_POINT ( 'NONE',  ( 5.749999999999930722, 12.72947253920396449, 6.727765679071598726 ) ) ;
#1012 = CARTESIAN_POINT ( 'NONE',  ( 5.749999999999845457, 12.70509370452921338, -3.394524982068534591 ) ) ;
#1013 = DATE_AND_TIME ( #4513, #228 ) ;
#1014 = EDGE_LOOP ( 'NONE', ( #1672, #3450, #2905, #4132 ) ) ;
#1015 =( BOUNDED_SURFACE ( )  B_SPLINE_SURFACE ( 3, 3, ( 
 ( #5541, #4964, #7188, #4916 ),
 ( #7156, #262, #3648, #1258 ),
 ( #4880, #219, #7264, #6654 ),
 ( #1873, #1334, #1947, #6693 ) ),
 .UNSPECIFIED., .F., .F., .F. ) 
 B_SPLINE_SURFACE_WITH_KNOTS ( ( 4, 4 ),
 ( 4, 4 ),
 ( 0.0000000000000000000, 1.000000000000000000 ),
 ( 0.0000000000000000000, 1.000000000000000000 ),
 .UNSPECIFIED. ) 
 GEOMETRIC_REPRESENTATION_ITEM ( )  RATIONAL_B_SPLINE_SURFACE ( (
 ( 1.000000000000000000, 0.8538861261458171592, 0.8538861261458171592, 1.000000000000000000),
 ( 0.8312495820266312396, 0.7097924854570498709, 0.7097924854570498709, 0.8312495820266312396),
 ( 0.8312495820266312396, 0.7097924854570498709, 0.7097924854570498709, 0.8312495820266312396),
 ( 1.000000000000000000, 0.8538861261458171592, 0.8538861261458171592, 1.000000000000000000) ) ) 
 REPRESENTATION_ITEM ( '' )  SURFACE ( )  );
#1016 = PLANE ( 'NONE',  #3449 ) ;
#1017 = CARTESIAN_POINT ( 'NONE',  ( 3.635702501172415335, 12.73500000000000121, -6.979044824092201343E-09 ) ) ;
#1018 = FACE_OUTER_BOUND ( 'NONE', #2401, .T. ) ;
#1019 = ORIENTED_EDGE ( 'NONE', *, *, #7200, .T. ) ;
#1020 = CARTESIAN_POINT ( 'NONE',  ( -0.6999999999999999556, -2.700000000000009948, -4.580000000000000071 ) ) ;
#1021 = ORIENTED_EDGE ( 'NONE', *, *, #6272, .F. ) ;
#1022 = ORIENTED_EDGE ( 'NONE', *, *, #36, .T. ) ;
#1023 = DIRECTION ( 'NONE',  ( -1.171453342316279939E-15, -1.000000000000000000, -0.0000000000000000000 ) ) ;
#1024 = CARTESIAN_POINT ( 'NONE',  ( 8.557209438086390563, 6.599999999999999645, 7.000000000000000000 ) ) ;
#1025 = CARTESIAN_POINT ( 'NONE',  ( 3.589703979381176691, 12.64656426582076421, 4.221387946921990597 ) ) ;
#1026 = CARTESIAN_POINT ( 'NONE',  ( 5.749999999995260680, 12.68578847567073353, -1.700703200956241945 ) ) ;
#1027 = PLANE ( 'NONE',  #2190 ) ;
#1028 = ORIENTED_EDGE ( 'NONE', *, *, #150, .F. ) ;
#1029 = ORIENTED_EDGE ( 'NONE', *, *, #3537, .F. ) ;
#1030 = ORIENTED_EDGE ( 'NONE', *, *, #4241, .F. ) ;
#1031 = EDGE_CURVE ( 'NONE', #1953, #5645, #7278, .T. ) ;
#1032 = LINE ( 'NONE', #1609, #7020 ) ;
#1033 = CARTESIAN_POINT ( 'NONE',  ( 0.0000000000000000000, 0.0000000000000000000, 7.620000000000000107 ) ) ;
#1034 = EDGE_CURVE ( 'NONE', #6073, #266, #4437, .T. ) ;
#1035 = DIRECTION ( 'NONE',  ( -0.0000000000000000000, -0.0000000000000000000, -1.000000000000000000 ) ) ;
#1036 = CARTESIAN_POINT ( 'NONE',  ( 5.701341293122920817, 12.73499999999999943, 6.703382409183404889 ) ) ;
#1037 = EDGE_LOOP ( 'NONE', ( #883, #665, #3599, #2055, #407, #1709, #2620, #177, #4876, #6605, #1673, #1910, #7071, #2258, #2667, #1315, #15, #6834, #2470, #1185 ) ) ;
#1038 = CYLINDRICAL_SURFACE ( 'NONE', #5908, 0.3000000000000000444 ) ;
#1039 = VERTEX_POINT ( 'NONE', #2040 ) ;
#1040 = ADVANCED_FACE ( 'NONE', ( #311 ), #4935, .T. ) ;
#1041 = CYLINDRICAL_SURFACE ( 'NONE', #7378, 1.975000000000000089 ) ;
#1042 = CARTESIAN_POINT ( 'NONE',  ( 3.451341823670963205, 11.45812853167897494, -4.650371316632588694E-16 ) ) ;
#1043 = EDGE_CURVE ( 'NONE', #7423, #3723, #4395, .T. ) ;
#1044 = EDGE_CURVE ( 'NONE', #5563, #1647, #609, .T. ) ;
#1045 = CARTESIAN_POINT ( 'NONE',  ( 5.349999999999999645, 11.23499999999999943, 5.080000000000000071 ) ) ;
#1046 = CARTESIAN_POINT ( 'NONE',  ( 7.249999999999991118, 11.43499999999999872, 5.079999999999999183 ) ) ;
#1047 = PERSON_AND_ORGANIZATION_ROLE ( 'design_owner' ) ;
#1048 = VERTEX_POINT ( 'NONE', #2549 ) ;
#1049 = LINE ( 'NONE', #2204, #13 ) ;
#1050 = LINE ( 'NONE', #3901, #1613 ) ;
#1051 = CARTESIAN_POINT ( 'NONE',  ( 2.625902306574849909, 13.69999999999999929, -2.539999999999998703 ) ) ;
#1052 = CARTESIAN_POINT ( 'NONE',  ( 7.248658176329016989, 11.45812853167897138, -5.080000000000000959 ) ) ;
#1053 = ORIENTED_EDGE ( 'NONE', *, *, #728, .F. ) ;
#1054 = CARTESIAN_POINT ( 'NONE',  ( 5.750000000000005329, 12.73499999999999943, 1.616418486921940456 ) ) ;
#1055 = VERTEX_POINT ( 'NONE', #2589 ) ;
#1056 = ORIENTED_EDGE ( 'NONE', *, *, #2457, .F. ) ;
#1057 = CARTESIAN_POINT ( 'NONE',  ( 7.049999999999686295, 11.23499999999999766, 3.399999999999391509 ) ) ;
#1058 = EDGE_CURVE ( 'NONE', #1174, #1418, #861, .T. ) ;
#1059 = LINE ( 'NONE', #483, #6024 ) ;
#1060 = CARTESIAN_POINT ( 'NONE',  ( 4.950000000000698286, 12.67827681032233755, -1.704820330738533229 ) ) ;
#1061 = CARTESIAN_POINT ( 'NONE',  ( 0.0000000000000000000, 0.0000000000000000000, 0.0000000000000000000 ) ) ;
#1062 = EDGE_LOOP ( 'NONE', ( #6699, #5930, #2384, #2799 ) ) ;
#1063 = VECTOR ( 'NONE', #5609, 1000.000000000000000 ) ;
#1064 = APPROVAL ( #4856, 'UNKNOWN' ) ;
#1065 = ORIENTED_EDGE ( 'NONE', *, *, #2129, .F. ) ;
#1066 = ORIENTED_EDGE ( 'NONE', *, *, #5843, .T. ) ;
#1067 = CARTESIAN_POINT ( 'NONE',  ( 3.689038437082762023, 12.73500000000000121, -5.080000006514261202 ) ) ;
#1068 = FACE_OUTER_BOUND ( 'NONE', #3697, .T. ) ;
#1069 = AXIS2_PLACEMENT_3D ( 'NONE', #1184, #1794, #4306 ) ;
#1070 = DIRECTION ( 'NONE',  ( 0.0000000000000000000, -0.1961161351381830731, -0.9805806756909204447 ) ) ;
#1071 = EDGE_CURVE ( 'NONE', #379, #3004, #2868, .T. ) ;
#1072 = VECTOR ( 'NONE', #4776, 1000.000000000000114 ) ;
#1073 = CARTESIAN_POINT ( 'NONE',  ( 4.499999999999992895, 0.0000000000000000000, 5.584196010977263924 ) ) ;
#1074 = EDGE_LOOP ( 'NONE', ( #5851, #6710, #477, #1630, #6491, #3110, #4157, #4873 ) ) ;
#1075 = CARTESIAN_POINT ( 'NONE',  ( 4.500000000000000000, -3.700000000000009948, 4.780000000000000249 ) ) ;
#1076 = ORIENTED_EDGE ( 'NONE', *, *, #4134, .F. ) ;
#1077 = LINE ( 'NONE', #1683, #5051 ) ;
#1078 = CARTESIAN_POINT ( 'NONE',  ( 5.349999999999989875, 12.73499999999999943, 0.0000000000000000000 ) ) ;
#1079 = CARTESIAN_POINT ( 'NONE',  ( 3.449999999999988631, 11.31784271247448004, 1.279999999999999805 ) ) ;
#1080 = CIRCLE ( 'NONE', #4769, 1.975000000000000089 ) ;
#1081 = CARTESIAN_POINT ( 'NONE',  ( 3.449999999999990408, 11.43500000000000050, 5.080000000000000071 ) ) ;
#1082 = DESIGN_CONTEXT ( 'detailed design', #6442, 'design' ) ;
#1083 = DIRECTION ( 'NONE',  ( -0.0000000000000000000, -1.000000000000000000, -0.0000000000000000000 ) ) ;
#1084 = ADVANCED_FACE ( 'NONE', ( #3819 ), #5554, .T. ) ;
#1085 = APPLICATION_PROTOCOL_DEFINITION ( 'international standard', 'config_control_design', 1994, #397 ) ;
#1086 = EDGE_CURVE ( 'NONE', #4370, #1836, #4355, .T. ) ;
#1087 = VERTEX_POINT ( 'NONE', #5630 ) ;
#1088 = CIRCLE ( 'NONE', #5258, 0.2999999999999999334 ) ;
#1089 = EDGE_CURVE ( 'NONE', #4041, #992, #3164, .T. ) ;
#1090 = DIRECTION ( 'NONE',  ( 0.0000000000000000000, 0.0000000000000000000, -1.000000000000000000 ) ) ;
#1091 = CARTESIAN_POINT ( 'NONE',  ( 4.499999999999990230, -0.05000000078161515038, 0.5000000000000899281 ) ) ;
#1092 = FACE_OUTER_BOUND ( 'NONE', #4605, .T. ) ;
#1093 = LINE ( 'NONE', #4487, #5248 ) ;
#1094 = APPROVAL_PERSON_ORGANIZATION ( #5746, #6384, #5167 ) ;
#1095 = VERTEX_POINT ( 'NONE', #6669 ) ;
#1096 = CARTESIAN_POINT ( 'NONE',  ( 5.750000000000003553, 12.65751425528054419, 1.712937712264713808 ) ) ;
#1097 = ORIENTED_EDGE ( 'NONE', *, *, #921, .T. ) ;
#1098 = EDGE_LOOP ( 'NONE', ( #3994, #6242 ) ) ;
#1099 = EDGE_CURVE ( 'NONE', #6448, #2060, #6090, .T. ) ;
#1100 = DIRECTION ( 'NONE',  ( -0.0000000000000000000, -1.000000000000000000, -1.889646980599319876E-14 ) ) ;
#1101 = CARTESIAN_POINT ( 'NONE',  ( 9.299999999999998934, -5.204170427930421283E-15, -7.620000000000000107 ) ) ;
#1102 = CARTESIAN_POINT ( 'NONE',  ( 7.010966932452110889, 12.73499999999999766, 1.017048918658543783E-16 ) ) ;
#1103 = LINE ( 'NONE', #5651, #5803 ) ;
#1104 = SHAPE_REPRESENTATION_RELATIONSHIP ( 'NONE' , 'NONE' ,  #6819, #2738 ) ;
#1105 = AXIS2_PLACEMENT_3D ( 'NONE', #3412, #6225, #412 ) ;
#1106 = ORIENTED_EDGE ( 'NONE', *, *, #1514, .F. ) ;
#1107 = ORIENTED_EDGE ( 'NONE', *, *, #2168, .T. ) ;
#1108 = ORIENTED_EDGE ( 'NONE', *, *, #4064, .T. ) ;
#1109 = CARTESIAN_POINT ( 'NONE',  ( 7.167157287525209419, 11.23499999999981647, 5.080000000000000959 ) ) ;
#1110 = DIRECTION ( 'NONE',  ( 0.0000000000000000000, -1.000000000000000000, 0.0000000000000000000 ) ) ;
#1111 = VECTOR ( 'NONE', #3979, 1000.000000000000000 ) ;
#1112 = CARTESIAN_POINT ( 'NONE',  ( 5.299999999999994493, -0.05000000078161231931, -4.579999999999872173 ) ) ;
#1113 = CIRCLE ( 'NONE', #1841, 0.2999999999999999334 ) ;
#1114 = AXIS2_PLACEMENT_3D ( 'NONE', #4298, #1443, #3797 ) ;
#1115 = CARTESIAN_POINT ( 'NONE',  ( 4.499999999999979572, 4.784159143999949571, 6.080000000000190141 ) ) ;
#1116 = ORIENTED_EDGE ( 'NONE', *, *, #5841, .T. ) ;
#1117 = VERTEX_POINT ( 'NONE', #350 ) ;
#1118 = CARTESIAN_POINT ( 'NONE',  ( 8.466173140978199285, 6.599999999999999645, -2.944999999999999840 ) ) ;
#1119 = DIRECTION ( 'NONE',  ( -1.171453342316279939E-15, -1.000000000000000000, -0.0000000000000000000 ) ) ;
#1120 = CARTESIAN_POINT ( 'NONE',  ( 3.449999999999989964, 11.43500000000000405, 0.0000000000000000000 ) ) ;
#1121 = AXIS2_PLACEMENT_3D ( 'NONE', #4169, #5944, #7057 ) ;
#1122 = VECTOR ( 'NONE', #2550, 1000.000000000000000 ) ;
#1123 = CARTESIAN_POINT ( 'NONE',  ( 4.950000000004741274, 12.69570467254462365, 6.774697213584751410 ) ) ;
#1124 = DIRECTION ( 'NONE',  ( -9.136576017787371555E-16, -1.000000000000000000, -2.086925533220183900E-31 ) ) ;
#1125 = PERSON_AND_ORGANIZATION_ROLE ( 'design_supplier' ) ;
#1126 = ORIENTED_EDGE ( 'NONE', *, *, #188, .T. ) ;
#1127 = VECTOR ( 'NONE', #5381, 1000.000000000000000 ) ;
#1128 = VECTOR ( 'NONE', #1189, 1000.000000000000227 ) ;
#1129 = LINE ( 'NONE', #4556, #1111 ) ;
#1130 = FACE_OUTER_BOUND ( 'NONE', #5256, .T. ) ;
#1131 = EDGE_CURVE ( 'NONE', #4283, #5955, #2709, .T. ) ;
#1132 = LINE ( 'NONE', #2902, #260 ) ;
#1133 = VECTOR ( 'NONE', #218, 1000.000000000000114 ) ;
#1134 = CARTESIAN_POINT ( 'NONE',  ( 1.199999999999999956, 6.599999999999999645, -7.620000000000000107 ) ) ;
#1135 = VERTEX_POINT ( 'NONE', #7394 ) ;
#1136 = CARTESIAN_POINT ( 'NONE',  ( 9.250000000000000000, 2.200000000000007727, 6.379999999999996341 ) ) ;
#1137 = ORIENTED_EDGE ( 'NONE', *, *, #5139, .F. ) ;
#1138 = DIRECTION ( 'NONE',  ( 1.000000000000000000, -3.338853781347929776E-28, 1.794541526872530066E-14 ) ) ;
#1139 = EDGE_CURVE ( 'NONE', #6071, #1055, #7314, .T. ) ;
#1140 = DIRECTION ( 'NONE',  ( -2.501911041408800138E-16, -1.000000000000000000, 0.0000000000000000000 ) ) ;
#1141 = DIRECTION ( 'NONE',  ( 0.0000000000000000000, -1.000000000000000000, 0.0000000000000000000 ) ) ;
#1142 = CARTESIAN_POINT ( 'NONE',  ( 4.126117195532687631, 12.64656426582840432, 1.529041406027930705 ) ) ;
#1143 = EDGE_CURVE ( 'NONE', #1540, #7532, #6822, .T. ) ;
#1144 = EDGE_LOOP ( 'NONE', ( #6987, #1795, #7039, #3807 ) ) ;
#1145 = VERTEX_POINT ( 'NONE', #5515 ) ;
#1146 = ORIENTED_EDGE ( 'NONE', *, *, #7029, .F. ) ;
#1147 = ORIENTED_EDGE ( 'NONE', *, *, #2547, .T. ) ;
#1148 = LINE ( 'NONE', #7000, #497 ) ;
#1149 = DIRECTION ( 'NONE',  ( -1.171453342316279939E-15, -1.000000000000000000, 0.0000000000000000000 ) ) ;
#1150 = DIRECTION ( 'NONE',  ( 0.0000000000000000000, 0.0000000000000000000, -1.000000000000000000 ) ) ;
#1151 = DIRECTION ( 'NONE',  ( -1.000000000000000000, 9.130123557772668088E-16, 0.0000000000000000000 ) ) ;
#1152 = ORIENTED_EDGE ( 'NONE', *, *, #3127, .T. ) ;
#1153 = CARTESIAN_POINT ( 'NONE',  ( 3.451341823670963205, 11.45812853167897671, 0.0000000000000000000 ) ) ;
#1154 = CARTESIAN_POINT ( 'NONE',  ( 2.033826859021839795, 8.673617379884035472E-16, -2.945000000000080220 ) ) ;
#1155 = ADVANCED_FACE ( 'NONE', ( #6706 ), #493, .T. ) ;
#1156 = CARTESIAN_POINT ( 'NONE',  ( 7.049999999999685407, 11.23499999999999766, -3.399999999999389289 ) ) ;
#1157 = DIRECTION ( 'NONE',  ( 1.000000000000000000, 0.0000000000000000000, -0.0000000000000000000 ) ) ;
#1158 = FACE_BOUND ( 'NONE', #5543, .T. ) ;
#1159 = PERSON_AND_ORGANIZATION_ROLE ( 'design_supplier' ) ;
#1160 = ORIENTED_EDGE ( 'NONE', *, *, #2651, .F. ) ;
#1161 = APPROVAL ( #400, 'UNSPECIFIED' ) ;
#1162 = DIRECTION ( 'NONE',  ( 0.0000000000000000000, 0.0000000000000000000, 1.000000000000000000 ) ) ;
#1163 = LINE ( 'NONE', #2901, #4938 ) ;
#1164 = PRODUCT ( 'TB007-508-03P_Blue - S', 'TB007-508-03P_Blue - S', '', ( #1581 ) ) ;
#1165 = CARTESIAN_POINT ( 'NONE',  ( 5.349999999999989875, 11.43500000000000050, 5.080000000000000071 ) ) ;
#1166 = CARTESIAN_POINT ( 'NONE',  ( 10.25000000000000000, 0.0000000000000000000, 7.620000000000000107 ) ) ;
#1167 = ORIENTED_EDGE ( 'NONE', *, *, #7108, .F. ) ;
#1168 = DIRECTION ( 'NONE',  ( 0.0000000000000000000, -0.1961161351381840445, 0.9805806756909202226 ) ) ;
#1169 = ORIENTED_EDGE ( 'NONE', *, *, #2706, .T. ) ;
#1170 = CARTESIAN_POINT ( 'NONE',  ( 4.949999999999999289, 12.73499999999999943, 3.463581513077962803 ) ) ;
#1171 = LINE ( 'NONE', #5291, #6512 ) ;
#1172 = CARTESIAN_POINT ( 'NONE',  ( 4.500000000000000000, 0.0000000000000000000, 7.620000000000000107 ) ) ;
#1173 = CARTESIAN_POINT ( 'NONE',  ( 5.349999999999982769, 12.64656426582178206, 5.080000000000000071 ) ) ;
#1174 = VERTEX_POINT ( 'NONE', #2893 ) ;
#1175 = EDGE_CURVE ( 'NONE', #5882, #5645, #3363, .T. ) ;
#1176 = ORIENTED_EDGE ( 'NONE', *, *, #1785, .F. ) ;
#1177 = EDGE_CURVE ( 'NONE', #5400, #3310, #3696, .T. ) ;
#1178 = ORIENTED_EDGE ( 'NONE', *, *, #4710, .T. ) ;
#1179 = ORIENTED_EDGE ( 'NONE', *, *, #7098, .T. ) ;
#1180 = CARTESIAN_POINT ( 'NONE',  ( 10.25000000000000000, 6.199999999999992184, 1.799999999999992273 ) ) ;
#1181 = CARTESIAN_POINT ( 'NONE',  ( 0.0000000000000000000, 10.00000000000000000, 7.620000000000000107 ) ) ;
#1182 = AXIS2_PLACEMENT_3D ( 'NONE', #6103, #4800, #4221 ) ;
#1183 = CARTESIAN_POINT ( 'NONE',  ( 10.25000000000000000, 6.199999999999990408, 7.620000000000000107 ) ) ;
#1184 = CARTESIAN_POINT ( 'NONE',  ( 5.350000000000000533, 13.99999999999999822, 5.080000000000000071 ) ) ;
#1185 = ORIENTED_EDGE ( 'NONE', *, *, #4086, .F. ) ;
#1186 = VECTOR ( 'NONE', #4116, 1000.000000000000000 ) ;
#1187 = ORIENTED_EDGE ( 'NONE', *, *, #2471, .T. ) ;
#1188 = CARTESIAN_POINT ( 'NONE',  ( 5.349999999999980993, 11.93499999999403727, -5.080000000000000071 ) ) ;
#1189 = DIRECTION ( 'NONE',  ( -0.6666666666666657415, -0.6666666666666676289, 0.3333333333333328707 ) ) ;
#1190 = CARTESIAN_POINT ( 'NONE',  ( 7.325000000000000178, 10.44999999999999929, 0.0000000000000000000 ) ) ;
#1191 = CARTESIAN_POINT ( 'NONE',  ( 3.375000000000000000, 10.44999999999999929, 2.418677428316022036E-16 ) ) ;
#1192 = CARTESIAN_POINT ( 'NONE',  ( 2.932077519087679995, 11.23499999999999943, -143.2560000000000002 ) ) ;
#1193 = VECTOR ( 'NONE', #508, 1000.000000000000000 ) ;
#1194 = COORDINATED_UNIVERSAL_TIME_OFFSET ( 0, 0, .AHEAD. ) ;
#1195 = ORIENTED_EDGE ( 'NONE', *, *, #6489, .T. ) ;
#1196 = DIRECTION ( 'NONE',  ( 0.0000000000000000000, -0.1961161351381830731, -0.9805806756909204447 ) ) ;
#1197 = LINE ( 'NONE', #6515, #1490 ) ;
#1198 = CIRCLE ( 'NONE', #1446, 0.1999999999999996503 ) ;
#1199 = DIRECTION ( 'NONE',  ( 1.000000000000000000, 0.0000000000000000000, 0.0000000000000000000 ) ) ;
#1200 = CARTESIAN_POINT ( 'NONE',  ( 5.750000000000000888, 11.93499999999675154, -3.280788672664257444 ) ) ;
#1201 = ORIENTED_EDGE ( 'NONE', *, *, #3554, .T. ) ;
#1202 = CARTESIAN_POINT ( 'NONE',  ( 5.749999999999992895, 12.73499999999999943, 1.612082860990527999 ) ) ;
#1203 = VERTEX_POINT ( 'NONE', #5122 ) ;
#1204 = CARTESIAN_POINT ( 'NONE',  ( 4.949999999999999289, 12.65751425528028840, 3.367062287735220316 ) ) ;
#1205 = DIRECTION ( 'NONE',  ( -0.5000000000000001110, 0.0000000000000000000, 0.8660254037844385966 ) ) ;
#1206 = DIRECTION ( 'NONE',  ( 1.000000000000000000, -3.338853781347929776E-28, 1.794541526872530066E-14 ) ) ;
#1207 = CARTESIAN_POINT ( 'NONE',  ( 7.325000000000000178, 11.23499999999999943, 0.0000000000000000000 ) ) ;
#1208 = DIRECTION ( 'NONE',  ( 0.8944271909999158554, 0.0000000000000000000, -0.4472135954999579277 ) ) ;
#1209 = VERTEX_POINT ( 'NONE', #1008 ) ;
#1210 = ORIENTED_EDGE ( 'NONE', *, *, #4860, .T. ) ;
#1211 = VECTOR ( 'NONE', #6766, 1000.000000000000114 ) ;
#1212 = CARTESIAN_POINT ( 'NONE',  ( 3.449999999999989075, 11.31784271247447826, -5.080000000000000959 ) ) ;
#1213 = VERTEX_POINT ( 'NONE', #5668 ) ;
#1214 = VERTEX_POINT ( 'NONE', #6859 ) ;
#1215 = DIRECTION ( 'NONE',  ( 1.171453342316279939E-15, 1.000000000000000000, 0.0000000000000000000 ) ) ;
#1216 = CARTESIAN_POINT ( 'NONE',  ( 5.749999999997323030, 12.70467874844269751, 3.393181258116370724 ) ) ;
#1217 = ADVANCED_FACE ( 'NONE', ( #2784 ), #1041, .F. ) ;
#1218 = AXIS2_PLACEMENT_3D ( 'NONE', #1024, #445, #1666 ) ;
#1219 = DIRECTION ( 'NONE',  ( 0.0000000000000000000, 1.000000000000000000, 0.0000000000000000000 ) ) ;
#1220 = LINE ( 'NONE', #3, #1559 ) ;
#1221 = ORIENTED_EDGE ( 'NONE', *, *, #2132, .T. ) ;
#1222 = CIRCLE ( 'NONE', #2213, 0.1999999999999996503 ) ;
#1223 = ORIENTED_EDGE ( 'NONE', *, *, #2153, .T. ) ;
#1224 = LINE ( 'NONE', #4699, #2336 ) ;
#1225 = DIRECTION ( 'NONE',  ( -1.000000000000000000, 9.130123557772668088E-16, 0.0000000000000000000 ) ) ;
#1226 = EDGE_CURVE ( 'NONE', #4729, #1285, #5779, .T. ) ;
#1227 = CARTESIAN_POINT ( 'NONE',  ( 3.375000000000000888, 13.99999999999999822, -5.080000000000000071 ) ) ;
#1228 = VECTOR ( 'NONE', #1536, 1000.000000000000114 ) ;
#1229 = CARTESIAN_POINT ( 'NONE',  ( 7.049999999999685407, 11.23499999999999588, 5.079999999999999183 ) ) ;
#1230 = CIRCLE ( 'NONE', #1114, 1.843139007349805292 ) ;
#1231 = DATE_AND_TIME ( #7587, #2703 ) ;
#1232 = VERTEX_POINT ( 'NONE', #5706 ) ;
#1233 =( BOUNDED_SURFACE ( )  B_SPLINE_SURFACE ( 3, 3, ( 
 ( #2744, #6816, #3885, #6888 ),
 ( #6381, #1535, #418, #6234 ),
 ( #1109, #7425, #2262, #7456 ),
 ( #6926, #5658, #3312, #491 ) ),
 .UNSPECIFIED., .F., .F., .F. ) 
 B_SPLINE_SURFACE_WITH_KNOTS ( ( 4, 4 ),
 ( 4, 4 ),
 ( 0.0000000000000000000, 1.000000000000000000 ),
 ( 0.0000000000000000000, 1.000000000000000000 ),
 .UNSPECIFIED. ) 
 GEOMETRIC_REPRESENTATION_ITEM ( )  RATIONAL_B_SPLINE_SURFACE ( (
 ( 1.000000000000000000, 0.3333333333333335369, 0.3333333333333335369, 1.000000000000000000),
 ( 0.8047378541240022276, 0.2682459513746675572, 0.2682459513746675572, 0.8047378541240022276),
 ( 0.8047378541240022276, 0.2682459513746675572, 0.2682459513746675572, 0.8047378541240022276),
 ( 1.000000000000000000, 0.3333333333333335369, 0.3333333333333335369, 1.000000000000000000) ) ) 
 REPRESENTATION_ITEM ( '' )  SURFACE ( )  );
#1234 = CARTESIAN_POINT ( 'NONE',  ( 4.950000000000680522, 12.72910876695780402, 1.646903183719896413 ) ) ;
#1235 = AXIS2_PLACEMENT_3D ( 'NONE', #2896, #543, #3434 ) ;
#1236 = CARTESIAN_POINT ( 'NONE',  ( 4.500000000000006217, 4.784159143999949571, -0.4999999999998965827 ) ) ;
#1237 = AXIS2_PLACEMENT_3D ( 'NONE', #5211, #7553, #3287 ) ;
#1238 = DIRECTION ( 'NONE',  ( -1.000000000000000000, 3.338853781347929776E-28, -1.794541526872530066E-14 ) ) ;
#1239 = CARTESIAN_POINT ( 'NONE',  ( 5.750000000000001776, 12.40938025448233262, -3.337397567517832453 ) ) ;
#1240 = AXIS2_PLACEMENT_3D ( 'NONE', #5408, #4219, #2410 ) ;
#1241 = EDGE_LOOP ( 'NONE', ( #6521, #3461 ) ) ;
#1242 = DIRECTION ( 'NONE',  ( -1.000000000000000000, 0.0000000000000000000, -0.0000000000000000000 ) ) ;
#1243 = ORIENTED_EDGE ( 'NONE', *, *, #2831, .F. ) ;
#1244 = DIRECTION ( 'NONE',  ( 0.0000000000000000000, 0.0000000000000000000, 1.000000000000000000 ) ) ;
#1245 = CARTESIAN_POINT ( 'NONE',  ( 4.950000000002678924, 12.71195981187718616, 6.757797158873359855 ) ) ;
#1246 = VECTOR ( 'NONE', #6216, 1000.000000000000000 ) ;
#1247 = PLANE ( 'NONE',  #4457 ) ;
#1248 = CARTESIAN_POINT ( 'NONE',  ( 0.0000000000000000000, 0.0000000000000000000, 7.620000000000000107 ) ) ;
#1249 = DIRECTION ( 'NONE',  ( -0.4999999999999995004, 0.0000000000000000000, 0.8660254037844389297 ) ) ;
#1250 = ORIENTED_EDGE ( 'NONE', *, *, #2445, .T. ) ;
#1251 = EDGE_LOOP ( 'NONE', ( #6431, #6572, #2249 ) ) ;
#1252 = PRODUCT_RELATED_PRODUCT_CATEGORY ( 'detail', '', ( #1164 ) ) ;
#1253 = CARTESIAN_POINT ( 'NONE',  ( 5.299999999999994493, -2.700000000000005951, 5.580000000000048033 ) ) ;
#1254 = ORIENTED_EDGE ( 'NONE', *, *, #3400, .T. ) ;
#1255 = VERTEX_POINT ( 'NONE', #3470 ) ;
#1256 = CARTESIAN_POINT ( 'NONE',  ( -0.6999999999999999556, -2.700000000000009948, 0.4999999999999990563 ) ) ;
#1257 = CARTESIAN_POINT ( 'NONE',  ( 5.749999999996039612, 12.65172273822158822, 3.366475062076021985 ) ) ;
#1258 = CARTESIAN_POINT ( 'NONE',  ( 3.635702501169019829, 12.73500000000000476, 0.0000000000000000000 ) ) ;
#1259 = CARTESIAN_POINT ( 'NONE',  ( 5.349999999999980105, 11.45812853178540713, -5.080000000000000071 ) ) ;
#1260 = ORIENTED_EDGE ( 'NONE', *, *, #7550, .T. ) ;
#1261 = EDGE_CURVE ( 'NONE', #3612, #5584, #428, .T. ) ;
#1262 = ORIENTED_EDGE ( 'NONE', *, *, #3958, .F. ) ;
#1263 = DIRECTION ( 'NONE',  ( -0.0000000000000000000, -1.000000000000000000, -0.0000000000000000000 ) ) ;
#1264 = DIRECTION ( 'NONE',  ( -3.402072636419410836E-15, 0.9805806756909203337, 0.1961161351381833784 ) ) ;
#1265 = CARTESIAN_POINT ( 'NONE',  ( 5.750000000000000888, 12.17219196889117505, 1.770922332791127429 ) ) ;
#1266 = DIRECTION ( 'NONE',  ( 1.000000000000000000, -9.136576017787367610E-16, 0.0000000000000000000 ) ) ;
#1267 = CALENDAR_DATE ( 2019, 21, 10 ) ;
#1268 = ADVANCED_FACE ( 'NONE', ( #5091 ), #7431, .F. ) ;
#1269 = ADVANCED_FACE ( 'NONE', ( #2156 ), #2904, .T. ) ;
#1270 = CARTESIAN_POINT ( 'NONE',  ( 4.950000000003960565, 12.65427415702094116, 1.713010294741000861 ) ) ;
#1271 = DIRECTION ( 'NONE',  ( -3.334909476821824268E-28, -1.000000000000000000, -5.984633544517506745E-42 ) ) ;
#1272 = EDGE_CURVE ( 'NONE', #6865, #1387, #1077, .T. ) ;
#1273 = CC_DESIGN_APPROVAL ( #1064, ( #1399 ) ) ;
#1274 = DIRECTION ( 'NONE',  ( -1.171453342316279939E-15, -1.000000000000000000, 0.0000000000000000000 ) ) ;
#1275 = CARTESIAN_POINT ( 'NONE',  ( 4.949999999999999289, 11.93500000000000050, -3.120000000000000107 ) ) ;
#1276 =( LENGTH_UNIT ( ) NAMED_UNIT ( * ) SI_UNIT ( .MILLI., .METRE. ) );
#1277 = ORIENTED_EDGE ( 'NONE', *, *, #4533, .F. ) ;
#1278 = LINE ( 'NONE', #5983, #2166 ) ;
#1279 = FACE_OUTER_BOUND ( 'NONE', #4676, .T. ) ;
#1280 = FACE_OUTER_BOUND ( 'NONE', #912, .T. ) ;
#1281 = CARTESIAN_POINT ( 'NONE',  ( 0.0000000000000000000, 10.00000000000000000, 7.620000000000000107 ) ) ;
#1282 = DIRECTION ( 'NONE',  ( 1.000000000000000000, -9.854725885015578669E-16, 0.0000000000000000000 ) ) ;
#1283 = CARTESIAN_POINT ( 'NONE',  ( 5.300000000000001599, -2.700000000000009948, -4.580000000000000071 ) ) ;
#1284 = PRODUCT_DEFINITION_SHAPE ( 'NONE', 'NONE',  #7608 ) ;
#1285 = VERTEX_POINT ( 'NONE', #3430 ) ;
#1286 = CARTESIAN_POINT ( 'NONE',  ( 5.721047637986546697, 12.69953703112069299, 1.714436134512855814 ) ) ;
#1287 = ORIENTED_EDGE ( 'NONE', *, *, #988, .T. ) ;
#1288 = EDGE_CURVE ( 'NONE', #6939, #6117, #2847, .T. ) ;
#1289 = DIRECTION ( 'NONE',  ( -2.501911041408800138E-16, -1.000000000000000000, 0.0000000000000000000 ) ) ;
#1290 = EDGE_LOOP ( 'NONE', ( #4716, #7150, #2145, #5655 ) ) ;
#1291 = EDGE_LOOP ( 'NONE', ( #2856, #1223, #6034, #5643 ) ) ;
#1292 = CARTESIAN_POINT ( 'NONE',  ( 5.300000000000021139, -0.05000000078158019917, 4.279999999999956728 ) ) ;
#1293 = APPROVAL ( #6201, 'UNKNOWN' ) ;
#1294 = FACE_OUTER_BOUND ( 'NONE', #5797, .T. ) ;
#1295 = ORIENTED_EDGE ( 'NONE', *, *, #6783, .T. ) ;
#1296 = DIRECTION ( 'NONE',  ( -1.000000000000000000, 3.338853781347929776E-28, -1.794541526872530066E-14 ) ) ;
#1297 = ORIENTED_EDGE ( 'NONE', *, *, #611, .F. ) ;
#1298 = ORIENTED_EDGE ( 'NONE', *, *, #5418, .T. ) ;
#1299 = PLANE ( 'NONE',  #4430 ) ;
#1300 = DIRECTION ( 'NONE',  ( 3.334909476821824268E-28, 1.000000000000000000, 5.984633544517506745E-42 ) ) ;
#1301 = VECTOR ( 'NONE', #169, 1000.000000000000114 ) ;
#1302 = CARTESIAN_POINT ( 'NONE',  ( 3.635702497768276586, 12.73500000000000298, 5.916175547048157846 ) ) ;
#1303 = EDGE_CURVE ( 'NONE', #6048, #3645, #502, .T. ) ;
#1304 = DIRECTION ( 'NONE',  ( 1.000000000000000000, 0.0000000000000000000, 0.0000000000000000000 ) ) ;
#1305 = COORDINATED_UNIVERSAL_TIME_OFFSET ( 0, 0, .AHEAD. ) ;
#1306 = CIRCLE ( 'NONE', #4758, 1.974999999999999423 ) ;
#1307 = CARTESIAN_POINT ( 'NONE',  ( 4.950000000000680522, 12.73298944267163257, 1.635789504932165128 ) ) ;
#1308 = FACE_BOUND ( 'NONE', #5340, .T. ) ;
#1309 = CIRCLE ( 'NONE', #2684, 0.1999999999999996503 ) ;
#1310 = CARTESIAN_POINT ( 'NONE',  ( 4.949999999999991296, 12.73499999999999943, -6.692082860990527848 ) ) ;
#1311 = EDGE_CURVE ( 'NONE', #4545, #6631, #4042, .T. ) ;
#1312 = ADVANCED_FACE ( 'NONE', ( #6389 ), #7161, .F. ) ;
#1313 = CARTESIAN_POINT ( 'NONE',  ( 4.499999999999992895, -3.700000000000007727, 5.379999999999999893 ) ) ;
#1314 = DIRECTION ( 'NONE',  ( -1.000000000000000000, 0.0000000000000000000, 0.0000000000000000000 ) ) ;
#1315 = ORIENTED_EDGE ( 'NONE', *, *, #6836, .T. ) ;
#1316 = ADVANCED_FACE ( 'NONE', ( #726 ), #7574, .T. ) ;
#1317 = CARTESIAN_POINT ( 'NONE',  ( 8.014137117667075927, 12.73499999999999410, -1.177399771706765241 ) ) ;
#1318 = VECTOR ( 'NONE', #4511, 1000.000000000000114 ) ;
#1319 = FACE_OUTER_BOUND ( 'NONE', #3020, .T. ) ;
#1320 = CARTESIAN_POINT ( 'NONE',  ( 10.25000000000000000, 6.799999999999999822, -2.540000000000000036 ) ) ;
#1321 = CARTESIAN_POINT ( 'NONE',  ( 5.349999999999982769, 12.64656426582178206, 0.0000000000000000000 ) ) ;
#1322 = EDGE_CURVE ( 'NONE', #4092, #1877, #1349, .T. ) ;
#1323 = CARTESIAN_POINT ( 'NONE',  ( 10.25000000000000000, 6.199999999999996625, -6.880000000000000782 ) ) ;
#1324 = DIRECTION ( 'NONE',  ( 1.000000000000000000, 0.0000000000000000000, 0.0000000000000000000 ) ) ;
#1325 = ORIENTED_EDGE ( 'NONE', *, *, #7066, .T. ) ;
#1326 = ADVANCED_FACE ( 'NONE', ( #2428 ), #4119, .F. ) ;
#1327 = CARTESIAN_POINT ( 'NONE',  ( 5.712622210151656610, 12.73499999999999410, -1.675506206254600450 ) ) ;
#1328 = ORIENTED_EDGE ( 'NONE', *, *, #2411, .F. ) ;
#1329 = CARTESIAN_POINT ( 'NONE',  ( 7.049999999999688960, 11.23499999999999588, 8.479999999999391136 ) ) ;
#1330 = VECTOR ( 'NONE', #4497, 1000.000000000000000 ) ;
#1331 = ORIENTED_EDGE ( 'NONE', *, *, #7328, .T. ) ;
#1332 = CYLINDRICAL_SURFACE ( 'NONE', #5155, 1.975000000000000089 ) ;
#1333 = CARTESIAN_POINT ( 'NONE',  ( 3.450447775674257755, 11.45044927442903138, -4.652561102667490761E-16 ) ) ;
#1334 = CARTESIAN_POINT ( 'NONE',  ( 4.126117196948060339, 12.64656426582076776, -1.529041406336342668 ) ) ;
#1335 = ORIENTED_EDGE ( 'NONE', *, *, #2649, .T. ) ;
#1336 = ORIENTED_EDGE ( 'NONE', *, *, #6500, .T. ) ;
#1337 = CARTESIAN_POINT ( 'NONE',  ( 3.375000000000000888, 13.99999999999999822, 5.080000000000000071 ) ) ;
#1338 = ORIENTED_EDGE ( 'NONE', *, *, #4025, .F. ) ;
#1339 = ORIENTED_EDGE ( 'NONE', *, *, #3724, .F. ) ;
#1340 = CARTESIAN_POINT ( 'NONE',  ( 5.749999999999992895, 12.73499999999999943, -6.692082860990527848 ) ) ;
#1341 = DIRECTION ( 'NONE',  ( -0.8164965809277258124, 0.4082482904638639054, 0.4082482904638624621 ) ) ;
#1342 = CYLINDRICAL_SURFACE ( 'NONE', #4193, 1.975000000000000089 ) ;
#1343 = CARTESIAN_POINT ( 'NONE',  ( 3.532842712474772107, 11.23499999999982180, 0.0000000000000000000 ) ) ;
#1344 = DATE_AND_TIME ( #194, #2640 ) ;
#1345 = CIRCLE ( 'NONE', #3812, 0.2999999999999999334 ) ;
#1346 = CARTESIAN_POINT ( 'NONE',  ( 5.299999999999999822, -5.750000000781589904, -5.579999999999979643 ) ) ;
#1347 = DIRECTION ( 'NONE',  ( 1.000000000000000000, 0.0000000000000000000, 0.0000000000000000000 ) ) ;
#1348 = AXIS2_PLACEMENT_3D ( 'NONE', #6318, #6167, #2154 ) ;
#1349 = CIRCLE ( 'NONE', #1965, 1.843139007349805292 ) ;
#1350 = CARTESIAN_POINT ( 'NONE',  ( 3.449999999999989519, 11.31784271247447649, -4.653657836759947660E-16 ) ) ;
#1351 = LINE ( 'NONE', #6672, #3902 ) ;
#1352 = ORIENTED_EDGE ( 'NONE', *, *, #7439, .T. ) ;
#1353 = CARTESIAN_POINT ( 'NONE',  ( 8.085622008323129606, 12.64656426582414461, -1.208992099812091991 ) ) ;
#1354 = AXIS2_PLACEMENT_3D ( 'NONE', #3589, #5823, #617 ) ;
#1355 = VECTOR ( 'NONE', #756, 1000.000000000000000 ) ;
#1356 = ADVANCED_FACE ( 'NONE', ( #3619 ), #1299, .T. ) ;
#1357 = B_SPLINE_CURVE_WITH_KNOTS ( 'NONE', 3,
 ( #5451, #1476, #322, #5606 ),
 .UNSPECIFIED., .F., .F.,
 ( 4, 4 ),
 ( 2.697416390625426101E-15, 0.0007166189195523338298 ),
 .UNSPECIFIED. ) ;
#1358 = CARTESIAN_POINT ( 'NONE',  ( 5.750000000000000000, 12.64656426582507898, 3.365753203230879897 ) ) ;
#1359 = CARTESIAN_POINT ( 'NONE',  ( 1.942790561913620095, 6.600000000000011191, 7.620000000000000107 ) ) ;
#1360 = CARTESIAN_POINT ( 'NONE',  ( 5.500000000000005329, -0.05000000078161020295, 5.580000000000140403 ) ) ;
#1362 = AXIS2_PLACEMENT_3D ( 'NONE', #3090, #3745, #5596 ) ;
#1361 = CARTESIAN_POINT ( 'NONE',  ( 7.248658176329016989, 11.45812853167897138, 3.797316352658055560 ) ) ;
#1363 = DIRECTION ( 'NONE',  ( 0.0000000000000000000, 0.0000000000000000000, -1.000000000000000000 ) ) ;
#1364 = ORIENTED_EDGE ( 'NONE', *, *, #4340, .F. ) ;
#1365 = CARTESIAN_POINT ( 'NONE',  ( 7.010966932452110889, 12.73499999999999766, 5.080000000000000071 ) ) ;
#1366 = ORIENTED_EDGE ( 'NONE', *, *, #7285, .F. ) ;
#1367 = ADVANCED_FACE ( 'NONE', ( #2507 ), #2345, .T. ) ;
#1368 = AXIS2_PLACEMENT_3D ( 'NONE', #3565, #5916, #638 ) ;
#1369 = DIRECTION ( 'NONE',  ( 1.171453342316279939E-15, 1.000000000000000000, 0.0000000000000000000 ) ) ;
#1370 = VECTOR ( 'NONE', #1577, 1000.000000000000000 ) ;
#1371 = VERTEX_POINT ( 'NONE', #3540 ) ;
#1372 = ORIENTED_EDGE ( 'NONE', *, *, #5019, .F. ) ;
#1373 = EDGE_CURVE ( 'NONE', #6990, #4523, #1224, .T. ) ;
#1374 = DIRECTION ( 'NONE',  ( 1.000000000000000000, -9.854725885015578669E-16, 0.0000000000000000000 ) ) ;
#1375 = AXIS2_PLACEMENT_3D ( 'NONE', #4450, #903, #5605 ) ;
#1376 = CARTESIAN_POINT ( 'NONE',  ( 5.750000000000001776, 12.64656426582888926, 6.794246796764878304 ) ) ;
#1377 = VERTEX_POINT ( 'NONE', #7083 ) ;
#1378 = EDGE_LOOP ( 'NONE', ( #5500, #2259, #5457, #5917 ) ) ;
#1379 = CARTESIAN_POINT ( 'NONE',  ( 4.950000000002678924, 12.71195981187718616, 1.677797158873360228 ) ) ;
#1380 = ORIENTED_EDGE ( 'NONE', *, *, #6557, .F. ) ;
#1381 = ORIENTED_EDGE ( 'NONE', *, *, #6056, .T. ) ;
#1382 = CARTESIAN_POINT ( 'NONE',  ( 7.049999999999563727, 11.23499999999999766, 5.079999999999999183 ) ) ;
#1383 = CARTESIAN_POINT ( 'NONE',  ( 4.950000000004743050, 12.67614242096979993, -3.373454429892017270 ) ) ;
#1384 = CARTESIAN_POINT ( 'NONE',  ( 5.349999999999999645, 10.44999999999999929, 5.080000000000000071 ) ) ;
#1385 = CARTESIAN_POINT ( 'NONE',  ( 3.449999999999989075, 11.31784271247447826, 0.0000000000000000000 ) ) ;
#1386 = EDGE_CURVE ( 'NONE', #1534, #6102, #1798, .T. ) ;
#1387 = VERTEX_POINT ( 'NONE', #7121 ) ;
#1388 = CARTESIAN_POINT ( 'NONE',  ( 4.949999999999991296, 12.73499999999999943, -1.612082860990528665 ) ) ;
#1389 = CARTESIAN_POINT ( 'NONE',  ( 9.250000000000000000, 6.299999999999999822, -114.8640000000000043 ) ) ;
#1390 = CARTESIAN_POINT ( 'NONE',  ( 3.532842712474772551, 11.23499999999982180, -3.634314575050436869 ) ) ;
#1391 =( BOUNDED_CURVE ( )  B_SPLINE_CURVE ( 3, ( #323, #3680, #4293, #7368 ),
 .UNSPECIFIED., .F., .T. ) 
 B_SPLINE_CURVE_WITH_KNOTS ( ( 4, 4 ),
 ( 0.0000000000000000000, 1.000000000000000000 ),
 .UNSPECIFIED. ) 
 CURVE ( )  GEOMETRIC_REPRESENTATION_ITEM ( )  RATIONAL_B_SPLINE_CURVE ( ( 1.000000000000000000, 0.8584414868985700275, 0.8584414868985700275, 1.000000000000000000 ) ) 
 REPRESENTATION_ITEM ( '' )  );
#1392 = DIRECTION ( 'NONE',  ( -0.0000000000000000000, -1.000000000000000000, -1.889646980599319876E-14 ) ) ;
#1393 = APPROVAL ( #4942, 'UNSPECIFIED' ) ;
#1394 =( NAMED_UNIT ( * ) SI_UNIT ( $, .STERADIAN. ) SOLID_ANGLE_UNIT ( ) );
#1395 = VERTEX_POINT ( 'NONE', #5891 ) ;
#1396 = DIRECTION ( 'NONE',  ( 1.000000000000000000, 0.0000000000000000000, 0.0000000000000000000 ) ) ;
#1397 = LINE ( 'NONE', #5098, #2713 ) ;
#1398 = CARTESIAN_POINT ( 'NONE',  ( 5.749999999999930722, 12.72445880131370011, 6.738090098931875715 ) ) ;
#1399 = SECURITY_CLASSIFICATION ( '', '', #5009 ) ;
#1400 = DIRECTION ( 'NONE',  ( 1.000000000000000000, 0.0000000000000000000, 0.0000000000000000000 ) ) ;
#1401 = CARTESIAN_POINT ( 'NONE',  ( 4.950000000000155609, 12.69733902327529407, -6.773307792453387322 ) ) ;
#1402 = CARTESIAN_POINT ( 'NONE',  ( 5.349999999999980993, 11.93499999999403727, 5.080000000000000071 ) ) ;
#1403 = CARTESIAN_POINT ( 'NONE',  ( 4.499999999999988454, -2.699999999999817213, 5.580000000000056914 ) ) ;
#1404 = EDGE_CURVE ( 'NONE', #1213, #1203, #4818, .T. ) ;
#1405 = ORIENTED_EDGE ( 'NONE', *, *, #4134, .T. ) ;
#1406 = CARTESIAN_POINT ( 'NONE',  ( 8.076037614647820106, 12.69953703112068411, -1.204756333247968270 ) ) ;
#1407 = ORIENTED_EDGE ( 'NONE', *, *, #4797, .F. ) ;
#1408 = FACE_OUTER_BOUND ( 'NONE', #3970, .T. ) ;
#1409 = ORIENTED_EDGE ( 'NONE', *, *, #2977, .F. ) ;
#1410 = CARTESIAN_POINT ( 'NONE',  ( 4.950000000000073896, 12.72947253920391297, 3.432234320928253091 ) ) ;
#1411 = CARTESIAN_POINT ( 'NONE',  ( 7.249552224325725547, 11.45044927442902605, -3.799104448651466015 ) ) ;
#1412 = EDGE_CURVE ( 'NONE', #480, #2937, #7195, .T. ) ;
#1413 = EDGE_CURVE ( 'NONE', #6132, #2194, #46, .T. ) ;
#1414 = CARTESIAN_POINT ( 'NONE',  ( 0.9446261355944070015, 6.599999999999999645, 7.195000000000000284 ) ) ;
#1415 = VERTEX_POINT ( 'NONE', #2388 ) ;
#1416 = ORIENTED_EDGE ( 'NONE', *, *, #7300, .F. ) ;
#1417 = DIRECTION ( 'NONE',  ( -1.734723475976807410E-14, 0.0000000000000000000, 1.000000000000000000 ) ) ;
#1418 = VERTEX_POINT ( 'NONE', #4736 ) ;
#1419 = ORIENTED_EDGE ( 'NONE', *, *, #896, .F. ) ;
#1420 = CARTESIAN_POINT ( 'NONE',  ( 5.749999999995260680, 12.67614242096979638, -6.786545570107980652 ) ) ;
#1421 = FACE_OUTER_BOUND ( 'NONE', #942, .T. ) ;
#1422 = DIRECTION ( 'NONE',  ( 0.0000000000000000000, 0.0000000000000000000, -1.000000000000000000 ) ) ;
#1423 = ITEM_DEFINED_TRANSFORMATION ( 'NONE', 'NONE', #3179,  #6010 ) ;
#1424 = ORIENTED_EDGE ( 'NONE', *, *, #3727, .T. ) ;
#1425 = CARTESIAN_POINT ( 'NONE',  ( 5.349999999999980105, 11.45812853178540713, 1.607708950454020642E-61 ) ) ;
#1426 = CARTESIAN_POINT ( 'NONE',  ( 7.010966932452110889, 12.73499999999999766, 5.080000000000000071 ) ) ;
#1427 = B_SPLINE_CURVE_WITH_KNOTS ( 'NONE', 3,
 ( #5144, #1595, #7448, #5036 ),
 .UNSPECIFIED., .F., .F.,
 ( 4, 4 ),
 ( 7.695742672741190085E-15, 0.0007166189195625507005 ),
 .UNSPECIFIED. ) ;
#1428 = CYLINDRICAL_SURFACE ( 'NONE', #3946, 0.8000000000000003775 ) ;
#1429 = CARTESIAN_POINT ( 'NONE',  ( 5.299999999999994493, -2.700000000000005951, 0.5000000000000476286 ) ) ;
#1430 = VECTOR ( 'NONE', #6070, 1000.000000000000000 ) ;
#1431 = ORIENTED_EDGE ( 'NONE', *, *, #5564, .F. ) ;
#1432 = DIRECTION ( 'NONE',  ( -1.000000000000000000, 0.0000000000000000000, 0.0000000000000000000 ) ) ;
#1433 = DIRECTION ( 'NONE',  ( 0.0000000000000000000, 0.0000000000000000000, 1.000000000000000000 ) ) ;
#1434 = DIRECTION ( 'NONE',  ( 1.000000000000000000, 0.0000000000000000000, 1.794541526872530066E-14 ) ) ;
#1435 = CIRCLE ( 'NONE', #5625, 1.900000000000000133 ) ;
#1436 = LINE ( 'NONE', #5406, #2614 ) ;
#1437 = CARTESIAN_POINT ( 'NONE',  ( 3.635702499534283483, 12.73500000000000298, 5.916175549125245681 ) ) ;
#1438 = DIRECTION ( 'NONE',  ( -1.000000000000000000, 0.0000000000000000000, 0.0000000000000000000 ) ) ;
#1439 = ORIENTED_EDGE ( 'NONE', *, *, #741, .F. ) ;
#1440 = VECTOR ( 'NONE', #236, 1000.000000000000000 ) ;
#1441 = CARTESIAN_POINT ( 'NONE',  ( 3.650000000000416911, 11.23500000000000121, 0.0000000000000000000 ) ) ;
#1442 = VERTEX_POINT ( 'NONE', #686 ) ;
#1443 = DIRECTION ( 'NONE',  ( -9.136576017787371555E-16, -1.000000000000000000, -2.086925533220183900E-31 ) ) ;
#1444 = ORIENTED_EDGE ( 'NONE', *, *, #1261, .T. ) ;
#1445 = ORIENTED_EDGE ( 'NONE', *, *, #465, .T. ) ;
#1446 = AXIS2_PLACEMENT_3D ( 'NONE', #6428, #566, #2924 ) ;
#1447 = LINE ( 'NONE', #3801, #6663 ) ;
#1448 = CARTESIAN_POINT ( 'NONE',  ( 7.049999999999991829, 11.43499999999999694, 5.079999999999999183 ) ) ;
#1449 = EDGE_LOOP ( 'NONE', ( #630, #954, #6143, #5496 ) ) ;
#1450 = ORIENTED_EDGE ( 'NONE', *, *, #7329, .F. ) ;
#1451 = CARTESIAN_POINT ( 'NONE',  ( 9.250000000000000000, 6.299999999999999822, 3.779999999999999805 ) ) ;
#1452 = ORIENTED_EDGE ( 'NONE', *, *, #4711, .T. ) ;
#1453 = EDGE_LOOP ( 'NONE', ( #7578, #2413, #2997, #6696 ) ) ;
#1454 = EDGE_CURVE ( 'NONE', #5503, #7257, #2472, .T. ) ;
#1455 = CARTESIAN_POINT ( 'NONE',  ( 3.649999999999990141, 11.43500000000000227, 5.080000000000000071 ) ) ;
#1456 = B_SPLINE_CURVE_WITH_KNOTS ( 'NONE', 3,
 ( #3556, #1096, #6913, #3517, #5833, #5868, #26, #1745, #552, #7522, #6411, #4673, #7060, #1629, #1054, #1202 ),
 .UNSPECIFIED., .F., .F.,
 ( 4, 3, 3, 3, 3, 4 ),
 ( 8.348284007425031896E-15, 3.308388942448985684E-05, 6.613717211494224662E-05, 9.966070390112443159E-05, 0.0001340858777773928055, 0.0001469394654597981024 ),
 .UNSPECIFIED. ) ;
#1457 = DIRECTION ( 'NONE',  ( -1.000000000000000000, 3.338853781347929776E-28, -1.794541526872530066E-14 ) ) ;
#1458 = LOCAL_TIME ( 21, 42, 48.00000000000000000, #7549 ) ;
#1459 = EDGE_CURVE ( 'NONE', #449, #6939, #6973, .T. ) ;
#1460 = DIRECTION ( 'NONE',  ( 2.501911041408800138E-16, 1.000000000000000000, -0.0000000000000000000 ) ) ;
#1461 = CALENDAR_DATE ( 2019, 21, 10 ) ;
#1462 = EDGE_LOOP ( 'NONE', ( #6326, #7182, #349, #5278 ) ) ;
#1463 = EDGE_CURVE ( 'NONE', #6079, #4771, #5599, .T. ) ;
#1464 = DIRECTION ( 'NONE',  ( 2.501911041408800138E-16, 1.000000000000000000, -0.0000000000000000000 ) ) ;
#1465 = FACE_BOUND ( 'NONE', #684, .T. ) ;
#1466 = EDGE_CURVE ( 'NONE', #6115, #3427, #2570, .T. ) ;
#1467 = CARTESIAN_POINT ( 'NONE',  ( 5.749999999999869438, 12.73279737082328467, 6.716456345332686872 ) ) ;
#1468 = CARTESIAN_POINT ( 'NONE',  ( 4.178667269030220233, 12.73500000000000121, 3.659305001168327465 ) ) ;
#1469 = AXIS2_PLACEMENT_3D ( 'NONE', #4661, #2719, #2931 ) ;
#1470 = ORIENTED_EDGE ( 'NONE', *, *, #4950, .F. ) ;
#1471 = CARTESIAN_POINT ( 'NONE',  ( 5.749999999999319655, 12.72910876695780402, -1.646903183719895081 ) ) ;
#1472 = FACE_OUTER_BOUND ( 'NONE', #7319, .T. ) ;
#1473 = VECTOR ( 'NONE', #3932, 1000.000000000000114 ) ;
#1474 = FACE_OUTER_BOUND ( 'NONE', #5377, .T. ) ;
#1475 = CARTESIAN_POINT ( 'NONE',  ( 4.950000000000698286, 12.68816249061464774, -6.779945829409097513 ) ) ;
#1476 = CARTESIAN_POINT ( 'NONE',  ( 4.949999999999998401, 12.17219196889104005, 3.309077667208847995 ) ) ;
#1477 = PLANE ( 'NONE',  #2739 ) ;
#1478 = VECTOR ( 'NONE', #4472, 1000.000000000000114 ) ;
#1479 = AXIS2_PLACEMENT_3D ( 'NONE', #7220, #4959, #4911 ) ;
#1480 = ORIENTED_EDGE ( 'NONE', *, *, #4434, .T. ) ;
#1481 = CARTESIAN_POINT ( 'NONE',  ( 3.650000000000295675, 11.23500000000000121, -3.399999999999389289 ) ) ;
#1482 = ORIENTED_EDGE ( 'NONE', *, *, #5613, .F. ) ;
#1483 =( BOUNDED_SURFACE ( )  B_SPLINE_SURFACE ( 3, 3, ( 
 ( #4272, #4463, #1883, #729 ),
 ( #6552, #1302, #2431, #5472 ),
 ( #807, #4775, #7124, #2543 ),
 ( #3700, #4237, #1530, #5392 ) ),
 .UNSPECIFIED., .F., .F., .F. ) 
 B_SPLINE_SURFACE_WITH_KNOTS ( ( 4, 4 ),
 ( 4, 4 ),
 ( 0.0000000000000000000, 1.000000000000000000 ),
 ( 0.0000000000000000000, 1.000000000000000000 ),
 .UNSPECIFIED. ) 
 GEOMETRIC_REPRESENTATION_ITEM ( )  RATIONAL_B_SPLINE_SURFACE ( (
 ( 1.000000000000000000, 0.8538861252928344747, 0.8538861252928344747, 1.000000000000000000),
 ( 0.8312495820436721639, 0.7097924847625592948, 0.7097924847625592948, 0.8312495820436721639),
 ( 0.8312495820436721639, 0.7097924847625592948, 0.7097924847625592948, 0.8312495820436721639),
 ( 1.000000000000000000, 0.8538861252928344747, 0.8538861252928344747, 1.000000000000000000) ) ) 
 REPRESENTATION_ITEM ( '' )  SURFACE ( )  );
#1484 =( BOUNDED_CURVE ( )  B_SPLINE_CURVE ( 3, ( #444, #7447, #1057, #7414 ),
 .UNSPECIFIED., .F., .F. ) 
 B_SPLINE_CURVE_WITH_KNOTS ( ( 4, 4 ),
 ( 0.0000000000000000000, 1.000000000000000000 ),
 .UNSPECIFIED. ) 
 CURVE ( )  GEOMETRIC_REPRESENTATION_ITEM ( )  RATIONAL_B_SPLINE_CURVE ( ( 1.000000000000000000, 0.3333333333333333703, 0.3333333333333333703, 1.000000000000000000 ) ) 
 REPRESENTATION_ITEM ( '' )  );
#1485 = CARTESIAN_POINT ( 'NONE',  ( 5.349999999999980105, 11.45812853178540713, 1.607708950454020642E-61 ) ) ;
#1486 = ADVANCED_FACE ( 'NONE', ( #1954 ), #3893, .T. ) ;
#1487 = ORIENTED_EDGE ( 'NONE', *, *, #6783, .F. ) ;
#1488 = CARTESIAN_POINT ( 'NONE',  ( 5.300000000000020250, -0.05000000078158019917, -0.8000000000000425660 ) ) ;
#1489 = VECTOR ( 'NONE', #2279, 1000.000000000000000 ) ;
#1490 = VECTOR ( 'NONE', #1848, 1000.000000000000000 ) ;
#1491 = CARTESIAN_POINT ( 'NONE',  ( 7.248658176329018765, 11.45812853167897138, -3.797316352658054228 ) ) ;
#1492 = CARTESIAN_POINT ( 'NONE',  ( 9.421243556529820040, 6.599999999999980105, -3.009999999999999787 ) ) ;
#1493 = VERTEX_POINT ( 'NONE', #5623 ) ;
#1494 = APPROVAL ( #5898, 'UNSPECIFIED' ) ;
#1495 = CIRCLE ( 'NONE', #5677, 1.900000000000000133 ) ;
#1496 = VERTEX_POINT ( 'NONE', #7308 ) ;
#1497 = EDGE_LOOP ( 'NONE', ( #2658, #5957 ) ) ;
#1498 = CARTESIAN_POINT ( 'NONE',  ( 7.049999999999684519, 11.23499999999999766, 1.680000000000611893 ) ) ;
#1499 = DIRECTION ( 'NONE',  ( -1.171453342316279939E-15, -1.000000000000000000, 0.0000000000000000000 ) ) ;
#1500 = VECTOR ( 'NONE', #6652, 1000.000000000000000 ) ;
#1501 = CARTESIAN_POINT ( 'NONE',  ( 3.451341823670963205, 11.45812853167897316, 1.282683647341947175 ) ) ;
#1502 = EDGE_CURVE ( 'NONE', #6117, #4092, #7386, .T. ) ;
#1503 = COORDINATED_UNIVERSAL_TIME_OFFSET ( 0, 0, .AHEAD. ) ;
#1504 = DIRECTION ( 'NONE',  ( 1.000000000000000000, -9.136576017787367610E-16, 0.0000000000000000000 ) ) ;
#1505 = ORIENTED_EDGE ( 'NONE', *, *, #5474, .T. ) ;
#1506 = CARTESIAN_POINT ( 'NONE',  ( 9.421243556529820040, 6.599999999999980105, -8.089999999999999858 ) ) ;
#1507 = CARTESIAN_POINT ( 'NONE',  ( 4.499999999999988454, -2.699999999999849631, 0.5000000000000511813 ) ) ;
#1508 = DIRECTION ( 'NONE',  ( -0.0000000000000000000, -1.000000000000000000, -0.0000000000000000000 ) ) ;
#1509 = CARTESIAN_POINT ( 'NONE',  ( 5.749999999999928946, 12.72445880131370011, -3.421909901068123538 ) ) ;
#1510 = EDGE_CURVE ( 'NONE', #1754, #6762, #7262, .T. ) ;
#1511 = COORDINATED_UNIVERSAL_TIME_OFFSET ( 0, 0, .AHEAD. ) ;
#1512 = EDGE_CURVE ( 'NONE', #7444, #676, #1674, .T. ) ;
#1513 = ORIENTED_EDGE ( 'NONE', *, *, #989, .F. ) ;
#1514 = EDGE_CURVE ( 'NONE', #6300, #7454, #2777, .T. ) ;
#1515 = CARTESIAN_POINT ( 'NONE',  ( 5.749999999996039612, 12.65172273822159177, -1.713524937923977864 ) ) ;
#1516 = CARTESIAN_POINT ( 'NONE',  ( 5.749999999999992895, 12.73499999999999943, 6.692082860990527848 ) ) ;
#1517 = CARTESIAN_POINT ( 'NONE',  ( 8.689999999999999503, 6.599999999999999645, 7.620000000000000107 ) ) ;
#1518 = CARTESIAN_POINT ( 'NONE',  ( 4.949999999999991296, 12.73499999999999943, 1.612082860990528665 ) ) ;
#1519 = CARTESIAN_POINT ( 'NONE',  ( 3.595871266169322400, 12.69953703112280508, 5.935603859218583800 ) ) ;
#1520 = DIRECTION ( 'NONE',  ( 0.8944271909999154113, 0.0000000000000000000, 0.4472135954999587604 ) ) ;
#1521 = VERTEX_POINT ( 'NONE', #4582 ) ;
#1522 = CARTESIAN_POINT ( 'NONE',  ( 7.049999999999991829, 11.43499999999999694, 5.079999999999999183 ) ) ;
#1523 = ORIENTED_EDGE ( 'NONE', *, *, #1852, .F. ) ;
#1524 = PERSON ( 'UNSPECIFIED', 'UNSPECIFIED', 'UNSPECIFIED', ('UNSPECIFIED'), ('UNSPECIFIED'), ('UNSPECIFIED') ) ;
#1525 = ADVANCED_FACE ( 'NONE', ( #5114 ), #1233, .T. ) ;
#1526 = DIRECTION ( 'NONE',  ( 0.0000000000000000000, -0.0000000000000000000, -1.000000000000000000 ) ) ;
#1527 = ORIENTED_EDGE ( 'NONE', *, *, #862, .F. ) ;
#1528 = CARTESIAN_POINT ( 'NONE',  ( 4.949999999999999289, 11.93499999999701977, 1.799211327335719757 ) ) ;
#1529 = CARTESIAN_POINT ( 'NONE',  ( 1.199999999999999956, 6.599999999999999645, -2.540000000000000036 ) ) ;
#1530 = CARTESIAN_POINT ( 'NONE',  ( 4.126117194005745503, 12.64656426582840254, 6.609041405695722737 ) ) ;
#1531 = CARTESIAN_POINT ( 'NONE',  ( 7.993234973611840211, 13.69999999999999929, 7.620000000000000107 ) ) ;
#1532 = ORIENTED_EDGE ( 'NONE', *, *, #3724, .T. ) ;
#1533 = ORIENTED_EDGE ( 'NONE', *, *, #3307, .T. ) ;
#1534 = VERTEX_POINT ( 'NONE', #958 ) ;
#1535 = CARTESIAN_POINT ( 'NONE',  ( 7.249999999999990230, 11.31784271247447649, 1.279999999999999138 ) ) ;
#1536 = DIRECTION ( 'NONE',  ( -3.402072636419578469E-15, 0.9805806756909202226, 0.1961161351381837115 ) ) ;
#1537 = CARTESIAN_POINT ( 'NONE',  ( 5.749999999997323030, 12.70467874844269751, 3.393181258116370724 ) ) ;
#1538 = DATE_TIME_ROLE ( 'classification_date' ) ;
#1539 = FACE_OUTER_BOUND ( 'NONE', #3249, .T. ) ;
#1540 = VERTEX_POINT ( 'NONE', #383 ) ;
#1541 = CARTESIAN_POINT ( 'NONE',  ( 10.25000000000000000, 1.699999999999988409, -1.799999999999999822 ) ) ;
#1542 = CARTESIAN_POINT ( 'NONE',  ( 3.449999999999991296, 11.43500000000000050, -3.799999999999999378 ) ) ;
#1543 = CARTESIAN_POINT ( 'NONE',  ( 5.749999999999845457, 12.71295948527745345, 6.757530025091304182 ) ) ;
#1544 = CARTESIAN_POINT ( 'NONE',  ( 3.449999999999989964, 11.43500000000000405, 5.080000000000000071 ) ) ;
#1545 = PERSON_AND_ORGANIZATION ( #1524, #6256 ) ;
#1546 = ORIENTED_EDGE ( 'NONE', *, *, #896, .T. ) ;
#1547 = SHAPE_REPRESENTATION ( 'TB007-508-03P_Blue - S', ( #6010 ), #2564 ) ;
#1548 = DIRECTION ( 'NONE',  ( 0.0000000000000000000, 0.0000000000000000000, -1.000000000000000000 ) ) ;
#1549 = LINE ( 'NONE', #4558, #4689 ) ;
#1550 = ADVANCED_FACE ( 'NONE', ( #5084 ), #2186, .F. ) ;
#1551 = DIRECTION ( 'NONE',  ( -1.000000000000000000, 0.0000000000000000000, 0.0000000000000000000 ) ) ;
#1552 = EDGE_CURVE ( 'NONE', #6125, #5608, #4539, .T. ) ;
#1553 = LINE ( 'NONE', #3981, #4625 ) ;
#1554 = DIRECTION ( 'NONE',  ( -0.4999999999999996669, 0.0000000000000000000, 0.8660254037844388186 ) ) ;
#1555 = EDGE_CURVE ( 'NONE', #4838, #7421, #1032, .T. ) ;
#1556 = VERTEX_POINT ( 'NONE', #1067 ) ;
#1557 = CARTESIAN_POINT ( 'NONE',  ( 4.499999999999992895, -3.700000000000007727, -4.779999999999999361 ) ) ;
#1558 = ORIENTED_EDGE ( 'NONE', *, *, #2168, .F. ) ;
#1559 = VECTOR ( 'NONE', #4156, 1000.000000000000000 ) ;
#1560 = CARTESIAN_POINT ( 'NONE',  ( 7.049999999999685407, 11.23499999999999588, 2.081899558550126310E-16 ) ) ;
#1561 = VERTEX_POINT ( 'NONE', #3924 ) ;
#1562 = EDGE_CURVE ( 'NONE', #2016, #2791, #6849, .T. ) ;
#1563 = CARTESIAN_POINT ( 'NONE',  ( 4.949999999999991296, 12.73499999999999943, 6.692082860990527848 ) ) ;
#1564 = CARTESIAN_POINT ( 'NONE',  ( 9.250000000000000000, 5.199999999999997513, 1.299999999999999822 ) ) ;
#1565 = AXIS2_PLACEMENT_3D ( 'NONE', #2872, #5102, #3944 ) ;
#1566 = DIRECTION ( 'NONE',  ( -0.0000000000000000000, -1.000000000000000000, -1.889646980599319876E-14 ) ) ;
#1567 = EDGE_CURVE ( 'NONE', #3427, #6115, #2021, .T. ) ;
#1568 = CARTESIAN_POINT ( 'NONE',  ( 5.499999999999584332, -0.05000000078158019917, 4.579999999999960103 ) ) ;
#1569 = EDGE_LOOP ( 'NONE', ( #1656, #6649, #2028, #7226 ) ) ;
#1570 = EDGE_LOOP ( 'NONE', ( #4117, #6020, #1783, #3872 ) ) ;
#1571 = CIRCLE ( 'NONE', #6487, 0.1999999999999996503 ) ;
#1572 = ORIENTED_EDGE ( 'NONE', *, *, #4103, .F. ) ;
#1573 = LINE ( 'NONE', #1033, #3096 ) ;
#1574 = CARTESIAN_POINT ( 'NONE',  ( 5.750000000000000000, 12.64656426582507898, 3.365753203230879897 ) ) ;
#1575 = LINE ( 'NONE', #5565, #1676 ) ;
#1576 = ORIENTED_EDGE ( 'NONE', *, *, #6362, .F. ) ;
#1577 = DIRECTION ( 'NONE',  ( -1.000000000000000000, -0.0000000000000000000, -0.0000000000000000000 ) ) ;
#1578 = APPROVAL_PERSON_ORGANIZATION ( #5552, #5865, #6124 ) ;
#1579 = CARTESIAN_POINT ( 'NONE',  ( 5.749999999999304556, 12.67827681032246545, 6.784820330738464911 ) ) ;
#1580 = FACE_OUTER_BOUND ( 'NONE', #6423, .T. ) ;
#1581 = MECHANICAL_CONTEXT ( 'NONE', #2, 'mechanical' ) ;
#1582 = ORIENTED_EDGE ( 'NONE', *, *, #1917, .T. ) ;
#1583 = CARTESIAN_POINT ( 'NONE',  ( 3.449999999999989964, 11.43500000000000405, 0.0000000000000000000 ) ) ;
#1584 = CARTESIAN_POINT ( 'NONE',  ( 4.985603046749380596, 12.73499999999999943, 1.620501777586520253 ) ) ;
#1585 = AXIS2_PLACEMENT_3D ( 'NONE', #5679, #1548, #5602 ) ;
#1586 = LINE ( 'NONE', #5716, #4387 ) ;
#1587 = DIRECTION ( 'NONE',  ( -0.0000000000000000000, -1.000000000000000000, -0.0000000000000000000 ) ) ;
#1588 = VERTEX_POINT ( 'NONE', #6310 ) ;
#1589 = LINE ( 'NONE', #2798, #692 ) ;
#1590 = ADVANCED_FACE ( 'NONE', ( #5813 ), #3386, .T. ) ;
#1591 = ORIENTED_EDGE ( 'NONE', *, *, #4609, .T. ) ;
#1592 = AXIS2_PLACEMENT_3D ( 'NONE', #4827, #7202, #1921 ) ;
#1593 = ORIENTED_EDGE ( 'NONE', *, *, #6551, .T. ) ;
#1594 = CARTESIAN_POINT ( 'NONE',  ( 7.249999999999991118, 11.43499999999999872, 2.326828918379971858E-16 ) ) ;
#1595 = CARTESIAN_POINT ( 'NONE',  ( 4.950000000000000178, 12.40938025448233084, 6.822602432482177903 ) ) ;
#1596 = DIRECTION ( 'NONE',  ( 0.0000000000000000000, 1.000000000000000000, 0.0000000000000000000 ) ) ;
#1597 = AXIS2_PLACEMENT_3D ( 'NONE', #920, #7498, #2745 ) ;
#1598 = VECTOR ( 'NONE', #5612, 1000.000000000000000 ) ;
#1599 = CARTESIAN_POINT ( 'NONE',  ( 4.950000000000153833, 12.69733902327538999, -1.693307792453309313 ) ) ;
#1600 = DIRECTION ( 'NONE',  ( 0.0000000000000000000, 0.0000000000000000000, -1.000000000000000000 ) ) ;
#1601 = ORIENTED_EDGE ( 'NONE', *, *, #1820, .F. ) ;
#1602 = ADVANCED_FACE ( 'NONE', ( #5152 ), #945, .T. ) ;
#1603 = ORIENTED_EDGE ( 'NONE', *, *, #4095, .F. ) ;
#1604 = EDGE_CURVE ( 'NONE', #1953, #443, #1648, .T. ) ;
#1605 = VECTOR ( 'NONE', #4210, 1000.000000000000000 ) ;
#1606 = AXIS2_PLACEMENT_3D ( 'NONE', #4168, #3512, #7129 ) ;
#1607 = ORIENTED_EDGE ( 'NONE', *, *, #1226, .F. ) ;
#1608 = EDGE_CURVE ( 'NONE', #3882, #6511, #4003, .T. ) ;
#1609 = CARTESIAN_POINT ( 'NONE',  ( -0.6999999999999999556, -3.700000000000010392, 5.379999999999999893 ) ) ;
#1610 = DIRECTION ( 'NONE',  ( 1.000000000000000000, -3.338853781347929776E-28, 1.794541526872530066E-14 ) ) ;
#1611 = VECTOR ( 'NONE', #3793, 1000.000000000000000 ) ;
#1612 = CARTESIAN_POINT ( 'NONE',  ( 3.451341823670963205, 11.45812853167897494, 5.080000000000000071 ) ) ;
#1613 = VECTOR ( 'NONE', #404, 1000.000000000000000 ) ;
#1614 = CARTESIAN_POINT ( 'NONE',  ( 5.299999999999999822, -3.700000000000009948, 0.08000000000000019595 ) ) ;
#1615 = ORIENTED_EDGE ( 'NONE', *, *, #6635, .T. ) ;
#1616 = DIRECTION ( 'NONE',  ( -0.5000000000000001110, 0.0000000000000000000, 0.8660254037844385966 ) ) ;
#1617 = VECTOR ( 'NONE', #7249, 1000.000000000000114 ) ;
#1618 = CARTESIAN_POINT ( 'NONE',  ( 4.130405132454771255, 12.69953703112280508, -3.556315669891734643 ) ) ;
#1619 = CARTESIAN_POINT ( 'NONE',  ( 5.500000000000005329, -0.05000000078161020295, 0.5000000000001419975 ) ) ;
#1620 = CARTESIAN_POINT ( 'NONE',  ( 5.749999999999845457, 12.69733902327550368, -3.386692207546787792 ) ) ;
#1621 = PERSON_AND_ORGANIZATION_ROLE ( 'creator' ) ;
#1622 = ADVANCED_FACE ( 'NONE', ( #69 ), #5176, .T. ) ;
#1623 = ORIENTED_EDGE ( 'NONE', *, *, #1881, .F. ) ;
#1624 = DIRECTION ( 'NONE',  ( 0.0000000000000000000, 0.0000000000000000000, 1.000000000000000000 ) ) ;
#1625 = CARTESIAN_POINT ( 'NONE',  ( 4.965164424337575433, 12.69953703112280152, 1.711393931470612140 ) ) ;
#1626 = CARTESIAN_POINT ( 'NONE',  ( 4.178667264944278870, 12.73500000000000298, 1.420694997817843364 ) ) ;
#1627 = DIRECTION ( 'NONE',  ( 1.000000000000000000, -9.854725885015578669E-16, 0.0000000000000000000 ) ) ;
#1628 = VERTEX_POINT ( 'NONE', #1901 ) ;
#1629 = CARTESIAN_POINT ( 'NONE',  ( 5.749999999999869438, 12.73473344514865779, 1.620762266914635763 ) ) ;
#1630 = ORIENTED_EDGE ( 'NONE', *, *, #4459, .T. ) ;
#1631 = ORIENTED_EDGE ( 'NONE', *, *, #191, .T. ) ;
#1632 = DIRECTION ( 'NONE',  ( -0.4472135954999588159, 0.0000000000000000000, 0.8944271909999155223 ) ) ;
#1633 = LINE ( 'NONE', #3378, #3323 ) ;
#1634 = CARTESIAN_POINT ( 'NONE',  ( 4.949999999999999289, 12.64656426582933335, -3.365753203231379498 ) ) ;
#1635 = ADVANCED_FACE ( 'NONE', ( #5921 ), #7111, .T. ) ;
#1636 = CARTESIAN_POINT ( 'NONE',  ( 5.749999999996039612, 12.66532890578434589, -1.710780456545829109 ) ) ;
#1637 = CARTESIAN_POINT ( 'NONE',  ( 4.126117196948061228, 12.64656426582076776, 3.550958593663656071 ) ) ;
#1638 = VERTEX_POINT ( 'NONE', #1786 ) ;
#1639 = ORIENTED_EDGE ( 'NONE', *, *, #5186, .F. ) ;
#1640 = ORIENTED_EDGE ( 'NONE', *, *, #1034, .T. ) ;
#1641 = CARTESIAN_POINT ( 'NONE',  ( 7.248658176322919644, 11.45812853178540536, 5.080000000000000071 ) ) ;
#1642 = DIRECTION ( 'NONE',  ( -0.0000000000000000000, -0.0000000000000000000, -1.000000000000000000 ) ) ;
#1643 = EDGE_CURVE ( 'NONE', #6340, #3143, #4761, .T. ) ;
#1644 = EDGE_CURVE ( 'NONE', #4804, #7416, #5416, .T. ) ;
#1645 = LINE ( 'NONE', #7350, #4155 ) ;
#1646 = DIRECTION ( 'NONE',  ( 0.0000000000000000000, 1.000000000000000000, 0.0000000000000000000 ) ) ;
#1647 = VERTEX_POINT ( 'NONE', #4727 ) ;
#1648 = LINE ( 'NONE', #5456, #4559 ) ;
#1649 = ORIENTED_EDGE ( 'NONE', *, *, #2421, .F. ) ;
#1650 = CARTESIAN_POINT ( 'NONE',  ( 7.049999999999684519, 11.23499999999999766, -8.479999999999389360 ) ) ;
#1651 = LINE ( 'NONE', #4007, #3588 ) ;
#1652 = CARTESIAN_POINT ( 'NONE',  ( 7.249999999999992006, 11.43499999999999694, 5.079999999999999183 ) ) ;
#1653 = CARTESIAN_POINT ( 'NONE',  ( 3.449999999999988631, 11.31784271247448004, 8.880000000000004334 ) ) ;
#1654 = EDGE_CURVE ( 'NONE', #38, #4419, #4258, .T. ) ;
#1655 = DATE_AND_TIME ( #4595, #1458 ) ;
#1656 = ORIENTED_EDGE ( 'NONE', *, *, #2560, .T. ) ;
#1657 = CARTESIAN_POINT ( 'NONE',  ( 3.532842712474772107, 11.23499999999982180, 0.0000000000000000000 ) ) ;
#1658 = CARTESIAN_POINT ( 'NONE',  ( 2.625902306574849909, 13.69999999999999929, 7.620000000000000107 ) ) ;
#1659 = CARTESIAN_POINT ( 'NONE',  ( 1.250000000000000000, 10.00000000000000000, 7.620000000000000107 ) ) ;
#1660 = DIRECTION ( 'NONE',  ( -1.000000000000000000, 3.338853781347929776E-28, -1.794541526872530066E-14 ) ) ;
#1661 = ORIENTED_EDGE ( 'NONE', *, *, #7486, .T. ) ;
#1662 = CARTESIAN_POINT ( 'NONE',  ( 5.300000000000001599, -2.700000000000009948, 0.4999999999999990563 ) ) ;
#1663 = ORIENTED_EDGE ( 'NONE', *, *, #1907, .T. ) ;
#1664 = ORIENTED_EDGE ( 'NONE', *, *, #6421, .T. ) ;
#1665 = CARTESIAN_POINT ( 'NONE',  ( 5.299999999999990052, -0.05000000078161020295, 0.5000000000001180167 ) ) ;
#1666 = DIRECTION ( 'NONE',  ( -1.000000000000000000, 0.0000000000000000000, -0.0000000000000000000 ) ) ;
#1667 = CARTESIAN_POINT ( 'NONE',  ( 4.158098635934758924, 12.73500000000000121, 3.590914171373338792 ) ) ;
#1668 = CARTESIAN_POINT ( 'NONE',  ( 4.950000000000153833, 12.71295948527736286, -1.677530025091423793 ) ) ;
#1669 = CARTESIAN_POINT ( 'NONE',  ( 3.635702501169020717, 12.73500000000000298, 4.243824448946758032 ) ) ;
#1670 = ORIENTED_EDGE ( 'NONE', *, *, #4103, .T. ) ;
#1671 = AXIS2_PLACEMENT_3D ( 'NONE', #1774, #2874, #6480 ) ;
#1672 = ORIENTED_EDGE ( 'NONE', *, *, #104, .F. ) ;
#1673 = ORIENTED_EDGE ( 'NONE', *, *, #4543, .F. ) ;
#1674 = LINE ( 'NONE', #3353, #4316 ) ;
#1675 = CARTESIAN_POINT ( 'NONE',  ( 10.25000000000000000, 0.0000000000000000000, 7.620000000000000107 ) ) ;
#1676 = VECTOR ( 'NONE', #1005, 1000.000000000000000 ) ;
#1677 =( BOUNDED_SURFACE ( )  B_SPLINE_SURFACE ( 3, 3, ( 
 ( #1036, #3928, #7541, #4620 ),
 ( #4982, #5117, #4585, #7320 ),
 ( #6965, #3969, #6316, #3389 ),
 ( #459, #4945, #6386, #858 ) ),
 .UNSPECIFIED., .F., .F., .F. ) 
 B_SPLINE_SURFACE_WITH_KNOTS ( ( 4, 4 ),
 ( 4, 4 ),
 ( 0.0000000000000000000, 1.000000000000000000 ),
 ( 0.0000000000000000000, 1.000000000000000000 ),
 .UNSPECIFIED. ) 
 GEOMETRIC_REPRESENTATION_ITEM ( )  RATIONAL_B_SPLINE_SURFACE ( (
 ( 1.000000000000000000, 0.4743521123180107213, 0.4743521123180107213, 1.000000000000000000),
 ( 0.8312495820341851971, 0.3943049951013792853, 0.3943049951013792853, 0.8312495820341851971),
 ( 0.8312495820341851971, 0.3943049951013792853, 0.3943049951013792853, 0.8312495820341851971),
 ( 1.000000000000000000, 0.4743521123180107213, 0.4743521123180107213, 1.000000000000000000) ) ) 
 REPRESENTATION_ITEM ( '' )  SURFACE ( )  );
#1678 = PLANE ( 'NONE',  #3536 ) ;
#1679 = AXIS2_PLACEMENT_3D ( 'NONE', #166, #3709, #5560 ) ;
#1680 = DIRECTION ( 'NONE',  ( -1.000000000000000000, 9.136576017758483468E-16, 0.0000000000000000000 ) ) ;
#1681 = EDGE_CURVE ( 'NONE', #3882, #6331, #6158, .T. ) ;
#1682 = VERTEX_POINT ( 'NONE', #1253 ) ;
#1683 = CARTESIAN_POINT ( 'NONE',  ( 0.8535898384862233845, 6.599999999999999645, -3.140000000000000568 ) ) ;
#1684 = FACE_OUTER_BOUND ( 'NONE', #3571, .T. ) ;
#1685 = ADVANCED_FACE ( 'NONE', ( #3610 ), #178, .T. ) ;
#1686 = FACE_OUTER_BOUND ( 'NONE', #2824, .T. ) ;
#1687 = CIRCLE ( 'NONE', #5254, 0.8000000000000003775 ) ;
#1688 = CARTESIAN_POINT ( 'NONE',  ( 4.950000000000678746, 12.72522597148189583, 6.738022933191346375 ) ) ;
#1689 = CARTESIAN_POINT ( 'NONE',  ( 9.250000000000000000, 2.199999999999990852, -3.780000000000001137 ) ) ;
#1690 = DATE_AND_TIME ( #2789, #845 ) ;
#1691 = VERTEX_POINT ( 'NONE', #1868 ) ;
#1692 = ADVANCED_FACE ( 'NONE', ( #4224 ), #6571, .T. ) ;
#1693 = PLANE ( 'NONE',  #1592 ) ;
#1694 = CARTESIAN_POINT ( 'NONE',  ( 7.010966932452109113, 12.73499999999999766, 4.285277722835901137 ) ) ;
#1695 = ADVANCED_FACE ( 'NONE', ( #1408 ), #4925, .T. ) ;
#1696 = LINE ( 'NONE', #21, #5549 ) ;
#1697 = DIRECTION ( 'NONE',  ( -9.136576017787371555E-16, -1.000000000000000000, -2.086925533220183900E-31 ) ) ;
#1698 = PRODUCT_DEFINITION_FORMATION_WITH_SPECIFIED_SOURCE ( 'ANY', '', #7190, .NOT_KNOWN. ) ;
#1699 = ORIENTED_EDGE ( 'NONE', *, *, #6975, .F. ) ;
#1700 = LOCAL_TIME ( 21, 42, 48.00000000000000000, #3854 ) ;
#1701 = DIRECTION ( 'NONE',  ( 0.0000000000000000000, 0.0000000000000000000, -1.000000000000000000 ) ) ;
#1702 = EDGE_LOOP ( 'NONE', ( #1482, #2886, #1439, #3390, #6923, #6210 ) ) ;
#1703 = DIRECTION ( 'NONE',  ( 0.4472135954999588159, -0.0000000000000000000, 0.8944271909999155223 ) ) ;
#1704 = VECTOR ( 'NONE', #3844, 1000.000000000000000 ) ;
#1705 = CARTESIAN_POINT ( 'NONE',  ( 4.950000000004741274, 12.68578847567073709, 6.780703200956244459 ) ) ;
#1706 = DIRECTION ( 'NONE',  ( 1.000000000000000000, 0.0000000000000000000, 0.0000000000000000000 ) ) ;
#1707 = CARTESIAN_POINT ( 'NONE',  ( 5.749999999999319655, 12.72522597148189405, -1.658022933191344750 ) ) ;
#1708 = AXIS2_PLACEMENT_3D ( 'NONE', #4331, #2601, #2716 ) ;
#1709 = ORIENTED_EDGE ( 'NONE', *, *, #2694, .F. ) ;
#1710 = ORIENTED_EDGE ( 'NONE', *, *, #4149, .T. ) ;
#1711 = EDGE_CURVE ( 'NONE', #3143, #4373, #6764, .T. ) ;
#1712 = ORIENTED_EDGE ( 'NONE', *, *, #5228, .F. ) ;
#1713 = ORIENTED_EDGE ( 'NONE', *, *, #2171, .F. ) ;
#1714 = VECTOR ( 'NONE', #4774, 1000.000000000000000 ) ;
#1715 = DIRECTION ( 'NONE',  ( 1.000000000000000000, 0.0000000000000000000, 0.0000000000000000000 ) ) ;
#1716 = VECTOR ( 'NONE', #1162, 1000.000000000000000 ) ;
#1717 = DIRECTION ( 'NONE',  ( 1.794541526872530066E-14, -0.0000000000000000000, -1.000000000000000000 ) ) ;
#1718 = DIRECTION ( 'NONE',  ( -1.000000000000000000, 9.130123557772668088E-16, 0.0000000000000000000 ) ) ;
#1719 = AXIS2_PLACEMENT_3D ( 'NONE', #2236, #5703, #3817 ) ;
#1720 = VECTOR ( 'NONE', #872, 1000.000000000000000 ) ;
#1721 = CARTESIAN_POINT ( 'NONE',  ( 5.349999999999999645, 10.44999999999999929, -5.080000000000000071 ) ) ;
#1722 = ORIENTED_EDGE ( 'NONE', *, *, #5329, .F. ) ;
#1723 =( BOUNDED_CURVE ( )  B_SPLINE_CURVE ( 3, ( #6583, #2806, #3345, #5191 ),
 .UNSPECIFIED., .F., .F. ) 
 B_SPLINE_CURVE_WITH_KNOTS ( ( 4, 4 ),
 ( 0.0000000000000000000, 1.000000000000000000 ),
 .UNSPECIFIED. ) 
 CURVE ( )  GEOMETRIC_REPRESENTATION_ITEM ( )  RATIONAL_B_SPLINE_CURVE ( ( 1.000000000000000000, 0.8584414868985700275, 0.8584414868985700275, 1.000000000000000000 ) ) 
 REPRESENTATION_ITEM ( '' )  );
#1724 = DIRECTION ( 'NONE',  ( 1.000000000000000000, -9.136576017787367610E-16, 0.0000000000000000000 ) ) ;
#1725 = LINE ( 'NONE', #2346, #4696 ) ;
#1726 = CARTESIAN_POINT ( 'NONE',  ( 10.25000000000000000, 0.0000000000000000000, -2.540000000000000480 ) ) ;
#1727 = VECTOR ( 'NONE', #6087, 1000.000000000000000 ) ;
#1728 = CIRCLE ( 'NONE', #5796, 0.2999999999999999334 ) ;
#1729 = CARTESIAN_POINT ( 'NONE',  ( 4.949999999999999289, 11.93499999999701977, 6.879211327335720938 ) ) ;
#1730 = EDGE_CURVE ( 'NONE', #6233, #2466, #7296, .T. ) ;
#1731 = LINE ( 'NONE', #544, #3663 ) ;
#1732 = CALENDAR_DATE ( 2019, 21, 10 ) ;
#1733 = ORIENTED_EDGE ( 'NONE', *, *, #6393, .F. ) ;
#1734 = CIRCLE ( 'NONE', #6416, 1.760296020627533320 ) ;
#1735 = AXIS2_PLACEMENT_3D ( 'NONE', #7047, #4160, #5234 ) ;
#1736 = CARTESIAN_POINT ( 'NONE',  ( 9.250000000000000000, 7.599999999999998757, 7.619999999999999218 ) ) ;
#1737 = CARTESIAN_POINT ( 'NONE',  ( 8.557209438086390563, 6.599999999999999645, 7.129999999999999893 ) ) ;
#1738 = CARTESIAN_POINT ( 'NONE',  ( 4.499999999999606537, -0.05000000078158019917, 4.279999999999941629 ) ) ;
#1739 = ADVANCED_FACE ( 'NONE', ( #6106 ), #5578, .F. ) ;
#1740 = VECTOR ( 'NONE', #4680, 1000.000000000000000 ) ;
#1741 = ADVANCED_FACE ( 'NONE', ( #831 ), #911, .T. ) ;
#1742 = CARTESIAN_POINT ( 'NONE',  ( 5.749999999999992006, 12.73499999999999943, -5.080000000000000071 ) ) ;
#1743 = ORIENTED_EDGE ( 'NONE', *, *, #2455, .F. ) ;
#1744 = ADVANCED_FACE ( 'NONE', ( #2022 ), #7258, .F. ) ;
#1745 = CARTESIAN_POINT ( 'NONE',  ( 5.749999999999845457, 12.71295948527745345, 1.677530025091304111 ) ) ;
#1746 = VERTEX_POINT ( 'NONE', #5536 ) ;
#1747 = LINE ( 'NONE', #2521, #261 ) ;
#1748 = CARTESIAN_POINT ( 'NONE',  ( 5.300000000000014921, -4.770489558936219510E-15, -0.5041960109771753684 ) ) ;
#1749 = CARTESIAN_POINT ( 'NONE',  ( 5.349999999999999645, 11.23499999999999943, 0.0000000000000000000 ) ) ;
#1750 = CARTESIAN_POINT ( 'NONE',  ( 3.449999999999989964, 11.43500000000000227, -5.080000000000000071 ) ) ;
#1751 = CARTESIAN_POINT ( 'NONE',  ( 9.250000000000000000, 6.299999999999999822, -1.299999999999999822 ) ) ;
#1752 = ORIENTED_EDGE ( 'NONE', *, *, #5886, .F. ) ;
#1753 = EDGE_CURVE ( 'NONE', #2486, #451, #3947, .T. ) ;
#1754 = VERTEX_POINT ( 'NONE', #4339 ) ;
#1755 = VERTEX_POINT ( 'NONE', #5646 ) ;
#1756 = ORIENTED_EDGE ( 'NONE', *, *, #6463, .T. ) ;
#1757 = CARTESIAN_POINT ( 'NONE',  ( 10.25000000000000000, 6.799999999999999822, 7.620000000000000107 ) ) ;
#1758 = LINE ( 'NONE', #3000, #6787 ) ;
#1759 = DIRECTION ( 'NONE',  ( 0.0000000000000000000, 0.0000000000000000000, -1.000000000000000000 ) ) ;
#1760 = CARTESIAN_POINT ( 'NONE',  ( 8.332042833102427437, 6.599999999999999645, 7.000000000000000888 ) ) ;
#1761 = VERTEX_POINT ( 'NONE', #2615 ) ;
#1762 = DIRECTION ( 'NONE',  ( -9.136576017787373527E-16, -1.000000000000000000, -2.086925533220183900E-31 ) ) ;
#1763 = PLANE ( 'NONE',  #3351 ) ;
#1764 = DIRECTION ( 'NONE',  ( -1.000000000000000000, 3.338853781347929776E-28, -1.794541526872530066E-14 ) ) ;
#1765 = FACE_OUTER_BOUND ( 'NONE', #2801, .T. ) ;
#1766 = COORDINATED_UNIVERSAL_TIME_OFFSET ( 0, 0, .AHEAD. ) ;
#1767 = VERTEX_POINT ( 'NONE', #5494 ) ;
#1768 =( BOUNDED_SURFACE ( )  B_SPLINE_SURFACE ( 3, 3, ( 
 ( #5516, #312, #2082, #395 ),
 ( #3974, #6205, #6899, #5055 ),
 ( #7396, #2860, #1618, #4590 ),
 ( #5707, #6321, #6351, #3395 ) ),
 .UNSPECIFIED., .F., .F., .F. ) 
 B_SPLINE_SURFACE_WITH_KNOTS ( ( 4, 4 ),
 ( 4, 4 ),
 ( 0.0000000000000000000, 1.000000000000000000 ),
 ( 0.0000000000000000000, 1.000000000000000000 ),
 .UNSPECIFIED. ) 
 GEOMETRIC_REPRESENTATION_ITEM ( )  RATIONAL_B_SPLINE_SURFACE ( (
 ( 1.000000000000000000, 0.8538861257352946543, 0.8538861257352946543, 1.000000000000000000),
 ( 0.8312495820436712757, 0.7097924851303534233, 0.7097924851303534233, 0.8312495820436712757),
 ( 0.8312495820436712757, 0.7097924851303534233, 0.7097924851303534233, 0.8312495820436712757),
 ( 1.000000000000000000, 0.8538861257352946543, 0.8538861257352946543, 1.000000000000000000) ) ) 
 REPRESENTATION_ITEM ( '' )  SURFACE ( )  );
#1769 = CARTESIAN_POINT ( 'NONE',  ( 4.950000000004743050, 12.69570467254462187, 1.694697213584751339 ) ) ;
#1770 = CARTESIAN_POINT ( 'NONE',  ( 4.499999999999984901, -0.05000000078162009781, 0.8000000000001240563 ) ) ;
#1771 = DIRECTION ( 'NONE',  ( -0.8164965809277258124, 0.4082482904638639054, 0.4082482904638624621 ) ) ;
#1772 = LINE ( 'NONE', #663, #5015 ) ;
#1773 = EDGE_LOOP ( 'NONE', ( #1405, #5721, #6107, #6915, #818, #5799, #3191, #4256 ) ) ;
#1774 = CARTESIAN_POINT ( 'NONE',  ( 5.299999999999990052, -0.05000000078161020295, -4.579999999999880167 ) ) ;
#1775 = ORIENTED_EDGE ( 'NONE', *, *, #5559, .F. ) ;
#1776 = EDGE_CURVE ( 'NONE', #6957, #5882, #6723, .T. ) ;
#1777 = CARTESIAN_POINT ( 'NONE',  ( 4.950000000000131628, 12.73279737082321894, 3.443543654667029941 ) ) ;
#1778 = EDGE_CURVE ( 'NONE', #632, #7374, #868, .T. ) ;
#1779 = CYLINDRICAL_SURFACE ( 'NONE', #980, 1.975000000000000089 ) ;
#1780 = FACE_BOUND ( 'NONE', #141, .T. ) ;
#1781 = CARTESIAN_POINT ( 'NONE',  ( 1.942790561913620095, 6.600000000000010303, 7.129999999999999893 ) ) ;
#1782 = LINE ( 'NONE', #3639, #2356 ) ;
#1783 = ORIENTED_EDGE ( 'NONE', *, *, #4518, .F. ) ;
#1784 = ORIENTED_EDGE ( 'NONE', *, *, #4522, .F. ) ;
#1785 = EDGE_CURVE ( 'NONE', #6047, #2624, #1230, .T. ) ;
#1786 = CARTESIAN_POINT ( 'NONE',  ( 5.299999999999995381, -0.05000000078161231931, 5.580000000000127969 ) ) ;
#1787 = ORIENTED_EDGE ( 'NONE', *, *, #4711, .F. ) ;
#1788 = ORIENTED_EDGE ( 'NONE', *, *, #3665, .T. ) ;
#1789 = LINE ( 'NONE', #1757, #7502 ) ;
#1790 = EDGE_CURVE ( 'NONE', #6827, #6132, #6145, .T. ) ;
#1791 = CARTESIAN_POINT ( 'NONE',  ( 2.167957166897568566, 6.599999999999999645, 6.999999999999999112 ) ) ;
#1792 = VECTOR ( 'NONE', #5104, 1000.000000000000000 ) ;
#1793 = CARTESIAN_POINT ( 'NONE',  ( 10.25000000000000000, 0.0000000000000000000, 0.5041960109772678500 ) ) ;
#1794 = DIRECTION ( 'NONE',  ( -2.501911041408800138E-16, -1.000000000000000000, 0.0000000000000000000 ) ) ;
#1795 = ORIENTED_EDGE ( 'NONE', *, *, #3384, .T. ) ;
#1796 = AXIS2_PLACEMENT_3D ( 'NONE', #1781, #6486, #2327 ) ;
#1797 = ORIENTED_EDGE ( 'NONE', *, *, #1810, .F. ) ;
#1798 = LINE ( 'NONE', #5969, #6643 ) ;
#1799 = LINE ( 'NONE', #5892, #2608 ) ;
#1800 = CARTESIAN_POINT ( 'NONE',  ( 9.250000000000000000, 6.299999999999999822, -1.299999999999999822 ) ) ;
#1801 = CARTESIAN_POINT ( 'NONE',  ( 5.701341293122029974, 12.73499999999999588, -6.703382409183597623 ) ) ;
#1802 = CIRCLE ( 'NONE', #5631, 0.2000000000000000944 ) ;
#1803 = ITEM_DEFINED_TRANSFORMATION ( 'NONE', 'NONE', #2314,  #6010 ) ;
#1804 = EDGE_LOOP ( 'NONE', ( #1107, #2379, #213, #1939 ) ) ;
#1805 = CARTESIAN_POINT ( 'NONE',  ( 7.248658176329017877, 11.45812853167897138, 5.079999999999999183 ) ) ;
#1806 = DIRECTION ( 'NONE',  ( -0.8660254037844380415, 0.0000000000000000000, 0.5000000000000009992 ) ) ;
#1807 = VECTOR ( 'NONE', #3467, 1000.000000000000000 ) ;
#1808 = CARTESIAN_POINT ( 'NONE',  ( 7.325000000000000178, 10.44999999999999929, 5.080000000000000071 ) ) ;
#1809 = LINE ( 'NONE', #1742, #7346 ) ;
#1810 = EDGE_CURVE ( 'NONE', #90, #5429, #5056, .T. ) ;
#1811 = ORIENTED_EDGE ( 'NONE', *, *, #1730, .F. ) ;
#1812 = CARTESIAN_POINT ( 'NONE',  ( 9.250000000000000000, 2.200000000000010836, 6.379999999999998117 ) ) ;
#1813 = ORIENTED_EDGE ( 'NONE', *, *, #6122, .F. ) ;
#1814 = CARTESIAN_POINT ( 'NONE',  ( 4.950000000000073896, 12.72947253920386856, 3.432234320928129634 ) ) ;
#1815 = DIRECTION ( 'NONE',  ( -1.000000000000000000, 0.0000000000000000000, 0.0000000000000000000 ) ) ;
#1816 = LOCAL_TIME ( 21, 42, 48.00000000000000000, #2823 ) ;
#1817 = CARTESIAN_POINT ( 'NONE',  ( 9.250000000000000000, 7.599999999999998757, -7.620000000000002771 ) ) ;
#1818 = CARTESIAN_POINT ( 'NONE',  ( 7.010966932452110889, 12.73499999999999766, 5.080000000000000071 ) ) ;
#1819 = DIRECTION ( 'NONE',  ( 3.334909476821824268E-28, 1.000000000000000000, 5.984633544517506745E-42 ) ) ;
#1820 = EDGE_CURVE ( 'NONE', #6815, #489, #3261, .T. ) ;
#1821 = VERTEX_POINT ( 'NONE', #6072 ) ;
#1822 = ORIENTED_EDGE ( 'NONE', *, *, #6928, .T. ) ;
#1823 = EDGE_LOOP ( 'NONE', ( #1743, #2007, #1722, #881, #1028, #4173, #4686, #716, #6446, #2954, #1380, #4762, #2928, #2109, #6874, #6425, #3983, #2461, #7360 ) ) ;
#1824 = ORIENTED_EDGE ( 'NONE', *, *, #6499, .F. ) ;
#1825 = DIRECTION ( 'NONE',  ( 0.7071067811865470176, 0.7071067811865480168, 0.0000000000000000000 ) ) ;
#1826 = LINE ( 'NONE', #1791, #5920 ) ;
#1827 = CIRCLE ( 'NONE', #1105, 1.898658176328942071 ) ;
#1828 = EDGE_CURVE ( 'NONE', #2386, #6083, #3298, .T. ) ;
#1829 = EDGE_CURVE ( 'NONE', #1209, #1540, #369, .T. ) ;
#1830 = DIRECTION ( 'NONE',  ( 1.000000000000000000, 0.0000000000000000000, 1.224646799147355919E-16 ) ) ;
#1831 = B_SPLINE_CURVE_WITH_KNOTS ( 'NONE', 3,
 ( #6636, #705, #5484, #745 ),
 .UNSPECIFIED., .F., .F.,
 ( 4, 4 ),
 ( 2.697416390625426495E-15, 0.0007166189195523932440 ),
 .UNSPECIFIED. ) ;
#1832 = ADVANCED_FACE ( 'NONE', ( #2728 ), #3822, .T. ) ;
#1833 = CARTESIAN_POINT ( 'NONE',  ( -0.6999999999999999556, -2.700000000000009948, 5.580000000000000071 ) ) ;
#1834 = EDGE_LOOP ( 'NONE', ( #1179, #4110, #4310, #2610 ) ) ;
#1835 = VECTOR ( 'NONE', #5595, 1000.000000000000000 ) ;
#1836 = VERTEX_POINT ( 'NONE', #3144 ) ;
#1837 = DIRECTION ( 'NONE',  ( 0.0000000000000000000, 1.000000000000000000, 0.0000000000000000000 ) ) ;
#1838 = DIRECTION ( 'NONE',  ( -1.084202172485509956E-15, -1.000000000000000000, 0.0000000000000000000 ) ) ;
#1839 = DIRECTION ( 'NONE',  ( 1.000000000000000000, -3.338853781347929776E-28, 1.794541526872530066E-14 ) ) ;
#1840 = UNCERTAINTY_MEASURE_WITH_UNIT (LENGTH_MEASURE( 1.000000000000000082E-05 ), #5808, 'distance_accuracy_value', 'NONE');
#1841 = AXIS2_PLACEMENT_3D ( 'NONE', #7569, #2919, #40 ) ;
#1842 = DIRECTION ( 'NONE',  ( -1.734723475976806779E-14, 0.0000000000000000000, 1.000000000000000000 ) ) ;
#1843 = AXIS2_PLACEMENT_3D ( 'NONE', #6647, #6222, #946 ) ;
#1844 = APPROVAL_STATUS ( 'not_yet_approved' ) ;
#1845 = ADVANCED_FACE ( 'NONE', ( #2571 ), #2802, .F. ) ;
#1846 = CARTESIAN_POINT ( 'NONE',  ( 4.950000000000001066, 12.73499999999999943, 1.623854585596241629 ) ) ;
#1847 = VECTOR ( 'NONE', #4162, 1000.000000000000000 ) ;
#1848 = DIRECTION ( 'NONE',  ( -0.0000000000000000000, -1.000000000000000000, -0.0000000000000000000 ) ) ;
#1849 = VECTOR ( 'NONE', #5829, 1000.000000000000000 ) ;
#1850 = DIRECTION ( 'NONE',  ( -1.171453342316279939E-15, -1.000000000000000000, 0.0000000000000000000 ) ) ;
#1851 = LINE ( 'NONE', #5284, #5505 ) ;
#1852 = EDGE_CURVE ( 'NONE', #5877, #5755, #5761, .T. ) ;
#1853 = CARTESIAN_POINT ( 'NONE',  ( 3.595871267840948349, 12.69953703111901433, 5.079999999999997407 ) ) ;
#1854 = VECTOR ( 'NONE', #877, 1000.000000000000000 ) ;
#1855 = CIRCLE ( 'NONE', #4821, 1.898658176328942071 ) ;
#1856 = EDGE_LOOP ( 'NONE', ( #5428, #6857, #2808, #3652 ) ) ;
#1857 = CARTESIAN_POINT ( 'NONE',  ( 5.721047637986546697, 12.69953703112069299, 1.714436134512855814 ) ) ;
#1858 = ORIENTED_EDGE ( 'NONE', *, *, #1820, .T. ) ;
#1859 = CARTESIAN_POINT ( 'NONE',  ( 2.399999999999999911, 14.00000000000000000, 7.620000000000000107 ) ) ;
#1860 = CARTESIAN_POINT ( 'NONE',  ( 1.078756443470130000, 6.599999999999999645, -3.140000000000000124 ) ) ;
#1861 = AXIS2_PLACEMENT_3D ( 'NONE', #2372, #4105, #3522 ) ;
#1862 = DIRECTION ( 'NONE',  ( -0.0000000000000000000, -0.0000000000000000000, -1.000000000000000000 ) ) ;
#1863 = CARTESIAN_POINT ( 'NONE',  ( 3.451341823670963205, 11.45812853167897671, -5.080000000000000071 ) ) ;
#1864 = DIRECTION ( 'NONE',  ( -1.734723475976807410E-14, 5.330660681387064782E-15, 1.000000000000000000 ) ) ;
#1865 = ORIENTED_EDGE ( 'NONE', *, *, #390, .F. ) ;
#1866 = CARTESIAN_POINT ( 'NONE',  ( 8.085622008323793963, 12.64656426582414817, 1.208992099810588750 ) ) ;
#1867 = VERTEX_POINT ( 'NONE', #5106 ) ;
#1868 = CARTESIAN_POINT ( 'NONE',  ( 4.499999999999804601, -0.05000000078158020611, 4.579999999999981419 ) ) ;
#1869 = ORIENTED_EDGE ( 'NONE', *, *, #2358, .F. ) ;
#1870 = EDGE_CURVE ( 'NONE', #553, #6300, #2964, .T. ) ;
#1871 = ORIENTED_EDGE ( 'NONE', *, *, #6313, .T. ) ;
#1872 = CARTESIAN_POINT ( 'NONE',  ( 1.249999999999999334, 10.00000000000000000, -7.620000000000000107 ) ) ;
#1873 = CARTESIAN_POINT ( 'NONE',  ( 4.963811392465976802, 12.64656426582076598, -1.717410969924603847 ) ) ;
#1874 = VERTEX_POINT ( 'NONE', #5800 ) ;
#1875 = PLANE ( 'NONE',  #5498 ) ;
#1876 = EDGE_LOOP ( 'NONE', ( #5268, #5728, #5748, #6089 ) ) ;
#1877 = VERTEX_POINT ( 'NONE', #3451 ) ;
#1878 = EDGE_CURVE ( 'NONE', #3908, #6249, #6261, .T. ) ;
#1879 = DIRECTION ( 'NONE',  ( 0.0000000000000000000, 1.000000000000000000, 1.889646980599319876E-14 ) ) ;
#1880 = CARTESIAN_POINT ( 'NONE',  ( 10.25000000000000000, 6.799999999999999822, 3.279999999999999805 ) ) ;
#1881 = EDGE_CURVE ( 'NONE', #5608, #2486, #6524, .T. ) ;
#1882 = EDGE_CURVE ( 'NONE', #3890, #5429, #1484, .T. ) ;
#1883 = CARTESIAN_POINT ( 'NONE',  ( 4.195177830238135286, 12.73500000000000298, 6.522761435272224517 ) ) ;
#1884 = DIRECTION ( 'NONE',  ( -1.000000000000000000, 0.0000000000000000000, -0.0000000000000000000 ) ) ;
#1885 =( BOUNDED_CURVE ( )  B_SPLINE_CURVE ( 3, ( #3247, #7281, #1468, #4398 ),
 .UNSPECIFIED., .F., .F. ) 
 B_SPLINE_CURVE_WITH_KNOTS ( ( 4, 4 ),
 ( 0.5000000007378365696, 1.000000000000000000 ),
 .UNSPECIFIED. ) 
 CURVE ( )  GEOMETRIC_REPRESENTATION_ITEM ( )  RATIONAL_B_SPLINE_CURVE ( ( 1.000000000000000000, 0.8584414873009038605, 0.8584414873009038605, 1.000000000000000000 ) ) 
 REPRESENTATION_ITEM ( '' )  );
#1886 = CARTESIAN_POINT ( 'NONE',  ( 7.249999999999994671, 11.43499999999999694, 8.880000000000002558 ) ) ;
#1887 = DIRECTION ( 'NONE',  ( 1.794541526872530066E-14, 1.889646980599319876E-14, -1.000000000000000000 ) ) ;
#1888 = EDGE_CURVE ( 'NONE', #4283, #7371, #524, .T. ) ;
#1889 = CARTESIAN_POINT ( 'NONE',  ( 0.8535898384862232735, 0.0000000000000000000, -8.220000000000000639 ) ) ;
#1890 = DIRECTION ( 'NONE',  ( -0.0000000000000000000, -0.0000000000000000000, 1.000000000000000000 ) ) ;
#1891 = ORIENTED_EDGE ( 'NONE', *, *, #3464, .F. ) ;
#1892 = DIRECTION ( 'NONE',  ( -1.000000000000000000, 0.0000000000000000000, 0.0000000000000000000 ) ) ;
#1893 = LINE ( 'NONE', #669, #6291 ) ;
#1894 = CARTESIAN_POINT ( 'NONE',  ( 7.249999999999991118, 11.43499999999999872, -5.080000000000000959 ) ) ;
#1895 = CARTESIAN_POINT ( 'NONE',  ( 4.950000000000133404, 12.73420261174138268, -6.705065273783485935 ) ) ;
#1896 = DIRECTION ( 'NONE',  ( 1.000000000000000000, -0.0000000000000000000, 0.0000000000000000000 ) ) ;
#1897 = LINE ( 'NONE', #1283, #5301 ) ;
#1898 = EDGE_LOOP ( 'NONE', ( #4907, #3026, #3898, #4101 ) ) ;
#1899 = CARTESIAN_POINT ( 'NONE',  ( 8.014137117667724297, 12.73499999999999766, 1.177399771705302634 ) ) ;
#1900 = VERTEX_POINT ( 'NONE', #5836 ) ;
#1901 = CARTESIAN_POINT ( 'NONE',  ( 8.689999999999999503, 6.599999999999999645, 7.620000000000000107 ) ) ;
#1902 = ORIENTED_EDGE ( 'NONE', *, *, #2831, .T. ) ;
#1903 = CARTESIAN_POINT ( 'NONE',  ( 4.950000000000131628, 12.73279737082324736, 3.443543654667158282 ) ) ;
#1904 = PLANE ( 'NONE',  #2363 ) ;
#1905 = DIRECTION ( 'NONE',  ( -0.4472135954999588159, 0.0000000000000000000, 0.8944271909999155223 ) ) ;
#1906 = ORIENTED_EDGE ( 'NONE', *, *, #4814, .F. ) ;
#1907 = EDGE_CURVE ( 'NONE', #4346, #1285, #6335, .T. ) ;
#1908 = CARTESIAN_POINT ( 'NONE',  ( 4.950000000003960565, 12.66532890578434589, 1.710780456545833106 ) ) ;
#1909 = ORIENTED_EDGE ( 'NONE', *, *, #6756, .T. ) ;
#1910 = ORIENTED_EDGE ( 'NONE', *, *, #6492, .T. ) ;
#1911 = CARTESIAN_POINT ( 'NONE',  ( 9.250000000000000000, 6.299999999999999822, 3.779999999999999805 ) ) ;
#1912 = CARTESIAN_POINT ( 'NONE',  ( 4.950000000002678924, 12.71195981187718616, -3.402202841126639843 ) ) ;
#1913 = VECTOR ( 'NONE', #4248, 1000.000000000000000 ) ;
#1914 = B_SPLINE_CURVE_WITH_KNOTS ( 'NONE', 3,
 ( #3910, #7485, #2216, #4569 ),
 .UNSPECIFIED., .F., .F.,
 ( 4, 4 ),
 ( 3.411991864460203497E-15, 0.0007166189195539830097 ),
 .UNSPECIFIED. ) ;
#1915 = CARTESIAN_POINT ( 'NONE',  ( 4.949999999999999289, 12.64656426582933335, 6.794246796768621088 ) ) ;
#1916 = CARTESIAN_POINT ( 'NONE',  ( 8.076037614647820106, 12.69953703112068411, -6.284756333247967675 ) ) ;
#1917 = EDGE_CURVE ( 'NONE', #7524, #762, #981, .T. ) ;
#1918 = PERSON_AND_ORGANIZATION_ROLE ( 'classification_officer' ) ;
#1919 = VECTOR ( 'NONE', #4921, 1000.000000000000000 ) ;
#1920 = CONICAL_SURFACE ( 'NONE', #6237, 1.898658176322939983, 0.1159019745381328903 ) ;
#1921 = DIRECTION ( 'NONE',  ( 0.5000000000000022204, 0.0000000000000000000, -0.8660254037844373753 ) ) ;
#1922 = CARTESIAN_POINT ( 'NONE',  ( 5.749999999999992895, 12.73499999999999943, 6.692082860990527848 ) ) ;
#1923 = AXIS2_PLACEMENT_3D ( 'NONE', #5520, #5017, #1926 ) ;
#1924 = CARTESIAN_POINT ( 'NONE',  ( 7.249999999999992006, 11.31784271247447471, -3.800000000000002043 ) ) ;
#1925 =( BOUNDED_SURFACE ( )  B_SPLINE_SURFACE ( 3, 3, ( 
 ( #3230, #1491, #759, #3845 ),
 ( #6192, #1411, #332, #1333 ),
 ( #4301, #7337, #7263, #2618 ),
 ( #2063, #3148, #914, #5581 ) ),
 .UNSPECIFIED., .F., .F., .T. ) 
 B_SPLINE_SURFACE_WITH_KNOTS ( ( 4, 4 ),
 ( 4, 4 ),
 ( 0.0000000000000000000, 1.000000000000000000 ),
 ( 0.0000000000000000000, 1.000000000000000000 ),
 .UNSPECIFIED. ) 
 GEOMETRIC_REPRESENTATION_ITEM ( )  RATIONAL_B_SPLINE_SURFACE ( (
 ( 1.000000000000000000, 0.3333333333333334259, 0.3333333333333334259, 1.000000000000000000),
 ( 0.9988808742757321335, 0.3329602914252441370, 0.3329602914252441370, 0.9988808742757321335),
 ( 0.9988808742757321335, 0.3329602914252441370, 0.3329602914252441370, 0.9988808742757321335),
 ( 1.000000000000000000, 0.3333333333333334259, 0.3333333333333334259, 1.000000000000000000) ) ) 
 REPRESENTATION_ITEM ( '' )  SURFACE ( )  );
#1926 = DIRECTION ( 'NONE',  ( 1.000000000000000000, 0.0000000000000000000, 0.0000000000000000000 ) ) ;
#1927 = ADVANCED_FACE ( 'NONE', ( #6877 ), #3056, .T. ) ;
#1928 = CARTESIAN_POINT ( 'NONE',  ( 0.0000000000000000000, 0.0000000000000000000, -40.64000000000000057 ) ) ;
#1929 = ORIENTED_EDGE ( 'NONE', *, *, #4596, .T. ) ;
#1930 = CARTESIAN_POINT ( 'NONE',  ( 4.950000000000072120, 12.72445880131357931, -1.658090098932130552 ) ) ;
#1931 = VECTOR ( 'NONE', #4931, 1000.000000000000000 ) ;
#1932 = EDGE_CURVE ( 'NONE', #561, #3310, #1914, .T. ) ;
#1933 = CARTESIAN_POINT ( 'NONE',  ( 4.178667266375339473, 12.73499999999999588, 6.500694998172928507 ) ) ;
#1934 = DIRECTION ( 'NONE',  ( 0.4999999999999999445, 0.0000000000000000000, -0.8660254037844387076 ) ) ;
#1935 = DIRECTION ( 'NONE',  ( 1.000000000000000000, 0.0000000000000000000, 0.0000000000000000000 ) ) ;
#1936 = CARTESIAN_POINT ( 'NONE',  ( 5.300000000000021139, -0.05000000078158019917, 4.279999999999956728 ) ) ;
#1937 = AXIS2_PLACEMENT_3D ( 'NONE', #3959, #6306, #5727 ) ;
#1938 = LINE ( 'NONE', #6640, #3587 ) ;
#1939 = ORIENTED_EDGE ( 'NONE', *, *, #469, .T. ) ;
#1940 = CARTESIAN_POINT ( 'NONE',  ( 10.25000000000000000, 1.699999999999989742, 7.620000000000000107 ) ) ;
#1941 = ORIENTED_EDGE ( 'NONE', *, *, #5709, .T. ) ;
#1942 = DIRECTION ( 'NONE',  ( 1.000000000000000000, -9.136576017787367610E-16, 0.0000000000000000000 ) ) ;
#1943 = PRODUCT_DEFINITION_FORMATION_WITH_SPECIFIED_SOURCE ( 'ANY', '', #1164, .NOT_KNOWN. ) ;
#1944 = ORIENTED_EDGE ( 'NONE', *, *, #7562, .F. ) ;
#1945 = ORIENTED_EDGE ( 'NONE', *, *, #5087, .T. ) ;
#1946 = CARTESIAN_POINT ( 'NONE',  ( 4.949999999999991296, 12.73499999999999943, 1.612082860990528665 ) ) ;
#1947 = CARTESIAN_POINT ( 'NONE',  ( 3.589703979381176246, 12.64656426582076776, -0.8586120530780116944 ) ) ;
#1948 = ADVANCED_FACE ( 'NONE', ( #6916 ), #411, .T. ) ;
#1949 = VERTEX_POINT ( 'NONE', #2837 ) ;
#1950 = EDGE_LOOP ( 'NONE', ( #6482, #5960, #1558, #4099 ) ) ;
#1951 = FACE_OUTER_BOUND ( 'NONE', #857, .T. ) ;
#1952 = ORIENTED_EDGE ( 'NONE', *, *, #434, .T. ) ;
#1953 = VERTEX_POINT ( 'NONE', #6413 ) ;
#1954 = FACE_OUTER_BOUND ( 'NONE', #3171, .T. ) ;
#1955 = CARTESIAN_POINT ( 'NONE',  ( 4.950000000003960565, 12.65172273822438775, -3.366475062076581981 ) ) ;
#1956 = CLOSED_SHELL ( 'NONE', ( #3763, #1525, #2215, #4008, #7154, #2605, #3348, #696, #6304, #932, #944, #1832, #4233, #3478, #4831, #5317, #457, #3296, #1550, #7480, #6410, #5449, #3355, #1982, #6686, #2593, #4392, #4426, #7537, #5982, #6449, #5885, #5097, #2861, #3873, #7398, #5749, #386, #5402, #2024, #2398, #6081, #2982, #3674, #5894, #3690, #67, #1217, #494, #7435, #7015, #5978, #2922, #2509, #7255, #1367, #7295, #6022, #4917, #5652, #6653, #994, #4666, #2548, #4519, #6876, #4891, #478, #1004, #240, #2407, #6224, #6878, #904, #6852, #6930, #7241, #7476, #5367, #4825, #3831, #6538, #2751, #110, #5135, #2260, #2780, #4280, #4491, #7110, #2838 ) ) ;
#1957 = PRODUCT_DEFINITION ( 'UNKNOWN', '', #1943, #3545 ) ;
#1958 = CARTESIAN_POINT ( 'NONE',  ( 1.810000000000000941, 6.799999999999999822, 7.620000000000000107 ) ) ;
#1959 = CARTESIAN_POINT ( 'NONE',  ( 8.085622008323127829, 12.64656426582414461, -6.288992099812091396 ) ) ;
#1960 = CIRCLE ( 'NONE', #7004, 0.2000000000000000944 ) ;
#1961 = DIRECTION ( 'NONE',  ( 0.0000000000000000000, -0.0000000000000000000, 1.000000000000000000 ) ) ;
#1962 = LINE ( 'NONE', #4322, #6408 ) ;
#1963 = ADVANCED_FACE ( 'NONE', ( #5185 ), #4751, .F. ) ;
#1964 = AXIS2_PLACEMENT_3D ( 'NONE', #422, #4077, #1715 ) ;
#1965 = AXIS2_PLACEMENT_3D ( 'NONE', #1188, #1762, #3504 ) ;
#1966 = CARTESIAN_POINT ( 'NONE',  ( 7.167157287525209419, 11.23499999999981824, -3.634314575050435980 ) ) ;
#1967 = DIRECTION ( 'NONE',  ( 0.0000000000000000000, 0.0000000000000000000, 1.000000000000000000 ) ) ;
#1968 = CARTESIAN_POINT ( 'NONE',  ( 0.0000000000000000000, 0.0000000000000000000, 10.16000000000000014 ) ) ;
#1969 = ORIENTED_EDGE ( 'NONE', *, *, #3864, .T. ) ;
#1970 = LINE ( 'NONE', #3134, #1913 ) ;
#1971 = CIRCLE ( 'NONE', #4314, 1.900000000000000133 ) ;
#1972 = AXIS2_PLACEMENT_3D ( 'NONE', #4492, #1632, #4528 ) ;
#1973 = CARTESIAN_POINT ( 'NONE',  ( 9.249999999999998224, 7.599999999999998757, 7.620000000000000107 ) ) ;
#1974 = EDGE_CURVE ( 'NONE', #2708, #6439, #4591, .T. ) ;
#1975 = DIRECTION ( 'NONE',  ( 1.000000000000000000, -1.332267629550187849E-15, -0.0000000000000000000 ) ) ;
#1976 = EDGE_CURVE ( 'NONE', #4481, #5932, #3558, .T. ) ;
#1977 = CARTESIAN_POINT ( 'NONE',  ( 9.250000000000000000, 2.199999999999988187, 1.299999999999998490 ) ) ;
#1978 = VECTOR ( 'NONE', #1819, 1000.000000000000000 ) ;
#1980 = VECTOR ( 'NONE', #3830, 1000.000000000000000 ) ;
#1979 = CARTESIAN_POINT ( 'NONE',  ( 7.249999999999991118, 11.44273112629124611, 2.326828918379971365E-16 ) ) ;
#1981 = FACE_OUTER_BOUND ( 'NONE', #3417, .T. ) ;
#1982 = ADVANCED_FACE ( 'NONE', ( #95, #588, #2447 ), #7101, .T. ) ;
#1983 = ORIENTED_EDGE ( 'NONE', *, *, #1776, .T. ) ;
#1984 = DIRECTION ( 'NONE',  ( 0.7071067811865480168, -0.7071067811865470176, 0.0000000000000000000 ) ) ;
#1985 = EDGE_LOOP ( 'NONE', ( #4222, #2368, #5083, #6317 ) ) ;
#1986 = AXIS2_PLACEMENT_3D ( 'NONE', #2106, #5078, #528 ) ;
#1987 = DIRECTION ( 'NONE',  ( 1.000000000000000000, 0.0000000000000000000, 1.794541526872530066E-14 ) ) ;
#1988 = ORIENTED_EDGE ( 'NONE', *, *, #4995, .F. ) ;
#1989 = CARTESIAN_POINT ( 'NONE',  ( 5.300000000000001599, -2.700000000000009948, 0.5000000000000000000 ) ) ;
#1990 = CARTESIAN_POINT ( 'NONE',  ( 10.25000000000000000, 6.199999999999977973, 1.799999999999999822 ) ) ;
#1991 = FACE_OUTER_BOUND ( 'NONE', #117, .T. ) ;
#1992 = ORIENTED_EDGE ( 'NONE', *, *, #2093, .T. ) ;
#1993 = ORIENTED_EDGE ( 'NONE', *, *, #2523, .F. ) ;
#1994 = CARTESIAN_POINT ( 'NONE',  ( 4.499999999999984901, -0.05000000078162009781, 0.8000000000001220579 ) ) ;
#1995 = ORIENTED_EDGE ( 'NONE', *, *, #2875, .T. ) ;
#1996 = ORIENTED_EDGE ( 'NONE', *, *, #6924, .T. ) ;
#1997 = CARTESIAN_POINT ( 'NONE',  ( 3.595871267840946572, 12.69953703111901611, -5.080000000000000959 ) ) ;
#1998 = CARTESIAN_POINT ( 'NONE',  ( 3.689038437082762023, 12.73500000000000121, -5.080000006514261202 ) ) ;
#1999 = LINE ( 'NONE', #6741, #2558 ) ;
#2000 = SECURITY_CLASSIFICATION_LEVEL ( 'unclassified' ) ;
#2001 = ORIENTED_EDGE ( 'NONE', *, *, #4205, .T. ) ;
#2002 = CARTESIAN_POINT ( 'NONE',  ( 0.0000000000000000000, 10.00000000000000000, 7.620000000000000107 ) ) ;
#2003 = PLANE ( 'NONE',  #4446 ) ;
#2004 = FACE_OUTER_BOUND ( 'NONE', #4882, .T. ) ;
#2005 = DIRECTION ( 'NONE',  ( 0.0000000000000000000, 0.0000000000000000000, 1.000000000000000000 ) ) ;
#2006 = CARTESIAN_POINT ( 'NONE',  ( 0.0000000000000000000, 0.0000000000000000000, 0.0000000000000000000 ) ) ;
#2007 = ORIENTED_EDGE ( 'NONE', *, *, #1976, .F. ) ;
#2008 = CARTESIAN_POINT ( 'NONE',  ( 8.353589838486222163, 6.599999999999995204, -3.140000000000000568 ) ) ;
#2009 = LINE ( 'NONE', #7362, #5410 ) ;
#2010 = DIRECTION ( 'NONE',  ( -0.0000000000000000000, -1.000000000000000000, -0.0000000000000000000 ) ) ;
#2011 = APPROVAL_PERSON_ORGANIZATION ( #7311, #410, #890 ) ;
#2012 = CARTESIAN_POINT ( 'NONE',  ( 5.299999999999999822, -3.700000000000009948, -0.3000000000000019873 ) ) ;
#2013 = FACE_OUTER_BOUND ( 'NONE', #1570, .T. ) ;
#2014 = CARTESIAN_POINT ( 'NONE',  ( 4.195177831678916114, 12.73500000000000121, 6.522761435585685774 ) ) ;
#2015 = DIRECTION ( 'NONE',  ( -3.334909476821824268E-28, -1.000000000000000000, -5.984633544517506745E-42 ) ) ;
#2016 = VERTEX_POINT ( 'NONE', #6562 ) ;
#2017 = FACE_OUTER_BOUND ( 'NONE', #5455, .T. ) ;
#2018 = EDGE_CURVE ( 'NONE', #6593, #3268, #6023, .T. ) ;
#2019 = EDGE_LOOP ( 'NONE', ( #7119, #6904, #2577, #6847 ) ) ;
#2020 = B_SPLINE_CURVE_WITH_KNOTS ( 'NONE', 3,
 ( #4203, #1265, #3621, #5971 ),
 .UNSPECIFIED., .F., .F.,
 ( 4, 4 ),
 ( 2.734128518929426992E-15, 0.0007166189195523916177 ),
 .UNSPECIFIED. ) ;
#2021 =( BOUNDED_CURVE ( )  B_SPLINE_CURVE ( 3, ( #998, #5698, #3964, #4614 ),
 .UNSPECIFIED., .F., .F. ) 
 B_SPLINE_CURVE_WITH_KNOTS ( ( 4, 4 ),
 ( 0.0000000000000000000, 1.000000000000000000 ),
 .UNSPECIFIED. ) 
 CURVE ( )  GEOMETRIC_REPRESENTATION_ITEM ( )  RATIONAL_B_SPLINE_CURVE ( ( 1.000000000000000000, 0.3333333333333332038, 0.3333333333333332038, 1.000000000000000000 ) ) 
 REPRESENTATION_ITEM ( '' )  );
#2022 = FACE_OUTER_BOUND ( 'NONE', #2058, .T. ) ;
#2023 = EDGE_LOOP ( 'NONE', ( #1788, #4345, #7221, #1639, #4672, #7483, #4337, #4526 ) ) ;
#2024 = ADVANCED_FACE ( 'NONE', ( #1279 ), #7174, .F. ) ;
#2025 = FACE_OUTER_BOUND ( 'NONE', #1453, .T. ) ;
#2026 = CARTESIAN_POINT ( 'NONE',  ( 5.349999999999982769, 12.64656426582178206, -5.080000000000000071 ) ) ;
#2027 = DIRECTION ( 'NONE',  ( -0.9610693039298836560, 0.2763074248798411681, 0.0000000000000000000 ) ) ;
#2028 = ORIENTED_EDGE ( 'NONE', *, *, #5518, .F. ) ;
#2029 = EDGE_CURVE ( 'NONE', #1900, #7283, #3602, .T. ) ;
#2030 = ORIENTED_EDGE ( 'NONE', *, *, #6836, .F. ) ;
#2031 = CARTESIAN_POINT ( 'NONE',  ( 4.950000000004743050, 12.69570467254462187, 1.694697213584751339 ) ) ;
#2032 = ORIENTED_EDGE ( 'NONE', *, *, #4376, .T. ) ;
#2033 = ORIENTED_EDGE ( 'NONE', *, *, #6891, .T. ) ;
#2034 = EDGE_CURVE ( 'NONE', #7335, #2657, #2988, .T. ) ;
#2035 = DIRECTION ( 'NONE',  ( 5.517568307814269711E-16, -6.463573835647406802E-31, 1.000000000000000000 ) ) ;
#2036 = CARTESIAN_POINT ( 'NONE',  ( 5.750000000000001776, 12.64656426582888926, 1.714246796764878011 ) ) ;
#2037 = CARTESIAN_POINT ( 'NONE',  ( 10.25000000000000000, 0.0000000000000000000, -3.139999999999998792 ) ) ;
#2038 = DATE_AND_TIME ( #6623, #7062 ) ;
#2039 = EDGE_LOOP ( 'NONE', ( #1591, #2100, #5320, #4604, #2783, #3337, #60, #2774 ) ) ;
#2040 = CARTESIAN_POINT ( 'NONE',  ( 5.750000000000000888, 11.93499999999674976, 6.879211327335743142 ) ) ;
#2041 = PLANE ( 'NONE',  #5426 ) ;
#2042 = DIRECTION ( 'NONE',  ( 1.000000000000000000, 0.0000000000000000000, 0.0000000000000000000 ) ) ;
#2043 = CARTESIAN_POINT ( 'NONE',  ( 5.299999999999995381, -4.770489558936219510E-15, 0.5041960109772707366 ) ) ;
#2044 = CIRCLE ( 'NONE', #2909, 0.2999999999999999334 ) ;
#2045 = PERSON_AND_ORGANIZATION ( #1524, #6256 ) ;
#2046 = ORIENTED_EDGE ( 'NONE', *, *, #2682, .F. ) ;
#2047 = PLANE ( 'NONE',  #6728 ) ;
#2048 = CARTESIAN_POINT ( 'NONE',  ( 5.749999999999992895, 12.73499999999999943, -1.612082860990527999 ) ) ;
#2049 = DIRECTION ( 'NONE',  ( -0.4999999999999996669, 0.0000000000000000000, -0.8660254037844388186 ) ) ;
#2050 = AXIS2_PLACEMENT_3D ( 'NONE', #672, #5334, #5874 ) ;
#2051 = CARTESIAN_POINT ( 'NONE',  ( 4.949999999999999289, 11.93500000000000050, 1.959999999999999964 ) ) ;
#2052 = CARTESIAN_POINT ( 'NONE',  ( 9.250000000000000000, 5.199999999999993072, -1.300000000000000266 ) ) ;
#2053 = CC_DESIGN_PERSON_AND_ORGANIZATION_ASSIGNMENT ( #657, #4125, ( #1698 ) ) ;
#2054 = DIRECTION ( 'NONE',  ( 0.4999999999999999445, 0.0000000000000000000, -0.8660254037844387076 ) ) ;
#2055 = ORIENTED_EDGE ( 'NONE', *, *, #5418, .F. ) ;
#2056 = VECTOR ( 'NONE', #7058, 1000.000000000000000 ) ;
#2057 = DIRECTION ( 'NONE',  ( -1.734723475976807410E-14, -8.876905287225069131E-15, 1.000000000000000000 ) ) ;
#2058 = EDGE_LOOP ( 'NONE', ( #667, #417, #879, #45 ) ) ;
#2059 = CARTESIAN_POINT ( 'NONE',  ( 3.649999999999990141, 11.43500000000000227, 5.080000000000000071 ) ) ;
#2060 = VERTEX_POINT ( 'NONE', #3054 ) ;
#2061 = LINE ( 'NONE', #7260, #1704 ) ;
#2062 = CIRCLE ( 'NONE', #2691, 1.975000000000000089 ) ;
#2063 = CARTESIAN_POINT ( 'NONE',  ( 7.249999999999991118, 11.43499999999999694, 2.326828918379971858E-16 ) ) ;
#2064 = EDGE_CURVE ( 'NONE', #4613, #1521, #1728, .T. ) ;
#2065 = DIRECTION ( 'NONE',  ( -0.0000000000000000000, 0.0000000000000000000, 1.000000000000000000 ) ) ;
#2066 = EDGE_LOOP ( 'NONE', ( #2635, #7192, #7438, #1147 ) ) ;
#2067 = VERTEX_POINT ( 'NONE', #633 ) ;
#2068 =( BOUNDED_SURFACE ( )  B_SPLINE_SURFACE ( 3, 3, ( 
 ( #1583, #514, #3479, #5170 ),
 ( #5240, #7516, #2245, #2793 ),
 ( #1657, #2869, #5210, #7552 ),
 ( #5130, #7474, #2277, #4632 ) ),
 .UNSPECIFIED., .F., .F., .F. ) 
 B_SPLINE_SURFACE_WITH_KNOTS ( ( 4, 4 ),
 ( 4, 4 ),
 ( 0.0000000000000000000, 1.000000000000000000 ),
 ( 0.0000000000000000000, 1.000000000000000000 ),
 .UNSPECIFIED. ) 
 GEOMETRIC_REPRESENTATION_ITEM ( )  RATIONAL_B_SPLINE_SURFACE ( (
 ( 1.000000000000000000, 0.3333333333333334259, 0.3333333333333334259, 1.000000000000000000),
 ( 0.8047378541240031158, 0.2682459513746677793, 0.2682459513746677793, 0.8047378541240031158),
 ( 0.8047378541240031158, 0.2682459513746677793, 0.2682459513746677793, 0.8047378541240031158),
 ( 1.000000000000000000, 0.3333333333333334259, 0.3333333333333334259, 1.000000000000000000) ) ) 
 REPRESENTATION_ITEM ( '' )  SURFACE ( )  );
#2069 = VECTOR ( 'NONE', #3803, 1000.000000000000000 ) ;
#2070 = ORIENTED_EDGE ( 'NONE', *, *, #7437, .T. ) ;
#2071 = VERTEX_POINT ( 'NONE', #4136 ) ;
#2072 = DIRECTION ( 'NONE',  ( 0.0000000000000000000, 1.000000000000000000, -0.0000000000000000000 ) ) ;
#2073 = EDGE_CURVE ( 'NONE', #4034, #1682, #6526, .T. ) ;
#2074 = EDGE_CURVE ( 'NONE', #1203, #6922, #1893, .T. ) ;
#2075 = LOCAL_TIME ( 21, 42, 48.00000000000000000, #7282 ) ;
#2076 = CARTESIAN_POINT ( 'NONE',  ( 4.949999999999999289, 11.93499999999701977, 6.879211327335720938 ) ) ;
#2077 = ADVANCED_FACE ( 'NONE', ( #1319 ), #4174, .T. ) ;
#2078 = PERSON_AND_ORGANIZATION ( #3465, #6443 ) ;
#2079 = CARTESIAN_POINT ( 'NONE',  ( 5.349999999999999645, 10.44999999999999929, 0.0000000000000000000 ) ) ;
#2080 = ORIENTED_EDGE ( 'NONE', *, *, #5972, .T. ) ;
#2081 = PLANE ( 'NONE',  #3936 ) ;
#2082 = CARTESIAN_POINT ( 'NONE',  ( 4.195177831678914337, 12.73500000000000298, -3.637238564414315700 ) ) ;
#2083 = CARTESIAN_POINT ( 'NONE',  ( 5.749999999999930722, 12.71957496777950780, 6.748147016353231109 ) ) ;
#2084 = CARTESIAN_POINT ( 'NONE',  ( 5.750000000000001776, 12.73499999999999943, -3.463581513078059171 ) ) ;
#2085 = VECTOR ( 'NONE', #4288, 1000.000000000000114 ) ;
#2086 = DIRECTION ( 'NONE',  ( 0.0000000000000000000, 0.0000000000000000000, 1.000000000000000000 ) ) ;
#2087 = VERTEX_POINT ( 'NONE', #2908 ) ;
#2088 = CARTESIAN_POINT ( 'NONE',  ( 9.667957166897570787, 6.599999999999999645, 6.999999999999999112 ) ) ;
#2089 = VECTOR ( 'NONE', #965, 1000.000000000000000 ) ;
#2090 = FACE_BOUND ( 'NONE', #1098, .T. ) ;
#2091 = VECTOR ( 'NONE', #5941, 1000.000000000000227 ) ;
#2092 = CYLINDRICAL_SURFACE ( 'NONE', #1469, 1.975000000000000089 ) ;
#2093 = EDGE_CURVE ( 'NONE', #5620, #7534, #1747, .T. ) ;
#2094 = DIRECTION ( 'NONE',  ( -2.501911041408800138E-16, -1.000000000000000000, 0.0000000000000000000 ) ) ;
#2095 = CARTESIAN_POINT ( 'NONE',  ( 5.749999999999999112, 11.93500000000000050, -1.969999999999999973 ) ) ;
#2096 = PLANE ( 'NONE',  #4321 ) ;
#2097 = AXIS2_PLACEMENT_3D ( 'NONE', #6274, #1499, #5153 ) ;
#2098 = EDGE_LOOP ( 'NONE', ( #6188, #5386, #5768, #1713 ) ) ;
#2099 = LINE ( 'NONE', #6298, #3410 ) ;
#2100 = ORIENTED_EDGE ( 'NONE', *, *, #473, .T. ) ;
#2101 = CARTESIAN_POINT ( 'NONE',  ( 10.25000000000000000, 6.799999999999999822, 1.799999999999999822 ) ) ;
#2102 = ORIENTED_EDGE ( 'NONE', *, *, #5931, .F. ) ;
#2103 = CARTESIAN_POINT ( 'NONE',  ( 4.500000000000003553, -3.700000000000007727, -5.379999999999999893 ) ) ;
#2104 = AXIS2_PLACEMENT_3D ( 'NONE', #4670, #6985, #6517 ) ;
#2105 = CIRCLE ( 'NONE', #4813, 0.8000000000000003775 ) ;
#2106 = CARTESIAN_POINT ( 'NONE',  ( 5.350000000000000533, 13.99999999999999822, -5.080000000000000071 ) ) ;
#2107 = LINE ( 'NONE', #689, #4688 ) ;
#2108 = LINE ( 'NONE', #3881, #3670 ) ;
#2109 = ORIENTED_EDGE ( 'NONE', *, *, #600, .F. ) ;
#2110 = AXIS2_PLACEMENT_3D ( 'NONE', #6601, #6101, #866 ) ;
#2111 = ORIENTED_EDGE ( 'NONE', *, *, #1463, .F. ) ;
#2112 = VECTOR ( 'NONE', #2157, 1000.000000000000000 ) ;
#2113 = ADVANCED_FACE ( 'NONE', ( #1472 ), #7363, .F. ) ;
#2114 = EDGE_LOOP ( 'NONE', ( #4722, #440, #7430, #5610 ) ) ;
#2115 = CARTESIAN_POINT ( 'NONE',  ( 3.650000000000416911, 11.23500000000000121, 5.080000000000000959 ) ) ;
#2116 = PLANE ( 'NONE',  #5788 ) ;
#2117 = VECTOR ( 'NONE', #4608, 1000.000000000000000 ) ;
#2118 = CARTESIAN_POINT ( 'NONE',  ( 3.449999999999990852, 11.44273112629124967, 5.080000000000001847 ) ) ;
#2119 = EDGE_CURVE ( 'NONE', #7040, #25, #547, .T. ) ;
#2120 = EDGE_CURVE ( 'NONE', #6968, #4444, #5470, .T. ) ;
#2121 = CARTESIAN_POINT ( 'NONE',  ( 3.449999999999990408, 11.44273112629125144, 5.080000000000001847 ) ) ;
#2122 = ORIENTED_EDGE ( 'NONE', *, *, #7023, .F. ) ;
#2123 = DIRECTION ( 'NONE',  ( -0.1156426583973926697, -0.9932908816448401401, 1.416214114512545531E-17 ) ) ;
#2124 = CARTESIAN_POINT ( 'NONE',  ( 3.450447775674257755, 11.45044927442903138, -3.799104448651466015 ) ) ;
#2125 = CARTESIAN_POINT ( 'NONE',  ( 5.749999999999304556, 12.66838590191671443, 6.789697409983178389 ) ) ;
#2126 = CARTESIAN_POINT ( 'NONE',  ( 5.749999999999869438, 12.73473344514865779, -3.459237733085362976 ) ) ;
#2127 = APPLICATION_PROTOCOL_DEFINITION ( 'international standard', 'config_control_design', 1994, #2 ) ;
#2128 = ORIENTED_EDGE ( 'NONE', *, *, #1932, .F. ) ;
#2129 = EDGE_CURVE ( 'NONE', #4735, #5580, #4393, .T. ) ;
#2130 = CARTESIAN_POINT ( 'NONE',  ( 4.499999999999979572, -3.700000000000006395, 6.080000000000190141 ) ) ;
#2131 = CARTESIAN_POINT ( 'NONE',  ( 4.499999999999803713, -0.05000000078158020611, -0.5000000000000184297 ) ) ;
#2132 = EDGE_CURVE ( 'NONE', #2071, #5878, #6754, .T. ) ;
#2133 = CARTESIAN_POINT ( 'NONE',  ( 9.449999999999999289, 6.799999999999999822, 7.620000000000000107 ) ) ;
#2134 = PLANE ( 'NONE',  #7155 ) ;
#2135 = CARTESIAN_POINT ( 'NONE',  ( 3.589703977699979731, 12.64656426582840254, 5.938612051099553035 ) ) ;
#2136 = ORIENTED_EDGE ( 'NONE', *, *, #4581, .F. ) ;
#2137 = FACE_OUTER_BOUND ( 'NONE', #7216, .T. ) ;
#2138 = ORIENTED_EDGE ( 'NONE', *, *, #5245, .F. ) ;
#2139 = LOCAL_TIME ( 21, 42, 48.00000000000000000, #3742 ) ;
#2140 = ORIENTED_EDGE ( 'NONE', *, *, #3495, .T. ) ;
#2141 = CARTESIAN_POINT ( 'NONE',  ( 5.349999999999989875, 11.43500000000000050, 0.0000000000000000000 ) ) ;
#2142 = CARTESIAN_POINT ( 'NONE',  ( 10.25000000000000000, 0.0000000000000000000, -5.584196010977182212 ) ) ;
#2143 = CARTESIAN_POINT ( 'NONE',  ( 10.25000000000000000, 6.199999999999992184, -3.280000000000006910 ) ) ;
#2144 = DIRECTION ( 'NONE',  ( -1.000000000000000000, 0.0000000000000000000, 0.0000000000000000000 ) ) ;
#2145 = ORIENTED_EDGE ( 'NONE', *, *, #3852, .F. ) ;
#2146 = VERTEX_POINT ( 'NONE', #5023 ) ;
#2147 = VERTEX_POINT ( 'NONE', #4287 ) ;
#2148 = DIRECTION ( 'NONE',  ( 0.8660254037844388186, 0.0000000000000000000, -0.4999999999999996669 ) ) ;
#2149 = CARTESIAN_POINT ( 'NONE',  ( 5.300000000000001599, -2.700000000000009948, 5.580000000000000071 ) ) ;
#2150 = EDGE_CURVE ( 'NONE', #6922, #2466, #3714, .T. ) ;
#2151 = CC_DESIGN_DATE_AND_TIME_ASSIGNMENT ( #5712, #432, ( #5523 ) ) ;
#2152 = CARTESIAN_POINT ( 'NONE',  ( 5.749999999999319655, 12.72910876695780402, 3.433096816280104324 ) ) ;
#2153 = EDGE_CURVE ( 'NONE', #7259, #3818, #4866, .T. ) ;
#2154 = DIRECTION ( 'NONE',  ( -1.734723475976807410E-14, 0.0000000000000000000, 1.000000000000000000 ) ) ;
#2155 = ORIENTED_EDGE ( 'NONE', *, *, #3525, .F. ) ;
#2156 = FACE_OUTER_BOUND ( 'NONE', #5812, .T. ) ;
#2157 = DIRECTION ( 'NONE',  ( -1.000000000000000000, 3.338853781347929776E-28, -1.794541526872530066E-14 ) ) ;
#2158 = LINE ( 'NONE', #1619, #995 ) ;
#2159 = EDGE_CURVE ( 'NONE', #2538, #5878, #3135, .T. ) ;
#2160 = LINE ( 'NONE', #7470, #1318 ) ;
#2161 = APPROVAL_DATE_TIME ( #3937, #2390 ) ;
#2162 = EDGE_LOOP ( 'NONE', ( #4789, #6998, #3375, #2376, #187, #7089, #1416, #4019 ) ) ;
#2163 = EDGE_CURVE ( 'NONE', #538, #4346, #204, .T. ) ;
#2164 = LINE ( 'NONE', #3369, #2587 ) ;
#2165 = FACE_OUTER_BOUND ( 'NONE', #4259, .T. ) ;
#2166 = VECTOR ( 'NONE', #1242, 1000.000000000000000 ) ;
#2167 = FACE_OUTER_BOUND ( 'NONE', #6576, .T. ) ;
#2168 = EDGE_CURVE ( 'NONE', #788, #4981, #7246, .T. ) ;
#2169 = DIRECTION ( 'NONE',  ( -0.8660254037844388186, 0.0000000000000000000, -0.4999999999999996669 ) ) ;
#2170 = ORIENTED_EDGE ( 'NONE', *, *, #6684, .T. ) ;
#2171 = EDGE_CURVE ( 'NONE', #6511, #154, #5179, .T. ) ;
#2172 = CARTESIAN_POINT ( 'NONE',  ( 4.500000000000000000, 0.0000000000000000000, 7.620000000000000107 ) ) ;
#2173 = ORIENTED_EDGE ( 'NONE', *, *, #4330, .F. ) ;
#2174 = CIRCLE ( 'NONE', #3527, 1.975000000000000089 ) ;
#2175 = DIRECTION ( 'NONE',  ( -1.734723475976807410E-14, -6.211574946531537135E-15, 1.000000000000000000 ) ) ;
#2176 = CARTESIAN_POINT ( 'NONE',  ( 7.249999999999991118, 11.43499999999999872, 2.326828918379971365E-16 ) ) ;
#2177 = CARTESIAN_POINT ( 'NONE',  ( 3.589703979381177579, 12.64656426582076776, 5.080000000000001847 ) ) ;
#2178 = VECTOR ( 'NONE', #4442, 1000.000000000000000 ) ;
#2179 = DIRECTION ( 'NONE',  ( -1.171453342316279939E-15, -1.000000000000000000, 0.0000000000000000000 ) ) ;
#2180 = DIRECTION ( 'NONE',  ( -1.000000000000000000, 0.0000000000000000000, -0.0000000000000000000 ) ) ;
#2181 = ORIENTED_EDGE ( 'NONE', *, *, #6119, .F. ) ;
#2182 = ADVANCED_FACE ( 'NONE', ( #2090, #6097 ), #820, .F. ) ;
#2183 = ORIENTED_EDGE ( 'NONE', *, *, #152, .F. ) ;
#2184 = AXIS2_PLACEMENT_3D ( 'NONE', #3535, #1150, #4695 ) ;
#2185 = ORIENTED_EDGE ( 'NONE', *, *, #4, .T. ) ;
#2186 = PLANE ( 'NONE',  #2724 ) ;
#2187 = DIRECTION ( 'NONE',  ( 1.171453342316279939E-15, 1.000000000000000000, -0.0000000000000000000 ) ) ;
#2188 = EDGE_CURVE ( 'NONE', #1628, #2276, #4947, .T. ) ;
#2189 = FACE_OUTER_BOUND ( 'NONE', #1378, .T. ) ;
#2190 = AXIS2_PLACEMENT_3D ( 'NONE', #1492, #4378, #3346 ) ;
#2191 = FACE_OUTER_BOUND ( 'NONE', #6178, .T. ) ;
#2192 = ORIENTED_EDGE ( 'NONE', *, *, #5371, .F. ) ;
#2193 = CARTESIAN_POINT ( 'NONE',  ( 5.300000000000001599, -2.700000000000009948, 5.580000000000000071 ) ) ;
#2194 = VERTEX_POINT ( 'NONE', #6908 ) ;
#2195 = CARTESIAN_POINT ( 'NONE',  ( 3.449999999999991740, 11.43500000000000227, -8.879999999999995453 ) ) ;
#2196 = DIRECTION ( 'NONE',  ( 0.0000000000000000000, 1.000000000000000000, 0.0000000000000000000 ) ) ;
#2197 = CC_DESIGN_SECURITY_CLASSIFICATION ( #5523, ( #1943 ) ) ;
#2198 = CARTESIAN_POINT ( 'NONE',  ( 5.749999999999869438, 12.73420261174141821, 6.705065273783199054 ) ) ;
#2199 = CARTESIAN_POINT ( 'NONE',  ( 5.749999999999304556, 12.68816249061487511, -3.380054170591053175 ) ) ;
#2200 = APPROVAL_ROLE ( '' ) ;
#2201 = VERTEX_POINT ( 'NONE', #2278 ) ;
#2202 = AXIS2_PLACEMENT_3D ( 'NONE', #1488, #3187, #259 ) ;
#2203 = EDGE_CURVE ( 'NONE', #3151, #4420, #495, .T. ) ;
#2204 = CARTESIAN_POINT ( 'NONE',  ( 5.299999999999990052, -9.540979117872439019E-15, 1.000000000000210054 ) ) ;
#2205 = CARTESIAN_POINT ( 'NONE',  ( 9.449999999999999289, 7.600000000000000533, 7.620000000000000107 ) ) ;
#2206 = VECTOR ( 'NONE', #2371, 1000.000000000000000 ) ;
#2207 = DIRECTION ( 'NONE',  ( 1.171453342316279939E-15, 1.000000000000000000, -0.0000000000000000000 ) ) ;
#2208 = CARTESIAN_POINT ( 'NONE',  ( 3.449999999999989964, 11.44273112629124967, -8.879999999999999005 ) ) ;
#2209 = B_SPLINE_CURVE_WITH_KNOTS ( 'NONE', 3,
 ( #6057, #1846, #1307, #1234, #4780, #3661, #3594, #5354, #1769, #4208, #84, #7128, #1270, #3626, #4128, #2514 ),
 .UNSPECIFIED., .F., .F.,
 ( 4, 3, 3, 3, 3, 4 ),
 ( 0.0000000000000000000, 3.531517381903902648E-05, 7.066450544071270728E-05, 0.0001054618491224982110, 0.0001392987215212463075, 0.0001469974402480886649 ),
 .UNSPECIFIED. ) ;
#2210 = VERTEX_POINT ( 'NONE', #3402 ) ;
#2211 = CARTESIAN_POINT ( 'NONE',  ( 2.625902306574849909, 14.00000000000000000, 7.620000000000000107 ) ) ;
#2212 = VERTEX_POINT ( 'NONE', #5789 ) ;
#2213 = AXIS2_PLACEMENT_3D ( 'NONE', #2315, #2826, #4515 ) ;
#2214 = ORIENTED_EDGE ( 'NONE', *, *, #1303, .T. ) ;
#2215 = ADVANCED_FACE ( 'NONE', ( #2165 ), #5175, .T. ) ;
#2216 = CARTESIAN_POINT ( 'NONE',  ( 5.749999999999999112, 12.17219196888833643, 3.309077667208534024 ) ) ;
#2217 = EDGE_CURVE ( 'NONE', #1232, #6895, #1050, .T. ) ;
#2218 = LINE ( 'NONE', #4570, #3685 ) ;
#2219 = CARTESIAN_POINT ( 'NONE',  ( 8.466173140978199285, 6.599999999999999645, -8.025000000000000355 ) ) ;
#2220 = CIRCLE ( 'NONE', #1964, 1.975000000000000089 ) ;
#2221 = AXIS2_PLACEMENT_3D ( 'NONE', #3987, #1138, #2175 ) ;
#2222 = CARTESIAN_POINT ( 'NONE',  ( 5.749999999999319655, 12.72910876695780402, -1.646903183719895081 ) ) ;
#2223 = CARTESIAN_POINT ( 'NONE',  ( 4.195177833015007351, 12.73500000000000298, 3.637238564124031903 ) ) ;
#2224 = EDGE_LOOP ( 'NONE', ( #6705, #4307, #3840, #5704 ) ) ;
#2225 = EDGE_LOOP ( 'NONE', ( #642, #6806, #114, #2330 ) ) ;
#2226 = AXIS2_PLACEMENT_3D ( 'NONE', #49, #1764, #4088 ) ;
#2227 = VECTOR ( 'NONE', #1244, 1000.000000000000000 ) ;
#2228 = ORIENTED_EDGE ( 'NONE', *, *, #4340, .T. ) ;
#2229 = DIRECTION ( 'NONE',  ( 1.000000000000000000, 0.0000000000000000000, 0.0000000000000000000 ) ) ;
#2230 = CARTESIAN_POINT ( 'NONE',  ( 5.299999999999999822, -2.700000000000009948, -0.4999999999999770184 ) ) ;
#2231 = EDGE_CURVE ( 'NONE', #6613, #5877, #6164, .T. ) ;
#2232 =( BOUNDED_CURVE ( )  B_SPLINE_CURVE ( 3, ( #5190, #3989, #3956, #1102 ),
 .UNSPECIFIED., .F., .F. ) 
 B_SPLINE_CURVE_WITH_KNOTS ( ( 4, 4 ),
 ( 0.0000000000000000000, 1.000000000000000000 ),
 .UNSPECIFIED. ) 
 CURVE ( )  GEOMETRIC_REPRESENTATION_ITEM ( )  RATIONAL_B_SPLINE_CURVE ( ( 1.000000000000000000, 0.8584414868985703606, 0.8584414868985703606, 1.000000000000000000 ) ) 
 REPRESENTATION_ITEM ( '' )  );
#2233 = AXIS2_PLACEMENT_3D ( 'NONE', #906, #2681, #4906 ) ;
#2234 = FACE_BOUND ( 'NONE', #5372, .T. ) ;
#2235 = DIRECTION ( 'NONE',  ( 1.000000000000000000, 0.0000000000000000000, 0.0000000000000000000 ) ) ;
#2236 = CARTESIAN_POINT ( 'NONE',  ( 7.049999999999990052, 11.43499999999999694, -5.080000000000000959 ) ) ;
#2237 = ORIENTED_EDGE ( 'NONE', *, *, #6972, .T. ) ;
#2238 = CARTESIAN_POINT ( 'NONE',  ( 7.249999999999991118, 11.43499999999999872, -5.080000000000000959 ) ) ;
#2239 = VECTOR ( 'NONE', #1862, 1000.000000000000000 ) ;
#2240 = LINE ( 'NONE', #5204, #1128 ) ;
#2241 = CARTESIAN_POINT ( 'NONE',  ( 7.249552224325722882, 11.45044927442902605, 1.280895551348530725 ) ) ;
#2242 = CARTESIAN_POINT ( 'NONE',  ( 10.25000000000000000, 6.799999999999999822, -6.879999999999999005 ) ) ;
#2243 = APPROVAL_ROLE ( '' ) ;
#2244 = ORIENTED_EDGE ( 'NONE', *, *, #2298, .F. ) ;
#2245 = CARTESIAN_POINT ( 'NONE',  ( 7.249999999999989342, 11.31784271247447293, 3.800000000000002931 ) ) ;
#2246 = DIRECTION ( 'NONE',  ( 0.0000000000000000000, 0.0000000000000000000, 1.000000000000000000 ) ) ;
#2247 = DIRECTION ( 'NONE',  ( 1.000000000000000000, 0.0000000000000000000, -0.0000000000000000000 ) ) ;
#2248 = DIRECTION ( 'NONE',  ( -0.0000000000000000000, -1.000000000000000000, 0.0000000000000000000 ) ) ;
#2249 = ORIENTED_EDGE ( 'NONE', *, *, #2203, .F. ) ;
#2250 = LINE ( 'NONE', #631, #7572 ) ;
#2251 = ORIENTED_EDGE ( 'NONE', *, *, #6684, .F. ) ;
#2252 = ORIENTED_EDGE ( 'NONE', *, *, #947, .T. ) ;
#2253 = DIRECTION ( 'NONE',  ( -0.0000000000000000000, -1.000000000000000000, -0.0000000000000000000 ) ) ;
#2254 = FACE_OUTER_BOUND ( 'NONE', #3317, .T. ) ;
#2255 = DIRECTION ( 'NONE',  ( 1.000000000000000000, -9.854725885015578669E-16, 0.0000000000000000000 ) ) ;
#2256 = ADVANCED_FACE ( 'NONE', ( #7406 ), #5099, .T. ) ;
#2257 = DIRECTION ( 'NONE',  ( 1.000000000000000000, 0.0000000000000000000, 0.0000000000000000000 ) ) ;
#2258 = ORIENTED_EDGE ( 'NONE', *, *, #4616, .T. ) ;
#2259 = ORIENTED_EDGE ( 'NONE', *, *, #7490, .T. ) ;
#2260 = ADVANCED_FACE ( 'NONE', ( #6829 ), #4599, .T. ) ;
#2261 = VERTEX_POINT ( 'NONE', #2205 ) ;
#2262 = CARTESIAN_POINT ( 'NONE',  ( 3.532842712474770774, 11.23499999999982180, 1.445685424949563647 ) ) ;
#2263 = FACE_OUTER_BOUND ( 'NONE', #1037, .T. ) ;
#2264 = CC_DESIGN_SECURITY_CLASSIFICATION ( #5592, ( #7608 ) ) ;
#2265 = EDGE_CURVE ( 'NONE', #3612, #4545, #2105, .T. ) ;
#2266 = DIRECTION ( 'NONE',  ( 1.794541526872530066E-14, -0.0000000000000000000, -1.000000000000000000 ) ) ;
#2267 = EDGE_CURVE ( 'NONE', #1561, #6990, #3980, .T. ) ;
#2268 = CARTESIAN_POINT ( 'NONE',  ( 1.799999999999996936, 2.168404344971008868E-16, -2.540000000000000924 ) ) ;
#2269 = VERTEX_POINT ( 'NONE', #2131 ) ;
#2270 = CARTESIAN_POINT ( 'NONE',  ( 7.249999999999990230, 11.43499999999999872, -8.879999999999999005 ) ) ;
#2271 = CARTESIAN_POINT ( 'NONE',  ( 5.349999999999989875, 12.73499999999999943, 0.0000000000000000000 ) ) ;
#2272 = FACE_OUTER_BOUND ( 'NONE', #4023, .T. ) ;
#2273 = CARTESIAN_POINT ( 'NONE',  ( 4.950000000000678746, 12.72910876695780402, 6.726903183719896262 ) ) ;
#2274 = CARTESIAN_POINT ( 'NONE',  ( 4.949999999999999289, 11.93499999999701977, -3.280788672664280980 ) ) ;
#2275 = MECHANICAL_CONTEXT ( 'NONE', #6835, 'mechanical' ) ;
#2276 = VERTEX_POINT ( 'NONE', #6868 ) ;
#2277 = CARTESIAN_POINT ( 'NONE',  ( 7.049999999999685407, 11.23499999999999766, 3.399999999999388844 ) ) ;
#2278 = CARTESIAN_POINT ( 'NONE',  ( 5.749999999999992895, 12.73499999999999943, -1.612082860990527999 ) ) ;
#2279 = DIRECTION ( 'NONE',  ( -0.0000000000000000000, -1.000000000000000000, -0.0000000000000000000 ) ) ;
#2280 = CARTESIAN_POINT ( 'NONE',  ( 5.349999999999980993, 11.93499999999403727, 9.951952430687865387E-32 ) ) ;
#2281 = EDGE_CURVE ( 'NONE', #2446, #7424, #1549, .T. ) ;
#2282 = EDGE_LOOP ( 'NONE', ( #801, #5832, #3784, #5466 ) ) ;
#2283 = DIRECTION ( 'NONE',  ( 0.0000000000000000000, -1.000000000000000000, 0.0000000000000000000 ) ) ;
#2284 = VERTEX_POINT ( 'NONE', #6360 ) ;
#2285 = CARTESIAN_POINT ( 'NONE',  ( 3.449999999999990408, 11.43500000000000227, -4.653657836759942730E-16 ) ) ;
#2286 = CARTESIAN_POINT ( 'NONE',  ( 4.950000000004741274, 12.69570467254462365, 6.774697213584751410 ) ) ;
#2287 = FACE_BOUND ( 'NONE', #70, .T. ) ;
#2288 = CARTESIAN_POINT ( 'NONE',  ( 5.349999999999989875, 11.43500000000000050, 5.080000000000000071 ) ) ;
#2289 = ORIENTED_EDGE ( 'NONE', *, *, #1000, .F. ) ;
#2290 = AXIS2_PLACEMENT_3D ( 'NONE', #1173, #4836, #1282 ) ;
#2291 = ORIENTED_EDGE ( 'NONE', *, *, #950, .F. ) ;
#2292 = VERTEX_POINT ( 'NONE', #1091 ) ;
#2293 = EDGE_CURVE ( 'NONE', #5462, #676, #3441, .T. ) ;
#2294 = ORIENTED_EDGE ( 'NONE', *, *, #5821, .F. ) ;
#2295 = CARTESIAN_POINT ( 'NONE',  ( 9.421243556529820040, 6.599999999999999645, -8.220000000000000639 ) ) ;
#2296 = CIRCLE ( 'NONE', #5869, 1.760296020627533320 ) ;
#2297 = AXIS2_PLACEMENT_3D ( 'NONE', #1020, #3839, #4990 ) ;
#2298 = EDGE_CURVE ( 'NONE', #3458, #3962, #3955, .T. ) ;
#2299 = DIRECTION ( 'NONE',  ( 1.000000000000000000, -9.411788633734763438E-16, 0.0000000000000000000 ) ) ;
#2300 = CONICAL_SURFACE ( 'NONE', #2308, 1.898658176322939983, 0.1159019745381328903 ) ;
#2301 = FACE_OUTER_BOUND ( 'NONE', #4183, .T. ) ;
#2302 = ORIENTED_EDGE ( 'NONE', *, *, #7312, .T. ) ;
#2303 = EDGE_CURVE ( 'NONE', #5120, #2355, #693, .T. ) ;
#2304 = DIRECTION ( 'NONE',  ( -0.0000000000000000000, -1.000000000000000000, 0.0000000000000000000 ) ) ;
#2305 = DIRECTION ( 'NONE',  ( 0.4999999999999999445, 0.0000000000000000000, -0.8660254037844387076 ) ) ;
#2306 = ADVANCED_FACE ( 'NONE', ( #5942 ), #3595, .T. ) ;
#2307 = CARTESIAN_POINT ( 'NONE',  ( 9.250000000000000000, 7.599999999999999645, 7.620000000000000107 ) ) ;
#2308 = AXIS2_PLACEMENT_3D ( 'NONE', #6553, #1124, #1266 ) ;
#2309 = ADVANCED_FACE ( 'NONE', ( #1130 ), #661, .F. ) ;
#2310 = CARTESIAN_POINT ( 'NONE',  ( 9.421243556529820040, 6.599999999999980105, -8.220000000000000639 ) ) ;
#2311 = CARTESIAN_POINT ( 'NONE',  ( 3.451341823677039677, 11.45812853178540891, 2.325185658308839612E-16 ) ) ;
#2312 = PERSON_AND_ORGANIZATION ( #1524, #6256 ) ;
#2313 = EDGE_LOOP ( 'NONE', ( #1076, #5020, #93, #4460 ) ) ;
#2314 = AXIS2_PLACEMENT_3D ( 'NONE', #738, #7318, #3248 ) ;
#2315 = CARTESIAN_POINT ( 'NONE',  ( 7.049999999999991829, 11.43499999999999694, 5.079999999999999183 ) ) ;
#2316 = DIRECTION ( 'NONE',  ( 0.5000000000000009992, 0.0000000000000000000, 0.8660254037844380415 ) ) ;
#2317 = FACE_OUTER_BOUND ( 'NONE', #2114, .T. ) ;
#2318 = CARTESIAN_POINT ( 'NONE',  ( 9.250000000000000000, 6.799999999999999822, -3.780000000000001137 ) ) ;
#2319 = CC_DESIGN_APPROVAL ( #5865, ( #3185 ) ) ;
#2320 = ORIENTED_EDGE ( 'NONE', *, *, #6975, .T. ) ;
#2321 = LOCAL_TIME ( 21, 42, 48.00000000000000000, #1503 ) ;
#2322 = CARTESIAN_POINT ( 'NONE',  ( 9.646410161513776060, 6.599999999999999645, -3.140000000000002345 ) ) ;
#2323 = ORIENTED_EDGE ( 'NONE', *, *, #5100, .T. ) ;
#2324 = CARTESIAN_POINT ( 'NONE',  ( 10.25000000000000000, 6.799999999999999822, 6.879999999999999893 ) ) ;
#2325 = CARTESIAN_POINT ( 'NONE',  ( 0.0000000000000000000, 0.0000000000000000000, 7.620000000000000107 ) ) ;
#2326 = CARTESIAN_POINT ( 'NONE',  ( 4.499999999999979572, -3.700000000000006395, -4.079999999999810001 ) ) ;
#2327 = DIRECTION ( 'NONE',  ( -1.000000000000000000, 1.332267629550187849E-15, 0.0000000000000000000 ) ) ;
#2328 = FACE_OUTER_BOUND ( 'NONE', #7558, .T. ) ;
#2329 = VECTOR ( 'NONE', #4365, 999.9999999999998863 ) ;
#2330 = ORIENTED_EDGE ( 'NONE', *, *, #6077, .F. ) ;
#2331 = ORIENTED_EDGE ( 'NONE', *, *, #4628, .F. ) ;
#2332 = ORIENTED_EDGE ( 'NONE', *, *, #5463, .T. ) ;
#2333 = ORIENTED_EDGE ( 'NONE', *, *, #155, .T. ) ;
#2334 = AXIS2_PLACEMENT_3D ( 'NONE', #4130, #3481, #7094 ) ;
#2335 = DIRECTION ( 'NONE',  ( 0.0000000000000000000, 1.000000000000000000, 0.0000000000000000000 ) ) ;
#2336 = VECTOR ( 'NONE', #3005, 1000.000000000000000 ) ;
#2337 = DIRECTION ( 'NONE',  ( -0.0000000000000000000, -1.000000000000000000, -0.0000000000000000000 ) ) ;
#2338 = CARTESIAN_POINT ( 'NONE',  ( 5.299999999999999822, -3.700000000000009948, -0.3000000000000011546 ) ) ;
#2339 = CIRCLE ( 'NONE', #6162, 0.2999999999999999334 ) ;
#2340 = B_SPLINE_CURVE_WITH_KNOTS ( 'NONE', 3,
 ( #4138, #590, #4641, #5837 ),
 .UNSPECIFIED., .F., .F.,
 ( 4, 4 ),
 ( 2.697442093118650285E-15, 0.0007166189195523932440 ),
 .UNSPECIFIED. ) ;
#2341 = AXIS2_PLACEMENT_3D ( 'NONE', #3644, #5996, #4875 ) ;
#2342 = CARTESIAN_POINT ( 'NONE',  ( 10.25000000000000000, 1.700000000000009726, 7.620000000000000107 ) ) ;
#2343 = EDGE_LOOP ( 'NONE', ( #5696, #3733, #302, #2623, #1178, #722 ) ) ;
#2344 = ORIENTED_EDGE ( 'NONE', *, *, #3899, .T. ) ;
#2345 = PLANE ( 'NONE',  #5664 ) ;
#2346 = CARTESIAN_POINT ( 'NONE',  ( 9.250000000000000000, 6.799999999999999822, 1.299999999999999378 ) ) ;
#2347 = FACE_OUTER_BOUND ( 'NONE', #1950, .T. ) ;
#2348 = CIRCLE ( 'NONE', #3095, 0.2999999999999999334 ) ;
#2349 = AXIS2_PLACEMENT_3D ( 'NONE', #7475, #4015, #974 ) ;
#2350 = CARTESIAN_POINT ( 'NONE',  ( 3.450447775674257755, 11.45044927442903138, 5.080000000000001847 ) ) ;
#2351 = CARTESIAN_POINT ( 'NONE',  ( 4.499999999999803713, -0.05000000078158020611, -0.5000000000000168754 ) ) ;
#2352 = EDGE_CURVE ( 'NONE', #762, #6990, #2981, .T. ) ;
#2353 = SHAPE_DEFINITION_REPRESENTATION ( #5344, #6819 ) ;
#2354 = ADVANCED_FACE ( 'NONE', ( #3480 ), #549, .F. ) ;
#2355 = VERTEX_POINT ( 'NONE', #4708 ) ;
#2356 = VECTOR ( 'NONE', #1249, 1000.000000000000000 ) ;
#2357 = VECTOR ( 'NONE', #7432, 1000.000000000000000 ) ;
#2358 = EDGE_CURVE ( 'NONE', #2292, #324, #5063, .T. ) ;
#2359 = CARTESIAN_POINT ( 'NONE',  ( 7.249552224325726435, 11.45044927442902782, 8.879104448651469639 ) ) ;
#2360 = CARTESIAN_POINT ( 'NONE',  ( 7.049999999999686295, 11.23499999999999766, 3.399999999999391509 ) ) ;
#2361 = APPLICATION_CONTEXT ( 'configuration controlled 3d designs of mechanical parts and assemblies' ) ;
#2362 = DIRECTION ( 'NONE',  ( -1.000000000000000000, 0.0000000000000000000, -0.0000000000000000000 ) ) ;
#2363 = AXIS2_PLACEMENT_3D ( 'NONE', #3689, #6691, #4997 ) ;
#2364 = CARTESIAN_POINT ( 'NONE',  ( 5.349999999999989875, 11.43500000000000050, 5.080000000000000071 ) ) ;
#2365 = EDGE_CURVE ( 'NONE', #489, #5786, #6401, .T. ) ;
#2366 = ORIENTED_EDGE ( 'NONE', *, *, #3070, .T. ) ;
#2367 = CARTESIAN_POINT ( 'NONE',  ( 4.500000000000000000, -2.700000000000009948, -0.5000000000000008882 ) ) ;
#2368 = ORIENTED_EDGE ( 'NONE', *, *, #611, .T. ) ;
#2369 = EDGE_CURVE ( 'NONE', #788, #6698, #1163, .T. ) ;
#2370 = CARTESIAN_POINT ( 'NONE',  ( 4.950000000000698286, 12.68816249061464596, 3.380054170590902629 ) ) ;
#2371 = DIRECTION ( 'NONE',  ( 1.794541526872530066E-14, -0.0000000000000000000, -1.000000000000000000 ) ) ;
#2372 = CARTESIAN_POINT ( 'NONE',  ( 10.25000000000000000, 6.200000000000009948, 6.379999999999999893 ) ) ;
#2373 = CARTESIAN_POINT ( 'NONE',  ( 3.449999999999990408, 11.44273112629125144, -5.080000000000001847 ) ) ;
#2374 = DIRECTION ( 'NONE',  ( 1.171453342316279939E-15, 1.000000000000000000, 0.0000000000000000000 ) ) ;
#2375 = ORIENTED_EDGE ( 'NONE', *, *, #5661, .T. ) ;
#2376 = ORIENTED_EDGE ( 'NONE', *, *, #2150, .F. ) ;
#2377 = CARTESIAN_POINT ( 'NONE',  ( 3.650000000000295675, 11.23500000000000121, -1.680000000000609228 ) ) ;
#2378 = ORIENTED_EDGE ( 'NONE', *, *, #1386, .F. ) ;
#2379 = ORIENTED_EDGE ( 'NONE', *, *, #3118, .F. ) ;
#2380 = DIRECTION ( 'NONE',  ( -1.000000000000000000, 0.0000000000000000000, -0.0000000000000000000 ) ) ;
#2381 = DIRECTION ( 'NONE',  ( -1.000000000000000000, 0.0000000000000000000, -0.0000000000000000000 ) ) ;
#2382 = PLANE ( 'NONE',  #6609 ) ;
#2383 = DIRECTION ( 'NONE',  ( -1.000000000000000000, 1.171453342316279939E-15, 0.0000000000000000000 ) ) ;
#2384 = ORIENTED_EDGE ( 'NONE', *, *, #4459, .F. ) ;
#2385 = SHAPE_REPRESENTATION ( 'CUI_DEVICES_TB007-508-16BE', ( #7473, #2314, #6620, #3179, #3309, #3914, #7595 ), #5880 ) ;
#2386 = VERTEX_POINT ( 'NONE', #695 ) ;
#2387 = LOCAL_TIME ( 21, 42, 48.00000000000000000, #163 ) ;
#2388 = CARTESIAN_POINT ( 'NONE',  ( 4.949999999999999289, 12.64656426582933335, 6.794246796768621088 ) ) ;
#2389 = CARTESIAN_POINT ( 'NONE',  ( 7.325000000000000178, 10.44999999999999929, -5.080000000000000071 ) ) ;
#2390 = APPROVAL ( #7436, 'UNSPECIFIED' ) ;
#2391 = LINE ( 'NONE', #1800, #1847 ) ;
#2392 = DIRECTION ( 'NONE',  ( 0.0000000000000000000, -0.0000000000000000000, -1.000000000000000000 ) ) ;
#2393 = SECURITY_CLASSIFICATION_LEVEL ( 'unclassified' ) ;
#2394 = ORIENTED_EDGE ( 'NONE', *, *, #4617, .F. ) ;
#2395 = CARTESIAN_POINT ( 'NONE',  ( 7.249999999999992895, 11.44273112629124611, 8.880000000000002558 ) ) ;
#2396 = DIRECTION ( 'NONE',  ( -1.000000000000000000, -0.0000000000000000000, -0.0000000000000000000 ) ) ;
#2397 = PRODUCT_DEFINITION_SHAPE ( 'NONE', 'NONE',  #7609 ) ;
#2398 = ADVANCED_FACE ( 'NONE', ( #5241 ), #4668, .T. ) ;
#2399 = CARTESIAN_POINT ( 'NONE',  ( 7.010966932452110889, 12.73499999999999766, 1.017048918658543783E-16 ) ) ;
#2400 = CARTESIAN_POINT ( 'NONE',  ( 4.500000000000006217, -2.700000000000293277, -0.4999999999999440448 ) ) ;
#2401 = EDGE_LOOP ( 'NONE', ( #1331, #1056, #3108 ) ) ;
#2402 = LINE ( 'NONE', #4133, #3275 ) ;
#2403 = ORIENTED_EDGE ( 'NONE', *, *, #3596, .F. ) ;
#2404 = DIRECTION ( 'NONE',  ( 1.000000000000000000, -0.0000000000000000000, 0.0000000000000000000 ) ) ;
#2405 = EDGE_CURVE ( 'NONE', #538, #5899, #19, .T. ) ;
#2406 = CARTESIAN_POINT ( 'NONE',  ( 5.299999999999990052, -9.540979117872439019E-15, 1.000000000000210054 ) ) ;
#2407 = ADVANCED_FACE ( 'NONE', ( #2940 ), #5355, .T. ) ;
#2408 = CARTESIAN_POINT ( 'NONE',  ( 5.300000000000020250, -0.05000000078158019917, -0.8000000000000445644 ) ) ;
#2409 = LINE ( 'NONE', #593, #6110 ) ;
#2410 = DIRECTION ( 'NONE',  ( -1.000000000000000000, 0.0000000000000000000, -0.0000000000000000000 ) ) ;
#2411 = EDGE_CURVE ( 'NONE', #2146, #5620, #1197, .T. ) ;
#2412 = ORIENTED_EDGE ( 'NONE', *, *, #2843, .T. ) ;
#2413 = ORIENTED_EDGE ( 'NONE', *, *, #5747, .F. ) ;
#2414 = AXIS2_PLACEMENT_3D ( 'NONE', #1051, #7442, #4520 ) ;
#2415 = CARTESIAN_POINT ( 'NONE',  ( 7.249999999999994671, 11.43500000000000227, -1.279999999999998472 ) ) ;
#2416 = EDGE_LOOP ( 'NONE', ( #4004, #4787, #4934, #4254, #5246, #3326, #6268, #6579 ) ) ;
#2417 = ORIENTED_EDGE ( 'NONE', *, *, #1226, .T. ) ;
#2418 = DIRECTION ( 'NONE',  ( 0.0000000000000000000, -1.000000000000000000, 0.0000000000000000000 ) ) ;
#2419 = DIRECTION ( 'NONE',  ( -1.000000000000000000, 0.0000000000000000000, 0.0000000000000000000 ) ) ;
#2420 = VECTOR ( 'NONE', #7482, 1000.000000000000114 ) ;
#2421 = EDGE_CURVE ( 'NONE', #4864, #1055, #506, .T. ) ;
#2422 = VECTOR ( 'NONE', #3142, 1000.000000000000000 ) ;
#2423 = CARTESIAN_POINT ( 'NONE',  ( 5.300000000000001599, -3.700000000000010392, -4.780000000000000249 ) ) ;
#2424 = DIRECTION ( 'NONE',  ( 0.5000000000000048850, 0.0000000000000000000, 0.8660254037844358210 ) ) ;
#2425 = ORIENTED_EDGE ( 'NONE', *, *, #2119, .T. ) ;
#2426 = CIRCLE ( 'NONE', #6481, 0.2999999999999999334 ) ;
#2427 = ORIENTED_EDGE ( 'NONE', *, *, #3572, .F. ) ;
#2428 = FACE_OUTER_BOUND ( 'NONE', #3847, .T. ) ;
#2429 = LINE ( 'NONE', #2389, #1714 ) ;
#2430 = EDGE_CURVE ( 'NONE', #5411, #7157, #4781, .T. ) ;
#2431 = CARTESIAN_POINT ( 'NONE',  ( 4.158098633071090511, 12.73500000000000298, 6.569085828000586602 ) ) ;
#2432 = FACE_OUTER_BOUND ( 'NONE', #427, .T. ) ;
#2433 = AXIS2_PLACEMENT_3D ( 'NONE', #3372, #6364, #518 ) ;
#2434 =( BOUNDED_CURVE ( )  B_SPLINE_CURVE ( 3, ( #1518, #1626, #3868, #7409 ),
 .UNSPECIFIED., .F., .T. ) 
 B_SPLINE_CURVE_WITH_KNOTS ( ( 4, 4 ),
 ( 0.0000000000000000000, 0.5000000015332691783 ),
 .UNSPECIFIED. ) 
 CURVE ( )  GEOMETRIC_REPRESENTATION_ITEM ( )  RATIONAL_B_SPLINE_CURVE ( ( 1.000000000000000000, 0.8584414860624957067, 0.8584414860624957067, 1.000000000000000000 ) ) 
 REPRESENTATION_ITEM ( '' )  );
#2435 = DATE_AND_TIME ( #83, #4537 ) ;
#2436 = CARTESIAN_POINT ( 'NONE',  ( 7.248658176322919644, 11.45812853178540536, 1.607708950454020642E-61 ) ) ;
#2437 = CARTESIAN_POINT ( 'NONE',  ( 1.199999999999999956, 6.599999999999999645, -7.620000000000000107 ) ) ;
#2438 = AXIS2_PLACEMENT_3D ( 'NONE', #2576, #2027, #3073 ) ;
#2439 = MANIFOLD_SOLID_BREP ( 'Imported1', #1956 ) ;
#2440 = CARTESIAN_POINT ( 'NONE',  ( 9.250000000000000000, 5.199999999999997513, -3.779999999999999805 ) ) ;
#2441 = LINE ( 'NONE', #4170, #5999 ) ;
#2442 = CARTESIAN_POINT ( 'NONE',  ( 8.353589838486222163, 6.599999999999995204, -8.220000000000002416 ) ) ;
#2443 = VERTEX_POINT ( 'NONE', #4743 ) ;
#2444 = CARTESIAN_POINT ( 'NONE',  ( 5.299999999999995381, -4.770489558936219510E-15, 5.584196010977271030 ) ) ;
#2445 = EDGE_CURVE ( 'NONE', #2269, #5310, #7092, .T. ) ;
#2446 = VERTEX_POINT ( 'NONE', #3627 ) ;
#2447 = FACE_OUTER_BOUND ( 'NONE', #415, .T. ) ;
#2448 = CARTESIAN_POINT ( 'NONE',  ( 4.950000000003958789, 12.65172273822438953, 6.793524937923418605 ) ) ;
#2449 = LOCAL_TIME ( 21, 42, 48.00000000000000000, #5561 ) ;
#2450 = CARTESIAN_POINT ( 'NONE',  ( 5.300000000000015810, -0.05000000078158289146, 4.580000000000039151 ) ) ;
#2451 = CARTESIAN_POINT ( 'NONE',  ( 9.449999999999999289, 14.00000000000000000, 7.620000000000000107 ) ) ;
#2452 = CARTESIAN_POINT ( 'NONE',  ( 4.985603046728845023, 12.73499999999999943, 1.620501777581902392 ) ) ;
#2453 = ORIENTED_EDGE ( 'NONE', *, *, #2695, .T. ) ;
#2454 = FACE_OUTER_BOUND ( 'NONE', #6685, .T. ) ;
#2455 = EDGE_CURVE ( 'NONE', #5932, #3529, #3046, .T. ) ;
#2456 = VERTEX_POINT ( 'NONE', #7169 ) ;
#2457 = EDGE_CURVE ( 'NONE', #5995, #1371, #4433, .T. ) ;
#2458 = AXIS2_PLACEMENT_3D ( 'NONE', #2141, #4461, #5187 ) ;
#2459 = CARTESIAN_POINT ( 'NONE',  ( 4.500000000000000000, -3.700000000000009948, -0.3000000000000019873 ) ) ;
#2460 = ORIENTED_EDGE ( 'NONE', *, *, #1404, .T. ) ;
#2461 = ORIENTED_EDGE ( 'NONE', *, *, #6215, .F. ) ;
#2462 = PLANE ( 'NONE',  #2723 ) ;
#2463 = CARTESIAN_POINT ( 'NONE',  ( 9.449999999999999289, 7.600000000000000533, -2.539999999999999591 ) ) ;
#2464 = VECTOR ( 'NONE', #3603, 1000.000000000000000 ) ;
#2465 = CARTESIAN_POINT ( 'NONE',  ( 4.500000000000000000, -3.700000000000009948, -5.379999999999999893 ) ) ;
#2466 = VERTEX_POINT ( 'NONE', #6707 ) ;
#2467 = CARTESIAN_POINT ( 'NONE',  ( 6.521332732297200785, 12.73499999999999943, -3.659305001497700882 ) ) ;
#2468 = EDGE_LOOP ( 'NONE', ( #5759, #4379 ) ) ;
#2469 = VECTOR ( 'NONE', #1616, 1000.000000000000114 ) ;
#2470 = ORIENTED_EDGE ( 'NONE', *, *, #5125, .F. ) ;
#2471 = EDGE_CURVE ( 'NONE', #6914, #90, #24, .T. ) ;
#2472 = LINE ( 'NONE', #3039, #3942 ) ;
#2473 = CARTESIAN_POINT ( 'NONE',  ( 4.950000000000678746, 12.72910876695780402, -3.433096816280103436 ) ) ;
#2474 = LINE ( 'NONE', #5351, #2479 ) ;
#2475 = CARTESIAN_POINT ( 'NONE',  ( 10.25000000000000000, 6.200000000000009948, 7.620000000000000107 ) ) ;
#2476 = VECTOR ( 'NONE', #5722, 1000.000000000000114 ) ;
#2477 = PERSON_AND_ORGANIZATION ( #1524, #6256 ) ;
#2478 = DIRECTION ( 'NONE',  ( -0.0000000000000000000, -0.0000000000000000000, -1.000000000000000000 ) ) ;
#2479 = VECTOR ( 'NONE', #2510, 1000.000000000000114 ) ;
#2480 = DIRECTION ( 'NONE',  ( 1.000000000000000000, -3.338853781347929776E-28, 1.794541526872530066E-14 ) ) ;
#2481 = VECTOR ( 'NONE', #53, 1000.000000000000000 ) ;
#2482 = CARTESIAN_POINT ( 'NONE',  ( 5.349999999999982769, 12.64656426582178206, 0.0000000000000000000 ) ) ;
#2483 = FACE_OUTER_BOUND ( 'NONE', #6966, .T. ) ;
#2484 = CIRCLE ( 'NONE', #5188, 0.2999999999999999334 ) ;
#2485 = VECTOR ( 'NONE', #3006, 1000.000000000000000 ) ;
#2486 = VERTEX_POINT ( 'NONE', #197 ) ;
#2487 = CARTESIAN_POINT ( 'NONE',  ( 4.950000000000133404, 12.73279737082322072, -1.636456345332967910 ) ) ;
#2488 = CARTESIAN_POINT ( 'NONE',  ( 4.950000000000131628, 12.73420261174138268, 3.454934726216511987 ) ) ;
#2489 = CARTESIAN_POINT ( 'NONE',  ( 4.499999999999992895, -3.700000000000007727, 0.2999999999999991007 ) ) ;
#2490 = VECTOR ( 'NONE', #2840, 1000.000000000000000 ) ;
#2491 = DIRECTION ( 'NONE',  ( -1.000000000000000000, 3.338853781347929776E-28, -1.794541526872530066E-14 ) ) ;
#2492 = FACE_OUTER_BOUND ( 'NONE', #3961, .T. ) ;
#2493 = CARTESIAN_POINT ( 'NONE',  ( 3.635702499534282151, 12.73500000000000298, 0.8361755491252442773 ) ) ;
#2494 = ORIENTED_EDGE ( 'NONE', *, *, #3634, .T. ) ;
#2495 = CARTESIAN_POINT ( 'NONE',  ( 7.010966932452109113, 12.73499999999999766, 5.874722277164099893 ) ) ;
#2496 = ORIENTED_EDGE ( 'NONE', *, *, #4330, .T. ) ;
#2497 = DIRECTION ( 'NONE',  ( 1.000000000000000000, 0.0000000000000000000, 0.0000000000000000000 ) ) ;
#2498 = VERTEX_POINT ( 'NONE', #4937 ) ;
#2499 = ORIENTED_EDGE ( 'NONE', *, *, #2430, .T. ) ;
#2500 = LINE ( 'NONE', #5848, #1854 ) ;
#2501 = ADVANCED_FACE ( 'NONE', ( #3204 ), #3129, .T. ) ;
#2502 = CARTESIAN_POINT ( 'NONE',  ( 5.750000000000001776, 12.40938025448233262, 6.822602432482168133 ) ) ;
#2503 = EDGE_LOOP ( 'NONE', ( #7472, #4071, #4118 ) ) ;
#2504 = CARTESIAN_POINT ( 'NONE',  ( 4.950000000004743050, 12.68578847567073531, 1.700703200956245054 ) ) ;
#2505 = VERTEX_POINT ( 'NONE', #4356 ) ;
#2506 = EDGE_LOOP ( 'NONE', ( #7225, #2214, #4001, #295 ) ) ;
#2507 = FACE_OUTER_BOUND ( 'NONE', #3799, .T. ) ;
#2508 = CARTESIAN_POINT ( 'NONE',  ( 4.950000000002678924, 12.71935702003381863, -3.411368332957577465 ) ) ;
#2509 = ADVANCED_FACE ( 'NONE', ( #7279 ), #5556, .F. ) ;
#2510 = DIRECTION ( 'NONE',  ( 0.5000000000000011102, -1.251928832280965498E-15, -0.8660254037844379305 ) ) ;
#2511 = CARTESIAN_POINT ( 'NONE',  ( 8.014137117667079480, 12.73499999999999410, -6.257399771706763758 ) ) ;
#2512 = ADVANCED_FACE ( 'NONE', ( #3780, #1465, #1308, #7315 ), #2003, .T. ) ;
#2513 = APPROVAL_DATE_TIME ( #3703, #1064 ) ;
#2514 = CARTESIAN_POINT ( 'NONE',  ( 4.949999999999999289, 12.64656426582933335, 1.714246796768620795 ) ) ;
#2515 = DIRECTION ( 'NONE',  ( -1.794541526872530066E-14, 0.0000000000000000000, 1.000000000000000000 ) ) ;
#2516 = FACE_OUTER_BOUND ( 'NONE', #2891, .T. ) ;
#2517 = CARTESIAN_POINT ( 'NONE',  ( 9.250000000000000000, 7.599999999999998757, -2.540000000000001812 ) ) ;
#2518 = DATE_AND_TIME ( #930, #7479 ) ;
#2519 = ORIENTED_EDGE ( 'NONE', *, *, #4896, .F. ) ;
#2520 = FACE_OUTER_BOUND ( 'NONE', #4567, .T. ) ;
#2521 = CARTESIAN_POINT ( 'NONE',  ( 8.466173140978199285, -5.204170427930421283E-15, -8.025000000000000355 ) ) ;
#2522 = DIRECTION ( 'NONE',  ( 0.8660254037844387076, -0.0000000000000000000, 0.4999999999999999445 ) ) ;
#2523 = EDGE_CURVE ( 'NONE', #2147, #147, #6009, .T. ) ;
#2524 = CARTESIAN_POINT ( 'NONE',  ( 4.950000000000072120, 12.71957496777936036, -6.748147016353469141 ) ) ;
#2525 = CARTESIAN_POINT ( 'NONE',  ( 3.375000000000000000, 10.44999999999999929, 2.418677428316022036E-16 ) ) ;
#2526 = CARTESIAN_POINT ( 'NONE',  ( 8.689999999999999503, 0.0000000000000000000, 7.620000000000000107 ) ) ;
#2527 = EDGE_LOOP ( 'NONE', ( #1811, #1775, #753, #488 ) ) ;
#2528 = CARTESIAN_POINT ( 'NONE',  ( 0.0000000000000000000, 0.0000000000000000000, -7.620000000000000107 ) ) ;
#2529 = EDGE_LOOP ( 'NONE', ( #7145, #6838, #827, #1582 ) ) ;
#2530 = DIRECTION ( 'NONE',  ( 0.0000000000000000000, 0.9805806756909204447, -0.1961161351381830731 ) ) ;
#2531 = ORIENTED_EDGE ( 'NONE', *, *, #5245, .T. ) ;
#2532 = CARTESIAN_POINT ( 'NONE',  ( 5.299999999999994493, -2.700000000000005951, 5.580000000000048033 ) ) ;
#2533 = DIRECTION ( 'NONE',  ( -0.6666666666666665186, -0.6666666666666665186, -0.3333333333333338699 ) ) ;
#2534 = PLANE ( 'NONE',  #7468 ) ;
#2535 = VERTEX_POINT ( 'NONE', #3820 ) ;
#2536 = ORIENTED_EDGE ( 'NONE', *, *, #4808, .F. ) ;
#2537 = CARTESIAN_POINT ( 'NONE',  ( 4.500000000000000000, -3.700000000000009948, -0.3000000000000007661 ) ) ;
#2538 = VERTEX_POINT ( 'NONE', #3662 ) ;
#2539 = EDGE_CURVE ( 'NONE', #4041, #1534, #234, .T. ) ;
#2540 = ORIENTED_EDGE ( 'NONE', *, *, #2188, .T. ) ;
#2541 = CARTESIAN_POINT ( 'NONE',  ( 5.750000000000001776, 12.64656426582888926, 1.714246796764878011 ) ) ;
#2542 = DIRECTION ( 'NONE',  ( -1.000000000000000000, 3.338853781347929776E-28, -1.794541526872530066E-14 ) ) ;
#2543 = CARTESIAN_POINT ( 'NONE',  ( 4.965164424337574545, 12.69953703112280330, 6.791393931470611101 ) ) ;
#2544 = CARTESIAN_POINT ( 'NONE',  ( 5.721047637985603451, 12.69953703112068766, -6.794436134513060388 ) ) ;
#2545 = CALENDAR_DATE ( 2019, 21, 10 ) ;
#2546 = AXIS2_PLACEMENT_3D ( 'NONE', #1833, #3616, #7158 ) ;
#2547 = EDGE_CURVE ( 'NONE', #4373, #5082, #1962, .T. ) ;
#2548 = ADVANCED_FACE ( 'NONE', ( #6670 ), #2041, .F. ) ;
#2549 = CARTESIAN_POINT ( 'NONE',  ( 3.451341823664733077, 11.45812853167969969, 2.325185658323911292E-16 ) ) ;
#2550 = DIRECTION ( 'NONE',  ( 1.000000000000000000, -0.0000000000000000000, 0.0000000000000000000 ) ) ;
#2551 = EDGE_CURVE ( 'NONE', #25, #1039, #5014, .T. ) ;
#2552 = VECTOR ( 'NONE', #2594, 1000.000000000000000 ) ;
#2553 = FACE_OUTER_BOUND ( 'NONE', #2282, .T. ) ;
#2554 = DIRECTION ( 'NONE',  ( 0.0000000000000000000, 0.0000000000000000000, 1.000000000000000000 ) ) ;
#2555 = DIRECTION ( 'NONE',  ( 0.0000000000000000000, 0.0000000000000000000, 1.000000000000000000 ) ) ;
#2556 = VERTEX_POINT ( 'NONE', #4277 ) ;
#2557 = DIRECTION ( 'NONE',  ( 0.8164965809277260345, -0.4082482904638622956, 0.4082482904638637389 ) ) ;
#2558 = VECTOR ( 'NONE', #7275, 1000.000000000000000 ) ;
#2559 = CARTESIAN_POINT ( 'NONE',  ( 5.749999999999304556, 12.68816249061487333, 6.779945829408947411 ) ) ;
#2560 = EDGE_CURVE ( 'NONE', #258, #5503, #894, .T. ) ;
#2561 = CARTESIAN_POINT ( 'NONE',  ( 4.949999999999999289, 11.93499999999701977, 1.799211327335719757 ) ) ;
#2562 = DIRECTION ( 'NONE',  ( -1.734723475976807410E-14, 0.0000000000000000000, 1.000000000000000000 ) ) ;
#2563 = CARTESIAN_POINT ( 'NONE',  ( 3.450447775674256423, 11.45044927442903138, 3.799104448651466015 ) ) ;
#2564 =( GEOMETRIC_REPRESENTATION_CONTEXT ( 3 ) GLOBAL_UNCERTAINTY_ASSIGNED_CONTEXT ( ( #1840 ) ) GLOBAL_UNIT_ASSIGNED_CONTEXT ( ( #5808, #5946, #4574 ) ) REPRESENTATION_CONTEXT ( 'NONE', 'WORKASPACE' ) );
#2565 = DIRECTION ( 'NONE',  ( 2.501911041408800138E-16, 1.000000000000000000, -0.0000000000000000000 ) ) ;
#2566 = ORIENTED_EDGE ( 'NONE', *, *, #6500, .F. ) ;
#2567 = FACE_OUTER_BOUND ( 'NONE', #1290, .T. ) ;
#2568 = ORIENTED_EDGE ( 'NONE', *, *, #4901, .T. ) ;
#2569 =( BOUNDED_CURVE ( )  B_SPLINE_CURVE ( 3, ( #1998, #4312, #5389, #3123 ),
 .UNSPECIFIED., .F., .F. ) 
 B_SPLINE_CURVE_WITH_KNOTS ( ( 4, 4 ),
 ( 0.5000000007378365696, 1.000000000000000000 ),
 .UNSPECIFIED. ) 
 CURVE ( )  GEOMETRIC_REPRESENTATION_ITEM ( )  RATIONAL_B_SPLINE_CURVE ( ( 1.000000000000000000, 0.8584414873009036384, 0.8584414873009036384, 1.000000000000000000 ) ) 
 REPRESENTATION_ITEM ( '' )  );
#2570 =( BOUNDED_CURVE ( )  B_SPLINE_CURVE ( 3, ( #1382, #1498, #5588, #2115 ),
 .UNSPECIFIED., .F., .F. ) 
 B_SPLINE_CURVE_WITH_KNOTS ( ( 4, 4 ),
 ( 0.0000000000000000000, 1.000000000000000000 ),
 .UNSPECIFIED. ) 
 CURVE ( )  GEOMETRIC_REPRESENTATION_ITEM ( )  RATIONAL_B_SPLINE_CURVE ( ( 1.000000000000000000, 0.3333333333333335369, 0.3333333333333335369, 1.000000000000000000 ) ) 
 REPRESENTATION_ITEM ( '' )  );
#2571 = FACE_OUTER_BOUND ( 'NONE', #3117, .T. ) ;
#2572 = ORIENTED_EDGE ( 'NONE', *, *, #7533, .T. ) ;
#2573 = CARTESIAN_POINT ( 'NONE',  ( 9.449999999999999289, 10.00000000000000000, -7.620000000000000107 ) ) ;
#2574 = CARTESIAN_POINT ( 'NONE',  ( 6.521332732297199897, 12.73499999999999943, -6.500694998502298816 ) ) ;
#2575 = CC_DESIGN_DATE_AND_TIME_ASSIGNMENT ( #6510, #6586, ( #3549 ) ) ;
#2576 = CARTESIAN_POINT ( 'NONE',  ( 1.250000000000000000, 10.00000000000000000, 7.620000000000000107 ) ) ;
#2577 = ORIENTED_EDGE ( 'NONE', *, *, #4149, .F. ) ;
#2578 = ORIENTED_EDGE ( 'NONE', *, *, #6056, .F. ) ;
#2579 = CARTESIAN_POINT ( 'NONE',  ( 7.049999999999563727, 11.23499999999999766, 5.079999999999999183 ) ) ;
#2580 = ORIENTED_EDGE ( 'NONE', *, *, #5653, .T. ) ;
#2581 = ORIENTED_EDGE ( 'NONE', *, *, #3445, .T. ) ;
#2582 = CARTESIAN_POINT ( 'NONE',  ( 5.750000000000000000, 12.64914866789105297, -6.793937828365216092 ) ) ;
#2583 = CARTESIAN_POINT ( 'NONE',  ( 4.949999999999991296, 12.73499999999999943, -3.467917139009471406 ) ) ;
#2584 = CIRCLE ( 'NONE', #7372, 0.8000000000000003775 ) ;
#2585 = CARTESIAN_POINT ( 'NONE',  ( 7.049999999999563727, 11.23499999999999766, 5.079999999999999183 ) ) ;
#2586 = SECURITY_CLASSIFICATION_LEVEL ( 'unclassified' ) ;
#2587 = VECTOR ( 'NONE', #6359, 1000.000000000000000 ) ;
#2588 = ORIENTED_EDGE ( 'NONE', *, *, #104, .T. ) ;
#2589 = CARTESIAN_POINT ( 'NONE',  ( 3.451341823664733077, 11.45812853167969969, 2.325185658323911292E-16 ) ) ;
#2590 = CARTESIAN_POINT ( 'NONE',  ( 10.25000000000000000, 0.0000000000000000000, 7.620000000000000107 ) ) ;
#2591 = VECTOR ( 'NONE', #296, 1000.000000000000000 ) ;
#2592 = CARTESIAN_POINT ( 'NONE',  ( 5.299999999999990052, -0.05000000078161020295, 5.580000000000119975 ) ) ;
#2593 = ADVANCED_FACE ( 'NONE', ( #6016 ), #3244, .T. ) ;
#2594 = DIRECTION ( 'NONE',  ( -0.0000000000000000000, -0.0000000000000000000, 1.000000000000000000 ) ) ;
#2595 = APPLICATION_PROTOCOL_DEFINITION ( 'international standard', 'config_control_design', 1994, #6442 ) ;
#2596 = EDGE_LOOP ( 'NONE', ( #4665, #6490, #2375, #5809 ) ) ;
#2597 = ADVANCED_FACE ( 'NONE', ( #6091 ), #1768, .T. ) ;
#2598 = DIRECTION ( 'NONE',  ( 1.000000000000000000, -9.854725885015578669E-16, 0.0000000000000000000 ) ) ;
#2599 = VECTOR ( 'NONE', #1508, 1000.000000000000000 ) ;
#2600 = AXIS2_PLACEMENT_3D ( 'NONE', #5526, #245, #2602 ) ;
#2601 = DIRECTION ( 'NONE',  ( 0.0000000000000000000, 0.0000000000000000000, -1.000000000000000000 ) ) ;
#2602 = DIRECTION ( 'NONE',  ( 0.0000000000000000000, -0.0000000000000000000, -1.000000000000000000 ) ) ;
#2603 = CARTESIAN_POINT ( 'NONE',  ( 3.650000000000294342, 11.23500000000000121, -1.680000000000607896 ) ) ;
#2604 = LINE ( 'NONE', #1360, #3349 ) ;
#2605 = ADVANCED_FACE ( 'NONE', ( #6936 ), #6801, .T. ) ;
#2606 = CIRCLE ( 'NONE', #628, 0.2000000000000000944 ) ;
#2608 = VECTOR ( 'NONE', #1264, 1000.000000000000000 ) ;
#2607 = CARTESIAN_POINT ( 'NONE',  ( 3.689033065960702018, 12.73500000000000121, 5.890162727164847567 ) ) ;
#2609 = CARTESIAN_POINT ( 'NONE',  ( 9.250000000000000000, 5.199999999999987743, 1.299999999999990941 ) ) ;
#2610 = ORIENTED_EDGE ( 'NONE', *, *, #849, .T. ) ;
#2611 = EDGE_CURVE ( 'NONE', #5842, #2443, #4436, .T. ) ;
#2612 = LINE ( 'NONE', #4957, #7453 ) ;
#2613 = ORIENTED_EDGE ( 'NONE', *, *, #4377, .F. ) ;
#2614 = VECTOR ( 'NONE', #4868, 1000.000000000000000 ) ;
#2615 = CARTESIAN_POINT ( 'NONE',  ( 2.146410161513769843, 6.599999999999999645, -3.139999999999999680 ) ) ;
#2616 = VERTEX_POINT ( 'NONE', #6282 ) ;
#2617 = DIRECTION ( 'NONE',  ( 1.000000000000000000, -0.0000000000000000000, 0.0000000000000000000 ) ) ;
#2618 = CARTESIAN_POINT ( 'NONE',  ( 3.449999999999990852, 11.44273112629124967, -4.653657836759942730E-16 ) ) ;
#2619 = DIRECTION ( 'NONE',  ( 0.8944271909999154113, 0.0000000000000000000, 0.4472135954999587604 ) ) ;
#2620 = ORIENTED_EDGE ( 'NONE', *, *, #5357, .F. ) ;
#2621 = VERTEX_POINT ( 'NONE', #1507 ) ;
#2622 = CARTESIAN_POINT ( 'NONE',  ( 4.950000000002678924, 12.70467874844269929, 1.686818741883630901 ) ) ;
#2623 = ORIENTED_EDGE ( 'NONE', *, *, #1459, .F. ) ;
#2624 = VERTEX_POINT ( 'NONE', #3858 ) ;
#2625 = CARTESIAN_POINT ( 'NONE',  ( 3.589703979381174914, 12.64656426582076776, -5.080000000000000071 ) ) ;
#2626 = CARTESIAN_POINT ( 'NONE',  ( 5.750000000000001776, 12.40938025448233262, 1.742602432482167840 ) ) ;
#2627 = CARTESIAN_POINT ( 'NONE',  ( 5.299999999999999822, -3.700000000000009948, 4.780000000000000249 ) ) ;
#2628 = DATE_TIME_ROLE ( 'classification_date' ) ;
#2629 = ORIENTED_EDGE ( 'NONE', *, *, #5184, .T. ) ;
#2630 = CARTESIAN_POINT ( 'NONE',  ( 1.942790561913620095, 6.599999999999999645, 7.000000000000000000 ) ) ;
#2631 = DIRECTION ( 'NONE',  ( 0.0000000000000000000, -0.0000000000000000000, -1.000000000000000000 ) ) ;
#2632 = DIRECTION ( 'NONE',  ( 0.0000000000000000000, 0.0000000000000000000, -1.000000000000000000 ) ) ;
#2633 = DIRECTION ( 'NONE',  ( -1.000000000000000000, 0.0000000000000000000, 0.0000000000000000000 ) ) ;
#2634 = DIRECTION ( 'NONE',  ( 1.000000000000000000, 0.0000000000000000000, 0.0000000000000000000 ) ) ;
#2635 = ORIENTED_EDGE ( 'NONE', *, *, #849, .F. ) ;
#2636 = DIRECTION ( 'NONE',  ( -1.171453342316279939E-15, -1.000000000000000000, 0.0000000000000000000 ) ) ;
#2637 = EDGE_CURVE ( 'NONE', #1691, #4041, #1651, .T. ) ;
#2638 = DIRECTION ( 'NONE',  ( -0.6666666666666660745, -0.6666666666666671848, -0.3333333333333335924 ) ) ;
#2639 = CARTESIAN_POINT ( 'NONE',  ( 5.349999999999999645, 11.23499999999999943, -5.080000000000000071 ) ) ;
#2640 = LOCAL_TIME ( 21, 42, 48.00000000000000000, #6704 ) ;
#2641 = LINE ( 'NONE', #5066, #4792 ) ;
#2642 = ADVANCED_FACE ( 'NONE', ( #351 ), #2710, .T. ) ;
#2643 = CARTESIAN_POINT ( 'NONE',  ( 8.289638583737175992, 13.74631306408207365, -2.540000000000000036 ) ) ;
#2644 = LINE ( 'NONE', #4869, #2677 ) ;
#2645 = CARTESIAN_POINT ( 'NONE',  ( 3.649999999999990141, 11.43500000000000227, 0.0000000000000000000 ) ) ;
#2646 = VERTEX_POINT ( 'NONE', #4474 ) ;
#2647 = LINE ( 'NONE', #5686, #1792 ) ;
#2648 = ORIENTED_EDGE ( 'NONE', *, *, #6213, .T. ) ;
#2649 = EDGE_CURVE ( 'NONE', #3409, #5563, #3892, .T. ) ;
#2650 = CARTESIAN_POINT ( 'NONE',  ( 5.349999999999980105, 11.45812853178540713, 5.080000000000000071 ) ) ;
#2651 = EDGE_CURVE ( 'NONE', #7444, #3992, #5780, .T. ) ;
#2652 = ORIENTED_EDGE ( 'NONE', *, *, #3915, .T. ) ;
#2653 = CARTESIAN_POINT ( 'NONE',  ( 8.289638583737172439, 13.74631306408209852, 7.620000000000000107 ) ) ;
#2654 = EDGE_CURVE ( 'NONE', #1638, #4613, #2819, .T. ) ;
#2655 = CARTESIAN_POINT ( 'NONE',  ( 4.500000000000000888, 0.0000000000000000000, 7.620000000000000107 ) ) ;
#2656 = CARTESIAN_POINT ( 'NONE',  ( 10.25000000000000000, 1.700000000000004396, 3.279999999999998916 ) ) ;
#2657 = VERTEX_POINT ( 'NONE', #7467 ) ;
#2658 = ORIENTED_EDGE ( 'NONE', *, *, #7013, .T. ) ;
#2659 = ORIENTED_EDGE ( 'NONE', *, *, #474, .T. ) ;
#2660 = ORIENTED_EDGE ( 'NONE', *, *, #3968, .T. ) ;
#2661 = CARTESIAN_POINT ( 'NONE',  ( 5.749999999999321432, 12.73298944267163080, -6.715789504932165421 ) ) ;
#2662 = DIRECTION ( 'NONE',  ( -1.000000000000000000, 1.171453342316279939E-15, 0.0000000000000000000 ) ) ;
#2663 = EDGE_CURVE ( 'NONE', #5878, #1628, #4509, .T. ) ;
#2664 = CARTESIAN_POINT ( 'NONE',  ( 5.749999999997323030, 12.71195981187718438, 3.402202841126641619 ) ) ;
#2665 = EDGE_CURVE ( 'NONE', #5142, #6113, #5123, .T. ) ;
#2666 = CARTESIAN_POINT ( 'NONE',  ( 7.248658176329019653, 11.45812853167897138, 8.877316352658057852 ) ) ;
#2667 = ORIENTED_EDGE ( 'NONE', *, *, #3486, .T. ) ;
#2668 = DIRECTION ( 'NONE',  ( -3.402072636421427165E-15, -0.9805806756909206667, 0.1961161351381814355 ) ) ;
#2669 = CARTESIAN_POINT ( 'NONE',  ( 6.521332732297200785, 12.73499999999999943, 6.500694998502299704 ) ) ;
#2670 = LINE ( 'NONE', #7357, #18 ) ;
#2671 = DIRECTION ( 'NONE',  ( -0.9610693039298836560, 0.2763074248798411681, 0.0000000000000000000 ) ) ;
#2672 = AXIS2_PLACEMENT_3D ( 'NONE', #6332, #1701, #4715 ) ;
#2673 = PERSON_AND_ORGANIZATION_ROLE ( 'creator' ) ;
#2674 = ORIENTED_EDGE ( 'NONE', *, *, #3864, .F. ) ;
#2675 = DIRECTION ( 'NONE',  ( 0.0000000000000000000, -1.000000000000000000, 0.0000000000000000000 ) ) ;
#2676 = DIRECTION ( 'NONE',  ( 2.501911041408800138E-16, 1.000000000000000000, -0.0000000000000000000 ) ) ;
#2677 = VECTOR ( 'NONE', #825, 1000.000000000000000 ) ;
#2678 = CARTESIAN_POINT ( 'NONE',  ( 7.249999999999992006, 11.31784271247447649, 5.080000000000000959 ) ) ;
#2679 = DIRECTION ( 'NONE',  ( -0.0000000000000000000, -0.9805806756909204447, 0.1961161351381830731 ) ) ;
#2680 = DIRECTION ( 'NONE',  ( 1.000000000000000000, 0.0000000000000000000, 0.0000000000000000000 ) ) ;
#2681 = DIRECTION ( 'NONE',  ( -2.501911041408800138E-16, -1.000000000000000000, 0.0000000000000000000 ) ) ;
#2682 = EDGE_CURVE ( 'NONE', #5417, #3743, #2240, .T. ) ;
#2683 = EDGE_LOOP ( 'NONE', ( #4300, #5770, #2809, #3687, #892, #6467 ) ) ;
#2684 = AXIS2_PLACEMENT_3D ( 'NONE', #5905, #6559, #5324 ) ;
#2685 =( BOUNDED_SURFACE ( )  B_SPLINE_SURFACE ( 3, 3, ( 
 ( #846, #6622, #3198, #4238 ),
 ( #1385, #121, #162, #730 ),
 ( #1343, #3702, #6053, #3125 ),
 ( #5473, #193, #7235, #6088 ) ),
 .UNSPECIFIED., .F., .F., .F. ) 
 B_SPLINE_SURFACE_WITH_KNOTS ( ( 4, 4 ),
 ( 4, 4 ),
 ( 0.0000000000000000000, 1.000000000000000000 ),
 ( 0.0000000000000000000, 1.000000000000000000 ),
 .UNSPECIFIED. ) 
 GEOMETRIC_REPRESENTATION_ITEM ( )  RATIONAL_B_SPLINE_SURFACE ( (
 ( 1.000000000000000000, 0.3333333333333334259, 0.3333333333333334259, 1.000000000000000000),
 ( 0.8047378541240031158, 0.2682459513746677793, 0.2682459513746677793, 0.8047378541240031158),
 ( 0.8047378541240031158, 0.2682459513746677793, 0.2682459513746677793, 0.8047378541240031158),
 ( 1.000000000000000000, 0.3333333333333334259, 0.3333333333333334259, 1.000000000000000000) ) ) 
 REPRESENTATION_ITEM ( '' )  SURFACE ( )  );
#2686 = CARTESIAN_POINT ( 'NONE',  ( 5.299999999999990052, -0.05000000078162009781, -4.279999999999863469 ) ) ;
#2687 = ORIENTED_EDGE ( 'NONE', *, *, #711, .T. ) ;
#2688 = CARTESIAN_POINT ( 'NONE',  ( 5.349999999999989875, 11.43500000000000050, 0.0000000000000000000 ) ) ;
#2689 = ORIENTED_EDGE ( 'NONE', *, *, #3499, .T. ) ;
#2690 = PLANE ( 'NONE',  #850 ) ;
#2691 = AXIS2_PLACEMENT_3D ( 'NONE', #6853, #5156, #1002 ) ;
#2692 = LINE ( 'NONE', #181, #5562 ) ;
#2693 = CARTESIAN_POINT ( 'NONE',  ( 10.25000000000000000, 6.799999999999999822, 7.620000000000000107 ) ) ;
#2694 = EDGE_CURVE ( 'NONE', #5842, #1255, #6971, .T. ) ;
#2695 = EDGE_CURVE ( 'NONE', #4838, #4419, #1799, .T. ) ;
#2696 = DIRECTION ( 'NONE',  ( 1.224646799147353207E-16, -1.434616586018100824E-31, -1.000000000000000000 ) ) ;
#2697 = ORIENTED_EDGE ( 'NONE', *, *, #6315, .F. ) ;
#2698 = ORIENTED_EDGE ( 'NONE', *, *, #4687, .T. ) ;
#2699 = CIRCLE ( 'NONE', #6372, 0.2999999999999999334 ) ;
#2700 = EDGE_LOOP ( 'NONE', ( #714, #1366, #4996, #5695 ) ) ;
#2701 = CARTESIAN_POINT ( 'NONE',  ( 5.749999999999932498, 12.72947253920396449, 1.647765679071599099 ) ) ;
#2702 = CARTESIAN_POINT ( 'NONE',  ( 4.949999999999999289, 11.93499999999671601, -6.879211327335756465 ) ) ;
#2703 = LOCAL_TIME ( 21, 42, 48.00000000000000000, #1766 ) ;
#2704 = EDGE_CURVE ( 'NONE', #6922, #4922, #7122, .T. ) ;
#2705 = FACE_OUTER_BOUND ( 'NONE', #578, .T. ) ;
#2706 = EDGE_CURVE ( 'NONE', #2621, #2212, #7007, .T. ) ;
#2707 = DIRECTION ( 'NONE',  ( 0.9880120337511015816, 0.1543768802736090739, -0.0000000000000000000 ) ) ;
#2708 = VERTEX_POINT ( 'NONE', #7084 ) ;
#2709 = LINE ( 'NONE', #5013, #2835 ) ;
#2710 = PLANE ( 'NONE',  #2854 ) ;
#2711 = DIRECTION ( 'NONE',  ( 1.000000000000000000, 0.0000000000000000000, 0.0000000000000000000 ) ) ;
#2712 = FACE_BOUND ( 'NONE', #4265, .T. ) ;
#2713 = VECTOR ( 'NONE', #6753, 1000.000000000000000 ) ;
#2714 = PERSON_AND_ORGANIZATION_ROLE ( 'design_owner' ) ;
#2715 = ORIENTED_EDGE ( 'NONE', *, *, #3209, .F. ) ;
#2716 = DIRECTION ( 'NONE',  ( -1.000000000000000000, 0.0000000000000000000, -0.0000000000000000000 ) ) ;
#2717 = DIRECTION ( 'NONE',  ( 0.0000000000000000000, 0.0000000000000000000, -1.000000000000000000 ) ) ;
#2718 = AXIS2_PLACEMENT_3D ( 'NONE', #2002, #893, #1961 ) ;
#2719 = DIRECTION ( 'NONE',  ( -2.501911041408800138E-16, -1.000000000000000000, 0.0000000000000000000 ) ) ;
#2720 = CARTESIAN_POINT ( 'NONE',  ( 1.199999999999999734, 0.0000000000000000000, -2.540000000000000480 ) ) ;
#2721 = CYLINDRICAL_SURFACE ( 'NONE', #7099, 0.2999999999999999334 ) ;
#2722 = FACE_OUTER_BOUND ( 'NONE', #4148, .T. ) ;
#2723 = AXIS2_PLACEMENT_3D ( 'NONE', #1256, #4806, #4188 ) ;
#2724 = AXIS2_PLACEMENT_3D ( 'NONE', #3462, #2148, #533 ) ;
#2725 = ORIENTED_EDGE ( 'NONE', *, *, #5485, .T. ) ;
#2726 = CARTESIAN_POINT ( 'NONE',  ( 4.500000000000006217, -2.700000000000284839, 4.580000000000056026 ) ) ;
#2727 = ORIENTED_EDGE ( 'NONE', *, *, #4200, .F. ) ;
#2728 = FACE_OUTER_BOUND ( 'NONE', #3573, .T. ) ;
#2729 = ORIENTED_EDGE ( 'NONE', *, *, #6591, .T. ) ;
#2730 = DIRECTION ( 'NONE',  ( -1.000000000000000000, 0.0000000000000000000, 0.0000000000000000000 ) ) ;
#2731 = CIRCLE ( 'NONE', #3578, 1.760296020627533320 ) ;
#2732 = AXIS2_PLACEMENT_3D ( 'NONE', #3706, #6128, #5477 ) ;
#2733 = CARTESIAN_POINT ( 'NONE',  ( 5.750000000000001776, 12.64656426582888926, 1.714246796764878011 ) ) ;
#2734 = CARTESIAN_POINT ( 'NONE',  ( 0.9446261355944070015, 8.673617379884035472E-16, 7.195000000000000284 ) ) ;
#2735 =( BOUNDED_SURFACE ( )  B_SPLINE_SURFACE ( 3, 3, ( 
 ( #5488, #4292, #1361, #6100 ),
 ( #3220, #2563, #6184, #7214 ),
 ( #5530, #3256, #865, #1979 ),
 ( #208, #3718, #6067, #6680 ) ),
 .UNSPECIFIED., .F., .F., .F. ) 
 B_SPLINE_SURFACE_WITH_KNOTS ( ( 4, 4 ),
 ( 4, 4 ),
 ( 0.0000000000000000000, 1.000000000000000000 ),
 ( 0.0000000000000000000, 1.000000000000000000 ),
 .UNSPECIFIED. ) 
 GEOMETRIC_REPRESENTATION_ITEM ( )  RATIONAL_B_SPLINE_SURFACE ( (
 ( 1.000000000000000000, 0.3333333333333334259, 0.3333333333333334259, 1.000000000000000000),
 ( 0.9988808742757321335, 0.3329602914252441370, 0.3329602914252441370, 0.9988808742757321335),
 ( 0.9988808742757321335, 0.3329602914252441370, 0.3329602914252441370, 0.9988808742757321335),
 ( 1.000000000000000000, 0.3333333333333334259, 0.3333333333333334259, 1.000000000000000000) ) ) 
 REPRESENTATION_ITEM ( '' )  SURFACE ( )  );
#2736 = DIRECTION ( 'NONE',  ( -1.794541526872530066E-14, 0.0000000000000000000, 1.000000000000000000 ) ) ;
#2737 = VERTEX_POINT ( 'NONE', #2969 ) ;
#2738 = ADVANCED_BREP_SHAPE_REPRESENTATION ( '', ( #2439, #6010 ), #352 ) ;
#2739 = AXIS2_PLACEMENT_3D ( 'NONE', #6681, #7291, #5531 ) ;
#2740 = EDGE_LOOP ( 'NONE', ( #5076, #1167, #4490, #1221 ) ) ;
#2741 = VECTOR ( 'NONE', #1610, 1000.000000000000000 ) ;
#2742 = EDGE_LOOP ( 'NONE', ( #5467, #3518, #108, #7307 ) ) ;
#2743 = EDGE_CURVE ( 'NONE', #3528, #2146, #3585, .T. ) ;
#2744 = CARTESIAN_POINT ( 'NONE',  ( 7.249999999999991118, 11.43499999999999872, 5.079999999999999183 ) ) ;
#2745 = DIRECTION ( 'NONE',  ( -1.000000000000000000, 9.136576017758483468E-16, 0.0000000000000000000 ) ) ;
#2746 = VECTOR ( 'NONE', #7223, 1000.000000000000000 ) ;
#2747 = CARTESIAN_POINT ( 'NONE',  ( 3.449999999999990852, 11.43500000000000050, 1.280000000000001581 ) ) ;
#2748 = CALENDAR_DATE ( 2019, 21, 10 ) ;
#2749 = FACE_OUTER_BOUND ( 'NONE', #2742, .T. ) ;
#2750 = ORIENTED_EDGE ( 'NONE', *, *, #2034, .T. ) ;
#2751 = ADVANCED_FACE ( 'NONE', ( #3505 ), #1763, .T. ) ;
#2752 = CARTESIAN_POINT ( 'NONE',  ( 5.349999999999999645, 10.44999999999999929, 5.080000000000000071 ) ) ;
#2753 = CARTESIAN_POINT ( 'NONE',  ( 7.249999999999990230, 11.44273112629124434, -3.799999999999999378 ) ) ;
#2754 = EDGE_CURVE ( 'NONE', #717, #4383, #6508, .T. ) ;
#2755 = CARTESIAN_POINT ( 'NONE',  ( 8.076037614647821883, 12.69953703112068588, 3.875243666752033356 ) ) ;
#2756 = CARTESIAN_POINT ( 'NONE',  ( 1.199999999999999956, 6.599999999999999645, -2.540000000000000036 ) ) ;
#2757 = PERSON_AND_ORGANIZATION_ROLE ( 'classification_officer' ) ;
#2758 = ORIENTED_EDGE ( 'NONE', *, *, #2979, .T. ) ;
#2759 = FACE_OUTER_BOUND ( 'NONE', #2834, .T. ) ;
#2760 = CARTESIAN_POINT ( 'NONE',  ( 4.195177830238134398, 12.73500000000000298, 1.442761435272225334 ) ) ;
#2761 = DIRECTION ( 'NONE',  ( 1.000000000000000000, 0.0000000000000000000, 0.0000000000000000000 ) ) ;
#2762 = CARTESIAN_POINT ( 'NONE',  ( 4.949999999999991296, 12.73499999999999943, 3.467917139009471406 ) ) ;
#2763 = ORIENTED_EDGE ( 'NONE', *, *, #3114, .F. ) ;
#2764 =( REPRESENTATION_RELATIONSHIP ('NONE','NONE', #2385, #1547 ) REPRESENTATION_RELATIONSHIP_WITH_TRANSFORMATION ( #1423 )SHAPE_REPRESENTATION_RELATIONSHIP( ) );
#2765 = DIRECTION ( 'NONE',  ( 0.7071067811865470176, 0.7071067811865480168, 0.0000000000000000000 ) ) ;
#2766 = VERTEX_POINT ( 'NONE', #572 ) ;
#2767 = CC_DESIGN_SECURITY_CLASSIFICATION ( #1399, ( #7607 ) ) ;
#2768 = CARTESIAN_POINT ( 'NONE',  ( 3.532842712474772551, 11.23499999999982180, -3.634314575050436869 ) ) ;
#2769 = EDGE_CURVE ( 'NONE', #1588, #6334, #1725, .T. ) ;
#2770 = LINE ( 'NONE', #2803, #122 ) ;
#2771 = CARTESIAN_POINT ( 'NONE',  ( 3.689033067547872413, 12.73499999999999943, 4.269837270968745102 ) ) ;
#2772 = CARTESIAN_POINT ( 'NONE',  ( 5.749999999997323030, 12.70467874844269751, -1.686818741883628459 ) ) ;
#2773 = DIRECTION ( 'NONE',  ( -0.1156426583973926697, -0.9932908816448401401, 1.416214114512545531E-17 ) ) ;
#2774 = ORIENTED_EDGE ( 'NONE', *, *, #6920, .F. ) ;
#2775 = ORIENTED_EDGE ( 'NONE', *, *, #94, .F. ) ;
#2776 = ORIENTED_EDGE ( 'NONE', *, *, #3359, .F. ) ;
#2777 = LINE ( 'NONE', #6273, #498 ) ;
#2778 = CARTESIAN_POINT ( 'NONE',  ( 8.289638583737175992, 13.74631306408207365, -7.620000000000000107 ) ) ;
#2779 = CARTESIAN_POINT ( 'NONE',  ( 5.749999999999319655, 12.73298944267163257, 3.444210495067835165 ) ) ;
#2780 = ADVANCED_FACE ( 'NONE', ( #2930 ), #5970, .T. ) ;
#2781 = DIRECTION ( 'NONE',  ( -1.000000000000000000, 3.334909476821824268E-28, -1.794541526872530066E-14 ) ) ;
#2782 = LINE ( 'NONE', #5119, #3574 ) ;
#2783 = ORIENTED_EDGE ( 'NONE', *, *, #1058, .T. ) ;
#2784 = FACE_OUTER_BOUND ( 'NONE', #3766, .T. ) ;
#2785 = DIRECTION ( 'NONE',  ( 1.171453342316279939E-15, 1.000000000000000000, -0.0000000000000000000 ) ) ;
#2786 = CARTESIAN_POINT ( 'NONE',  ( 3.650000000000295231, 11.23499999999999943, -4.163799117100252621E-16 ) ) ;
#2787 = LINE ( 'NONE', #2756, #2178 ) ;
#2788 = EDGE_CURVE ( 'NONE', #451, #1442, #6906, .T. ) ;
#2789 = CALENDAR_DATE ( 2019, 21, 10 ) ;
#2790 = ADVANCED_FACE ( 'NONE', ( #1684 ), #7010, .T. ) ;
#2791 = VERTEX_POINT ( 'NONE', #4623 ) ;
#2792 = EDGE_CURVE ( 'NONE', #2953, #5506, #4700, .T. ) ;
#2793 = CARTESIAN_POINT ( 'NONE',  ( 7.249999999999990230, 11.31784271247447471, 2.326828918379972351E-16 ) ) ;
#2794 = DIRECTION ( 'NONE',  ( 1.000000000000000000, -1.171453342316279939E-15, -1.931148907734990011E-16 ) ) ;
#2795 = VECTOR ( 'NONE', #2557, 999.9999999999998863 ) ;
#2796 = CARTESIAN_POINT ( 'NONE',  ( 7.249552224325723770, 11.45044927442902782, -5.080000000000002736 ) ) ;
#2797 = ORIENTED_EDGE ( 'NONE', *, *, #238, .F. ) ;
#2798 = CARTESIAN_POINT ( 'NONE',  ( -0.6999999999999999556, -3.700000000000010392, -4.779999999999999361 ) ) ;
#2799 = ORIENTED_EDGE ( 'NONE', *, *, #7193, .F. ) ;
#2800 = VECTOR ( 'NONE', #3564, 1000.000000000000000 ) ;
#2801 = EDGE_LOOP ( 'NONE', ( #3406, #6069 ) ) ;
#2802 = PLANE ( 'NONE',  #1972 ) ;
#2803 = CARTESIAN_POINT ( 'NONE',  ( 1.190000000000000169, 6.799999999999999822, 7.620000000000000107 ) ) ;
#2804 = CARTESIAN_POINT ( 'NONE',  ( 5.750000000000001776, 12.64656426582888926, 6.794246796764878304 ) ) ;
#2805 = CIRCLE ( 'NONE', #6116, 1.843139007349806180 ) ;
#2806 = CARTESIAN_POINT ( 'NONE',  ( 7.010966932452109113, 12.73499999999999766, 0.7947222771640993777 ) ) ;
#2807 = CARTESIAN_POINT ( 'NONE',  ( 10.25000000000000000, 6.200000000000009948, 7.620000000000000107 ) ) ;
#2808 = ORIENTED_EDGE ( 'NONE', *, *, #4377, .T. ) ;
#2809 = ORIENTED_EDGE ( 'NONE', *, *, #6585, .T. ) ;
#2810 = AXIS2_PLACEMENT_3D ( 'NONE', #6703, #3084, #5436 ) ;
#2811 = EDGE_LOOP ( 'NONE', ( #532, #3223, #1891, #1593 ) ) ;
#2812 = CARTESIAN_POINT ( 'NONE',  ( 9.646410161513776060, 0.0000000000000000000, -3.139999999999998792 ) ) ;
#2813 = CARTESIAN_POINT ( 'NONE',  ( 5.299999999999990052, -0.05000000078162009781, 0.8000000000001384892 ) ) ;
#2814 = DIRECTION ( 'NONE',  ( 0.8164965809277260345, -0.4082482904638622401, 0.4082482904638638499 ) ) ;
#2815 = DIRECTION ( 'NONE',  ( -2.501911041408800138E-16, -1.000000000000000000, 0.0000000000000000000 ) ) ;
#2816 = CYLINDRICAL_SURFACE ( 'NONE', #6276, 1.975000000000000089 ) ;
#2817 = ORIENTED_EDGE ( 'NONE', *, *, #3995, .T. ) ;
#2818 = CARTESIAN_POINT ( 'NONE',  ( 3.532842712474772995, 11.23499999999982357, -5.080000000000000959 ) ) ;
#2819 = LINE ( 'NONE', #3319, #2112 ) ;
#2820 = CC_DESIGN_APPROVAL ( #2390, ( #1957 ) ) ;
#2821 = CARTESIAN_POINT ( 'NONE',  ( 8.085622008323131382, 12.64656426582414284, 3.871007900187909190 ) ) ;
#2822 = CARTESIAN_POINT ( 'NONE',  ( 3.449999999999990408, 11.43500000000000583, 8.880000000000002558 ) ) ;
#2823 = COORDINATED_UNIVERSAL_TIME_OFFSET ( 0, 0, .AHEAD. ) ;
#2824 = EDGE_LOOP ( 'NONE', ( #7411, #5481, #4297, #790 ) ) ;
#2825 = VECTOR ( 'NONE', #3688, 1000.000000000000000 ) ;
#2826 = DIRECTION ( 'NONE',  ( 1.224646799147353207E-16, -1.434616586018100824E-31, -1.000000000000000000 ) ) ;
#2827 = EDGE_CURVE ( 'NONE', #6331, #154, #2429, .T. ) ;
#2828 = VECTOR ( 'NONE', #1975, 1000.000000000000000 ) ;
#2829 = LINE ( 'NONE', #362, #4826 ) ;
#2830 = DIRECTION ( 'NONE',  ( 1.000000000000000000, -9.854725885015578669E-16, 0.0000000000000000000 ) ) ;
#2831 = EDGE_CURVE ( 'NONE', #6682, #2621, #4737, .T. ) ;
#2832 = EDGE_LOOP ( 'NONE', ( #884, #1338, #3064, #3069 ) ) ;
#2833 = PLANE ( 'NONE',  #4631 ) ;
#2834 = EDGE_LOOP ( 'NONE', ( #4817, #6346, #739, #232 ) ) ;
#2835 = VECTOR ( 'NONE', #5054, 1000.000000000000000 ) ;
#2836 = ORIENTED_EDGE ( 'NONE', *, *, #6259, .T. ) ;
#2837 = CARTESIAN_POINT ( 'NONE',  ( 4.499999999999992895, -3.700000000000007727, 0.3000000000000007105 ) ) ;
#2838 = ADVANCED_FACE ( 'NONE', ( #5349 ), #4659, .F. ) ;
#2839 = DIRECTION ( 'NONE',  ( 1.171453342316279939E-15, 1.000000000000000000, -0.0000000000000000000 ) ) ;
#2840 = DIRECTION ( 'NONE',  ( -3.402072636419410836E-15, 0.9805806756909203337, 0.1961161351381833784 ) ) ;
#2841 = AXIS2_PLACEMENT_3D ( 'NONE', #5689, #1023, #2877 ) ;
#2842 = DIRECTION ( 'NONE',  ( -3.402072636421381016E-15, -0.9805806756909208888, 0.1961161351381804363 ) ) ;
#2843 = EDGE_CURVE ( 'NONE', #2766, #6568, #1855, .T. ) ;
#2844 = DIRECTION ( 'NONE',  ( 0.0000000000000000000, 0.0000000000000000000, -1.000000000000000000 ) ) ;
#2845 = VERTEX_POINT ( 'NONE', #541 ) ;
#2846 = ORIENTED_EDGE ( 'NONE', *, *, #5365, .F. ) ;
#2847 = B_SPLINE_CURVE_WITH_KNOTS ( 'NONE', 3,
 ( #2858, #5203, #4622, #4658 ),
 .UNSPECIFIED., .F., .F.,
 ( 4, 4 ),
 ( 3.411940461911422888E-15, 0.0007166189195539847444 ),
 .UNSPECIFIED. ) ;
#2848 = AXIS2_PLACEMENT_3D ( 'NONE', #2437, #1806, #2316 ) ;
#2849 = ORIENTED_EDGE ( 'NONE', *, *, #326, .F. ) ;
#2850 = DIRECTION ( 'NONE',  ( -0.5000000000000004441, 0.0000000000000000000, 0.8660254037844383745 ) ) ;
#2851 = DIRECTION ( 'NONE',  ( -0.0000000000000000000, -0.0000000000000000000, 1.000000000000000000 ) ) ;
#2852 = CIRCLE ( 'NONE', #7266, 1.898658176328942071 ) ;
#2853 = CARTESIAN_POINT ( 'NONE',  ( 2.399999999999999911, 14.00000000000000000, 7.620000000000000107 ) ) ;
#2854 = AXIS2_PLACEMENT_3D ( 'NONE', #1078, #2785, #1010 ) ;
#2855 = FACE_OUTER_BOUND ( 'NONE', #5981, .T. ) ;
#2856 = ORIENTED_EDGE ( 'NONE', *, *, #6739, .F. ) ;
#2857 = EDGE_LOOP ( 'NONE', ( #7381, #7230, #5574, #5375, #595, #7005, #6655, #1576 ) ) ;
#2858 = CARTESIAN_POINT ( 'NONE',  ( 5.750000000000000000, 12.64656426582508075, -6.794246796769121133 ) ) ;
#2859 = VECTOR ( 'NONE', #2247, 1000.000000000000000 ) ;
#2860 = CARTESIAN_POINT ( 'NONE',  ( 3.595871266169321512, 12.69953703112280508, -4.224396140781418119 ) ) ;
#2861 = ADVANCED_FACE ( 'NONE', ( #2894 ), #7580, .F. ) ;
#2862 = CARTESIAN_POINT ( 'NONE',  ( 3.650000000000294342, 11.23499999999999943, 1.680000000000611005 ) ) ;
#2863 = CYLINDRICAL_SURFACE ( 'NONE', #2226, 0.2999999999999999334 ) ;
#2864 = CARTESIAN_POINT ( 'NONE',  ( 7.249999999999993783, 11.31784271247447471, 8.880000000000004334 ) ) ;
#2865 = PERSON_AND_ORGANIZATION ( #1524, #6256 ) ;
#2866 = ORIENTED_EDGE ( 'NONE', *, *, #3199, .F. ) ;
#2867 = CC_DESIGN_DATE_AND_TIME_ASSIGNMENT ( #4777, #6472, ( #3432 ) ) ;
#2868 =( BOUNDED_CURVE ( )  B_SPLINE_CURVE ( 3, ( #6204, #6746, #3891, #1388 ),
 .UNSPECIFIED., .F., .T. ) 
 B_SPLINE_CURVE_WITH_KNOTS ( ( 4, 4 ),
 ( 0.5000000007378366806, 1.000000000000000000 ),
 .UNSPECIFIED. ) 
 CURVE ( )  GEOMETRIC_REPRESENTATION_ITEM ( )  RATIONAL_B_SPLINE_CURVE ( ( 1.000000000000000000, 0.8584414873009038605, 0.8584414873009038605, 1.000000000000000000 ) ) 
 REPRESENTATION_ITEM ( '' )  );
#2869 = CARTESIAN_POINT ( 'NONE',  ( 3.532842712474771218, 11.23499999999982180, 3.634314575050436424 ) ) ;
#2870 = CARTESIAN_POINT ( 'NONE',  ( 4.130405130933180402, 12.69953703112280685, 1.523684329777223567 ) ) ;
#2871 = CARTESIAN_POINT ( 'NONE',  ( 10.25000000000000000, 6.200000000000001954, 3.279999999999998028 ) ) ;
#2872 = CARTESIAN_POINT ( 'NONE',  ( 5.349999999999989875, 11.45812853167969791, 5.080000000000000071 ) ) ;
#2873 = ORIENTED_EDGE ( 'NONE', *, *, #3665, .F. ) ;
#2874 = DIRECTION ( 'NONE',  ( 1.794541526872530066E-14, 1.889646980599319876E-14, -1.000000000000000000 ) ) ;
#2875 = EDGE_CURVE ( 'NONE', #6886, #7521, #7273, .T. ) ;
#2876 = EDGE_LOOP ( 'NONE', ( #254, #4535, #6080, #4082 ) ) ;
#2877 = DIRECTION ( 'NONE',  ( -1.000000000000000000, 9.136576017758483468E-16, 0.0000000000000000000 ) ) ;
#2878 = CARTESIAN_POINT ( 'NONE',  ( 10.25000000000000000, 6.199999999999977973, 6.879999999999999893 ) ) ;
#2879 = CARTESIAN_POINT ( 'NONE',  ( 2.932077519087679995, 11.23499999999999943, -143.2560000000000002 ) ) ;
#2880 = CARTESIAN_POINT ( 'NONE',  ( 5.749999999999319655, 12.73298944267163257, -1.635789504932164018 ) ) ;
#2881 = CARTESIAN_POINT ( 'NONE',  ( 3.595871267840949681, 12.69953703111901433, 4.224396138808089951 ) ) ;
#2882 = ORIENTED_EDGE ( 'NONE', *, *, #7571, .F. ) ;
#2883 = EDGE_CURVE ( 'NONE', #1496, #4772, #6414, .T. ) ;
#2884 = ORIENTED_EDGE ( 'NONE', *, *, #711, .F. ) ;
#2885 = EDGE_CURVE ( 'NONE', #1556, #3692, #2569, .T. ) ;
#2886 = ORIENTED_EDGE ( 'NONE', *, *, #4566, .F. ) ;
#2887 = EDGE_CURVE ( 'NONE', #6113, #1117, #3739, .T. ) ;
#2888 = DIRECTION ( 'NONE',  ( 1.000000000000000000, -1.171453342316279939E-15, -1.931148907734990011E-16 ) ) ;
#2889 = FACE_OUTER_BOUND ( 'NONE', #7265, .T. ) ;
#2890 = CARTESIAN_POINT ( 'NONE',  ( 1.799999999999996714, 6.599999999999999645, -7.620000000000000995 ) ) ;
#2891 = EDGE_LOOP ( 'NONE', ( #1007, #35, #4992, #2183 ) ) ;
#2892 = ORIENTED_EDGE ( 'NONE', *, *, #2064, .F. ) ;
#2893 = CARTESIAN_POINT ( 'NONE',  ( 7.110296020627515645, 12.64656426582178028, -5.080000000000000071 ) ) ;
#2894 = FACE_OUTER_BOUND ( 'NONE', #3758, .T. ) ;
#2895 = CARTESIAN_POINT ( 'NONE',  ( 5.749999999999992895, 12.73499999999999943, -3.467917139009472294 ) ) ;
#2896 = CARTESIAN_POINT ( 'NONE',  ( 3.689033067547870637, 12.63500000000000156, 5.080000000000000071 ) ) ;
#2897 = DIRECTION ( 'NONE',  ( 0.0000000000000000000, -1.000000000000000000, 0.0000000000000000000 ) ) ;
#2898 = APPROVAL_ROLE ( '' ) ;
#2899 = ORIENTED_EDGE ( 'NONE', *, *, #6453, .T. ) ;
#2900 = FACE_OUTER_BOUND ( 'NONE', #4075, .T. ) ;
#2901 = CARTESIAN_POINT ( 'NONE',  ( 9.250000000000000000, 7.599999999999999645, 7.620000000000000107 ) ) ;
#2902 = CARTESIAN_POINT ( 'NONE',  ( 9.250000000000000000, 6.799999999999999822, 6.379999999999998117 ) ) ;
#2903 = DIRECTION ( 'NONE',  ( 0.0000000000000000000, 1.000000000000000000, 0.0000000000000000000 ) ) ;
#2904 =( BOUNDED_SURFACE ( )  B_SPLINE_SURFACE ( 3, 3, ( 
 ( #2238, #2270, #2195, #5740 ),
 ( #4549, #6320, #6281, #4589 ),
 ( #462, #6898, #6935, #2818 ),
 ( #7579, #1650, #4006, #6350 ) ),
 .UNSPECIFIED., .F., .F., .F. ) 
 B_SPLINE_SURFACE_WITH_KNOTS ( ( 4, 4 ),
 ( 4, 4 ),
 ( 0.0000000000000000000, 1.000000000000000000 ),
 ( 0.0000000000000000000, 1.000000000000000000 ),
 .UNSPECIFIED. ) 
 GEOMETRIC_REPRESENTATION_ITEM ( )  RATIONAL_B_SPLINE_SURFACE ( (
 ( 1.000000000000000000, 0.3333333333333335369, 0.3333333333333335369, 1.000000000000000000),
 ( 0.8047378541240022276, 0.2682459513746675572, 0.2682459513746675572, 0.8047378541240022276),
 ( 0.8047378541240022276, 0.2682459513746675572, 0.2682459513746675572, 0.8047378541240022276),
 ( 1.000000000000000000, 0.3333333333333335369, 0.3333333333333335369, 1.000000000000000000) ) ) 
 REPRESENTATION_ITEM ( '' )  SURFACE ( )  );
#2905 = ORIENTED_EDGE ( 'NONE', *, *, #5272, .F. ) ;
#2906 = DIRECTION ( 'NONE',  ( 0.0000000000000000000, -0.0000000000000000000, -1.000000000000000000 ) ) ;
#2907 = EDGE_LOOP ( 'NONE', ( #2993, #5542, #1372, #5947 ) ) ;
#2908 = CARTESIAN_POINT ( 'NONE',  ( 0.0000000000000000000, 0.0000000000000000000, -7.620000000000000107 ) ) ;
#2909 = AXIS2_PLACEMENT_3D ( 'NONE', #2686, #7331, #2057 ) ;
#2910 = DIRECTION ( 'NONE',  ( 1.000000000000000000, 0.0000000000000000000, 0.0000000000000000000 ) ) ;
#2911 = DIRECTION ( 'NONE',  ( 1.000000000000000000, -0.0000000000000000000, 0.0000000000000000000 ) ) ;
#2912 = CARTESIAN_POINT ( 'NONE',  ( 4.130405132454772144, 12.69953703112280330, 1.523684330108266982 ) ) ;
#2913 = VERTEX_POINT ( 'NONE', #4819 ) ;
#2914 = AXIS2_PLACEMENT_3D ( 'NONE', #4733, #5266, #6544 ) ;
#2915 = VECTOR ( 'NONE', #6645, 1000.000000000000000 ) ;
#2916 = VERTEX_POINT ( 'NONE', #6702 ) ;
#2917 = ORIENTED_EDGE ( 'NONE', *, *, #6740, .F. ) ;
#2918 = ORIENTED_EDGE ( 'NONE', *, *, #2405, .T. ) ;
#2919 = DIRECTION ( 'NONE',  ( 0.0000000000000000000, 0.0000000000000000000, -1.000000000000000000 ) ) ;
#2920 = AXIS2_PLACEMENT_3D ( 'NONE', #6629, #1967, #2633 ) ;
#2921 = CARTESIAN_POINT ( 'NONE',  ( 5.749999999999319655, 12.73298944267163257, 3.444210495067835165 ) ) ;
#2922 = ADVANCED_FACE ( 'NONE', ( #3081 ), #4971, .F. ) ;
#2923 = ADVANCED_FACE ( 'NONE', ( #4928 ), #3158, .T. ) ;
#2924 = DIRECTION ( 'NONE',  ( 1.000000000000000000, 0.0000000000000000000, 0.0000000000000000000 ) ) ;
#2925 = CIRCLE ( 'NONE', #2810, 0.1999999999999996503 ) ;
#2926 = CARTESIAN_POINT ( 'NONE',  ( 9.300000000000000711, -1.734723475976807094E-15, -7.619999999999999218 ) ) ;
#2927 = ORIENTED_EDGE ( 'NONE', *, *, #988, .F. ) ;
#2928 = ORIENTED_EDGE ( 'NONE', *, *, #4381, .F. ) ;
#2929 = CARTESIAN_POINT ( 'NONE',  ( 7.248658176329016989, 11.45812853167897138, 3.797316352658055560 ) ) ;
#2930 = FACE_OUTER_BOUND ( 'NONE', #4816, .T. ) ;
#2931 = DIRECTION ( 'NONE',  ( 1.000000000000000000, 0.0000000000000000000, 0.0000000000000000000 ) ) ;
#2932 = ADVANCED_FACE ( 'NONE', ( #1421 ), #160, .T. ) ;
#2933 = CARTESIAN_POINT ( 'NONE',  ( 3.650000000000416911, 11.23500000000000121, 0.0000000000000000000 ) ) ;
#2934 = DIRECTION ( 'NONE',  ( 1.000000000000000000, -0.0000000000000000000, 0.0000000000000000000 ) ) ;
#2935 = ADVANCED_FACE ( 'NONE', ( #4853 ), #3656, .F. ) ;
#2936 = PERSON_AND_ORGANIZATION ( #1524, #6256 ) ;
#2937 = VERTEX_POINT ( 'NONE', #4236 ) ;
#2938 = LOCAL_TIME ( 21, 42, 48.00000000000000000, #7052 ) ;
#2939 = CARTESIAN_POINT ( 'NONE',  ( 9.250000000000000000, 6.299999999999999822, -119.9440000000000026 ) ) ;
#2940 = FACE_OUTER_BOUND ( 'NONE', #416, .T. ) ;
#2941 = FACE_OUTER_BOUND ( 'NONE', #297, .T. ) ;
#2942 = DIRECTION ( 'NONE',  ( 0.0000000000000000000, 0.0000000000000000000, 1.000000000000000000 ) ) ;
#2943 = ORIENTED_EDGE ( 'NONE', *, *, #6463, .F. ) ;
#2944 = DIRECTION ( 'NONE',  ( 1.000000000000000000, 0.0000000000000000000, -0.0000000000000000000 ) ) ;
#2945 = EDGE_LOOP ( 'NONE', ( #2687, #3003, #644, #7292 ) ) ;
#2946 = DIRECTION ( 'NONE',  ( 0.0000000000000000000, 1.000000000000000000, 0.0000000000000000000 ) ) ;
#2947 = AXIS2_PLACEMENT_3D ( 'NONE', #900, #4983, #4447 ) ;
#2948 = PLANE ( 'NONE',  #6634 ) ;
#2949 = DIRECTION ( 'NONE',  ( -1.000000000000000000, 3.338853781347929776E-28, -1.794541526872530066E-14 ) ) ;
#2950 = CARTESIAN_POINT ( 'NONE',  ( 5.299999999999994493, -2.700000000000005951, 0.5000000000000457412 ) ) ;
#2951 = CARTESIAN_POINT ( 'NONE',  ( 4.965164424315888780, 12.69953703112280330, 1.711393931465736262 ) ) ;
#2952 = VECTOR ( 'NONE', #6025, 1000.000000000000000 ) ;
#2953 = VERTEX_POINT ( 'NONE', #6161 ) ;
#2954 = ORIENTED_EDGE ( 'NONE', *, *, #823, .F. ) ;
#2955 = CARTESIAN_POINT ( 'NONE',  ( 3.449999999999989964, 11.43500000000000405, -5.080000000000000071 ) ) ;
#2956 = EDGE_LOOP ( 'NONE', ( #3037, #4410, #3162, #1601 ) ) ;
#2957 = VERTEX_POINT ( 'NONE', #6582 ) ;
#2958 = VECTOR ( 'NONE', #1771, 1000.000000000000114 ) ;
#2959 = DIRECTION ( 'NONE',  ( 3.334909476821824268E-28, 1.000000000000000000, 5.984633544517506745E-42 ) ) ;
#2960 = VECTOR ( 'NONE', #7544, 1000.000000000000000 ) ;
#2961 = DIRECTION ( 'NONE',  ( -1.171453342316279939E-15, -1.000000000000000000, 0.0000000000000000000 ) ) ;
#2962 = CARTESIAN_POINT ( 'NONE',  ( 9.667957166897569010, 6.599999999999999645, 6.999999999999999112 ) ) ;
#2963 = VECTOR ( 'NONE', #6589, 1000.000000000000000 ) ;
#2964 = CIRCLE ( 'NONE', #2221, 0.2999999999999999334 ) ;
#2965 = FACE_OUTER_BOUND ( 'NONE', #6506, .T. ) ;
#2966 = EDGE_CURVE ( 'NONE', #6047, #6079, #3559, .T. ) ;
#2967 = VERTEX_POINT ( 'NONE', #3811 ) ;
#2968 = CARTESIAN_POINT ( 'NONE',  ( 4.499999999999979572, 4.784159143999949571, 6.080000000000190141 ) ) ;
#2969 = CARTESIAN_POINT ( 'NONE',  ( 10.25000000000000000, 6.199999999999993960, 1.799999999999993605 ) ) ;
#2970 = DIRECTION ( 'NONE',  ( -0.0000000000000000000, 0.0000000000000000000, 1.000000000000000000 ) ) ;
#2971 = AXIS2_PLACEMENT_3D ( 'NONE', #4767, #2419, #4227 ) ;
#2972 = VECTOR ( 'NONE', #4404, 1000.000000000000000 ) ;
#2973 = DIRECTION ( 'NONE',  ( -1.794541526872530066E-14, -1.794541526872519968E-14, 1.000000000000000000 ) ) ;
#2974 = CARTESIAN_POINT ( 'NONE',  ( 5.701341293122919929, 12.73499999999999766, -3.456617590816596586 ) ) ;
#2975 = APPROVAL_DATE_TIME ( #619, #1494 ) ;
#2976 = ORIENTED_EDGE ( 'NONE', *, *, #3488, .T. ) ;
#2977 = EDGE_CURVE ( 'NONE', #1087, #6613, #4888, .T. ) ;
#2978 = VECTOR ( 'NONE', #3563, 1000.000000000000114 ) ;
#2979 = EDGE_CURVE ( 'NONE', #1628, #5257, #6008, .T. ) ;
#2980 = CARTESIAN_POINT ( 'NONE',  ( 9.249999999999998224, 7.599999999999998757, 7.620000000000000107 ) ) ;
#2981 = LINE ( 'NONE', #7590, #1849 ) ;
#2982 = ADVANCED_FACE ( 'NONE', ( #5624 ), #3313, .T. ) ;
#2983 = PLANE ( 'NONE',  #1121 ) ;
#2984 = PLANE ( 'NONE',  #458 ) ;
#2985 = ORIENTED_EDGE ( 'NONE', *, *, #3966, .T. ) ;
#2986 = CARTESIAN_POINT ( 'NONE',  ( 10.25000000000000000, 6.799999999999999822, 7.620000000000000107 ) ) ;
#2987 = ORIENTED_EDGE ( 'NONE', *, *, #2523, .T. ) ;
#2988 = LINE ( 'NONE', #7063, #2227 ) ;
#2989 = DIRECTION ( 'NONE',  ( 0.4472135954999588159, -0.0000000000000000000, 0.8944271909999155223 ) ) ;
#2990 = CARTESIAN_POINT ( 'NONE',  ( 7.248658176335226244, 11.45812853167969614, -2.206075080606631781E-41 ) ) ;
#2991 = CARTESIAN_POINT ( 'NONE',  ( 5.749999999999992895, 12.73499999999999943, 3.467917139009472294 ) ) ;
#2992 = PLANE ( 'NONE',  #3834 ) ;
#2993 = ORIENTED_EDGE ( 'NONE', *, *, #279, .T. ) ;
#2994 = ORIENTED_EDGE ( 'NONE', *, *, #5723, .F. ) ;
#2995 = EDGE_CURVE ( 'NONE', #2657, #1377, #1573, .T. ) ;
#2996 = CARTESIAN_POINT ( 'NONE',  ( 7.167157287525211196, 11.23499999999981647, -1.445685424949562092 ) ) ;
#2997 = ORIENTED_EDGE ( 'NONE', *, *, #656, .T. ) ;
#2998 = ORIENTED_EDGE ( 'NONE', *, *, #7297, .T. ) ;
#2999 = DIRECTION ( 'NONE',  ( 0.0000000000000000000, 0.0000000000000000000, 1.000000000000000000 ) ) ;
#3000 = CARTESIAN_POINT ( 'NONE',  ( 9.449999999999999289, 0.0000000000000000000, -2.540000000000000036 ) ) ;
#3001 = FACE_OUTER_BOUND ( 'NONE', #1823, .T. ) ;
#3002 = CYLINDRICAL_SURFACE ( 'NONE', #328, 1.975000000000000089 ) ;
#3003 = ORIENTED_EDGE ( 'NONE', *, *, #3464, .T. ) ;
#3004 = VERTEX_POINT ( 'NONE', #344 ) ;
#3005 = DIRECTION ( 'NONE',  ( 0.4999999999999999445, -0.0000000000000000000, 0.8660254037844387076 ) ) ;
#3006 = DIRECTION ( 'NONE',  ( -1.000000000000000000, 3.391049977814769632E-28, -1.794541526872530066E-14 ) ) ;
#3007 = EDGE_CURVE ( 'NONE', #1691, #6102, #4425, .T. ) ;
#3008 = FACE_OUTER_BOUND ( 'NONE', #1497, .T. ) ;
#3009 = APPROVAL_STATUS ( 'not_yet_approved' ) ;
#3010 = CARTESIAN_POINT ( 'NONE',  ( 7.249552224325724659, 11.45044927442902782, 5.080000000000000959 ) ) ;
#3011 = DIRECTION ( 'NONE',  ( 1.000000000000000000, 0.0000000000000000000, -0.0000000000000000000 ) ) ;
#3012 = DIRECTION ( 'NONE',  ( -1.000000000000000000, 9.130123557772668088E-16, 0.0000000000000000000 ) ) ;
#3013 = EDGE_CURVE ( 'NONE', #2913, #3516, #246, .T. ) ;
#3014 = EDGE_CURVE ( 'NONE', #3908, #5657, #396, .T. ) ;
#3015 = LINE ( 'NONE', #2318, #702 ) ;
#3016 = CARTESIAN_POINT ( 'NONE',  ( 4.985603046709015551, 12.73499999999999943, 3.459498222422557223 ) ) ;
#3017 = ORIENTED_EDGE ( 'NONE', *, *, #754, .F. ) ;
#3018 = EDGE_CURVE ( 'NONE', #6939, #1174, #4438, .T. ) ;
#3019 = DIRECTION ( 'NONE',  ( 0.4472135954999588159, 0.8944271909999155223, -0.0000000000000000000 ) ) ;
#3020 = EDGE_LOOP ( 'NONE', ( #4734, #2918, #2817, #6760 ) ) ;
#3021 = CARTESIAN_POINT ( 'NONE',  ( 4.950000000000698286, 12.67827681032222564, 3.375179669261412663 ) ) ;
#3022 = FACE_OUTER_BOUND ( 'NONE', #6319, .T. ) ;
#3023 = PLANE ( 'NONE',  #7403 ) ;
#3024 = FACE_OUTER_BOUND ( 'NONE', #6814, .T. ) ;
#3025 = CARTESIAN_POINT ( 'NONE',  ( 5.299999999999999822, -3.700000000000009948, -5.379999999999999893 ) ) ;
#3026 = ORIENTED_EDGE ( 'NONE', *, *, #806, .F. ) ;
#3027 = EDGE_CURVE ( 'NONE', #5041, #1754, #7383, .T. ) ;
#3028 = ORIENTED_EDGE ( 'NONE', *, *, #3789, .T. ) ;
#3029 = CARTESIAN_POINT ( 'NONE',  ( 3.532842712474771663, 11.23499999999982180, -1.445685424949561426 ) ) ;
#3030 = VERTEX_POINT ( 'NONE', #5045 ) ;
#3031 = VERTEX_POINT ( 'NONE', #307 ) ;
#3032 = DIRECTION ( 'NONE',  ( 0.1156426583973908656, -0.9932908816448403622, -2.072924102819404399E-31 ) ) ;
#3033 = DIRECTION ( 'NONE',  ( 0.8164965809277262565, -0.4082482904638624621, 0.4082482904638631283 ) ) ;
#3034 = CIRCLE ( 'NONE', #5118, 1.898658176328942071 ) ;
#3035 = CARTESIAN_POINT ( 'NONE',  ( 2.146410161513769843, 2.168404344971008868E-16, -8.220000000000000639 ) ) ;
#3036 = LINE ( 'NONE', #2342, #1186 ) ;
#3037 = ORIENTED_EDGE ( 'NONE', *, *, #6126, .T. ) ;
#3038 = ORIENTED_EDGE ( 'NONE', *, *, #1917, .F. ) ;
#3039 = CARTESIAN_POINT ( 'NONE',  ( 5.299999999999999822, -3.700000000000009948, -10.08000000000000007 ) ) ;
#3040 = DIRECTION ( 'NONE',  ( -0.0000000000000000000, -1.000000000000000000, -0.0000000000000000000 ) ) ;
#3041 = CARTESIAN_POINT ( 'NONE',  ( 4.500000000000006217, -2.700000000000333689, 4.580000000000067573 ) ) ;
#3042 = LINE ( 'NONE', #2311, #1072 ) ;
#3043 = VECTOR ( 'NONE', #6139, 1000.000000000000000 ) ;
#3044 = APPROVAL_DATE_TIME ( #1231, #925 ) ;
#3045 = CARTESIAN_POINT ( 'NONE',  ( 4.500000000000003553, -3.700000000000007727, 4.779999999999998472 ) ) ;
#3046 = LINE ( 'NONE', #5396, #7390 ) ;
#3047 = AXIS2_PLACEMENT_3D ( 'NONE', #3424, #6465, #42 ) ;
#3048 = DIRECTION ( 'NONE',  ( -1.000000000000000000, 9.136576017758483468E-16, 0.0000000000000000000 ) ) ;
#3049 = LINE ( 'NONE', #1134, #2056 ) ;
#3050 = DIRECTION ( 'NONE',  ( 0.0000000000000000000, 0.0000000000000000000, 1.000000000000000000 ) ) ;
#3051 = VERTEX_POINT ( 'NONE', #2230 ) ;
#3052 = CARTESIAN_POINT ( 'NONE',  ( 5.712622210152577651, 12.73499999999999588, 1.675506206254401720 ) ) ;
#3053 = ADVANCED_FACE ( 'NONE', ( #6777 ), #6235, .F. ) ;
#3054 = CARTESIAN_POINT ( 'NONE',  ( 10.25000000000000000, 6.200000000000001954, 6.879999999999995453 ) ) ;
#3055 = LINE ( 'NONE', #4903, #2085 ) ;
#3056 =( BOUNDED_SURFACE ( )  B_SPLINE_SURFACE ( 3, 3, ( 
 ( #1594, #6839, #6951, #2285 ),
 ( #3411, #4024, #4065, #7559 ),
 ( #3338, #6370, #2768, #3952 ),
 ( #1560, #4640, #6301, #4606 ) ),
 .UNSPECIFIED., .F., .F., .F. ) 
 B_SPLINE_SURFACE_WITH_KNOTS ( ( 4, 4 ),
 ( 4, 4 ),
 ( 0.0000000000000000000, 1.000000000000000000 ),
 ( 0.0000000000000000000, 1.000000000000000000 ),
 .UNSPECIFIED. ) 
 GEOMETRIC_REPRESENTATION_ITEM ( )  RATIONAL_B_SPLINE_SURFACE ( (
 ( 1.000000000000000000, 0.3333333333333334259, 0.3333333333333334259, 1.000000000000000000),
 ( 0.8047378541240022276, 0.2682459513746675017, 0.2682459513746675017, 0.8047378541240022276),
 ( 0.8047378541240022276, 0.2682459513746675017, 0.2682459513746675017, 0.8047378541240022276),
 ( 1.000000000000000000, 0.3333333333333334259, 0.3333333333333334259, 1.000000000000000000) ) ) 
 REPRESENTATION_ITEM ( '' )  SURFACE ( )  );
#3057 = CC_DESIGN_APPROVAL ( #4263, ( #3549 ) ) ;
#3058 = EDGE_CURVE ( 'NONE', #4422, #2284, #5085, .T. ) ;
#3059 = CARTESIAN_POINT ( 'NONE',  ( 4.950000000000072120, 12.72947253920386856, -6.727765679071868732 ) ) ;
#3060 = CARTESIAN_POINT ( 'NONE',  ( 7.249999999999991118, 11.43499999999999694, -5.080000000000000959 ) ) ;
#3061 = LINE ( 'NONE', #4141, #3954 ) ;
#3062 = ORIENTED_EDGE ( 'NONE', *, *, #3245, .F. ) ;
#3063 = DIRECTION ( 'NONE',  ( 1.000000000000000000, -9.136576017787367610E-16, 0.0000000000000000000 ) ) ;
#3064 = ORIENTED_EDGE ( 'NONE', *, *, #5474, .F. ) ;
#3065 = CIRCLE ( 'NONE', #7365, 0.2000000000000000944 ) ;
#3066 = ADVANCED_FACE ( 'NONE', ( #999 ), #2116, .T. ) ;
#3067 = CARTESIAN_POINT ( 'NONE',  ( 7.167157287525207643, 11.23499999999981291, 5.080000000000000071 ) ) ;
#3068 = ORIENTED_EDGE ( 'NONE', *, *, #4656, .T. ) ;
#3069 = ORIENTED_EDGE ( 'NONE', *, *, #56, .T. ) ;
#3070 = EDGE_CURVE ( 'NONE', #1638, #2386, #7136, .T. ) ;
#3071 = DIRECTION ( 'NONE',  ( 0.2763074248798411681, 0.9610693039298835449, 0.0000000000000000000 ) ) ;
#3072 = AXIS2_PLACEMENT_3D ( 'NONE', #3137, #2522, #1934 ) ;
#3073 = DIRECTION ( 'NONE',  ( -0.2763074248798411126, -0.9610693039298835449, 0.0000000000000000000 ) ) ;
#3074 = ORIENTED_EDGE ( 'NONE', *, *, #7344, .F. ) ;
#3075 = CARTESIAN_POINT ( 'NONE',  ( 5.749999999999992006, 12.73499999999999943, 0.0000000000000000000 ) ) ;
#3076 = ORIENTED_EDGE ( 'NONE', *, *, #783, .T. ) ;
#3077 = VECTOR ( 'NONE', #6390, 1000.000000000000000 ) ;
#3078 = VECTOR ( 'NONE', #3744, 1000.000000000000000 ) ;
#3079 = ORIENTED_EDGE ( 'NONE', *, *, #3915, .F. ) ;
#3080 = CARTESIAN_POINT ( 'NONE',  ( 7.248658176329017877, 11.45812853167897138, 2.325185658316293854E-16 ) ) ;
#3081 = FACE_OUTER_BOUND ( 'NONE', #2740, .T. ) ;
#3082 = CYLINDRICAL_SURFACE ( 'NONE', #3827, 1.975000000000000089 ) ;
#3083 = AXIS2_PLACEMENT_3D ( 'NONE', #3276, #2707, #348 ) ;
#3084 = DIRECTION ( 'NONE',  ( 1.224646799147353207E-16, -1.434616586018100824E-31, -1.000000000000000000 ) ) ;
#3085 = VECTOR ( 'NONE', #5032, 1000.000000000000000 ) ;
#3086 = CALENDAR_DATE ( 2019, 21, 10 ) ;
#3087 = EDGE_CURVE ( 'NONE', #3529, #6617, #384, .T. ) ;
#3088 = DIRECTION ( 'NONE',  ( -0.0000000000000000000, -1.000000000000000000, -0.0000000000000000000 ) ) ;
#3089 = VECTOR ( 'NONE', #2711, 1000.000000000000000 ) ;
#3090 = CARTESIAN_POINT ( 'NONE',  ( 0.0000000000000000000, 10.00000000000000000, 7.620000000000000107 ) ) ;
#3091 = AXIS2_PLACEMENT_3D ( 'NONE', #7441, #2794, #5172 ) ;
#3092 = CARTESIAN_POINT ( 'NONE',  ( 5.349999999999982769, 12.64656426582178206, 0.0000000000000000000 ) ) ;
#3093 = DIRECTION ( 'NONE',  ( 0.0000000000000000000, -0.0000000000000000000, -1.000000000000000000 ) ) ;
#3094 = CARTESIAN_POINT ( 'NONE',  ( 4.130405133862628198, 12.69953703111901433, 3.556315669581202599 ) ) ;
#3095 = AXIS2_PLACEMENT_3D ( 'NONE', #4837, #100, #1864 ) ;
#3096 = VECTOR ( 'NONE', #2072, 1000.000000000000000 ) ;
#3097 = ORIENTED_EDGE ( 'NONE', *, *, #1730, .T. ) ;
#3098 = CARTESIAN_POINT ( 'NONE',  ( 4.950000000000072120, 12.72947253920386856, -1.647765679071868439 ) ) ;
#3099 = CARTESIAN_POINT ( 'NONE',  ( 5.749999999999930722, 12.71957496777950780, 6.748147016353231109 ) ) ;
#3100 = CARTESIAN_POINT ( 'NONE',  ( 5.350000000000000533, 13.99999999999999822, 0.0000000000000000000 ) ) ;
#3101 = CIRCLE ( 'NONE', #3716, 0.2999999999999999334 ) ;
#3102 = CARTESIAN_POINT ( 'NONE',  ( 4.950000000000698286, 12.66838590191646396, -6.789697409983274312 ) ) ;
#3103 = CARTESIAN_POINT ( 'NONE',  ( 4.965164424315887892, 12.69953703112280330, 6.791393931465736777 ) ) ;
#3104 = CARTESIAN_POINT ( 'NONE',  ( 9.449999999999999289, 6.799999999999999822, 7.620000000000000107 ) ) ;
#3105 = EDGE_CURVE ( 'NONE', #5444, #4564, #6817, .T. ) ;
#3106 = EDGE_LOOP ( 'NONE', ( #2228, #955 ) ) ;
#3107 = CARTESIAN_POINT ( 'NONE',  ( 5.721047637985604339, 12.69953703112068943, -1.714436134513059651 ) ) ;
#3108 = ORIENTED_EDGE ( 'NONE', *, *, #6250, .F. ) ;
#3109 = CARTESIAN_POINT ( 'NONE',  ( 5.350000000000000533, 13.99999999999999822, -5.080000000000000071 ) ) ;
#3110 = ORIENTED_EDGE ( 'NONE', *, *, #3018, .T. ) ;
#3111 = CARTESIAN_POINT ( 'NONE',  ( 4.949999999999991296, 12.73499999999999943, 3.467917139009471406 ) ) ;
#3112 = DIRECTION ( 'NONE',  ( 0.1156426583973908656, -0.9932908816448403622, -2.072924102819404399E-31 ) ) ;
#3113 = EDGE_CURVE ( 'NONE', #4944, #1682, #959, .T. ) ;
#3114 = EDGE_CURVE ( 'NONE', #7542, #4735, #3205, .T. ) ;
#3115 = DIRECTION ( 'NONE',  ( 1.000000000000000000, -1.084202172485509956E-15, 0.0000000000000000000 ) ) ;
#3116 = EDGE_LOOP ( 'NONE', ( #5730, #3510 ) ) ;
#3117 = EDGE_LOOP ( 'NONE', ( #5870, #3141, #5739, #519 ) ) ;
#3118 = EDGE_CURVE ( 'NONE', #4840, #4981, #419, .T. ) ;
#3119 = CARTESIAN_POINT ( 'NONE',  ( 4.949999999999999289, 12.64656426582933335, 1.714246796768620795 ) ) ;
#3120 = ORIENTED_EDGE ( 'NONE', *, *, #2217, .F. ) ;
#3121 = VERTEX_POINT ( 'NONE', #4540 ) ;
#3122 = CARTESIAN_POINT ( 'NONE',  ( 5.750000000000000000, 12.64656426582508075, -6.794246796769121133 ) ) ;
#3123 = CARTESIAN_POINT ( 'NONE',  ( 4.949999999999991296, 12.73499999999999943, -6.692082860990527848 ) ) ;
#3124 = LINE ( 'NONE', #81, #1727 ) ;
#3125 = CARTESIAN_POINT ( 'NONE',  ( 7.167157287525207643, 11.23499999999981291, 2.225375855715044864E-16 ) ) ;
#3126 = ITEM_DEFINED_TRANSFORMATION ( 'NONE', 'NONE', #3309,  #6010 ) ;
#3127 = EDGE_CURVE ( 'NONE', #4636, #2212, #6889, .T. ) ;
#3128 = CARTESIAN_POINT ( 'NONE',  ( 3.450447775674257311, 11.45044927442903315, 5.080000000000001847 ) ) ;
#3129 = PLANE ( 'NONE',  #4323 ) ;
#3130 = DIRECTION ( 'NONE',  ( 0.0000000000000000000, 1.000000000000000000, 1.889646980599319876E-14 ) ) ;
#3131 = DIRECTION ( 'NONE',  ( -1.000000000000000000, 0.0000000000000000000, 0.0000000000000000000 ) ) ;
#3132 = PERSON_AND_ORGANIZATION ( #1524, #6256 ) ;
#3133 = ORIENTED_EDGE ( 'NONE', *, *, #6772, .F. ) ;
#3134 = CARTESIAN_POINT ( 'NONE',  ( 9.300000000000000711, 6.799999999999999822, -2.540000000000000036 ) ) ;
#3135 = LINE ( 'NONE', #5483, #2972 ) ;
#3136 = CC_DESIGN_DATE_AND_TIME_ASSIGNMENT ( #275, #6013, ( #5592 ) ) ;
#3137 = CARTESIAN_POINT ( 'NONE',  ( 2.033826859021839795, 6.599999999999999645, -2.945000000000080220 ) ) ;
#3138 = CARTESIAN_POINT ( 'NONE',  ( 4.949999999999999289, 12.64656426582875959, -6.794246796764900509 ) ) ;
#3139 = LINE ( 'NONE', #3791, #5752 ) ;
#3140 = DIRECTION ( 'NONE',  ( 0.0000000000000000000, 0.0000000000000000000, 1.000000000000000000 ) ) ;
#3141 = ORIENTED_EDGE ( 'NONE', *, *, #1412, .F. ) ;
#3142 = DIRECTION ( 'NONE',  ( -0.0000000000000000000, -1.000000000000000000, 0.0000000000000000000 ) ) ;
#3143 = VERTEX_POINT ( 'NONE', #1180 ) ;
#3144 = CARTESIAN_POINT ( 'NONE',  ( 9.249999999999998224, 7.599999999999998757, 7.619999999999999218 ) ) ;
#3145 = ORIENTED_EDGE ( 'NONE', *, *, #6313, .F. ) ;
#3146 = VECTOR ( 'NONE', #2761, 1000.000000000000000 ) ;
#3147 = CARTESIAN_POINT ( 'NONE',  ( 4.950000000000131628, 12.73473344514865069, 3.459237733085257283 ) ) ;
#3148 = CARTESIAN_POINT ( 'NONE',  ( 7.249999999999992006, 11.43499999999999694, -3.800000000000000266 ) ) ;
#3149 = CARTESIAN_POINT ( 'NONE',  ( 5.750000000000000888, 12.17219196889117505, 6.850922332791127722 ) ) ;
#3150 = ORIENTED_EDGE ( 'NONE', *, *, #4566, .T. ) ;
#3151 = VERTEX_POINT ( 'NONE', #6343 ) ;
#3152 =( BOUNDED_SURFACE ( )  B_SPLINE_SURFACE ( 3, 3, ( 
 ( #3506, #319, #6755, #6799 ),
 ( #2678, #7364, #1079, #6182 ),
 ( #5604, #6214, #5639, #3253 ),
 ( #361, #3433, #2862, #504 ) ),
 .UNSPECIFIED., .F., .F., .T. ) 
 B_SPLINE_SURFACE_WITH_KNOTS ( ( 4, 4 ),
 ( 4, 4 ),
 ( 0.0000000000000000000, 1.000000000000000000 ),
 ( 0.0000000000000000000, 1.000000000000000000 ),
 .UNSPECIFIED. ) 
 GEOMETRIC_REPRESENTATION_ITEM ( )  RATIONAL_B_SPLINE_SURFACE ( (
 ( 1.000000000000000000, 0.3333333333333335369, 0.3333333333333335369, 1.000000000000000000),
 ( 0.8047378541240022276, 0.2682459513746675572, 0.2682459513746675572, 0.8047378541240022276),
 ( 0.8047378541240022276, 0.2682459513746675572, 0.2682459513746675572, 0.8047378541240022276),
 ( 1.000000000000000000, 0.3333333333333335369, 0.3333333333333335369, 1.000000000000000000) ) ) 
 REPRESENTATION_ITEM ( '' )  SURFACE ( )  );
#3153 = CARTESIAN_POINT ( 'NONE',  ( 5.300000000000015810, -0.05000000078158289146, 4.580000000000039151 ) ) ;
#3154 = VERTEX_POINT ( 'NONE', #7041 ) ;
#3155 = ORIENTED_EDGE ( 'NONE', *, *, #527, .T. ) ;
#3156 = EDGE_CURVE ( 'NONE', #7313, #3993, #1789, .T. ) ;
#3157 = CARTESIAN_POINT ( 'NONE',  ( 3.689033067547872413, 12.73500000000000121, -5.080000000000000959 ) ) ;
#3158 = PLANE ( 'NONE',  #5557 ) ;
#3159 = EDGE_CURVE ( 'NONE', #992, #4838, #5925, .T. ) ;
#3160 = LINE ( 'NONE', #7165, #3419 ) ;
#3161 = AXIS2_PLACEMENT_3D ( 'NONE', #4848, #7191, #3192 ) ;
#3162 = ORIENTED_EDGE ( 'NONE', *, *, #2365, .F. ) ;
#3163 = EDGE_CURVE ( 'NONE', #330, #2657, #4036, .T. ) ;
#3164 = LINE ( 'NONE', #4320, #5903 ) ;
#3165 = CARTESIAN_POINT ( 'NONE',  ( 4.500000000000000000, -3.700000000000009948, -5.380000000000000782 ) ) ;
#3166 = VECTOR ( 'NONE', #1587, 1000.000000000000000 ) ;
#3167 = EDGE_CURVE ( 'NONE', #5586, #1145, #1148, .T. ) ;
#3168 = CARTESIAN_POINT ( 'NONE',  ( 3.375000000000000000, 11.23499999999999943, 5.080000000000000071 ) ) ;
#3169 = CARTESIAN_POINT ( 'NONE',  ( 4.178667270461283501, 12.73500000000000121, -1.420694999186757235 ) ) ;
#3170 =( LENGTH_UNIT ( ) NAMED_UNIT ( * ) SI_UNIT ( .MILLI., .METRE. ) );
#3171 = EDGE_LOOP ( 'NONE', ( #241, #757, #3796, #5718 ) ) ;
#3172 = CARTESIAN_POINT ( 'NONE',  ( 3.689033067547870637, 12.63500000000000156, 0.0000000000000000000 ) ) ;
#3173 = AXIS2_PLACEMENT_3D ( 'NONE', #5309, #1070, #5775 ) ;
#3174 = FACE_OUTER_BOUND ( 'NONE', #522, .T. ) ;
#3175 = CARTESIAN_POINT ( 'NONE',  ( 5.299999999999999822, -3.700000000000009948, 4.780000000000000249 ) ) ;
#3176 = LINE ( 'NONE', #288, #3560 ) ;
#3177 = CARTESIAN_POINT ( 'NONE',  ( 4.499999999999992006, -3.700000000000016609, 0.2999999999999990452 ) ) ;
#3178 = CARTESIAN_POINT ( 'NONE',  ( 3.689033067547872857, 12.73500000000000121, 5.079999996746039415 ) ) ;
#3179 = AXIS2_PLACEMENT_3D ( 'NONE', #4326, #817, #6793 ) ;
#3180 = FACE_OUTER_BOUND ( 'NONE', #7061, .T. ) ;
#3181 = ORIENTED_EDGE ( 'NONE', *, *, #809, .F. ) ;
#3182 = LINE ( 'NONE', #255, #5493 ) ;
#3183 = ORIENTED_EDGE ( 'NONE', *, *, #3199, .T. ) ;
#3184 = DIRECTION ( 'NONE',  ( -0.4472135954999579832, 0.0000000000000000000, 0.8944271909999159664 ) ) ;
#3185 = SECURITY_CLASSIFICATION ( '', '', #4239 ) ;
#3186 = ORIENTED_EDGE ( 'NONE', *, *, #5705, .F. ) ;
#3187 = DIRECTION ( 'NONE',  ( 1.000000000000000000, -3.338853781347929776E-28, 1.794541526872530066E-14 ) ) ;
#3188 = LINE ( 'NONE', #835, #1500 ) ;
#3189 = FACE_OUTER_BOUND ( 'NONE', #3582, .T. ) ;
#3190 = ORIENTED_EDGE ( 'NONE', *, *, #5661, .F. ) ;
#3191 = ORIENTED_EDGE ( 'NONE', *, *, #1828, .F. ) ;
#3192 = DIRECTION ( 'NONE',  ( 1.000000000000000000, -9.411788633734757522E-16, 0.0000000000000000000 ) ) ;
#3193 = ORIENTED_EDGE ( 'NONE', *, *, #4053, .F. ) ;
#3194 = VERTEX_POINT ( 'NONE', #5814 ) ;
#3195 = CARTESIAN_POINT ( 'NONE',  ( 3.689033067547872857, 12.73500000000000298, -5.890162729031258593 ) ) ;
#3196 = CARTESIAN_POINT ( 'NONE',  ( 5.750000000000000888, 11.93499999999675154, 1.799211327335742849 ) ) ;
#3197 = CIRCLE ( 'NONE', #5404, 1.974999999999999423 ) ;
#3198 = CARTESIAN_POINT ( 'NONE',  ( 7.249999999999991118, 11.43499999999999694, 3.800000000000000711 ) ) ;
#3199 = EDGE_CURVE ( 'NONE', #5328, #2456, #492, .T. ) ;
#3200 = CONTEXT_DEPENDENT_SHAPE_REPRESENTATION ( #5356, #4115 ) ;
#3201 = VECTOR ( 'NONE', #3088, 1000.000000000000000 ) ;
#3202 = ORIENTED_EDGE ( 'NONE', *, *, #3887, .T. ) ;
#3203 = CARTESIAN_POINT ( 'NONE',  ( 5.349999999999999645, 11.23499999999999943, 0.0000000000000000000 ) ) ;
#3204 = FACE_OUTER_BOUND ( 'NONE', #2416, .T. ) ;
#3205 = CIRCLE ( 'NONE', #4068, 1.760296020627533320 ) ;
#3206 = AXIS2_PLACEMENT_3D ( 'NONE', #3109, #6493, #7073 ) ;
#3207 = CARTESIAN_POINT ( 'NONE',  ( 7.249999999999992006, 11.31784271247447649, 2.326828918379972844E-16 ) ) ;
#3208 = CARTESIAN_POINT ( 'NONE',  ( 3.689033070783249268, 12.73500000000000121, -0.7947222810838810991 ) ) ;
#3209 = EDGE_CURVE ( 'NONE', #4713, #7229, #5773, .T. ) ;
#3210 = PERSON_AND_ORGANIZATION ( #1524, #6256 ) ;
#3211 = ADVANCED_FACE ( 'NONE', ( #1068 ), #3422, .T. ) ;
#3212 = ORIENTED_EDGE ( 'NONE', *, *, #659, .F. ) ;
#3213 = CARTESIAN_POINT ( 'NONE',  ( 4.949999999999999289, 11.93500000000000050, 3.109999999999999876 ) ) ;
#3214 = VECTOR ( 'NONE', #4102, 1000.000000000000000 ) ;
#3215 = ADVANCED_FACE ( 'NONE', ( #3575 ), #646, .F. ) ;
#3216 = CARTESIAN_POINT ( 'NONE',  ( 5.749999999999319655, 12.72522597148189405, -1.658022933191344750 ) ) ;
#3217 = CARTESIAN_POINT ( 'NONE',  ( 5.749999999999999112, 11.93499999999701977, 3.280788672664288530 ) ) ;
#3218 = CARTESIAN_POINT ( 'NONE',  ( 7.993234973611840211, 13.69999999999999929, -2.539999999999998703 ) ) ;
#3219 = CARTESIAN_POINT ( 'NONE',  ( 4.950000000000133404, 12.73279737082322072, -6.716456345332967537 ) ) ;
#3221 = VECTOR ( 'NONE', #7508, 1000.000000000000000 ) ;
#3220 = CARTESIAN_POINT ( 'NONE',  ( 3.450447775674257311, 11.45044927442903315, 0.0000000000000000000 ) ) ;
#3222 = LINE ( 'NONE', #5572, #3341 ) ;
#3223 = ORIENTED_EDGE ( 'NONE', *, *, #7056, .F. ) ;
#3224 = CARTESIAN_POINT ( 'NONE',  ( 8.699999999999997513, 0.0000000000000000000, -2.540000000000000480 ) ) ;
#3225 = VERTEX_POINT ( 'NONE', #5341 ) ;
#3226 = VECTOR ( 'NONE', #5037, 1000.000000000000000 ) ;
#3227 = CARTESIAN_POINT ( 'NONE',  ( 4.500000000000000000, -3.700000000000009948, 4.779999999999999361 ) ) ;
#3228 = ORIENTED_EDGE ( 'NONE', *, *, #5050, .T. ) ;
#3229 = EDGE_LOOP ( 'NONE', ( #2412, #2729, #832, #1824 ) ) ;
#3230 = CARTESIAN_POINT ( 'NONE',  ( 7.248658176329017877, 11.45812853167897138, 2.325185658316293854E-16 ) ) ;
#3231 = CARTESIAN_POINT ( 'NONE',  ( 4.965164424293941892, 12.69953703111901255, -1.711393931465483353 ) ) ;
#3232 = EDGE_CURVE ( 'NONE', #7113, #7229, #2220, .T. ) ;
#3233 = ORIENTED_EDGE ( 'NONE', *, *, #3014, .T. ) ;
#3234 = ORIENTED_EDGE ( 'NONE', *, *, #7570, .F. ) ;
#3235 = EDGE_LOOP ( 'NONE', ( #6690, #5378, #2849 ) ) ;
#3236 = VERTEX_POINT ( 'NONE', #3498 ) ;
#3237 = CARTESIAN_POINT ( 'NONE',  ( 5.749999999999932498, 12.71957496777950780, 1.668147016353231038 ) ) ;
#3238 = CARTESIAN_POINT ( 'NONE',  ( 4.949999999999999289, 12.40938025448213367, -6.822602432482200996 ) ) ;
#3239 = CARTESIAN_POINT ( 'NONE',  ( 5.749999999996039612, 12.66532890578434234, 3.369219543454170740 ) ) ;
#3240 = CONTEXT_DEPENDENT_SHAPE_REPRESENTATION ( #7321, #1284 ) ;
#3241 = LINE ( 'NONE', #2871, #6523 ) ;
#3242 = ORIENTED_EDGE ( 'NONE', *, *, #4533, .T. ) ;
#3243 = DIRECTION ( 'NONE',  ( 0.0000000000000000000, 0.0000000000000000000, 1.000000000000000000 ) ) ;
#3244 = PLANE ( 'NONE',  #1362 ) ;
#3245 = EDGE_CURVE ( 'NONE', #7371, #5249, #4650, .T. ) ;
#3246 = CARTESIAN_POINT ( 'NONE',  ( 5.722352193218312344, 12.64656426582414639, 3.359536131036008122 ) ) ;
#3247 = CARTESIAN_POINT ( 'NONE',  ( 3.689038437082761579, 12.73500000000000121, 5.079999993485741605 ) ) ;
#3248 = DIRECTION ( 'NONE',  ( 1.000000000000000000, 0.0000000000000000000, 0.0000000000000000000 ) ) ;
#3249 = EDGE_LOOP ( 'NONE', ( #3234, #2727, #3120, #3611 ) ) ;
#3250 = CARTESIAN_POINT ( 'NONE',  ( 10.25000000000000000, 6.199999999999978861, -3.279999999999999805 ) ) ;
#3251 = DIRECTION ( 'NONE',  ( -1.000000000000000000, 3.338853781347929776E-28, -1.794541526872530066E-14 ) ) ;
#3252 = ADVANCED_FACE ( 'NONE', ( #7114 ), #72, .T. ) ;
#3253 = CARTESIAN_POINT ( 'NONE',  ( 3.532842712474771218, 11.23499999999982357, 5.080000000000000959 ) ) ;
#3254 = ADVANCED_FACE ( 'NONE', ( #5227 ), #5197, .T. ) ;
#3255 = FACE_OUTER_BOUND ( 'NONE', #1251, .T. ) ;
#3256 = CARTESIAN_POINT ( 'NONE',  ( 3.449999999999989964, 11.44273112629124967, 3.799999999999999378 ) ) ;
#3257 = FACE_OUTER_BOUND ( 'NONE', #4691, .T. ) ;
#3258 = ORIENTED_EDGE ( 'NONE', *, *, #7201, .T. ) ;
#3259 = FACE_BOUND ( 'NONE', #678, .T. ) ;
#3260 = ORIENTED_EDGE ( 'NONE', *, *, #4121, .F. ) ;
#3261 = LINE ( 'NONE', #7334, #5295 ) ;
#3262 = ORIENTED_EDGE ( 'NONE', *, *, #2611, .T. ) ;
#3263 = CARTESIAN_POINT ( 'NONE',  ( 5.349999999999999645, 10.44999999999999929, 0.0000000000000000000 ) ) ;
#3264 = FACE_OUTER_BOUND ( 'NONE', #5031, .T. ) ;
#3265 = CARTESIAN_POINT ( 'NONE',  ( 4.950000000004741274, 12.67614242096980171, 6.786545570107983316 ) ) ;
#3266 = EDGE_CURVE ( 'NONE', #7347, #2292, #6426, .T. ) ;
#3267 = CARTESIAN_POINT ( 'NONE',  ( 4.499999999999979572, 4.784159143999949571, 1.000000000000190070 ) ) ;
#3268 = VERTEX_POINT ( 'NONE', #6962 ) ;
#3269 = ORIENTED_EDGE ( 'NONE', *, *, #3816, .F. ) ;
#3270 = ORIENTED_EDGE ( 'NONE', *, *, #2405, .F. ) ;
#3271 = CARTESIAN_POINT ( 'NONE',  ( 3.595871267840946128, 12.69953703111901611, -5.935603861191908415 ) ) ;
#3272 = CARTESIAN_POINT ( 'NONE',  ( 8.689999999999999503, 6.599999999999999645, 7.620000000000000107 ) ) ;
#3273 = PERSON ( 'NAUO-PER2', 'UNSPECIFIED', 'UNSPECIFIED', ('UNSPECIFIED'), ('UNSPECIFIED'), ('UNSPECIFIED') ) ;
#3274 = CARTESIAN_POINT ( 'NONE',  ( 5.749999999995260680, 12.67614242096979638, 3.373454429892019935 ) ) ;
#3275 = VECTOR ( 'NONE', #6447, 1000.000000000000000 ) ;
#3276 = CARTESIAN_POINT ( 'NONE',  ( 8.250000000000000000, 14.00000000000000000, 7.620000000000000107 ) ) ;
#3277 = ORIENTED_EDGE ( 'NONE', *, *, #3808, .T. ) ;
#3278 = CARTESIAN_POINT ( 'NONE',  ( 1.810000000000000053, -3.469446951953614189E-15, 7.620000000000000107 ) ) ;
#3279 = CARTESIAN_POINT ( 'NONE',  ( 7.248658176329018765, 11.45812853167897138, -3.797316352658054228 ) ) ;
#3280 = FACE_OUTER_BOUND ( 'NONE', #3526, .T. ) ;
#3281 = CARTESIAN_POINT ( 'NONE',  ( 3.589703979372449005, 12.64656426582178383, 5.080000000000000071 ) ) ;
#3282 = AXIS2_PLACEMENT_3D ( 'NONE', #1259, #4815, #5850 ) ;
#3283 = DIRECTION ( 'NONE',  ( 0.0000000000000000000, 0.0000000000000000000, 1.000000000000000000 ) ) ;
#3284 = EDGE_LOOP ( 'NONE', ( #3068, #4646, #2046, #1137 ) ) ;
#3285 = EDGE_CURVE ( 'NONE', #3529, #3992, #1113, .T. ) ;
#3286 = CARTESIAN_POINT ( 'NONE',  ( 5.750000000000000000, 12.64656426582508075, -1.714246796769120618 ) ) ;
#3287 = DIRECTION ( 'NONE',  ( 1.000000000000000000, -9.854725885015578669E-16, 0.0000000000000000000 ) ) ;
#3288 = CIRCLE ( 'NONE', #1565, 1.898658176328942071 ) ;
#3289 = DIRECTION ( 'NONE',  ( 0.0000000000000000000, -0.0000000000000000000, 1.000000000000000000 ) ) ;
#3290 = CARTESIAN_POINT ( 'NONE',  ( 7.325000000000000178, 10.44999999999999929, 5.080000000000000071 ) ) ;
#3291 = DIRECTION ( 'NONE',  ( 1.000000000000000000, -9.411788633734757522E-16, 0.0000000000000000000 ) ) ;
#3292 = CARTESIAN_POINT ( 'NONE',  ( 5.349999999999980993, 11.93499999999403727, -5.080000000000000071 ) ) ;
#3293 = EDGE_LOOP ( 'NONE', ( #7151, #5285, #3884, #3557 ) ) ;
#3294 =( REPRESENTATION_RELATIONSHIP ('NONE','NONE', #2385, #6819 ) REPRESENTATION_RELATIONSHIP_WITH_TRANSFORMATION ( #3625 )SHAPE_REPRESENTATION_RELATIONSHIP( ) );
#3295 = LINE ( 'NONE', #2726, #2420 ) ;
#3296 = ADVANCED_FACE ( 'NONE', ( #5847, #563, #2263 ), #4615, .T. ) ;
#3297 = ORIENTED_EDGE ( 'NONE', *, *, #5708, .F. ) ;
#3298 = LINE ( 'NONE', #329, #1720 ) ;
#3299 = ORIENTED_EDGE ( 'NONE', *, *, #5807, .T. ) ;
#3300 = CARTESIAN_POINT ( 'NONE',  ( 7.325000000000000178, 13.99999999999999822, 5.080000000000000071 ) ) ;
#3301 = VECTOR ( 'NONE', #2773, 1000.000000000000114 ) ;
#3302 = CARTESIAN_POINT ( 'NONE',  ( 3.689033067547873301, 12.73500000000000121, 5.080000000000001847 ) ) ;
#3303 = LINE ( 'NONE', #6994, #4812 ) ;
#3304 = B_SPLINE_CURVE_WITH_KNOTS ( 'NONE', 3,
 ( #6733, #6004, #7269, #4266, #5427, #156, #1379, #2622, #2031, #2504, #4883, #1908, #4967, #7305, #4382, #3119 ),
 .UNSPECIFIED., .F., .F.,
 ( 4, 3, 3, 3, 3, 4 ),
 ( 0.0000000000000000000, 3.531517381903902648E-05, 7.066450544071270728E-05, 0.0001054618491224982110, 0.0001392987215212463075, 0.0001469974402480886649 ),
 .UNSPECIFIED. ) ;
#3305 = LINE ( 'NONE', #2807, #2069 ) ;
#3306 = ORIENTED_EDGE ( 'NONE', *, *, #3624, .T. ) ;
#3307 = EDGE_CURVE ( 'NONE', #2646, #7382, #5962, .T. ) ;
#3308 = ORIENTED_EDGE ( 'NONE', *, *, #3958, .T. ) ;
#3309 = AXIS2_PLACEMENT_3D ( 'NONE', #3862, #856, #167 ) ;
#3310 = VERTEX_POINT ( 'NONE', #680 ) ;
#3311 = ADVANCED_FACE ( 'NONE', ( #5379 ), #2462, .T. ) ;
#3312 = CARTESIAN_POINT ( 'NONE',  ( 3.650000000000294342, 11.23499999999999943, 1.680000000000611005 ) ) ;
#3313 = PLANE ( 'NONE',  #6417 ) ;
#3314 = LOCAL_TIME ( 21, 42, 48.00000000000000000, #7199 ) ;
#3315 = CARTESIAN_POINT ( 'NONE',  ( 7.249552224325722882, 11.45044927442902605, 1.280895551348530725 ) ) ;
#3316 = CARTESIAN_POINT ( 'NONE',  ( 5.349999999999980105, 11.45812853178540713, -5.080000000000000071 ) ) ;
#3317 = EDGE_LOOP ( 'NONE', ( #6912, #6495, #5737, #4108, #4354, #3242 ) ) ;
#3318 = DIRECTION ( 'NONE',  ( -9.136576017787371555E-16, -1.000000000000000000, -2.086925533220183900E-31 ) ) ;
#3319 = CARTESIAN_POINT ( 'NONE',  ( 5.500000000000005329, -0.05000000078161020295, 5.580000000000140403 ) ) ;
#3320 = B_SPLINE_CURVE_WITH_KNOTS ( 'NONE', 3,
 ( #5854, #5024, #5273, #7546 ),
 .UNSPECIFIED., .F., .F.,
 ( 4, 4 ),
 ( 7.695742672741190085E-15, 0.0007166189195625507005 ),
 .UNSPECIFIED. ) ;
#3321 = CARTESIAN_POINT ( 'NONE',  ( 5.721047637986544920, 12.69953703112068943, 6.794436134512857883 ) ) ;
#3322 = CARTESIAN_POINT ( 'NONE',  ( 4.500000000000003553, -3.700000000000007727, -0.3000000000000014877 ) ) ;
#3323 = VECTOR ( 'NONE', #3878, 999.9999999999998863 ) ;
#3324 = SHAPE_DEFINITION_REPRESENTATION ( #3566, #2385 ) ;
#3325 = EDGE_CURVE ( 'NONE', #6934, #6257, #7152, .T. ) ;
#3326 = ORIENTED_EDGE ( 'NONE', *, *, #4095, .T. ) ;
#3327 = PLANE ( 'NONE',  #4302 ) ;
#3328 = VECTOR ( 'NONE', #582, 1000.000000000000000 ) ;
#3329 = VECTOR ( 'NONE', #926, 1000.000000000000114 ) ;
#3330 = CARTESIAN_POINT ( 'NONE',  ( 8.332042833102427437, 6.599999999999999645, 7.000000000000000888 ) ) ;
#3331 = CC_DESIGN_DATE_AND_TIME_ASSIGNMENT ( #282, #6175, ( #5919 ) ) ;
#3332 = CARTESIAN_POINT ( 'NONE',  ( 2.167957166897568566, 6.599999999999999645, 6.999999999999999112 ) ) ;
#3333 = VECTOR ( 'NONE', #3507, 1000.000000000000000 ) ;
#3334 = AXIS2_PLACEMENT_3D ( 'NONE', #2101, #3184, #6807 ) ;
#3335 = EDGE_LOOP ( 'NONE', ( #221, #5546, #765, #1254 ) ) ;
#3336 = CARTESIAN_POINT ( 'NONE',  ( 10.25000000000000000, 6.799999999999999822, 7.620000000000000107 ) ) ;
#3337 = ORIENTED_EDGE ( 'NONE', *, *, #6585, .F. ) ;
#3338 = CARTESIAN_POINT ( 'NONE',  ( 7.167157287525209419, 11.23499999999981647, 2.225375855715045357E-16 ) ) ;
#3339 = ORIENTED_EDGE ( 'NONE', *, *, #4963, .F. ) ;
#3340 = CARTESIAN_POINT ( 'NONE',  ( 7.049999999999563727, 11.23499999999999766, 5.079999999999999183 ) ) ;
#3341 = VECTOR ( 'NONE', #6140, 1000.000000000000000 ) ;
#3342 = VECTOR ( 'NONE', #2396, 1000.000000000000000 ) ;
#3343 = LINE ( 'NONE', #4572, #4207 ) ;
#3344 = ADVANCED_FACE ( 'NONE', ( #4431 ), #1038, .F. ) ;
#3345 = CARTESIAN_POINT ( 'NONE',  ( 6.521332732297200785, 12.73499999999999943, 1.420694998502299633 ) ) ;
#3346 = DIRECTION ( 'NONE',  ( -1.000000000000000000, 1.332267629550187849E-15, 0.0000000000000000000 ) ) ;
#3347 = ORIENTED_EDGE ( 'NONE', *, *, #1177, .F. ) ;
#3348 = ADVANCED_FACE ( 'NONE', ( #6856 ), #2816, .F. ) ;
#3349 = VECTOR ( 'NONE', #7177, 1000.000000000000000 ) ;
#3350 = ORIENTED_EDGE ( 'NONE', *, *, #5886, .T. ) ;
#3351 = AXIS2_PLACEMENT_3D ( 'NONE', #2271, #5271, #5853 ) ;
#3352 = EDGE_LOOP ( 'NONE', ( #5918, #6875, #3347, #1487 ) ) ;
#3353 = CARTESIAN_POINT ( 'NONE',  ( 9.449999999999999289, 14.00000000000000000, -7.620000000000000107 ) ) ;
#3354 = DIRECTION ( 'NONE',  ( -1.171453342316279939E-15, -1.000000000000000000, 0.0000000000000000000 ) ) ;
#3355 = ADVANCED_FACE ( 'NONE', ( #5738 ), #391, .T. ) ;
#3356 = AXIS2_PLACEMENT_3D ( 'NONE', #1321, #4290, #6138 ) ;
#3357 = ADVANCED_FACE ( 'NONE', ( #2749 ), #164, .T. ) ;
#3358 = CARTESIAN_POINT ( 'NONE',  ( 5.750000000000000000, 12.73499999999999943, 3.456145414403759109 ) ) ;
#3359 = EDGE_CURVE ( 'NONE', #501, #6848, #985, .T. ) ;
#3360 = DIRECTION ( 'NONE',  ( -2.501911041408800138E-16, -1.000000000000000000, 0.0000000000000000000 ) ) ;
#3361 = CARTESIAN_POINT ( 'NONE',  ( 7.249999999999994671, 11.43499999999999694, 8.880000000000002558 ) ) ;
#3362 = ORIENTED_EDGE ( 'NONE', *, *, #4086, .T. ) ;
#3363 = LINE ( 'NONE', #1118, #1473 ) ;
#3364 = CARTESIAN_POINT ( 'NONE',  ( 3.449999999999990852, 11.44273112629124967, -4.653657836759942730E-16 ) ) ;
#3365 = DIRECTION ( 'NONE',  ( 2.501911041408800138E-16, 1.000000000000000000, -0.0000000000000000000 ) ) ;
#3366 = LINE ( 'NONE', #6286, #4152 ) ;
#3367 = CALENDAR_DATE ( 2019, 21, 10 ) ;
#3368 = ORIENTED_EDGE ( 'NONE', *, *, #6405, .T. ) ;
#3369 = CARTESIAN_POINT ( 'NONE',  ( 10.25000000000000000, 0.0000000000000000000, -2.540000000000000480 ) ) ;
#3370 = CARTESIAN_POINT ( 'NONE',  ( 3.595871267845516694, 12.69953703112280685, -7.141201021005174272E-09 ) ) ;
#3371 = CARTESIAN_POINT ( 'NONE',  ( 4.500000000000000000, -2.700000000000009948, -0.4999999999999989453 ) ) ;
#3372 = CARTESIAN_POINT ( 'NONE',  ( 5.299999999999990052, 4.784159143999949571, 6.080000000000209681 ) ) ;
#3373 = EDGE_LOOP ( 'NONE', ( #3684, #2251, #3761 ) ) ;
#3374 = DIRECTION ( 'NONE',  ( -1.171453342316279939E-15, -1.000000000000000000, -0.0000000000000000000 ) ) ;
#3375 = ORIENTED_EDGE ( 'NONE', *, *, #3772, .F. ) ;
#3376 = ORIENTED_EDGE ( 'NONE', *, *, #4901, .F. ) ;
#3377 = CARTESIAN_POINT ( 'NONE',  ( 10.25000000000000000, 0.0000000000000000000, 5.584196010977269253 ) ) ;
#3378 = CARTESIAN_POINT ( 'NONE',  ( 4.499999999999992006, -3.700000000000016609, 0.2999999999999971023 ) ) ;
#3379 = CARTESIAN_POINT ( 'NONE',  ( 3.595871267840947016, 12.69953703111901611, 4.224396138808095280 ) ) ;
#3380 = DIRECTION ( 'NONE',  ( -0.4999999999999999445, 0.0000000000000000000, -0.8660254037844387076 ) ) ;
#3381 = CARTESIAN_POINT ( 'NONE',  ( 4.973902936655016482, 12.73499999999999943, -1.672533082913880920 ) ) ;
#3382 = EDGE_LOOP ( 'NONE', ( #5238, #5129, #6424, #3539 ) ) ;
#3383 = ORIENTED_EDGE ( 'NONE', *, *, #3384, .F. ) ;
#3384 = EDGE_CURVE ( 'NONE', #4444, #6821, #6157, .T. ) ;
#3385 = ORIENTED_EDGE ( 'NONE', *, *, #2267, .F. ) ;
#3386 = PLANE ( 'NONE',  #6651 ) ;
#3387 = CARTESIAN_POINT ( 'NONE',  ( 4.949999999999999289, 12.64656426582875959, -6.794246796764900509 ) ) ;
#3388 = CARTESIAN_POINT ( 'NONE',  ( 7.249999999999991118, 11.43499999999999694, 1.279999999999997362 ) ) ;
#3389 = CARTESIAN_POINT ( 'NONE',  ( 5.721047637985604339, 12.69953703112068943, 3.365563865486939310 ) ) ;
#3390 = ORIENTED_EDGE ( 'NONE', *, *, #783, .F. ) ;
#3391 = EDGE_CURVE ( 'NONE', #2276, #3723, #2782, .T. ) ;
#3392 = DIRECTION ( 'NONE',  ( -1.000000000000000000, 3.338853781347929776E-28, -1.794541526872530066E-14 ) ) ;
#3393 = ORIENTED_EDGE ( 'NONE', *, *, #1644, .T. ) ;
#3394 = CARTESIAN_POINT ( 'NONE',  ( 5.299999999999990052, 4.784159143999949571, 1.000000000000210054 ) ) ;
#3395 = CARTESIAN_POINT ( 'NONE',  ( 4.963811392487188279, 12.64656426582840254, -3.362589030071537977 ) ) ;
#3396 = DIRECTION ( 'NONE',  ( -1.171453342316279939E-15, -1.000000000000000000, 0.0000000000000000000 ) ) ;
#3397 = CARTESIAN_POINT ( 'NONE',  ( 5.749999999999928946, 12.71957496777950780, -3.411852983646769921 ) ) ;
#3398 = CALENDAR_DATE ( 2019, 21, 10 ) ;
#3399 = ORIENTED_EDGE ( 'NONE', *, *, #5272, .T. ) ;
#3400 = EDGE_CURVE ( 'NONE', #7421, #38, #4547, .T. ) ;
#3401 = CARTESIAN_POINT ( 'NONE',  ( 10.25000000000000000, 1.699999999999999956, -1.799999999999999822 ) ) ;
#3402 = CARTESIAN_POINT ( 'NONE',  ( 3.449999999999989964, 11.43500000000000405, -5.080000000000000071 ) ) ;
#3403 = ADVANCED_FACE ( 'NONE', ( #6896 ), #4805, .T. ) ;
#3404 = CARTESIAN_POINT ( 'NONE',  ( 10.25000000000000000, 0.0000000000000000000, 0.5041960109772696264 ) ) ;
#3405 = CARTESIAN_POINT ( 'NONE',  ( 3.589703979382066201, 12.64656426582840432, 5.079999996551445740 ) ) ;
#3406 = ORIENTED_EDGE ( 'NONE', *, *, #7166, .T. ) ;
#3407 = CARTESIAN_POINT ( 'NONE',  ( 7.249999999999991118, 11.43499999999999872, 5.079999999999999183 ) ) ;
#3408 = ORIENTED_EDGE ( 'NONE', *, *, #584, .F. ) ;
#3409 = VERTEX_POINT ( 'NONE', #923 ) ;
#3410 = VECTOR ( 'NONE', #4489, 1000.000000000000000 ) ;
#3411 = CARTESIAN_POINT ( 'NONE',  ( 7.249999999999992006, 11.31784271247447649, 2.326828918379972844E-16 ) ) ;
#3412 = CARTESIAN_POINT ( 'NONE',  ( 5.349999999999989875, 11.45812853167969791, 0.0000000000000000000 ) ) ;
#3413 = PLANE ( 'NONE',  #3471 ) ;
#3414 = AXIS2_PLACEMENT_3D ( 'NONE', #4204, #5973, #575 ) ;
#3415 = CARTESIAN_POINT ( 'NONE',  ( 4.950000000000072120, 12.72947253920391475, -1.647765679071745648 ) ) ;
#3416 = CARTESIAN_POINT ( 'NONE',  ( 7.993234973611840211, 13.69999999999999929, 7.620000000000000107 ) ) ;
#3417 = EDGE_LOOP ( 'NONE', ( #116, #1661, #1053, #4568 ) ) ;
#3418 = EDGE_LOOP ( 'NONE', ( #650, #6458, #3581, #7075 ) ) ;
#3419 = VECTOR ( 'NONE', #1884, 1000.000000000000000 ) ;
#3420 = ORIENTED_EDGE ( 'NONE', *, *, #5979, .F. ) ;
#3421 = CARTESIAN_POINT ( 'NONE',  ( 7.249999999999994671, 11.43500000000000227, 8.880000000000002558 ) ) ;
#3422 = PLANE ( 'NONE',  #380 ) ;
#3423 = CC_DESIGN_DATE_AND_TIME_ASSIGNMENT ( #577, #4705, ( #5026 ) ) ;
#3424 = CARTESIAN_POINT ( 'NONE',  ( 5.349999999999980105, 11.45812853178540713, 5.080000000000000071 ) ) ;
#3425 = DATE_AND_TIME ( #2748, #1700 ) ;
#3426 = DIRECTION ( 'NONE',  ( 0.0000000000000000000, -0.0000000000000000000, 1.000000000000000000 ) ) ;
#3427 = VERTEX_POINT ( 'NONE', #5160 ) ;
#3428 = DIRECTION ( 'NONE',  ( 0.4999999999999992784, -1.251928832280967076E-15, -0.8660254037844390407 ) ) ;
#3429 = ORIENTED_EDGE ( 'NONE', *, *, #706, .T. ) ;
#3430 = CARTESIAN_POINT ( 'NONE',  ( 1.810000000000000941, -1.517883041479706208E-15, 7.620000000000000107 ) ) ;
#3431 = CARTESIAN_POINT ( 'NONE',  ( 7.248658176329017877, 11.45812853167897138, 2.325185658316293854E-16 ) ) ;
#3432 = SECURITY_CLASSIFICATION ( '', '', #4164 ) ;
#3433 = CARTESIAN_POINT ( 'NONE',  ( 7.049999999999684519, 11.23499999999999766, 1.680000000000611893 ) ) ;
#3434 = DIRECTION ( 'NONE',  ( -1.000000000000000000, 0.0000000000000000000, 0.0000000000000000000 ) ) ;
#3435 = EDGE_CURVE ( 'NONE', #7542, #5041, #5052, .T. ) ;
#3436 = DIRECTION ( 'NONE',  ( -1.000000000000000000, 0.0000000000000000000, -0.0000000000000000000 ) ) ;
#3437 = DATE_AND_TIME ( #4050, #4284 ) ;
#3438 = ORIENTED_EDGE ( 'NONE', *, *, #424, .T. ) ;
#3439 = EDGE_CURVE ( 'NONE', #7118, #7421, #6933, .T. ) ;
#3440 = PLANE ( 'NONE',  #7247 ) ;
#3441 = LINE ( 'NONE', #6328, #876 ) ;
#3442 = VECTOR ( 'NONE', #5637, 1000.000000000000000 ) ;
#3443 = PLANE ( 'NONE',  #2334 ) ;
#3444 = ADVANCED_FACE ( 'NONE', ( #1539 ), #3971, .F. ) ;
#3445 = EDGE_CURVE ( 'NONE', #6886, #6132, #3241, .T. ) ;
#3446 = CARTESIAN_POINT ( 'NONE',  ( 9.299999999999998934, 6.599999999999999645, -2.540000000000000036 ) ) ;
#3447 = ORIENTED_EDGE ( 'NONE', *, *, #2663, .F. ) ;
#3448 = CARTESIAN_POINT ( 'NONE',  ( 1.199999999999999734, 6.599999999999999645, -7.620000000000000107 ) ) ;
#3449 = AXIS2_PLACEMENT_3D ( 'NONE', #5828, #1090, #5787 ) ;
#3450 = ORIENTED_EDGE ( 'NONE', *, *, #7340, .F. ) ;
#3451 = CARTESIAN_POINT ( 'NONE',  ( 4.949999999999999289, 11.93499999999701977, -3.280788672664280980 ) ) ;
#3452 = CARTESIAN_POINT ( 'NONE',  ( 4.950000000003958789, 12.65427415702094294, 6.793010294741001154 ) ) ;
#3453 = CARTESIAN_POINT ( 'NONE',  ( 4.963811392465975025, 12.64656426582076598, 3.362589030075397556 ) ) ;
#3454 = VECTOR ( 'NONE', #6850, 1000.000000000000114 ) ;
#3455 = AXIS2_PLACEMENT_3D ( 'NONE', #5290, #7139, #4215 ) ;
#3456 = CARTESIAN_POINT ( 'NONE',  ( 5.749999999995260680, 12.69570467254462010, -1.694697213584748452 ) ) ;
#3457 = ORIENTED_EDGE ( 'NONE', *, *, #5228, .T. ) ;
#3458 = VERTEX_POINT ( 'NONE', #4017 ) ;
#3459 = CIRCLE ( 'NONE', #505, 0.2999999999999999334 ) ;
#3460 = AXIS2_PLACEMENT_3D ( 'NONE', #1737, #6475, #4094 ) ;
#3461 = ORIENTED_EDGE ( 'NONE', *, *, #2171, .T. ) ;
#3462 = CARTESIAN_POINT ( 'NONE',  ( 8.466173140978199285, 6.599999999999999645, -2.944999999999999840 ) ) ;
#3463 = DIRECTION ( 'NONE',  ( 0.0000000000000000000, -0.0000000000000000000, -1.000000000000000000 ) ) ;
#3464 = EDGE_CURVE ( 'NONE', #1395, #4757, #6363, .T. ) ;
#3465 = PERSON ( 'NAUO-PER4', 'UNSPECIFIED', 'UNSPECIFIED', ('UNSPECIFIED'), ('UNSPECIFIED'), ('UNSPECIFIED') ) ;
#3466 = VECTOR ( 'NONE', #6464, 1000.000000000000000 ) ;
#3467 = DIRECTION ( 'NONE',  ( 0.0000000000000000000, 0.0000000000000000000, -1.000000000000000000 ) ) ;
#3468 = DIRECTION ( 'NONE',  ( 0.0000000000000000000, 1.000000000000000000, 0.0000000000000000000 ) ) ;
#3469 = ORIENTED_EDGE ( 'NONE', *, *, #3596, .T. ) ;
#3470 = CARTESIAN_POINT ( 'NONE',  ( 2.146410161513770287, 2.168404344971008868E-16, -3.139999999999999680 ) ) ;
#3471 = AXIS2_PLACEMENT_3D ( 'NONE', #1529, #5650, #5764 ) ;
#3472 = DIRECTION ( 'NONE',  ( -1.000000000000000000, 9.136576017758483468E-16, 0.0000000000000000000 ) ) ;
#3473 = CARTESIAN_POINT ( 'NONE',  ( 5.300000000000020250, -0.05000000078158019917, -5.880000000000043414 ) ) ;
#3474 = CARTESIAN_POINT ( 'NONE',  ( 4.950000000004741274, 12.68578847567073709, 6.780703200956244459 ) ) ;
#3475 = LINE ( 'NONE', #1689, #6988 ) ;
#3476 = PERSON_AND_ORGANIZATION ( #1524, #6256 ) ;
#3477 = ORIENTED_EDGE ( 'NONE', *, *, #1512, .T. ) ;
#3478 = ADVANCED_FACE ( 'NONE', ( #1092 ), #3443, .T. ) ;
#3479 = CARTESIAN_POINT ( 'NONE',  ( 7.249999999999991118, 11.43499999999999694, 3.800000000000000711 ) ) ;
#3480 = FACE_OUTER_BOUND ( 'NONE', #2811, .T. ) ;
#3481 = DIRECTION ( 'NONE',  ( -1.000000000000000000, 0.0000000000000000000, 0.0000000000000000000 ) ) ;
#3482 = CARTESIAN_POINT ( 'NONE',  ( 3.649999999999990141, 11.43500000000000227, -5.080000000000000071 ) ) ;
#3483 = ORIENTED_EDGE ( 'NONE', *, *, #3127, .F. ) ;
#3484 = DIRECTION ( 'NONE',  ( -0.0000000000000000000, -1.000000000000000000, -0.0000000000000000000 ) ) ;
#3485 = VERTEX_POINT ( 'NONE', #5864 ) ;
#3486 = EDGE_CURVE ( 'NONE', #5259, #4454, #4096, .T. ) ;
#3487 = CARTESIAN_POINT ( 'NONE',  ( 2.033826859021839795, 8.673617379884035472E-16, -8.025000000000080291 ) ) ;
#3488 = EDGE_CURVE ( 'NONE', #3225, #7113, #87, .T. ) ;
#3489 = CARTESIAN_POINT ( 'NONE',  ( 5.349999999999999645, 10.44999999999999929, -5.080000000000000071 ) ) ;
#3490 = LINE ( 'NONE', #4067, #2978 ) ;
#3491 = CARTESIAN_POINT ( 'NONE',  ( 4.949999999999999289, 11.93499999999671601, -1.799211327335755950 ) ) ;
#3492 = ORIENTED_EDGE ( 'NONE', *, *, #2445, .F. ) ;
#3493 = LOCAL_TIME ( 21, 42, 48.00000000000000000, #1305 ) ;
#3494 = ORIENTED_EDGE ( 'NONE', *, *, #5559, .T. ) ;
#3495 = EDGE_CURVE ( 'NONE', #3632, #1145, #5243, .T. ) ;
#3496 = ORIENTED_EDGE ( 'NONE', *, *, #5745, .F. ) ;
#3497 = ORIENTED_EDGE ( 'NONE', *, *, #6891, .F. ) ;
#3498 = CARTESIAN_POINT ( 'NONE',  ( 2.167957166897569010, 6.600000000000004974, 6.999999999999999112 ) ) ;
#3499 = EDGE_CURVE ( 'NONE', #7157, #5328, #5793, .T. ) ;
#3500 = LINE ( 'NONE', #4845, #3466 ) ;
#3501 = CARTESIAN_POINT ( 'NONE',  ( -0.6999999999999999556, -2.700000000000009948, 0.5000000000000000000 ) ) ;
#3502 = CARTESIAN_POINT ( 'NONE',  ( 7.010966932452110889, 12.73499999999999766, 5.080000000000000071 ) ) ;
#3503 = ORIENTED_EDGE ( 'NONE', *, *, #1790, .F. ) ;
#3504 = DIRECTION ( 'NONE',  ( 1.000000000000000000, -9.411788633734763438E-16, 0.0000000000000000000 ) ) ;
#3505 = FACE_OUTER_BOUND ( 'NONE', #4299, .T. ) ;
#3506 = CARTESIAN_POINT ( 'NONE',  ( 7.249999999999991118, 11.43499999999999872, 5.079999999999999183 ) ) ;
#3507 = DIRECTION ( 'NONE',  ( -1.000000000000000000, 1.332267629550187849E-15, 0.0000000000000000000 ) ) ;
#3508 = LINE ( 'NONE', #4047, #5875 ) ;
#3509 = APPROVAL_ROLE ( '' ) ;
#3510 = ORIENTED_EDGE ( 'NONE', *, *, #4950, .T. ) ;
#3511 = CARTESIAN_POINT ( 'NONE',  ( 5.749999999999999112, 11.93499999999701977, -1.799211327335711763 ) ) ;
#3512 = DIRECTION ( 'NONE',  ( 0.4472135954999588159, 0.8944271909999155223, -0.0000000000000000000 ) ) ;
#3513 = DIRECTION ( 'NONE',  ( 1.000000000000000000, -3.338853781347929776E-28, 1.794541526872530066E-14 ) ) ;
#3514 = DIRECTION ( 'NONE',  ( -1.000000000000000000, 1.171453342316279939E-15, 0.0000000000000000000 ) ) ;
#3515 = APPROVAL ( #7471, 'UNSPECIFIED' ) ;
#3516 = VERTEX_POINT ( 'NONE', #54 ) ;
#3517 = CARTESIAN_POINT ( 'NONE',  ( 5.749999999999304556, 12.67827681032246545, 1.704820330738464618 ) ) ;
#3518 = ORIENTED_EDGE ( 'NONE', *, *, #1881, .T. ) ;
#3519 = CARTESIAN_POINT ( 'NONE',  ( 4.949999999999991296, 12.73499999999999943, 3.467917139009471406 ) ) ;
#3520 = CIRCLE ( 'NONE', #7333, 0.1999999999999996503 ) ;
#3521 = DIRECTION ( 'NONE',  ( -0.4999999999999990008, 0.0000000000000000000, 0.8660254037844391517 ) ) ;
#3522 = DIRECTION ( 'NONE',  ( 0.7071067811865470176, 0.7071067811865480168, 0.0000000000000000000 ) ) ;
#3523 = CARTESIAN_POINT ( 'NONE',  ( 5.300000000000001599, -3.700000000000010392, 0.2999999999999999334 ) ) ;
#3524 = DIRECTION ( 'NONE',  ( -0.0000000000000000000, -0.9805806756909204447, 0.1961161351381830731 ) ) ;
#3525 = EDGE_CURVE ( 'NONE', #7521, #2194, #3552, .T. ) ;
#3526 = EDGE_LOOP ( 'NONE', ( #107, #7138, #4294, #6661, #7413, #3548 ) ) ;
#3527 = AXIS2_PLACEMENT_3D ( 'NONE', #4900, #4286, #3713 ) ;
#3528 = VERTEX_POINT ( 'NONE', #626 ) ;
#3529 = VERTEX_POINT ( 'NONE', #516 ) ;
#3530 = VERTEX_POINT ( 'NONE', #2399 ) ;
#3531 = CARTESIAN_POINT ( 'NONE',  ( 3.375000000000000000, 10.44999999999999929, 5.080000000000000071 ) ) ;
#3532 = VECTOR ( 'NONE', #2248, 1000.000000000000000 ) ;
#3533 = CARTESIAN_POINT ( 'NONE',  ( 5.750000000000000000, 12.64914866789105297, 3.366062171634784495 ) ) ;
#3534 = ADVANCED_FACE ( 'NONE', ( #2941 ), #5212, .F. ) ;
#3535 = CARTESIAN_POINT ( 'NONE',  ( 9.449999999999999289, 6.799999999999999822, 7.620000000000000107 ) ) ;
#3536 = AXIS2_PLACEMENT_3D ( 'NONE', #3501, #606, #75 ) ;
#3537 = EDGE_CURVE ( 'NONE', #7374, #632, #4073, .T. ) ;
#3538 = LINE ( 'NONE', #537, #7459 ) ;
#3539 = ORIENTED_EDGE ( 'NONE', *, *, #5221, .T. ) ;
#3540 = CARTESIAN_POINT ( 'NONE',  ( 5.749999999999992895, 12.73499999999999943, 6.692082860990527848 ) ) ;
#3541 = DIRECTION ( 'NONE',  ( -3.220379291669973468E-28, 1.000000000000000000, 1.794541526872519968E-14 ) ) ;
#3542 = LINE ( 'NONE', #1190, #5046 ) ;
#3543 = VECTOR ( 'NONE', #3919, 1000.000000000000000 ) ;
#3544 = CARTESIAN_POINT ( 'NONE',  ( 4.950000000000000178, 12.40938025448233084, 6.822602432482177903 ) ) ;
#3545 = DESIGN_CONTEXT ( 'detailed design', #397, 'design' ) ;
#3546 = CARTESIAN_POINT ( 'NONE',  ( 4.949999999999991296, 12.73499999999999943, 6.692082860990527848 ) ) ;
#3547 = APPROVAL_STATUS ( 'not_yet_approved' ) ;
#3548 = ORIENTED_EDGE ( 'NONE', *, *, #4107, .T. ) ;
#3549 = SECURITY_CLASSIFICATION ( '', '', #2393 ) ;
#3550 = FACE_OUTER_BOUND ( 'NONE', #4126, .T. ) ;
#3551 = DIRECTION ( 'NONE',  ( -1.171453342316279939E-15, -1.000000000000000000, -0.0000000000000000000 ) ) ;
#3552 = LINE ( 'NONE', #550, #2958 ) ;
#3553 = CARTESIAN_POINT ( 'NONE',  ( 5.750000000000000888, 12.17219196889117505, -3.309077667208873308 ) ) ;
#3554 = EDGE_CURVE ( 'NONE', #1949, #6221, #1696, .T. ) ;
#3555 = ORIENTED_EDGE ( 'NONE', *, *, #1882, .F. ) ;
#3556 = CARTESIAN_POINT ( 'NONE',  ( 5.750000000000001776, 12.64656426582888926, 1.714246796764878011 ) ) ;
#3557 = ORIENTED_EDGE ( 'NONE', *, *, #4064, .F. ) ;
#3558 = LINE ( 'NONE', #4791, #132 ) ;
#3559 = B_SPLINE_CURVE_WITH_KNOTS ( 'NONE', 3,
 ( #3196, #5548, #2626, #2036 ),
 .UNSPECIFIED., .F., .F.,
 ( 4, 4 ),
 ( 2.734128518929426992E-15, 0.0007166189195523916177 ),
 .UNSPECIFIED. ) ;
#3560 = VECTOR ( 'NONE', #3788, 1000.000000000000000 ) ;
#3561 = CC_DESIGN_PERSON_AND_ORGANIZATION_ASSIGNMENT ( #6854, #347, ( #3730 ) ) ;
#3562 = CARTESIAN_POINT ( 'NONE',  ( 3.689038437082761135, 12.73500000000000121, -6.514260371341593064E-09 ) ) ;
#3563 = DIRECTION ( 'NONE',  ( 0.2763074248798411681, 0.9610693039298835449, 0.0000000000000000000 ) ) ;
#3564 = DIRECTION ( 'NONE',  ( 0.4999999999999999445, -0.0000000000000000000, 0.8660254037844387076 ) ) ;
#3565 = CARTESIAN_POINT ( 'NONE',  ( 5.349999999999982769, 12.64656426582178206, 5.080000000000000071 ) ) ;
#3566 = PRODUCT_DEFINITION_SHAPE ( 'NONE', 'NONE',  #5919 ) ;
#3567 = AXIS2_PLACEMENT_3D ( 'NONE', #2939, #3939, #6292 ) ;
#3568 = EDGE_LOOP ( 'NONE', ( #851, #452, #2866, #202 ) ) ;
#3569 = EDGE_LOOP ( 'NONE', ( #6156, #2394, #3768, #4994 ) ) ;
#3570 = DIRECTION ( 'NONE',  ( 0.0000000000000000000, 0.9805806756909204447, -0.1961161351381830731 ) ) ;
#3571 = EDGE_LOOP ( 'NONE', ( #6461, #5464, #2697, #34, #2128, #2648, #3609, #4842 ) ) ;
#3572 = EDGE_CURVE ( 'NONE', #1755, #1117, #6403, .T. ) ;
#3573 = EDGE_LOOP ( 'NONE', ( #1664, #4960, #5968, #256, #6525, #4527, #6725, #7298 ) ) ;
#3574 = VECTOR ( 'NONE', #4587, 1000.000000000000000 ) ;
#3575 = FACE_OUTER_BOUND ( 'NONE', #4514, .T. ) ;
#3576 = DIRECTION ( 'NONE',  ( -1.171453342316279939E-15, -1.000000000000000000, -0.0000000000000000000 ) ) ;
#3577 = CARTESIAN_POINT ( 'NONE',  ( 10.25000000000000000, 6.199999999999990408, 7.620000000000000107 ) ) ;
#3578 = AXIS2_PLACEMENT_3D ( 'NONE', #3092, #1850, #235 ) ;
#3579 = VECTOR ( 'NONE', #7517, 1000.000000000000000 ) ;
#3580 = PLANE ( 'NONE',  #821 ) ;
#3581 = ORIENTED_EDGE ( 'NONE', *, *, #1829, .F. ) ;
#3582 = EDGE_LOOP ( 'NONE', ( #2994, #4013, #3297, #5961 ) ) ;
#3583 = ADVANCED_FACE ( 'NONE', ( #2317 ), #2983, .T. ) ;
#3584 = CARTESIAN_POINT ( 'NONE',  ( 7.249552224325722882, 11.45044927442902605, 3.799104448651467347 ) ) ;
#3585 = LINE ( 'NONE', #3620, #6664 ) ;
#3586 = ADVANCED_FACE ( 'NONE', ( #7131 ), #4634, .F. ) ;
#3587 = VECTOR ( 'NONE', #3719, 1000.000000000000000 ) ;
#3588 = VECTOR ( 'NONE', #463, 1000.000000000000000 ) ;
#3589 = CARTESIAN_POINT ( 'NONE',  ( 5.349999999999982769, 12.64656426582178206, 5.080000000000000071 ) ) ;
#3590 = CARTESIAN_POINT ( 'NONE',  ( 0.8535898384862233845, 6.599999999999999645, -3.140000000000000568 ) ) ;
#3591 = COORDINATED_UNIVERSAL_TIME_OFFSET ( 0, 0, .AHEAD. ) ;
#3592 = ORIENTED_EDGE ( 'NONE', *, *, #5760, .T. ) ;
#3593 = CIRCLE ( 'NONE', #273, 1.760296020627533320 ) ;
#3594 = CARTESIAN_POINT ( 'NONE',  ( 4.950000000002678924, 12.71195981187718616, 1.677797158873360228 ) ) ;
#3595 = PLANE ( 'NONE',  #2848 ) ;
#3596 = EDGE_CURVE ( 'NONE', #1442, #451, #1971, .T. ) ;
#3597 = DIRECTION ( 'NONE',  ( 1.171453342316279939E-15, 1.000000000000000000, 0.0000000000000000000 ) ) ;
#3598 = FACE_OUTER_BOUND ( 'NONE', #4968, .T. ) ;
#3599 = ORIENTED_EDGE ( 'NONE', *, *, #841, .T. ) ;
#3600 = CARTESIAN_POINT ( 'NONE',  ( 4.950000000000698286, 12.68816249061464774, -1.699945829409096998 ) ) ;
#3601 = EDGE_LOOP ( 'NONE', ( #4611, #4898, #4158, #1336 ) ) ;
#3602 = LINE ( 'NONE', #703, #3214 ) ;
#3603 = DIRECTION ( 'NONE',  ( -0.6666666666666665186, -0.6666666666666665186, -0.3333333333333338699 ) ) ;
#3604 = LINE ( 'NONE', #5368, #2239 ) ;
#3605 = DIRECTION ( 'NONE',  ( -0.0000000000000000000, -0.0000000000000000000, -1.000000000000000000 ) ) ;
#3606 = CARTESIAN_POINT ( 'NONE',  ( 3.595871266169321956, 12.69953703112280330, 0.8556038592185818414 ) ) ;
#3607 = ORIENTED_EDGE ( 'NONE', *, *, #5760, .F. ) ;
#3608 = CARTESIAN_POINT ( 'NONE',  ( 8.085622008323129606, 12.64656426582414461, -1.208992099812091991 ) ) ;
#3609 = ORIENTED_EDGE ( 'NONE', *, *, #1552, .T. ) ;
#3610 = FACE_OUTER_BOUND ( 'NONE', #2596, .T. ) ;
#3611 = ORIENTED_EDGE ( 'NONE', *, *, #4529, .T. ) ;
#3612 = VERTEX_POINT ( 'NONE', #5358 ) ;
#3613 = DIRECTION ( 'NONE',  ( 0.0000000000000000000, -0.0000000000000000000, -1.000000000000000000 ) ) ;
#3614 = CARTESIAN_POINT ( 'NONE',  ( 5.349999999999982769, 12.64656426582178206, 0.0000000000000000000 ) ) ;
#3615 = DIRECTION ( 'NONE',  ( -0.4999999999999999445, 0.0000000000000000000, -0.8660254037844387076 ) ) ;
#3616 = DIRECTION ( 'NONE',  ( 0.0000000000000000000, -0.1961161351381840445, 0.9805806756909202226 ) ) ;
#3617 = ORIENTED_EDGE ( 'NONE', *, *, #1086, .F. ) ;
#3618 = ORIENTED_EDGE ( 'NONE', *, *, #6727, .T. ) ;
#3619 = FACE_OUTER_BOUND ( 'NONE', #6479, .T. ) ;
#3620 = CARTESIAN_POINT ( 'NONE',  ( 9.449999999999999289, 6.599999999999999645, -7.620000000000000107 ) ) ;
#3621 = CARTESIAN_POINT ( 'NONE',  ( 5.750000000000001776, 12.40938025448233262, 1.742602432482167840 ) ) ;
#3622 = DESIGN_CONTEXT ( 'detailed design', #2361, 'design' ) ;
#3623 = CARTESIAN_POINT ( 'NONE',  ( 7.049999999999688960, 11.23499999999999588, 8.479999999999391136 ) ) ;
#3624 = EDGE_CURVE ( 'NONE', #6827, #5594, #1132, .T. ) ;
#3625 = ITEM_DEFINED_TRANSFORMATION ( 'NONE', 'NONE', #6620,  #6010 ) ;
#3626 = CARTESIAN_POINT ( 'NONE',  ( 4.950000000003960565, 12.65172273822438775, 1.713524937923418090 ) ) ;
#3627 = CARTESIAN_POINT ( 'NONE',  ( 1.249999999999999778, 10.00000000000000000, -2.540000000000001812 ) ) ;
#3628 = DIRECTION ( 'NONE',  ( -1.000000000000000000, 0.0000000000000000000, 0.0000000000000000000 ) ) ;
#3629 = LINE ( 'NONE', #5980, #828 ) ;
#3630 = EDGE_CURVE ( 'NONE', #5685, #1691, #2339, .T. ) ;
#3631 = LINE ( 'NONE', #6019, #6866 ) ;
#3632 = VERTEX_POINT ( 'NONE', #1889 ) ;
#3633 = CARTESIAN_POINT ( 'NONE',  ( 4.949999999999991296, 12.73499999999999943, -1.612082860990528665 ) ) ;
#3634 = EDGE_CURVE ( 'NONE', #992, #7118, #4245, .T. ) ;
#3635 = DIRECTION ( 'NONE',  ( -1.734723475976807410E-14, 0.0000000000000000000, 1.000000000000000000 ) ) ;
#3636 = DIRECTION ( 'NONE',  ( 0.1543768802736096291, -0.9880120337511013595, 0.0000000000000000000 ) ) ;
#3637 = FACE_OUTER_BOUND ( 'NONE', #2313, .T. ) ;
#3638 = CARTESIAN_POINT ( 'NONE',  ( 7.249999999999992895, 11.44273112629124611, -1.279999999999998250 ) ) ;
#3639 = CARTESIAN_POINT ( 'NONE',  ( 2.146410161513770731, 6.599999999999999645, -3.140000000000000124 ) ) ;
#3640 = ORIENTED_EDGE ( 'NONE', *, *, #4687, .F. ) ;
#3641 = LINE ( 'NONE', #2528, #2422 ) ;
#3642 = ORIENTED_EDGE ( 'NONE', *, *, #6832, .T. ) ;
#3643 = CIRCLE ( 'NONE', #2672, 0.2999999999999999334 ) ;
#3644 = CARTESIAN_POINT ( 'NONE',  ( 9.449999999999999289, 6.799999999999999822, 7.620000000000000107 ) ) ;
#3645 = VERTEX_POINT ( 'NONE', #3168 ) ;
#3646 = ORIENTED_EDGE ( 'NONE', *, *, #5390, .F. ) ;
#3647 = FACE_OUTER_BOUND ( 'NONE', #3720, .T. ) ;
#3648 = CARTESIAN_POINT ( 'NONE',  ( 3.635702501169019385, 12.73500000000000476, -0.8361755510532400404 ) ) ;
#3649 = EDGE_CURVE ( 'NONE', #2953, #2916, #5558, .T. ) ;
#3650 = ORIENTED_EDGE ( 'NONE', *, *, #5791, .T. ) ;
#3651 = DIRECTION ( 'NONE',  ( 1.000000000000000000, -1.332267629550187849E-15, -0.0000000000000000000 ) ) ;
#3652 = ORIENTED_EDGE ( 'NONE', *, *, #1778, .T. ) ;
#3653 = CIRCLE ( 'NONE', #5863, 1.898658176328942071 ) ;
#3654 = EDGE_LOOP ( 'NONE', ( #7185, #1710, #7028, #4305, #4649, #7081 ) ) ;
#3655 = DIRECTION ( 'NONE',  ( 0.0000000000000000000, -1.000000000000000000, 0.0000000000000000000 ) ) ;
#3656 = CYLINDRICAL_SURFACE ( 'NONE', #5684, 0.2999999999999999334 ) ;
#3657 = PRODUCT_RELATED_PRODUCT_CATEGORY ( 'detail', '', ( #7190 ) ) ;
#3658 = LINE ( 'NONE', #334, #7388 ) ;
#3659 = CIRCLE ( 'NONE', #2920, 0.09999999999999982514 ) ;
#3660 = CALENDAR_DATE ( 2019, 21, 10 ) ;
#3661 = CARTESIAN_POINT ( 'NONE',  ( 4.950000000002678924, 12.71935702003381863, 1.668631667042422606 ) ) ;
#3662 = CARTESIAN_POINT ( 'NONE',  ( 9.667957166897570787, 6.599999999999999645, 6.999999999999999112 ) ) ;
#3663 = VECTOR ( 'NONE', #2934, 1000.000000000000000 ) ;
#3664 =( BOUNDED_CURVE ( )  B_SPLINE_CURVE ( 3, ( #2585, #4972, #7310, #6012 ),
 .UNSPECIFIED., .F., .T. ) 
 B_SPLINE_CURVE_WITH_KNOTS ( ( 4, 4 ),
 ( 0.0000000000000000000, 1.000000000000000000 ),
 .UNSPECIFIED. ) 
 CURVE ( )  GEOMETRIC_REPRESENTATION_ITEM ( )  RATIONAL_B_SPLINE_CURVE ( ( 1.000000000000000000, 0.3333333333333335369, 0.3333333333333335369, 1.000000000000000000 ) ) 
 REPRESENTATION_ITEM ( '' )  );
#3665 = EDGE_CURVE ( 'NONE', #4636, #6682, #7280, .T. ) ;
#3666 = CARTESIAN_POINT ( 'NONE',  ( 4.500000000000000000, -3.700000000000009948, 4.779999999999999361 ) ) ;
#3667 = DIRECTION ( 'NONE',  ( -0.2763074248798411126, -0.9610693039298835449, 0.0000000000000000000 ) ) ;
#3668 = CARTESIAN_POINT ( 'NONE',  ( 5.750000000000000000, 12.64656426582508075, -6.794246796769121133 ) ) ;
#3669 = ORIENTED_EDGE ( 'NONE', *, *, #1870, .F. ) ;
#3670 = VECTOR ( 'NONE', #5654, 1000.000000000000000 ) ;
#3671 = CARTESIAN_POINT ( 'NONE',  ( 4.950000000000698286, 12.67827681032222742, -1.704820330738587186 ) ) ;
#3672 = CARTESIAN_POINT ( 'NONE',  ( 4.499999999999984901, -0.05000000078162009781, 5.880000000000122462 ) ) ;
#3673 = B_SPLINE_CURVE_WITH_KNOTS ( 'NONE', 3,
 ( #6265, #4070, #4610, #1060, #3918, #1599, #5726, #1668, #4029, #447, #3415, #485, #4721, #6532, #7179, #7069 ),
 .UNSPECIFIED., .F., .F.,
 ( 4, 3, 3, 3, 3, 4 ),
 ( 8.277688229424668098E-15, 3.308388942448987717E-05, 6.613717211494197557E-05, 9.966070390112131451E-05, 0.0001340858777773820719, 0.0001469394654599453912 ),
 .UNSPECIFIED. ) ;
#3674 = ADVANCED_FACE ( 'NONE', ( #2553 ), #1428, .T. ) ;
#3675 = CARTESIAN_POINT ( 'NONE',  ( 3.650000000000416911, 11.23500000000000121, -5.080000000000000959 ) ) ;
#3676 = EDGE_CURVE ( 'NONE', #7534, #7594, #6017, .T. ) ;
#3677 = ORIENTED_EDGE ( 'NONE', *, *, #4146, .F. ) ;
#3678 = CARTESIAN_POINT ( 'NONE',  ( 4.950000000000133404, 12.73473344514864536, -6.700762266914829901 ) ) ;
#3679 = PLANE ( 'NONE',  #2050 ) ;
#3680 = CARTESIAN_POINT ( 'NONE',  ( 7.010966932452109113, 12.73499999999999766, 0.7947222771640993777 ) ) ;
#3681 = EDGE_CURVE ( 'NONE', #2556, #3516, #5293, .T. ) ;
#3682 = EDGE_LOOP ( 'NONE', ( #6770, #6159, #1523, #5949 ) ) ;
#3683 = DIRECTION ( 'NONE',  ( -0.0000000000000000000, -1.000000000000000000, -0.0000000000000000000 ) ) ;
#3684 = ORIENTED_EDGE ( 'NONE', *, *, #7163, .T. ) ;
#3685 = VECTOR ( 'NONE', #331, 1000.000000000000000 ) ;
#3686 = CARTESIAN_POINT ( 'NONE',  ( 3.532842712474772107, 11.23499999999982180, -5.080000000000000959 ) ) ;
#3687 = ORIENTED_EDGE ( 'NONE', *, *, #6743, .T. ) ;
#3688 = DIRECTION ( 'NONE',  ( 0.0000000000000000000, 0.0000000000000000000, 1.000000000000000000 ) ) ;
#3689 = CARTESIAN_POINT ( 'NONE',  ( 5.299999999999999822, -5.750000000781589904, 4.580000000000019611 ) ) ;
#3690 = ADVANCED_FACE ( 'NONE', ( #2516 ), #6558, .T. ) ;
#3691 = PLANE ( 'NONE',  #2438 ) ;
#3692 = VERTEX_POINT ( 'NONE', #1310 ) ;
#3693 = PLANE ( 'NONE',  #697 ) ;
#3694 = VERTEX_POINT ( 'NONE', #5977 ) ;
#3695 = AXIS2_PLACEMENT_3D ( 'NONE', #2295, #2999, #4730 ) ;
#3696 = CIRCLE ( 'NONE', #4062, 1.843139007349806180 ) ;
#3697 = EDGE_LOOP ( 'NONE', ( #4969, #4380, #5998, #6, #6002, #2659 ) ) ;
#3698 = CARTESIAN_POINT ( 'NONE',  ( 5.749999999995260680, 12.69570467254461832, -6.774697213584749633 ) ) ;
#3699 = CARTESIAN_POINT ( 'NONE',  ( 4.949999999999998401, 12.64914866789669823, -3.366062171635685996 ) ) ;
#3700 = CARTESIAN_POINT ( 'NONE',  ( 3.589703979382066201, 12.64656426582840432, 5.079999992833691635 ) ) ;
#3701 = VECTOR ( 'NONE', #5089, 1000.000000000000114 ) ;
#3702 = CARTESIAN_POINT ( 'NONE',  ( 3.532842712474771218, 11.23499999999982180, 3.634314575050436424 ) ) ;
#3703 = DATE_AND_TIME ( #3086, #2387 ) ;
#3704 = DIRECTION ( 'NONE',  ( -3.220379291669973468E-28, 1.000000000000000000, 1.794541526872519968E-14 ) ) ;
#3705 = AXIS2_PLACEMENT_3D ( 'NONE', #3934, #968, #3396 ) ;
#3706 = CARTESIAN_POINT ( 'NONE',  ( 5.349999999999989875, 11.43500000000000050, 0.0000000000000000000 ) ) ;
#3707 = VECTOR ( 'NONE', #6588, 1000.000000000000000 ) ;
#3708 = CARTESIAN_POINT ( 'NONE',  ( 9.449999999999999289, 6.799999999999999822, 7.620000000000000107 ) ) ;
#3709 = DIRECTION ( 'NONE',  ( 0.4472135954999588159, 0.8944271909999155223, -0.0000000000000000000 ) ) ;
#3710 = AXIS2_PLACEMENT_3D ( 'NONE', #1751, #6488, #1208 ) ;
#3711 = VECTOR ( 'NONE', #1300, 1000.000000000000000 ) ;
#3712 = ORIENTED_EDGE ( 'NONE', *, *, #5260, .F. ) ;
#3713 = DIRECTION ( 'NONE',  ( 1.000000000000000000, 0.0000000000000000000, 0.0000000000000000000 ) ) ;
#3714 = LINE ( 'NONE', #3175, #4074 ) ;
#3715 = DIRECTION ( 'NONE',  ( -1.931148907734990011E-16, 2.262250842476587301E-31, -1.000000000000000000 ) ) ;
#3716 = AXIS2_PLACEMENT_3D ( 'NONE', #5292, #4139, #4904 ) ;
#3717 = CARTESIAN_POINT ( 'NONE',  ( 4.950000000000698286, 12.67827681032222742, -6.784820330738588368 ) ) ;
#3718 = CARTESIAN_POINT ( 'NONE',  ( 3.449999999999989964, 11.43500000000000227, 3.799999999999999378 ) ) ;
#3719 = DIRECTION ( 'NONE',  ( 0.0000000000000000000, 1.000000000000000000, 0.0000000000000000000 ) ) ;
#3720 = EDGE_LOOP ( 'NONE', ( #2425, #7495, #6357, #6420, #5195, #4832 ) ) ;
#3721 = CARTESIAN_POINT ( 'NONE',  ( 5.712622210152577651, 12.73499999999999588, 1.675506206254401720 ) ) ;
#3722 = ADVANCED_FACE ( 'NONE', ( #5519 ), #4978, .F. ) ;
#3723 = VERTEX_POINT ( 'NONE', #698 ) ;
#3724 = EDGE_CURVE ( 'NONE', #3962, #6079, #2731, .T. ) ;
#3725 = DIRECTION ( 'NONE',  ( -1.000000000000000000, 9.130123557772668088E-16, 0.0000000000000000000 ) ) ;
#3726 = ORIENTED_EDGE ( 'NONE', *, *, #5413, .T. ) ;
#3727 = EDGE_CURVE ( 'NONE', #2486, #5608, #7261, .T. ) ;
#3728 = LINE ( 'NONE', #2653, #2825 ) ;
#3729 = DIRECTION ( 'NONE',  ( 0.0000000000000000000, -0.1961161351381830731, -0.9805806756909204447 ) ) ;
#3730 = SECURITY_CLASSIFICATION ( '', '', #421 ) ;
#3731 = ORIENTED_EDGE ( 'NONE', *, *, #195, .T. ) ;
#3732 = EDGE_CURVE ( 'NONE', #365, #3409, #7024, .T. ) ;
#3733 = ORIENTED_EDGE ( 'NONE', *, *, #1058, .F. ) ;
#3734 = DIRECTION ( 'NONE',  ( 1.000000000000000000, -3.338853781347929776E-28, 1.794541526872530066E-14 ) ) ;
#3735 = ORIENTED_EDGE ( 'NONE', *, *, #5365, .T. ) ;
#3736 = ORIENTED_EDGE ( 'NONE', *, *, #4291, .F. ) ;
#3737 = EDGE_CURVE ( 'NONE', #6071, #3748, #6900, .T. ) ;
#3738 = CARTESIAN_POINT ( 'NONE',  ( 5.749999999999321432, 12.72910876695780225, -6.726903183719896262 ) ) ;
#3739 = LINE ( 'NONE', #3771, #267 ) ;
#3740 = CARTESIAN_POINT ( 'NONE',  ( 2.625902306574849909, 14.00000000000000000, 7.620000000000000107 ) ) ;
#3741 = CARTESIAN_POINT ( 'NONE',  ( 8.076037614648479135, 12.69953703112068766, -3.875243666753530380 ) ) ;
#3742 = COORDINATED_UNIVERSAL_TIME_OFFSET ( 0, 0, .AHEAD. ) ;
#3743 = VERTEX_POINT ( 'NONE', #4829 ) ;
#3744 = DIRECTION ( 'NONE',  ( -1.000000000000000000, 0.0000000000000000000, -0.0000000000000000000 ) ) ;
#3745 = DIRECTION ( 'NONE',  ( 0.0000000000000000000, 1.000000000000000000, 0.0000000000000000000 ) ) ;
#3746 = CARTESIAN_POINT ( 'NONE',  ( 3.532842712474771218, 11.23499999999982357, -4.450751711430090713E-16 ) ) ;
#3747 = DIRECTION ( 'NONE',  ( -1.000000000000000000, 0.0000000000000000000, 0.0000000000000000000 ) ) ;
#3748 = VERTEX_POINT ( 'NONE', #5441 ) ;
#3749 = CARTESIAN_POINT ( 'NONE',  ( 8.085622008323793963, 12.64656426582414817, 1.208992099810588750 ) ) ;
#3750 = LINE ( 'NONE', #3250, #5660 ) ;
#3751 = DIRECTION ( 'NONE',  ( -0.0000000000000000000, -0.9805806756909204447, 0.1961161351381830731 ) ) ;
#3752 = FACE_OUTER_BOUND ( 'NONE', #712, .T. ) ;
#3753 = CARTESIAN_POINT ( 'NONE',  ( 4.950000000000155609, 12.70509370452902331, -6.765475017931662727 ) ) ;
#3754 = CARTESIAN_POINT ( 'NONE',  ( 10.25000000000000000, 1.699999999999990186, -6.880000000000000782 ) ) ;
#3755 = DIRECTION ( 'NONE',  ( 0.0000000000000000000, -1.000000000000000000, 0.0000000000000000000 ) ) ;
#3756 = EDGE_LOOP ( 'NONE', ( #5002, #7222, #1160, #7270 ) ) ;
#3757 = CARTESIAN_POINT ( 'NONE',  ( 4.500000000000006217, -2.700000000000356337, -0.4999999999999314992 ) ) ;
#3758 = EDGE_LOOP ( 'NONE', ( #7369, #2366, #5161, #2892 ) ) ;
#3759 = CARTESIAN_POINT ( 'NONE',  ( 10.25000000000000000, 6.199999999999978861, 1.799999999999999822 ) ) ;
#3760 = ORIENTED_EDGE ( 'NONE', *, *, #1031, .T. ) ;
#3761 = ORIENTED_EDGE ( 'NONE', *, *, #2120, .F. ) ;
#3762 = DIRECTION ( 'NONE',  ( -0.0000000000000000000, 0.0000000000000000000, 1.000000000000000000 ) ) ;
#3763 = ADVANCED_FACE ( 'NONE', ( #2004 ), #7573, .T. ) ;
#3764 = CARTESIAN_POINT ( 'NONE',  ( 7.249999999999991118, 11.43499999999999872, 2.326828918379971365E-16 ) ) ;
#3765 = ORIENTED_EDGE ( 'NONE', *, *, #3676, .T. ) ;
#3766 = EDGE_LOOP ( 'NONE', ( #2715, #1364, #2976, #3496 ) ) ;
#3767 = PLANE ( 'NONE',  #4143 ) ;
#3768 = ORIENTED_EDGE ( 'NONE', *, *, #4480, .F. ) ;
#3769 = EDGE_LOOP ( 'NONE', ( #3270, #913, #7455, #4850 ) ) ;
#3770 = CARTESIAN_POINT ( 'NONE',  ( 5.749999999999304556, 12.68816249061487333, 1.699945829408947118 ) ) ;
#3771 = CARTESIAN_POINT ( 'NONE',  ( 10.25000000000000000, 1.700000000000008393, 3.280000000000000249 ) ) ;
#3772 = EDGE_CURVE ( 'NONE', #2466, #4944, #6901, .T. ) ;
#3773 = EDGE_CURVE ( 'NONE', #5584, #7452, #5632, .T. ) ;
#3774 = FACE_OUTER_BOUND ( 'NONE', #5103, .T. ) ;
#3775 = EDGE_CURVE ( 'NONE', #3645, #6719, #136, .T. ) ;
#3776 = PERSON_AND_ORGANIZATION_ROLE ( 'classification_officer' ) ;
#3777 = CIRCLE ( 'NONE', #205, 1.974999999999999423 ) ;
#3778 = ORIENTED_EDGE ( 'NONE', *, *, #155, .F. ) ;
#3779 = DIRECTION ( 'NONE',  ( 1.000000000000000000, 0.0000000000000000000, -0.0000000000000000000 ) ) ;
#3780 = FACE_BOUND ( 'NONE', #223, .T. ) ;
#3781 = VECTOR ( 'NONE', #583, 1000.000000000000000 ) ;
#3782 = DIRECTION ( 'NONE',  ( 1.000000000000000000, -9.854725885015578669E-16, 0.0000000000000000000 ) ) ;
#3783 = DIRECTION ( 'NONE',  ( -0.5000000000000022204, -0.0000000000000000000, 0.8660254037844373753 ) ) ;
#3784 = ORIENTED_EDGE ( 'NONE', *, *, #2265, .T. ) ;
#3785 = DIRECTION ( 'NONE',  ( 0.0000000000000000000, 0.0000000000000000000, 1.000000000000000000 ) ) ;
#3786 = AXIS2_PLACEMENT_3D ( 'NONE', #1192, #2897, #2392 ) ;
#3787 = CARTESIAN_POINT ( 'NONE',  ( 7.993234973611840211, 14.00000000000000000, -7.620000000000000107 ) ) ;
#3788 = DIRECTION ( 'NONE',  ( -3.220379291669973468E-28, 1.000000000000000000, 1.794541526872519968E-14 ) ) ;
#3789 = EDGE_CURVE ( 'NONE', #3268, #1874, #3975, .T. ) ;
#3790 = FACE_OUTER_BOUND ( 'NONE', #7045, .T. ) ;
#3791 = CARTESIAN_POINT ( 'NONE',  ( -0.6999999999999999556, -3.700000000000010392, 5.379999999999999893 ) ) ;
#3792 = AXIS2_PLACEMENT_3D ( 'NONE', #1448, #2696, #7380 ) ;
#3793 = DIRECTION ( 'NONE',  ( -0.0000000000000000000, -1.000000000000000000, -0.0000000000000000000 ) ) ;
#3794 = ORIENTED_EDGE ( 'NONE', *, *, #3113, .T. ) ;
#3795 = DIRECTION ( 'NONE',  ( 0.0000000000000000000, 0.0000000000000000000, -1.000000000000000000 ) ) ;
#3796 = ORIENTED_EDGE ( 'NONE', *, *, #5087, .F. ) ;
#3797 = DIRECTION ( 'NONE',  ( 1.000000000000000000, -9.411788633734763438E-16, 0.0000000000000000000 ) ) ;
#3798 = APPROVAL_PERSON_ORGANIZATION ( #5095, #3515, #6826 ) ;
#3799 = EDGE_LOOP ( 'NONE', ( #3028, #1909, #4150, #4214 ) ) ;
#3800 = CARTESIAN_POINT ( 'NONE',  ( 3.689033067547870637, 12.63500000000000156, 0.0000000000000000000 ) ) ;
#3801 = CARTESIAN_POINT ( 'NONE',  ( 10.25000000000000000, 6.199999999999977973, 6.879999999999999893 ) ) ;
#3802 =( BOUNDED_CURVE ( )  B_SPLINE_CURVE ( 3, ( #7213, #6066, #6599, #5487 ),
 .UNSPECIFIED., .F., .T. ) 
 B_SPLINE_CURVE_WITH_KNOTS ( ( 4, 4 ),
 ( 0.5000000015332692893, 1.000000000000000000 ),
 .UNSPECIFIED. ) 
 CURVE ( )  GEOMETRIC_REPRESENTATION_ITEM ( )  RATIONAL_B_SPLINE_CURVE ( ( 1.000000000000000000, 0.8584414877346444595, 0.8584414877346444595, 1.000000000000000000 ) ) 
 REPRESENTATION_ITEM ( '' )  );
#3803 = DIRECTION ( 'NONE',  ( 0.0000000000000000000, 0.0000000000000000000, -1.000000000000000000 ) ) ;
#3804 = ORIENTED_EDGE ( 'NONE', *, *, #3266, .F. ) ;
#3805 = ORIENTED_EDGE ( 'NONE', *, *, #1413, .T. ) ;
#3806 = CARTESIAN_POINT ( 'NONE',  ( 5.300000000000015810, -4.770489558936219510E-15, 4.575803989022823259 ) ) ;
#3807 = ORIENTED_EDGE ( 'NONE', *, *, #263, .F. ) ;
#3808 = EDGE_CURVE ( 'NONE', #3908, #2292, #2158, .T. ) ;
#3809 = ORIENTED_EDGE ( 'NONE', *, *, #3232, .T. ) ;
#3810 = DIRECTION ( 'NONE',  ( -1.000000000000000000, 0.0000000000000000000, 0.0000000000000000000 ) ) ;
#3811 = CARTESIAN_POINT ( 'NONE',  ( 4.949999999999999289, 11.93499999999671601, -1.799211327335755950 ) ) ;
#3812 = AXIS2_PLACEMENT_3D ( 'NONE', #3473, #3903, #4624 ) ;
#3813 = DIRECTION ( 'NONE',  ( -0.5000000000000001110, 0.0000000000000000000, 0.8660254037844385966 ) ) ;
#3814 = PERSON_AND_ORGANIZATION_ROLE ( 'classification_officer' ) ;
#3815 = ADVANCED_FACE ( 'NONE', ( #3280 ), #7469, .T. ) ;
#3816 = EDGE_CURVE ( 'NONE', #6280, #1371, #4651, .T. ) ;
#3817 = DIRECTION ( 'NONE',  ( 1.000000000000000000, 0.0000000000000000000, 0.0000000000000000000 ) ) ;
#3818 = VERTEX_POINT ( 'NONE', #5016 ) ;
#3819 = FACE_OUTER_BOUND ( 'NONE', #3382, .T. ) ;
#3820 = CARTESIAN_POINT ( 'NONE',  ( 9.250000000000000000, 2.199999999999997957, -1.299999999999998712 ) ) ;
#3821 = AXIS2_PLACEMENT_3D ( 'NONE', #3886, #3851, #5659 ) ;
#3822 = CONICAL_SURFACE ( 'NONE', #6284, 1.898658176322939983, 0.1159019745381328903 ) ;
#3823 = CARTESIAN_POINT ( 'NONE',  ( 5.712622210152577651, 12.73499999999999943, 6.755506206254403345 ) ) ;
#3824 = FACE_OUTER_BOUND ( 'NONE', #6412, .T. ) ;
#3825 = PERSON_AND_ORGANIZATION ( #1524, #6256 ) ;
#3826 = ORIENTED_EDGE ( 'NONE', *, *, #4051, .F. ) ;
#3827 = AXIS2_PLACEMENT_3D ( 'NONE', #1384, #5435, #6227 ) ;
#3828 = VECTOR ( 'NONE', #3251, 1000.000000000000000 ) ;
#3829 = CARTESIAN_POINT ( 'NONE',  ( 5.749999999996039612, 12.66532890578434589, -1.710780456545829109 ) ) ;
#3830 = DIRECTION ( 'NONE',  ( -0.0000000000000000000, -1.000000000000000000, -0.0000000000000000000 ) ) ;
#3831 = ADVANCED_FACE ( 'NONE', ( #4510 ), #4137, .T. ) ;
#3832 = DIRECTION ( 'NONE',  ( 0.0000000000000000000, 0.0000000000000000000, -1.000000000000000000 ) ) ;
#3833 = CARTESIAN_POINT ( 'NONE',  ( 4.949999999999999289, 12.73499999999999943, -6.696418486922036450 ) ) ;
#3834 = AXIS2_PLACEMENT_3D ( 'NONE', #4796, #7144, #2374 ) ;
#3836 = VECTOR ( 'NONE', #3541, 1000.000000000000000 ) ;
#3835 = CARTESIAN_POINT ( 'NONE',  ( 9.250000000000000000, 2.199999999999997069, 1.299999999999997824 ) ) ;
#3837 = LINE ( 'NONE', #7327, #511 ) ;
#3838 = ORIENTED_EDGE ( 'NONE', *, *, #6250, .T. ) ;
#3839 = DIRECTION ( 'NONE',  ( 0.0000000000000000000, -0.1961161351381840445, 0.9805806756909202226 ) ) ;
#3840 = ORIENTED_EDGE ( 'NONE', *, *, #7204, .T. ) ;
#3841 = VECTOR ( 'NONE', #2679, 999.9999999999998863 ) ;
#3842 = DIRECTION ( 'NONE',  ( -1.794541526872530066E-14, -1.794541526872519968E-14, 1.000000000000000000 ) ) ;
#3843 = ORIENTED_EDGE ( 'NONE', *, *, #6215, .T. ) ;
#3844 = DIRECTION ( 'NONE',  ( -0.0000000000000000000, -1.000000000000000000, -0.0000000000000000000 ) ) ;
#3845 = CARTESIAN_POINT ( 'NONE',  ( 3.451341823670963205, 11.45812853167897494, -4.650371316632588694E-16 ) ) ;
#3846 = CARTESIAN_POINT ( 'NONE',  ( 9.250000000000000000, 2.199999999999988187, -1.299999999999998712 ) ) ;
#3847 = EDGE_LOOP ( 'NONE', ( #303, #5881, #3950, #461, #6307, #7446, #1784, #71 ) ) ;
#3848 = ORIENTED_EDGE ( 'NONE', *, *, #706, .F. ) ;
#3849 = EDGE_LOOP ( 'NONE', ( #6688, #1260, #4690, #310 ) ) ;
#3850 = CARTESIAN_POINT ( 'NONE',  ( 4.158098635934760701, 12.73500000000000476, -6.569085828626664458 ) ) ;
#3851 = DIRECTION ( 'NONE',  ( -2.501911041408800138E-16, -1.000000000000000000, 0.0000000000000000000 ) ) ;
#3852 = EDGE_CURVE ( 'NONE', #1209, #5073, #2670, .T. ) ;
#3853 = LINE ( 'NONE', #5008, #6245 ) ;
#3854 = COORDINATED_UNIVERSAL_TIME_OFFSET ( 0, 0, .AHEAD. ) ;
#3855 = CARTESIAN_POINT ( 'NONE',  ( 5.500000000000000000, -0.05000000078162009781, 0.8000000000001420419 ) ) ;
#3856 = ORIENTED_EDGE ( 'NONE', *, *, #188, .F. ) ;
#3857 = DIRECTION ( 'NONE',  ( 1.332267629550187849E-15, 1.000000000000000000, -1.209806994167949925E-15 ) ) ;
#3858 = CARTESIAN_POINT ( 'NONE',  ( 4.949999999999999289, 11.93499999999701977, 1.799211327335719757 ) ) ;
#3859 = CARTESIAN_POINT ( 'NONE',  ( 5.749999999999845457, 12.70509370452921161, 6.765475017931467328 ) ) ;
#3860 = ADVANCED_FACE ( 'NONE', ( #6791 ), #928, .F. ) ;
#3861 = CARTESIAN_POINT ( 'NONE',  ( 5.750000000000001776, 12.64656426582888926, 6.794246796764878304 ) ) ;
#3862 = CARTESIAN_POINT ( 'NONE',  ( 0.0000000000000000000, 0.0000000000000000000, -25.40000000000000213 ) ) ;
#3863 = ORIENTED_EDGE ( 'NONE', *, *, #3869, .T. ) ;
#3864 = EDGE_CURVE ( 'NONE', #1415, #7107, #4778, .T. ) ;
#3865 = CARTESIAN_POINT ( 'NONE',  ( 5.750000000000000000, 12.64914866789105652, -1.713937828365214910 ) ) ;
#3866 = CARTESIAN_POINT ( 'NONE',  ( 5.749999999999845457, 12.70509370452921161, 6.765475017931467328 ) ) ;
#3867 = CARTESIAN_POINT ( 'NONE',  ( 5.749999999999992895, 12.73499999999999943, -1.612082860990527999 ) ) ;
#3868 = CARTESIAN_POINT ( 'NONE',  ( 3.689033064312491117, 12.73500000000000298, 0.7947222732443179893 ) ) ;
#3869 = EDGE_CURVE ( 'NONE', #266, #5297, #5178, .T. ) ;
#3870 = DIRECTION ( 'NONE',  ( -1.734723475976807410E-14, 3.099688836045537621E-13, 1.000000000000000000 ) ) ;
#3871 = LINE ( 'NONE', #5642, #755 ) ;
#3872 = ORIENTED_EDGE ( 'NONE', *, *, #6880, .T. ) ;
#3873 = ADVANCED_FACE ( 'NONE', ( #6470 ), #6435, .F. ) ;
#3874 = CARTESIAN_POINT ( 'NONE',  ( 0.0000000000000000000, 10.00000000000000000, -7.620000000000000107 ) ) ;
#3875 = ORIENTED_EDGE ( 'NONE', *, *, #3167, .F. ) ;
#3876 = CARTESIAN_POINT ( 'NONE',  ( 8.353589838486222163, 6.599999999999999645, -3.140000000000000568 ) ) ;
#3877 = ORIENTED_EDGE ( 'NONE', *, *, #525, .F. ) ;
#3878 = DIRECTION ( 'NONE',  ( -3.402072636419484200E-15, 0.9805806756909202226, 0.1961161351381842111 ) ) ;
#3879 = CARTESIAN_POINT ( 'NONE',  ( 8.289638583737172439, 13.74631306408208964, -7.620000000000000107 ) ) ;
#3880 = FACE_OUTER_BOUND ( 'NONE', #2506, .T. ) ;
#3881 = CARTESIAN_POINT ( 'NONE',  ( 8.332042833102427437, 6.599999999999999645, 7.000000000000000888 ) ) ;
#3882 = VERTEX_POINT ( 'NONE', #1227 ) ;
#3883 = ORIENTED_EDGE ( 'NONE', *, *, #3773, .T. ) ;
#3884 = ORIENTED_EDGE ( 'NONE', *, *, #5260, .T. ) ;
#3885 = CARTESIAN_POINT ( 'NONE',  ( 3.449999999999989519, 11.43500000000000227, 1.280000000000001581 ) ) ;
#3886 = CARTESIAN_POINT ( 'NONE',  ( 5.349999999999999645, 10.44999999999999929, 0.0000000000000000000 ) ) ;
#3887 = EDGE_CURVE ( 'NONE', #4052, #215, #4123, .T. ) ;
#3888 = DIRECTION ( 'NONE',  ( 1.224646799147353207E-16, -1.434616586018100824E-31, -1.000000000000000000 ) ) ;
#3889 = CARTESIAN_POINT ( 'NONE',  ( 7.248658176322919644, 11.45812853178540536, 5.080000000000000071 ) ) ;
#3890 = VERTEX_POINT ( 'NONE', #2933 ) ;
#3891 = CARTESIAN_POINT ( 'NONE',  ( 4.178667269030222009, 12.73500000000000121, -1.420694998831673717 ) ) ;
#3892 = LINE ( 'NONE', #429, #2089 ) ;
#3893 =( BOUNDED_SURFACE ( )  B_SPLINE_SURFACE ( 3, 3, ( 
 ( #4350, #803, #3195, #3157 ),
 ( #5507, #3850, #919, #4970 ),
 ( #226, #6120, #3271, #1997 ),
 ( #6701, #843, #271, #2625 ) ),
 .UNSPECIFIED., .F., .F., .F. ) 
 B_SPLINE_SURFACE_WITH_KNOTS ( ( 4, 4 ),
 ( 4, 4 ),
 ( 0.0000000000000000000, 1.000000000000000000 ),
 ( 0.0000000000000000000, 1.000000000000000000 ),
 .UNSPECIFIED. ) 
 GEOMETRIC_REPRESENTATION_ITEM ( )  RATIONAL_B_SPLINE_SURFACE ( (
 ( 1.000000000000000000, 0.8538861261458171592, 0.8538861261458171592, 1.000000000000000000),
 ( 0.8312495820266285751, 0.7097924854570475395, 0.7097924854570475395, 0.8312495820266285751),
 ( 0.8312495820266285751, 0.7097924854570475395, 0.7097924854570475395, 0.8312495820266285751),
 ( 1.000000000000000000, 0.8538861261458171592, 0.8538861261458171592, 1.000000000000000000) ) ) 
 REPRESENTATION_ITEM ( '' )  SURFACE ( )  );
#3894 = CARTESIAN_POINT ( 'NONE',  ( 5.712622210151658386, 12.73499999999999766, 3.404493793745397401 ) ) ;
#3895 = CARTESIAN_POINT ( 'NONE',  ( 5.749999999999304556, 12.66838590191671443, -3.370302590016821753 ) ) ;
#3896 = AXIS2_PLACEMENT_3D ( 'NONE', #5158, #3785, #1432 ) ;
#3897 = PERSON_AND_ORGANIZATION_ROLE ( 'creator' ) ;
#3898 = ORIENTED_EDGE ( 'NONE', *, *, #668, .T. ) ;
#3899 = EDGE_CURVE ( 'NONE', #1415, #6821, #387, .T. ) ;
#3900 = CARTESIAN_POINT ( 'NONE',  ( 9.250000000000000000, 2.199999999999988187, -6.379999999999999005 ) ) ;
#3901 = CARTESIAN_POINT ( 'NONE',  ( 10.25000000000000000, 0.0000000000000000000, 4.575803989022819707 ) ) ;
#3902 = VECTOR ( 'NONE', #1392, 1000.000000000000000 ) ;
#3903 = DIRECTION ( 'NONE',  ( 1.000000000000000000, -3.338853781347929776E-28, 1.794541526872530066E-14 ) ) ;
#3904 = LINE ( 'NONE', #3404, #3146 ) ;
#3905 = CARTESIAN_POINT ( 'NONE',  ( 5.349999999999982769, 12.64656426582178206, 5.080000000000000071 ) ) ;
#3906 = ORIENTED_EDGE ( 'NONE', *, *, #289, .F. ) ;
#3907 = VECTOR ( 'NONE', #5662, 1000.000000000000000 ) ;
#3908 = VERTEX_POINT ( 'NONE', #5315 ) ;
#3909 = EDGE_CURVE ( 'NONE', #3743, #2535, #2391, .T. ) ;
#3910 = CARTESIAN_POINT ( 'NONE',  ( 5.750000000000000000, 12.64656426582507898, 3.365753203230879897 ) ) ;
#3911 = ADVANCED_FACE ( 'NONE', ( #5782 ), #2863, .F. ) ;
#3912 = ORIENTED_EDGE ( 'NONE', *, *, #2281, .F. ) ;
#3913 = DIRECTION ( 'NONE',  ( -1.000000000000000000, 0.0000000000000000000, 0.0000000000000000000 ) ) ;
#3914 = AXIS2_PLACEMENT_3D ( 'NONE', #1928, #2086, #6673 ) ;
#3915 = EDGE_CURVE ( 'NONE', #1493, #7594, #5235, .T. ) ;
#3916 = LINE ( 'NONE', #2326, #760 ) ;
#3917 =( BOUNDED_CURVE ( )  B_SPLINE_CURVE ( 3, ( #88, #6406, #627, #5244 ),
 .UNSPECIFIED., .F., .F. ) 
 B_SPLINE_CURVE_WITH_KNOTS ( ( 4, 4 ),
 ( 0.0000000000000000000, 1.000000000000000000 ),
 .UNSPECIFIED. ) 
 CURVE ( )  GEOMETRIC_REPRESENTATION_ITEM ( )  RATIONAL_B_SPLINE_CURVE ( ( 1.000000000000000000, 0.3333333333333335369, 0.3333333333333335369, 1.000000000000000000 ) ) 
 REPRESENTATION_ITEM ( '' )  );
#3918 = CARTESIAN_POINT ( 'NONE',  ( 4.950000000000698286, 12.68816249061475077, -1.699945829409030384 ) ) ;
#3919 = DIRECTION ( 'NONE',  ( 1.000000000000000000, -3.338853781347929776E-28, 1.794541526872530066E-14 ) ) ;
#3920 = ORIENTED_EDGE ( 'NONE', *, *, #1643, .F. ) ;
#3921 = ORIENTED_EDGE ( 'NONE', *, *, #1888, .T. ) ;
#3922 = APPROVAL_PERSON_ORGANIZATION ( #2312, #1494, #3509 ) ;
#3923 = ORIENTED_EDGE ( 'NONE', *, *, #2887, .F. ) ;
#3924 = CARTESIAN_POINT ( 'NONE',  ( 0.8320428331024306567, 2.168404344971008868E-16, 7.000000000000000888 ) ) ;
#3925 = CARTESIAN_POINT ( 'NONE',  ( 5.499999999999584332, -0.05000000078158019917, 4.579999999999960103 ) ) ;
#3926 = AXIS2_PLACEMENT_3D ( 'NONE', #3800, #6147, #4260 ) ;
#3927 = CARTESIAN_POINT ( 'NONE',  ( 7.249552224325725547, 11.45044927442902782, 5.080000000000000959 ) ) ;
#3928 = CARTESIAN_POINT ( 'NONE',  ( 7.931257721594906052, 12.73499999999999766, 6.220771708769626152 ) ) ;
#3929 = VECTOR ( 'NONE', #6096, 1000.000000000000000 ) ;
#3930 = CARTESIAN_POINT ( 'NONE',  ( 3.450447775674256423, 11.45044927442903315, 8.879104448651469639 ) ) ;
#3931 = ORIENTED_EDGE ( 'NONE', *, *, #5274, .T. ) ;
#3932 = DIRECTION ( 'NONE',  ( 0.4999999999999996669, -0.0000000000000000000, 0.8660254037844388186 ) ) ;
#3933 = CARTESIAN_POINT ( 'NONE',  ( 7.249999999999992006, 11.43499999999999694, -3.800000000000000266 ) ) ;
#3934 = CARTESIAN_POINT ( 'NONE',  ( 5.749999999999999112, 11.93500000000000050, -1.969999999999999973 ) ) ;
#3935 = CARTESIAN_POINT ( 'NONE',  ( 7.249999999999994671, 11.43500000000000227, 8.880000000000002558 ) ) ;
#3936 = AXIS2_PLACEMENT_3D ( 'NONE', #2630, #3243, #3779 ) ;
#3937 = DATE_AND_TIME ( #3398, #1816 ) ;
#3938 = VERTEX_POINT ( 'NONE', #574 ) ;
#3939 = DIRECTION ( 'NONE',  ( -1.000000000000000000, 0.0000000000000000000, 0.0000000000000000000 ) ) ;
#3940 = VECTOR ( 'NONE', #886, 1000.000000000000114 ) ;
#3941 = CARTESIAN_POINT ( 'NONE',  ( 4.158098633071089623, 12.73499999999999943, 1.489085828000587863 ) ) ;
#3942 = VECTOR ( 'NONE', #6618, 1000.000000000000000 ) ;
#3943 = PLANE ( 'NONE',  #1375 ) ;
#3944 = DIRECTION ( 'NONE',  ( -1.000000000000000000, 9.136576017758483468E-16, 0.0000000000000000000 ) ) ;
#3945 = ADVANCED_FACE ( 'NONE', ( #5275 ), #6498, .T. ) ;
#3946 = AXIS2_PLACEMENT_3D ( 'NONE', #3708, #2632, #3628 ) ;
#3947 = CIRCLE ( 'NONE', #6040, 0.2000000000000000944 ) ;
#3948 = ORIENTED_EDGE ( 'NONE', *, *, #3058, .T. ) ;
#3949 = FACE_OUTER_BOUND ( 'NONE', #7016, .T. ) ;
#3950 = ORIENTED_EDGE ( 'NONE', *, *, #1454, .F. ) ;
#3951 = ORIENTED_EDGE ( 'NONE', *, *, #3105, .F. ) ;
#3952 = CARTESIAN_POINT ( 'NONE',  ( 3.532842712474771218, 11.23499999999982357, -4.450751711430090713E-16 ) ) ;
#3953 = CARTESIAN_POINT ( 'NONE',  ( 4.950000000000000178, 12.40938025448233084, 1.742602432482177388 ) ) ;
#3954 = VECTOR ( 'NONE', #65, 1000.000000000000000 ) ;
#3955 = CIRCLE ( 'NONE', #1237, 1.760296020627533320 ) ;
#3956 = CARTESIAN_POINT ( 'NONE',  ( 7.010966932452110001, 12.73499999999999588, -0.7947222771640977124 ) ) ;
#3957 = LINE ( 'NONE', #2734, #6535 ) ;
#3958 = EDGE_CURVE ( 'NONE', #6073, #766, #4421, .T. ) ;
#3959 = CARTESIAN_POINT ( 'NONE',  ( 5.349999999999980993, 11.93499999999403727, 5.080000000000000071 ) ) ;
#3960 = ORIENTED_EDGE ( 'NONE', *, *, #2267, .T. ) ;
#3961 = EDGE_LOOP ( 'NONE', ( #4318, #640, #3193, #5361 ) ) ;
#3962 = VERTEX_POINT ( 'NONE', #192 ) ;
#3963 =( BOUNDED_CURVE ( )  B_SPLINE_CURVE ( 3, ( #6208, #929, #969, #4593 ),
 .UNSPECIFIED., .F., .T. ) 
 B_SPLINE_CURVE_WITH_KNOTS ( ( 4, 4 ),
 ( 0.0000000000000000000, 0.5000000007378365696 ),
 .UNSPECIFIED. ) 
 CURVE ( )  GEOMETRIC_REPRESENTATION_ITEM ( )  RATIONAL_B_SPLINE_CURVE ( ( 1.000000000000000000, 0.8584414864962361946, 0.8584414864962361946, 1.000000000000000000 ) ) 
 REPRESENTATION_ITEM ( '' )  );
#3964 = CARTESIAN_POINT ( 'NONE',  ( 7.049999999999688960, 11.23499999999999766, 8.479999999999392912 ) ) ;
#3965 = CARTESIAN_POINT ( 'NONE',  ( 5.500000000000005329, -0.05000000078161020295, 0.5000000000001401101 ) ) ;
#3966 = EDGE_CURVE ( 'NONE', #1836, #2261, #3658, .T. ) ;
#3967 = CARTESIAN_POINT ( 'NONE',  ( 3.449999999999989964, 11.44273112629124967, 1.280000000000001359 ) ) ;
#3968 = EDGE_CURVE ( 'NONE', #4283, #5620, #3124, .T. ) ;
#3969 = CARTESIAN_POINT ( 'NONE',  ( 8.076037614648482688, 12.69953703112068588, 6.284756333246471982 ) ) ;
#3970 = EDGE_LOOP ( 'NONE', ( #1116, #5991, #1649, #7343, #1532, #27, #4361, #4803 ) ) ;
#3971 = CYLINDRICAL_SURFACE ( 'NONE', #1348, 0.2999999999999999334 ) ;
#3972 = ORIENTED_EDGE ( 'NONE', *, *, #3624, .F. ) ;
#3973 = DIRECTION ( 'NONE',  ( -1.000000000000000000, 3.334909476821824268E-28, -1.794541526872530066E-14 ) ) ;
#3974 = CARTESIAN_POINT ( 'NONE',  ( 3.635702501172415335, 12.73500000000000298, -5.080000003358441596 ) ) ;
#3975 = LINE ( 'NONE', #4397, #3089 ) ;
#3976 = CARTESIAN_POINT ( 'NONE',  ( 5.749999999999992895, 12.73499999999999943, -3.467917139009472294 ) ) ;
#3977 = DATE_AND_TIME ( #7402, #966 ) ;
#3978 = ORIENTED_EDGE ( 'NONE', *, *, #664, .T. ) ;
#3979 = DIRECTION ( 'NONE',  ( 0.0000000000000000000, 0.0000000000000000000, 1.000000000000000000 ) ) ;
#3980 = LINE ( 'NONE', #4516, #3579 ) ;
#3981 = CARTESIAN_POINT ( 'NONE',  ( 9.250000000000000000, 7.599999999999999645, -7.620000000000000107 ) ) ;
#3982 = DIRECTION ( 'NONE',  ( -0.0000000000000000000, -1.000000000000000000, -0.0000000000000000000 ) ) ;
#3983 = ORIENTED_EDGE ( 'NONE', *, *, #7486, .F. ) ;
#3984 = CARTESIAN_POINT ( 'NONE',  ( 9.250000000000000000, 6.299999999999999822, 3.779999999999999805 ) ) ;
#3985 = ORIENTED_EDGE ( 'NONE', *, *, #7056, .T. ) ;
#3986 = ORIENTED_EDGE ( 'NONE', *, *, #841, .F. ) ;
#3987 = CARTESIAN_POINT ( 'NONE',  ( 4.499999999999605649, -0.05000000078158019917, -5.880000000000057625 ) ) ;
#3988 = CARTESIAN_POINT ( 'NONE',  ( 5.349999999999989875, 12.73499999999999943, 5.080000000000000071 ) ) ;
#3989 = CARTESIAN_POINT ( 'NONE',  ( 6.521332732297200785, 12.73499999999999766, -1.420694998502297857 ) ) ;
#3990 = CARTESIAN_POINT ( 'NONE',  ( 5.749999999995260680, 12.67614242096979815, -1.706545570107979248 ) ) ;
#3991 = CARTESIAN_POINT ( 'NONE',  ( 3.689033067547873301, 12.73500000000000121, 5.079999999999997407 ) ) ;
#3992 = VERTEX_POINT ( 'NONE', #3740 ) ;
#3993 = VERTEX_POINT ( 'NONE', #2693 ) ;
#3994 = ORIENTED_EDGE ( 'NONE', *, *, #5485, .F. ) ;
#3995 = EDGE_CURVE ( 'NONE', #5899, #679, #2107, .T. ) ;
#3996 = CARTESIAN_POINT ( 'NONE',  ( 3.449999999999990408, 11.43500000000000583, 8.880000000000002558 ) ) ;
#3997 = CARTESIAN_POINT ( 'NONE',  ( 4.499999999999992006, -3.700000000000016609, -4.780000000000001137 ) ) ;
#3998 = CARTESIAN_POINT ( 'NONE',  ( 7.049999999999990941, 11.43499999999999694, 2.081899558550500773E-16 ) ) ;
#3999 = APPROVAL_DATE_TIME ( #7428, #1293 ) ;
#4000 = CARTESIAN_POINT ( 'NONE',  ( 5.349999999999989875, 11.45812853167969791, 0.0000000000000000000 ) ) ;
#4001 = ORIENTED_EDGE ( 'NONE', *, *, #7166, .F. ) ;
#4002 =( BOUNDED_SURFACE ( )  B_SPLINE_SURFACE ( 3, 3, ( 
 ( #701, #7135, #7173, #6632 ),
 ( #3052, #4329, #1317, #6021 ),
 ( #1857, #740, #7097, #7245 ),
 ( #5362, #3749, #1353, #4833 ) ),
 .UNSPECIFIED., .F., .F., .F. ) 
 B_SPLINE_SURFACE_WITH_KNOTS ( ( 4, 4 ),
 ( 4, 4 ),
 ( 0.0000000000000000000, 1.000000000000000000 ),
 ( 0.0000000000000000000, 1.000000000000000000 ),
 .UNSPECIFIED. ) 
 GEOMETRIC_REPRESENTATION_ITEM ( )  RATIONAL_B_SPLINE_SURFACE ( (
 ( 1.000000000000000000, 0.4743521123180107213, 0.4743521123180107213, 1.000000000000000000),
 ( 0.8312495820341943009, 0.3943049951013836152, 0.3943049951013836152, 0.8312495820341943009),
 ( 0.8312495820341943009, 0.3943049951013836152, 0.3943049951013836152, 0.8312495820341943009),
 ( 1.000000000000000000, 0.4743521123180107213, 0.4743521123180107213, 1.000000000000000000) ) ) 
 REPRESENTATION_ITEM ( '' )  SURFACE ( )  );
#4003 = LINE ( 'NONE', #6536, #4069 ) ;
#4004 = ORIENTED_EDGE ( 'NONE', *, *, #6547, .T. ) ;
#4005 = ADVANCED_FACE ( 'NONE', ( #3880 ), #1342, .F. ) ;
#4006 = CARTESIAN_POINT ( 'NONE',  ( 3.650000000000296563, 11.23499999999999943, -8.479999999999385807 ) ) ;
#4007 = CARTESIAN_POINT ( 'NONE',  ( 4.500000000000006217, 4.784159143999949571, 4.580000000000103100 ) ) ;
#4008 = ADVANCED_FACE ( 'NONE', ( #6621 ), #1483, .T. ) ;
#4009 = EDGE_CURVE ( 'NONE', #1285, #2957, #7234, .T. ) ;
#4010 = CARTESIAN_POINT ( 'NONE',  ( 3.449999999999990852, 11.43500000000000050, 1.280000000000001581 ) ) ;
#4011 = CARTESIAN_POINT ( 'NONE',  ( 7.249999999999990230, 11.31784271247447471, 5.080000000000000071 ) ) ;
#4012 = APPROVAL_DATE_TIME ( #1655, #6384 ) ;
#4013 = ORIENTED_EDGE ( 'NONE', *, *, #1071, .T. ) ;
#4014 = PLANE ( 'NONE',  #3567 ) ;
#4015 = DIRECTION ( 'NONE',  ( 1.000000000000000000, -3.338853781347929776E-28, 1.794541526872530066E-14 ) ) ;
#4016 = ADVANCED_FACE ( 'NONE', ( #4313 ), #3082, .F. ) ;
#4017 = CARTESIAN_POINT ( 'NONE',  ( 5.750000000000000000, 12.64656426582508075, -1.714246796769120618 ) ) ;
#4018 = CARTESIAN_POINT ( 'NONE',  ( 7.249552224325720218, 11.45044927442902605, -8.879104448651466086 ) ) ;
#4019 = ORIENTED_EDGE ( 'NONE', *, *, #523, .F. ) ;
#4020 = FACE_OUTER_BOUND ( 'NONE', #4999, .T. ) ;
#4021 = ORIENTED_EDGE ( 'NONE', *, *, #2743, .F. ) ;
#4022 = VECTOR ( 'NONE', #6894, 1000.000000000000000 ) ;
#4023 = EDGE_LOOP ( 'NONE', ( #2403, #1546, #2320, #7493 ) ) ;
#4024 = CARTESIAN_POINT ( 'NONE',  ( 7.249999999999992006, 11.31784271247447471, -3.800000000000002043 ) ) ;
#4025 = EDGE_CURVE ( 'NONE', #2616, #6934, #3459, .T. ) ;
#4026 = CARTESIAN_POINT ( 'NONE',  ( 4.949999999999999289, 12.17219196889117505, 1.770922332791136533 ) ) ;
#4027 = CARTESIAN_POINT ( 'NONE',  ( 3.635702501169018941, 12.73500000000000298, 5.080000000000002736 ) ) ;
#4028 = VECTOR ( 'NONE', #4098, 999.9999999999998863 ) ;
#4029 = CARTESIAN_POINT ( 'NONE',  ( 4.950000000000072120, 12.71957496777942964, -1.668147016353360490 ) ) ;
#4030 = CARTESIAN_POINT ( 'NONE',  ( 3.589703979381178023, 12.64656426582076776, 5.079999999999998295 ) ) ;
#4031 = ORIENTED_EDGE ( 'NONE', *, *, #3572, .T. ) ;
#4032 = ORIENTED_EDGE ( 'NONE', *, *, #2188, .F. ) ;
#4033 = VECTOR ( 'NONE', #7427, 1000.000000000000000 ) ;
#4034 = VERTEX_POINT ( 'NONE', #120 ) ;
#4035 = DIRECTION ( 'NONE',  ( 1.000000000000000000, -0.0000000000000000000, 0.0000000000000000000 ) ) ;
#4036 = LINE ( 'NONE', #5262, #4557 ) ;
#4037 = DIRECTION ( 'NONE',  ( 1.171453342316279939E-15, 1.000000000000000000, 0.0000000000000000000 ) ) ;
#4038 = VECTOR ( 'NONE', #2180, 1000.000000000000000 ) ;
#4039 = EDGE_CURVE ( 'NONE', #1867, #4749, #2020, .T. ) ;
#4040 = DIRECTION ( 'NONE',  ( 1.000000000000000000, 0.0000000000000000000, 0.0000000000000000000 ) ) ;
#4041 = VERTEX_POINT ( 'NONE', #3041 ) ;
#4042 = LINE ( 'NONE', #6433, #4675 ) ;
#4043 = DIRECTION ( 'NONE',  ( 1.000000000000000000, -1.084202172485509956E-15, 0.0000000000000000000 ) ) ;
#4044 = LOCAL_TIME ( 21, 42, 48.00000000000000000, #3591 ) ;
#4045 = CARTESIAN_POINT ( 'NONE',  ( 7.049999999999561950, 11.23499999999999766, 1.249139735130075885E-16 ) ) ;
#4046 = CARTESIAN_POINT ( 'NONE',  ( 4.950000000002678924, 12.71195981187718616, 6.757797158873359855 ) ) ;
#4047 = CARTESIAN_POINT ( 'NONE',  ( 1.942790561913620095, 6.600000000000010303, 7.000000000000000000 ) ) ;
#4048 =( BOUNDED_SURFACE ( )  B_SPLINE_SURFACE ( 3, 3, ( 
 ( #3178, #2607, #2014, #6717 ),
 ( #4452, #1437, #7326, #4408 ),
 ( #6802, #1519, #6758, #3103 ),
 ( #3405, #2135, #7410, #4601 ) ),
 .UNSPECIFIED., .F., .F., .T. ) 
 B_SPLINE_SURFACE_WITH_KNOTS ( ( 4, 4 ),
 ( 4, 4 ),
 ( 0.0000000000000000000, 1.000000000000000000 ),
 ( 0.0000000000000000000, 1.000000000000000000 ),
 .UNSPECIFIED. ) 
 GEOMETRIC_REPRESENTATION_ITEM ( )  RATIONAL_B_SPLINE_SURFACE ( (
 ( 1.000000000000000000, 0.8538861257352947653, 0.8538861257352947653, 1.000000000000000000),
 ( 0.8312495820436721639, 0.7097924851303543115, 0.7097924851303543115, 0.8312495820436721639),
 ( 0.8312495820436721639, 0.7097924851303543115, 0.7097924851303543115, 0.8312495820436721639),
 ( 1.000000000000000000, 0.8538861257352947653, 0.8538861257352947653, 1.000000000000000000) ) ) 
 REPRESENTATION_ITEM ( '' )  SURFACE ( )  );
#4049 = EDGE_CURVE ( 'NONE', #3528, #1493, #2474, .T. ) ;
#4050 = CALENDAR_DATE ( 2019, 21, 10 ) ;
#4051 = EDGE_CURVE ( 'NONE', #3194, #5621, #1723, .T. ) ;
#4052 = VERTEX_POINT ( 'NONE', #7164 ) ;
#4053 = EDGE_CURVE ( 'NONE', #2957, #3236, #3303, .T. ) ;
#4054 = CARTESIAN_POINT ( 'NONE',  ( 5.749999999999999112, 12.17219196888833821, -1.770922332791466047 ) ) ;
#4055 = DIRECTION ( 'NONE',  ( 0.8660254037844388186, 0.0000000000000000000, -0.4999999999999996669 ) ) ;
#4056 = DIRECTION ( 'NONE',  ( -0.6666666666666659635, -0.6666666666666670737, 0.3333333333333338699 ) ) ;
#4057 = DIRECTION ( 'NONE',  ( -1.171453342316279939E-15, -1.000000000000000000, 0.0000000000000000000 ) ) ;
#4058 = EDGE_CURVE ( 'NONE', #2456, #4346, #1103, .T. ) ;
#4059 = EDGE_LOOP ( 'NONE', ( #3650, #6308, #6141, #7096 ) ) ;
#4060 = CARTESIAN_POINT ( 'NONE',  ( 5.749999999999992895, 12.73499999999999943, 3.467917139009472294 ) ) ;
#4061 = VECTOR ( 'NONE', #4120, 1000.000000000000000 ) ;
#4062 = AXIS2_PLACEMENT_3D ( 'NONE', #540, #4508, #5233 ) ;
#4063 = ORIENTED_EDGE ( 'NONE', *, *, #7098, .F. ) ;
#4064 = EDGE_CURVE ( 'NONE', #4961, #4267, #6843, .T. ) ;
#4065 = CARTESIAN_POINT ( 'NONE',  ( 3.449999999999990408, 11.31784271247447826, -3.800000000000001155 ) ) ;
#4066 = CARTESIAN_POINT ( 'NONE',  ( 4.950000000000678746, 12.72522597148189583, 6.738022933191346375 ) ) ;
#4067 = CARTESIAN_POINT ( 'NONE',  ( 1.249999999999999334, 10.00000000000000000, -2.540000000000000036 ) ) ;
#4068 = AXIS2_PLACEMENT_3D ( 'NONE', #7457, #3354, #5699 ) ;
#4069 = VECTOR ( 'NONE', #1289, 1000.000000000000000 ) ;
#4070 = CARTESIAN_POINT ( 'NONE',  ( 4.949999999999999289, 12.65751425528040564, -1.712937712264751999 ) ) ;
#4071 = ORIENTED_EDGE ( 'NONE', *, *, #2885, .F. ) ;
#4072 = EDGE_LOOP ( 'NONE', ( #5840, #3202, #4958, #4473 ) ) ;
#4073 = CIRCLE ( 'NONE', #4681, 1.900000000000000133 ) ;
#4074 = VECTOR ( 'NONE', #3751, 999.9999999999998863 ) ;
#4075 = EDGE_LOOP ( 'NONE', ( #3062, #6104, #4578, #7463 ) ) ;
#4076 = ORIENTED_EDGE ( 'NONE', *, *, #1311, .T. ) ;
#4077 = DIRECTION ( 'NONE',  ( 2.501911041408800138E-16, 1.000000000000000000, -0.0000000000000000000 ) ) ;
#4078 = DIRECTION ( 'NONE',  ( -1.000000000000000000, 1.171453342316279939E-15, 5.517568307814269711E-16 ) ) ;
#4079 = CIRCLE ( 'NONE', #4820, 1.843139007349806180 ) ;
#4080 = DIRECTION ( 'NONE',  ( 0.0000000000000000000, 0.0000000000000000000, 1.000000000000000000 ) ) ;
#4081 = FACE_OUTER_BOUND ( 'NONE', #2503, .T. ) ;
#4082 = ORIENTED_EDGE ( 'NONE', *, *, #5186, .T. ) ;
#4083 = DIRECTION ( 'NONE',  ( -1.000000000000000000, -0.0000000000000000000, 0.0000000000000000000 ) ) ;
#4084 = CIRCLE ( 'NONE', #6667, 1.975000000000000089 ) ;
#4085 = CARTESIAN_POINT ( 'NONE',  ( 5.299999999999999822, -5.750000000781589904, 4.580000000000019611 ) ) ;
#4086 = EDGE_CURVE ( 'NONE', #330, #1561, #3957, .T. ) ;
#4087 = DIRECTION ( 'NONE',  ( -1.000000000000000000, -0.0000000000000000000, -0.0000000000000000000 ) ) ;
#4088 = DIRECTION ( 'NONE',  ( -1.734723475976807410E-14, 0.0000000000000000000, 1.000000000000000000 ) ) ;
#4089 = UNCERTAINTY_MEASURE_WITH_UNIT (LENGTH_MEASURE( 1.000000000000000082E-05 ), #1276, 'distance_accuracy_value', 'NONE');
#4090 = CARTESIAN_POINT ( 'NONE',  ( 3.650000000000295675, 11.23500000000000121, 8.479999999999391136 ) ) ;
#4091 = CALENDAR_DATE ( 2019, 21, 10 ) ;
#4092 = VERTEX_POINT ( 'NONE', #4532 ) ;
#4093 = LINE ( 'NONE', #435, #7012 ) ;
#4094 = DIRECTION ( 'NONE',  ( 0.0000000000000000000, -0.0000000000000000000, -1.000000000000000000 ) ) ;
#4095 = EDGE_CURVE ( 'NONE', #3121, #258, #987, .T. ) ;
#4096 = LINE ( 'NONE', #7554, #5287 ) ;
#4097 = ORGANIZATION ( 'NAUO-ORG5', 'UNSPECIFIED', 'UNSPECIFIED' ) ;
#4098 = DIRECTION ( 'NONE',  ( -3.402072636421455564E-15, -0.9805806756909203337, 0.1961161351381836837 ) ) ;
#4099 = ORIENTED_EDGE ( 'NONE', *, *, #2369, .T. ) ;
#4100 = FACE_OUTER_BOUND ( 'NONE', #3335, .T. ) ;
#4101 = ORIENTED_EDGE ( 'NONE', *, *, #600, .T. ) ;
#4102 = DIRECTION ( 'NONE',  ( -0.0000000000000000000, -1.000000000000000000, 0.0000000000000000000 ) ) ;
#4103 = EDGE_CURVE ( 'NONE', #6914, #3890, #2606, .T. ) ;
#4104 = CARTESIAN_POINT ( 'NONE',  ( 1.249999999999999556, 10.00000000000000000, -7.619999999999999218 ) ) ;
#4105 = DIRECTION ( 'NONE',  ( 0.7071067811865480168, -0.7071067811865470176, 0.0000000000000000000 ) ) ;
#4106 = FACE_OUTER_BOUND ( 'NONE', #2225, .T. ) ;
#4107 = EDGE_CURVE ( 'NONE', #587, #3458, #4874, .T. ) ;
#4108 = ORIENTED_EDGE ( 'NONE', *, *, #3816, .T. ) ;
#4109 = VERTEX_POINT ( 'NONE', #2143 ) ;
#4110 = ORIENTED_EDGE ( 'NONE', *, *, #4343, .F. ) ;
#4111 = ORIENTED_EDGE ( 'NONE', *, *, #3156, .T. ) ;
#4112 = DIRECTION ( 'NONE',  ( -1.000000000000000000, 3.338853781347929776E-28, -1.794541526872530066E-14 ) ) ;
#4113 = CARTESIAN_POINT ( 'NONE',  ( 5.749999999995260680, 12.69570467254462010, 3.385302786415251397 ) ) ;
#4114 = PLANE ( 'NONE',  #2184 ) ;
#4115 = PRODUCT_DEFINITION_SHAPE ( 'NONE', 'NONE',  #7607 ) ;
#4116 = DIRECTION ( 'NONE',  ( -0.0000000000000000000, -0.0000000000000000000, 1.000000000000000000 ) ) ;
#4117 = ORIENTED_EDGE ( 'NONE', *, *, #3058, .F. ) ;
#4118 = ORIENTED_EDGE ( 'NONE', *, *, #6798, .F. ) ;
#4119 = PLANE ( 'NONE',  #6768 ) ;
#4120 = DIRECTION ( 'NONE',  ( 0.0000000000000000000, -0.0000000000000000000, 1.000000000000000000 ) ) ;
#4121 = EDGE_CURVE ( 'NONE', #5297, #6260, #7148, .T. ) ;
#4122 = CARTESIAN_POINT ( 'NONE',  ( 6.521332732297200785, 12.73499999999999766, -1.420694998502297857 ) ) ;
#4123 = LINE ( 'NONE', #1191, #6779 ) ;
#4124 = CARTESIAN_POINT ( 'NONE',  ( 7.167157287525207643, 11.23499999999981291, 5.080000000000000071 ) ) ;
#4125 = PERSON_AND_ORGANIZATION_ROLE ( 'creator' ) ;
#4126 = EDGE_LOOP ( 'NONE', ( #3385, #5363, #293, #4602 ) ) ;
#4127 = CC_DESIGN_PERSON_AND_ORGANIZATION_ASSIGNMENT ( #2865, #6903, ( #1943 ) ) ;
#4128 = CARTESIAN_POINT ( 'NONE',  ( 4.949999999999998401, 12.64914866789669823, 1.713937828364314520 ) ) ;
#4129 = DIRECTION ( 'NONE',  ( -0.4999999999999996669, 0.0000000000000000000, -0.8660254037844388186 ) ) ;
#4130 = CARTESIAN_POINT ( 'NONE',  ( 0.0000000000000000000, 0.0000000000000000000, 7.620000000000000107 ) ) ;
#4131 = CARTESIAN_POINT ( 'NONE',  ( 7.248658176335226244, 11.45812853167969614, -5.080000000000000071 ) ) ;
#4132 = ORIENTED_EDGE ( 'NONE', *, *, #4939, .T. ) ;
#4133 = CARTESIAN_POINT ( 'NONE',  ( 5.299999999999990052, -2.700000000000009948, 5.580000000000069349 ) ) ;
#4134 = EDGE_CURVE ( 'NONE', #1638, #38, #5109, .T. ) ;
#4135 = ORIENTED_EDGE ( 'NONE', *, *, #5700, .T. ) ;
#4136 = CARTESIAN_POINT ( 'NONE',  ( 9.309999999999998721, 0.0000000000000000000, 7.619999999999999218 ) ) ;
#4137 =( BOUNDED_SURFACE ( )  B_SPLINE_SURFACE ( 3, 3, ( 
 ( #313, #5742, #398, #6747 ),
 ( #3823, #464, #6207, #3894 ),
 ( #3321, #5672, #2755, #7433 ),
 ( #6862, #895, #2821, #3246 ) ),
 .UNSPECIFIED., .F., .F., .T. ) 
 B_SPLINE_SURFACE_WITH_KNOTS ( ( 4, 4 ),
 ( 4, 4 ),
 ( 0.0000000000000000000, 1.000000000000000000 ),
 ( 0.0000000000000000000, 1.000000000000000000 ),
 .UNSPECIFIED. ) 
 GEOMETRIC_REPRESENTATION_ITEM ( )  RATIONAL_B_SPLINE_SURFACE ( (
 ( 1.000000000000000000, 0.4743521123180107213, 0.4743521123180107213, 1.000000000000000000),
 ( 0.8312495820341851971, 0.3943049951013792853, 0.3943049951013792853, 0.8312495820341851971),
 ( 0.8312495820341851971, 0.3943049951013792853, 0.3943049951013792853, 0.8312495820341851971),
 ( 1.000000000000000000, 0.4743521123180107213, 0.4743521123180107213, 1.000000000000000000) ) ) 
 REPRESENTATION_ITEM ( '' )  SURFACE ( )  );
#4138 = CARTESIAN_POINT ( 'NONE',  ( 4.949999999999999289, 11.93499999999671601, -1.799211327335755950 ) ) ;
#4139 = DIRECTION ( 'NONE',  ( -0.0000000000000000000, -0.0000000000000000000, 1.000000000000000000 ) ) ;
#4140 = CARTESIAN_POINT ( 'NONE',  ( 7.249999999999991118, 11.44273112629124611, -5.080000000000002736 ) ) ;
#4141 = CARTESIAN_POINT ( 'NONE',  ( 9.250000000000000000, 2.199999999999999734, 1.299999999999999822 ) ) ;
#4142 = ORIENTED_EDGE ( 'NONE', *, *, #4039, .F. ) ;
#4143 = AXIS2_PLACEMENT_3D ( 'NONE', #6114, #839, #137 ) ;
#4144 = EDGE_CURVE ( 'NONE', #5614, #6762, #1495, .T. ) ;
#4145 = VERTEX_POINT ( 'NONE', #5765 ) ;
#4146 = EDGE_CURVE ( 'NONE', #4220, #5001, #1734, .T. ) ;
#4147 = CARTESIAN_POINT ( 'NONE',  ( 7.049999999999685407, 11.23499999999999588, 5.079999999999999183 ) ) ;
#4148 = EDGE_LOOP ( 'NONE', ( #2884, #4657, #3497, #409 ) ) ;
#4149 = EDGE_CURVE ( 'NONE', #304, #6537, #3673, .T. ) ;
#4150 = ORIENTED_EDGE ( 'NONE', *, *, #3554, .F. ) ;
#4151 = CARTESIAN_POINT ( 'NONE',  ( 4.499999999999979572, -3.700000000000006395, 6.080000000000190141 ) ) ;
#4152 = VECTOR ( 'NONE', #4476, 1000.000000000000000 ) ;
#4153 = PLANE ( 'NONE',  #2971 ) ;
#4154 = LINE ( 'NONE', #7540, #6366 ) ;
#4155 = VECTOR ( 'NONE', #2814, 1000.000000000000114 ) ;
#4156 = DIRECTION ( 'NONE',  ( 1.000000000000000000, 0.0000000000000000000, -0.0000000000000000000 ) ) ;
#4157 = ORIENTED_EDGE ( 'NONE', *, *, #4703, .T. ) ;
#4158 = ORIENTED_EDGE ( 'NONE', *, *, #1510, .T. ) ;
#4159 = CARTESIAN_POINT ( 'NONE',  ( 3.450447775674257311, 11.45044927442903315, 0.0000000000000000000 ) ) ;
#4160 = DIRECTION ( 'NONE',  ( -1.000000000000000000, 1.171453342316279939E-15, 5.517568307814269711E-16 ) ) ;
#4161 = SECURITY_CLASSIFICATION ( '', '', #2000 ) ;
#4162 = DIRECTION ( 'NONE',  ( -0.0000000000000000000, -1.000000000000000000, -0.0000000000000000000 ) ) ;
#4163 = CARTESIAN_POINT ( 'NONE',  ( 5.712622210152575875, 12.73499999999999766, -3.404493793745599461 ) ) ;
#4164 = SECURITY_CLASSIFICATION_LEVEL ( 'unclassified' ) ;
#4165 = EDGE_LOOP ( 'NONE', ( #7038, #7556, #1335, #1470 ) ) ;
#4166 = APPROVAL_PERSON_ORGANIZATION ( #6061, #1393, #778 ) ;
#4167 = LINE ( 'NONE', #2436, #6516 ) ;
#4168 = CARTESIAN_POINT ( 'NONE',  ( 9.250000000000000000, 2.200000000000009948, 6.379999999999999893 ) ) ;
#4169 = CARTESIAN_POINT ( 'NONE',  ( 9.250000000000000000, 2.200000000000009948, 6.379999999999999893 ) ) ;
#4170 = CARTESIAN_POINT ( 'NONE',  ( 0.8535898384862236066, 6.599999999999999645, -8.220000000000000639 ) ) ;
#4171 = ORIENTED_EDGE ( 'NONE', *, *, #2651, .T. ) ;
#4172 = CARTESIAN_POINT ( 'NONE',  ( 4.950000000000155609, 12.69733902327529407, -1.693307792453387917 ) ) ;
#4173 = ORIENTED_EDGE ( 'NONE', *, *, #5897, .T. ) ;
#4174 = PLANE ( 'NONE',  #7510 ) ;
#4175 = AXIS2_PLACEMENT_3D ( 'NONE', #822, #7175, #6137 ) ;
#4176 = CARTESIAN_POINT ( 'NONE',  ( 4.950000000003958789, 12.66532890578434767, 6.790780456545832955 ) ) ;
#4177 = CARTESIAN_POINT ( 'NONE',  ( 10.25000000000000000, 0.0000000000000000000, 5.584196010977269253 ) ) ;
#4178 = CARTESIAN_POINT ( 'NONE',  ( 7.249552224325724659, 11.45044927442902782, -5.080000000000002736 ) ) ;
#4179 = CARTESIAN_POINT ( 'NONE',  ( 2.337581515395890985, 13.78289222746397513, -2.539999999999998703 ) ) ;
#4180 = PRODUCT ( 'CUI_DEVICES_TB007-508-16BE', 'CUI_DEVICES_TB007-508-16BE', '', ( #4980 ) ) ;
#4181 = AXIS2_PLACEMENT_3D ( 'NONE', #3203, #1464, #4435 ) ;
#4182 = EDGE_LOOP ( 'NONE', ( #7072, #7332, #336, #6999 ) ) ;
#4183 = EDGE_LOOP ( 'NONE', ( #5906, #1906, #1871, #3794 ) ) ;
#4184 = CARTESIAN_POINT ( 'NONE',  ( 5.299999999999990052, -2.700000000000009948, 5.580000000000069349 ) ) ;
#4185 = VERTEX_POINT ( 'NONE', #7106 ) ;
#4186 = ORIENTED_EDGE ( 'NONE', *, *, #6591, .F. ) ;
#4187 = AXIS2_PLACEMENT_3D ( 'NONE', #1675, #1110, #3613 ) ;
#4188 = DIRECTION ( 'NONE',  ( 0.0000000000000000000, -0.9805806756909201116, -0.1961161351381840168 ) ) ;
#4189 = AXIS2_PLACEMENT_3D ( 'NONE', #1455, #6737, #3810 ) ;
#4190 = CARTESIAN_POINT ( 'NONE',  ( 5.750000000000000000, 12.73499999999999943, 3.456145414403759109 ) ) ;
#4191 = EDGE_CURVE ( 'NONE', #7257, #3694, #1897, .T. ) ;
#4192 = LINE ( 'NONE', #2962, #217 ) ;
#4193 = AXIS2_PLACEMENT_3D ( 'NONE', #7379, #6011, #7197 ) ;
#4194 = AXIS2_PLACEMENT_3D ( 'NONE', #6633, #4448, #1434 ) ;
#4195 = DIRECTION ( 'NONE',  ( 1.000000000000000000, 0.0000000000000000000, 0.0000000000000000000 ) ) ;
#4196 = ORIENTED_EDGE ( 'NONE', *, *, #2754, .T. ) ;
#4197 = ORIENTED_EDGE ( 'NONE', *, *, #3167, .T. ) ;
#4198 = CARTESIAN_POINT ( 'NONE',  ( 3.449999999999989964, 11.43500000000000227, 0.0000000000000000000 ) ) ;
#4199 = DIRECTION ( 'NONE',  ( -0.0000000000000000000, -1.000000000000000000, 0.0000000000000000000 ) ) ;
#4200 = EDGE_CURVE ( 'NONE', #6895, #1213, #2348, .T. ) ;
#4201 = AXIS2_PLACEMENT_3D ( 'NONE', #3104, #1363, #6759 ) ;
#4202 = AXIS2_PLACEMENT_3D ( 'NONE', #727, #1457, #227 ) ;
#4203 = CARTESIAN_POINT ( 'NONE',  ( 5.750000000000000888, 11.93499999999675154, 1.799211327335742849 ) ) ;
#4204 = CARTESIAN_POINT ( 'NONE',  ( 2.932077519087679995, 11.23499999999999943, -138.1759999999999877 ) ) ;
#4205 = EDGE_CURVE ( 'NONE', #4185, #5503, #7035, .T. ) ;
#4206 = PERSON_AND_ORGANIZATION ( #5018, #7233 ) ;
#4207 = VECTOR ( 'NONE', #1596, 1000.000000000000000 ) ;
#4208 = CARTESIAN_POINT ( 'NONE',  ( 4.950000000004743050, 12.68578847567073531, 1.700703200956245054 ) ) ;
#4209 = CARTESIAN_POINT ( 'NONE',  ( 8.689999999999999503, 6.599999999999999645, 7.620000000000000107 ) ) ;
#4210 = DIRECTION ( 'NONE',  ( 1.000000000000000000, 0.0000000000000000000, 0.0000000000000000000 ) ) ;
#4211 = DIRECTION ( 'NONE',  ( 3.334909476821824268E-28, 1.000000000000000000, 5.984633544517506745E-42 ) ) ;
#4212 = VERTEX_POINT ( 'NONE', #3491 ) ;
#4213 = CARTESIAN_POINT ( 'NONE',  ( 4.949999999999999289, 12.73499999999999943, -1.616418486922036379 ) ) ;
#4214 = ORIENTED_EDGE ( 'NONE', *, *, #6405, .F. ) ;
#4215 = DIRECTION ( 'NONE',  ( -0.4999999999999996669, 0.0000000000000000000, 0.8660254037844388186 ) ) ;
#4216 = DIRECTION ( 'NONE',  ( 0.0000000000000000000, 0.0000000000000000000, 1.000000000000000000 ) ) ;
#4217 = CARTESIAN_POINT ( 'NONE',  ( 0.0000000000000000000, 10.00000000000000000, -2.540000000000000480 ) ) ;
#4218 = CARTESIAN_POINT ( 'NONE',  ( 6.521332732297200785, 12.73499999999999943, 3.659305001497699994 ) ) ;
#4219 = DIRECTION ( 'NONE',  ( 0.0000000000000000000, 0.0000000000000000000, -1.000000000000000000 ) ) ;
#4220 = VERTEX_POINT ( 'NONE', #557 ) ;
#4221 = DIRECTION ( 'NONE',  ( 0.0000000000000000000, -0.0000000000000000000, -1.000000000000000000 ) ) ;
#4222 = ORIENTED_EDGE ( 'NONE', *, *, #4576, .T. ) ;
#4223 = PRODUCT_RELATED_PRODUCT_CATEGORY ( 'detail', '', ( #4180 ) ) ;
#4224 = FACE_OUTER_BOUND ( 'NONE', #1898, .T. ) ;
#4225 = ORIENTED_EDGE ( 'NONE', *, *, #5050, .F. ) ;
#4226 = EDGE_LOOP ( 'NONE', ( #6765, #4698, #5337, #3186 ) ) ;
#4227 = DIRECTION ( 'NONE',  ( 0.0000000000000000000, 0.0000000000000000000, 1.000000000000000000 ) ) ;
#4228 = CC_DESIGN_APPROVAL ( #410, ( #4161 ) ) ;
#4229 = LINE ( 'NONE', #6575, #3301 ) ;
#4230 = ORIENTED_EDGE ( 'NONE', *, *, #4480, .T. ) ;
#4231 = CYLINDRICAL_SURFACE ( 'NONE', #6236, 0.2999999999999999334 ) ;
#4232 = VERTEX_POINT ( 'NONE', #6456 ) ;
#4233 = ADVANCED_FACE ( 'NONE', ( #5990 ), #6419, .T. ) ;
#4234 = ORIENTED_EDGE ( 'NONE', *, *, #3649, .F. ) ;
#4235 = CARTESIAN_POINT ( 'NONE',  ( 3.451341823670963205, 11.45812853167897671, 3.797316352658052896 ) ) ;
#4236 = CARTESIAN_POINT ( 'NONE',  ( 10.25000000000000000, 6.200000000000001954, 6.879999999999995453 ) ) ;
#4237 = CARTESIAN_POINT ( 'NONE',  ( 3.589703975886587184, 12.64656426582840254, 5.938612048966731116 ) ) ;
#4238 = CARTESIAN_POINT ( 'NONE',  ( 7.249999999999991118, 11.43499999999999872, 2.326828918379971365E-16 ) ) ;
#4239 = SECURITY_CLASSIFICATION_LEVEL ( 'unclassified' ) ;
#4240 = ADVANCED_FACE ( 'NONE', ( #4106 ), #5330, .T. ) ;
#4241 = EDGE_CURVE ( 'NONE', #1761, #2443, #1782, .T. ) ;
#4242 = CARTESIAN_POINT ( 'NONE',  ( 3.449999999999990408, 11.44273112629125144, 5.080000000000001847 ) ) ;
#4243 = CARTESIAN_POINT ( 'NONE',  ( 7.049999999999563727, 11.23499999999999766, 5.079999999999999183 ) ) ;
#4244 = EDGE_CURVE ( 'NONE', #4419, #4613, #710, .T. ) ;
#4245 = LINE ( 'NONE', #3666, #1605 ) ;
#4246 = LINE ( 'NONE', #6748, #952 ) ;
#4247 = ORIENTED_EDGE ( 'NONE', *, *, #2471, .F. ) ;
#4248 = DIRECTION ( 'NONE',  ( 0.0000000000000000000, 1.000000000000000000, 0.0000000000000000000 ) ) ;
#4249 = CARTESIAN_POINT ( 'NONE',  ( 8.557209438086390563, 6.599999999999999645, 7.129999999999999893 ) ) ;
#4250 = CARTESIAN_POINT ( 'NONE',  ( 5.299999999999990052, -0.05000000078162009781, 5.880000000000136673 ) ) ;
#4251 = CARTESIAN_POINT ( 'NONE',  ( 3.650000000000416911, 11.23500000000000121, 0.0000000000000000000 ) ) ;
#4252 = DIRECTION ( 'NONE',  ( -0.8660254037844358210, 0.0000000000000000000, 0.5000000000000048850 ) ) ;
#4253 = DIRECTION ( 'NONE',  ( 0.8660254037844387076, -0.0000000000000000000, 0.4999999999999999445 ) ) ;
#4254 = ORIENTED_EDGE ( 'NONE', *, *, #1870, .T. ) ;
#4255 = LINE ( 'NONE', #5491, #450 ) ;
#4256 = ORIENTED_EDGE ( 'NONE', *, *, #3070, .F. ) ;
#4257 = CIRCLE ( 'NONE', #936, 0.2999999999999999334 ) ;
#4258 = LINE ( 'NONE', #4184, #1355 ) ;
#4259 = EDGE_LOOP ( 'NONE', ( #3457, #5419, #3677, #2291 ) ) ;
#4260 = DIRECTION ( 'NONE',  ( -1.000000000000000000, 0.0000000000000000000, 0.0000000000000000000 ) ) ;
#4261 = DIRECTION ( 'NONE',  ( -0.8164965809277258124, 0.4082482904638637389, 0.4082482904638625176 ) ) ;
#4262 = AXIS2_PLACEMENT_3D ( 'NONE', #6931, #1646, #3426 ) ;
#4263 = APPROVAL ( #3009, 'UNKNOWN' ) ;
#4264 = CARTESIAN_POINT ( 'NONE',  ( 4.949999999999999289, 11.93500000000000050, -1.969999999999999973 ) ) ;
#4265 = EDGE_LOOP ( 'NONE', ( #481, #4645 ) ) ;
#4266 = CARTESIAN_POINT ( 'NONE',  ( 4.950000000000680522, 12.72910876695780402, 1.646903183719896413 ) ) ;
#4267 = VERTEX_POINT ( 'NONE', #4179 ) ;
#4268 = VECTOR ( 'NONE', #1890, 1000.000000000000000 ) ;
#4269 = ORIENTED_EDGE ( 'NONE', *, *, #5360, .T. ) ;
#4270 = DIRECTION ( 'NONE',  ( 1.794541526872530066E-14, 1.889646980599319876E-14, -1.000000000000000000 ) ) ;
#4271 = DIRECTION ( 'NONE',  ( 0.5000000000000022204, 0.0000000000000000000, -0.8660254037844373753 ) ) ;
#4272 = CARTESIAN_POINT ( 'NONE',  ( 3.689033067547872857, 12.73500000000000121, 5.079999993238068612 ) ) ;
#4273 = DIRECTION ( 'NONE',  ( 0.0000000000000000000, 0.0000000000000000000, -1.000000000000000000 ) ) ;
#4274 = AXIS2_PLACEMENT_3D ( 'NONE', #4652, #6501, #2299 ) ;
#4275 = DATE_TIME_ROLE ( 'classification_date' ) ;
#4276 = DIRECTION ( 'NONE',  ( 0.1156426583973908656, -0.9932908816448403622, -2.072924102819404399E-31 ) ) ;
#4277 = CARTESIAN_POINT ( 'NONE',  ( 3.589703979372449005, 12.64656426582178383, -5.080000000000000071 ) ) ;
#4278 = CARTESIAN_POINT ( 'NONE',  ( 3.449999999999990408, 11.31784271247447826, -3.800000000000001155 ) ) ;
#4279 = EDGE_CURVE ( 'NONE', #2535, #6334, #3061, .T. ) ;
#4280 = ADVANCED_FACE ( 'NONE', ( #5839 ), #2992, .T. ) ;
#4281 = CARTESIAN_POINT ( 'NONE',  ( 9.449999999999999289, 0.0000000000000000000, 7.620000000000000107 ) ) ;
#4282 = CALENDAR_DATE ( 2019, 21, 10 ) ;
#4283 = VERTEX_POINT ( 'NONE', #7602 ) ;
#4284 = LOCAL_TIME ( 21, 42, 48.00000000000000000, #4553 ) ;
#4285 = ADVANCED_FACE ( 'NONE', ( #2328 ), #4684, .T. ) ;
#4286 = DIRECTION ( 'NONE',  ( 2.501911041408800138E-16, 1.000000000000000000, -0.0000000000000000000 ) ) ;
#4287 = CARTESIAN_POINT ( 'NONE',  ( 3.650000000000416911, 11.23500000000000121, 5.080000000000000959 ) ) ;
#4288 = DIRECTION ( 'NONE',  ( -0.1156426583973926697, -0.9932908816448401401, 1.416214114512545531E-17 ) ) ;
#4289 = LOCAL_TIME ( 21, 42, 48.00000000000000000, #1194 ) ;
#4290 = DIRECTION ( 'NONE',  ( -1.171453342316279939E-15, -1.000000000000000000, 0.0000000000000000000 ) ) ;
#4291 = EDGE_CURVE ( 'NONE', #7040, #7542, #6656, .T. ) ;
#4292 = CARTESIAN_POINT ( 'NONE',  ( 3.451341823670963205, 11.45812853167897671, 3.797316352658052896 ) ) ;
#4293 = CARTESIAN_POINT ( 'NONE',  ( 6.521332732297200785, 12.73499999999999943, 1.420694998502299633 ) ) ;
#4294 = ORIENTED_EDGE ( 'NONE', *, *, #2966, .T. ) ;
#4295 = EDGE_CURVE ( 'NONE', #154, #6511, #6290, .T. ) ;
#4296 = DIRECTION ( 'NONE',  ( -0.0000000000000000000, -1.000000000000000000, -0.0000000000000000000 ) ) ;
#4297 = ORIENTED_EDGE ( 'NONE', *, *, #1044, .F. ) ;
#4298 = CARTESIAN_POINT ( 'NONE',  ( 5.349999999999980993, 11.93499999999403727, 9.951952430687880714E-32 ) ) ;
#4299 = EDGE_LOOP ( 'NONE', ( #4956, #3826, #3212 ) ) ;
#4300 = ORIENTED_EDGE ( 'NONE', *, *, #1288, .T. ) ;
#4301 = CARTESIAN_POINT ( 'NONE',  ( 7.249999999999991118, 11.44273112629124611, 2.326828918379971858E-16 ) ) ;
#4302 = AXIS2_PLACEMENT_3D ( 'NONE', #7405, #2675, #244 ) ;
#4303 = PLANE ( 'NONE',  #4402 ) ;
#4304 = EDGE_LOOP ( 'NONE', ( #1505, #6270, #2531, #5767 ) ) ;
#4305 = ORIENTED_EDGE ( 'NONE', *, *, #950, .T. ) ;
#4306 = DIRECTION ( 'NONE',  ( 1.000000000000000000, 0.0000000000000000000, 0.0000000000000000000 ) ) ;
#4307 = ORIENTED_EDGE ( 'NONE', *, *, #4482, .T. ) ;
#4308 = AXIS2_PLACEMENT_3D ( 'NONE', #602, #2418, #3463 ) ;
#4309 = AXIS2_PLACEMENT_3D ( 'NONE', #1506, #3857, #5476 ) ;
#4310 = ORIENTED_EDGE ( 'NONE', *, *, #1143, .T. ) ;
#4311 = CARTESIAN_POINT ( 'NONE',  ( 5.749999999999845457, 12.70509370452921161, 1.685475017931466590 ) ) ;
#4312 = CARTESIAN_POINT ( 'NONE',  ( 3.689033069104793228, 12.73500000000000121, -5.874722279050369700 ) ) ;
#4313 = FACE_OUTER_BOUND ( 'NONE', #7208, .T. ) ;
#4314 = AXIS2_PLACEMENT_3D ( 'NONE', #1165, #662, #3012 ) ;
#4315 = CARTESIAN_POINT ( 'NONE',  ( 5.349999999999999645, 11.23499999999999943, 0.0000000000000000000 ) ) ;
#4316 = VECTOR ( 'NONE', #4035, 1000.000000000000000 ) ;
#4317 = APPROVAL_ROLE ( '' ) ;
#4318 = ORIENTED_EDGE ( 'NONE', *, *, #6177, .F. ) ;
#4319 = CC_DESIGN_DATE_AND_TIME_ASSIGNMENT ( #3437, #970, ( #1957 ) ) ;
#4320 = CARTESIAN_POINT ( 'NONE',  ( 4.500000000000006217, -2.700000000000284839, 4.580000000000056026 ) ) ;
#4321 = AXIS2_PLACEMENT_3D ( 'NONE', #939, #6803, #1520 ) ;
#4322 = CARTESIAN_POINT ( 'NONE',  ( 9.250000000000000000, 6.799999999999999822, 1.299999999999998268 ) ) ;
#4323 = AXIS2_PLACEMENT_3D ( 'NONE', #734, #5440, #2515 ) ;
#4324 = DIRECTION ( 'NONE',  ( 0.0000000000000000000, 1.000000000000000000, 0.0000000000000000000 ) ) ;
#4325 = CARTESIAN_POINT ( 'NONE',  ( 9.421243556529820040, 0.0000000000000000000, -3.140000000000000124 ) ) ;
#4326 = CARTESIAN_POINT ( 'NONE',  ( 0.0000000000000000000, 0.0000000000000000000, -10.16000000000000014 ) ) ;
#4327 = VECTOR ( 'NONE', #4417, 1000.000000000000000 ) ;
#4328 = ORIENTED_EDGE ( 'NONE', *, *, #535, .T. ) ;
#4329 = CARTESIAN_POINT ( 'NONE',  ( 8.014137117667724297, 12.73499999999999766, 1.177399771705302634 ) ) ;
#4330 = EDGE_CURVE ( 'NONE', #3051, #2505, #3837, .T. ) ;
#4331 = CARTESIAN_POINT ( 'NONE',  ( 8.557209438086390563, 6.599999999999999645, 7.000000000000000000 ) ) ;
#4332 = DIRECTION ( 'NONE',  ( -0.0000000000000000000, -0.0000000000000000000, -1.000000000000000000 ) ) ;
#4333 = CARTESIAN_POINT ( 'NONE',  ( 5.749999999999992895, 12.73499999999999943, -6.692082860990527848 ) ) ;
#4334 = CARTESIAN_POINT ( 'NONE',  ( 7.248658176335226244, 11.45812853167969614, 5.080000000000000071 ) ) ;
#4335 = ORIENTED_EDGE ( 'NONE', *, *, #3968, .F. ) ;
#4336 = DIRECTION ( 'NONE',  ( 0.0000000000000000000, 0.0000000000000000000, 1.000000000000000000 ) ) ;
#4337 = ORIENTED_EDGE ( 'NONE', *, *, #848, .F. ) ;
#4338 = EDGE_CURVE ( 'NONE', #3530, #4771, #1391, .T. ) ;
#4339 = CARTESIAN_POINT ( 'NONE',  ( 3.451341823664733077, 11.45812853167969969, 5.080000000000000071 ) ) ;
#4340 = EDGE_CURVE ( 'NONE', #3225, #4713, #7395, .T. ) ;
#4341 = ORIENTED_EDGE ( 'NONE', *, *, #4279, .T. ) ;
#4342 = ORIENTED_EDGE ( 'NONE', *, *, #4241, .T. ) ;
#4343 = EDGE_CURVE ( 'NONE', #1540, #6340, #6028, .T. ) ;
#4344 = FACE_OUTER_BOUND ( 'NONE', #7392, .T. ) ;
#4345 = ORIENTED_EDGE ( 'NONE', *, *, #55, .F. ) ;
#4346 = VERTEX_POINT ( 'NONE', #2526 ) ;
#4347 = CARTESIAN_POINT ( 'NONE',  ( 9.250000000000000000, 5.200000000000003730, 3.780000000000001581 ) ) ;
#4348 = ORIENTED_EDGE ( 'NONE', *, *, #1608, .T. ) ;
#4349 = ORIENTED_EDGE ( 'NONE', *, *, #5371, .T. ) ;
#4350 = CARTESIAN_POINT ( 'NONE',  ( 4.985603046709014663, 12.73499999999999943, -6.700501777577442475 ) ) ;
#4351 = CARTESIAN_POINT ( 'NONE',  ( 4.950000000004743050, 12.68578847567073531, -3.379296799043755239 ) ) ;
#4352 = CARTESIAN_POINT ( 'NONE',  ( 9.449999999999999289, 6.799999999999999822, 7.620000000000000107 ) ) ;
#4353 = ADVANCED_FACE ( 'NONE', ( #3257 ), #5028, .T. ) ;
#4354 = ORIENTED_EDGE ( 'NONE', *, *, #7328, .F. ) ;
#4355 = LINE ( 'NONE', #7355, #3329 ) ;
#4356 = CARTESIAN_POINT ( 'NONE',  ( 5.300000000000014921, -0.05000000078158289146, -0.4999999999999631406 ) ) ;
#4357 = CARTESIAN_POINT ( 'NONE',  ( 7.167157287525209419, 11.23499999999981647, 2.225375855715045357E-16 ) ) ;
#4358 = LINE ( 'NONE', #4281, #6240 ) ;
#4359 = CC_DESIGN_DATE_AND_TIME_ASSIGNMENT ( #3425, #1538, ( #3730 ) ) ;
#4360 = DIRECTION ( 'NONE',  ( 0.0000000000000000000, 0.0000000000000000000, 1.000000000000000000 ) ) ;
#4361 = ORIENTED_EDGE ( 'NONE', *, *, #1785, .T. ) ;
#4362 = FACE_OUTER_BOUND ( 'NONE', #531, .T. ) ;
#4363 = CARTESIAN_POINT ( 'NONE',  ( 9.250000000000000000, 2.200000000000009948, 6.379999999999999893 ) ) ;
#4364 = CARTESIAN_POINT ( 'NONE',  ( 5.749999999999930722, 12.72947253920396449, 6.727765679071598726 ) ) ;
#4365 = DIRECTION ( 'NONE',  ( -0.0000000000000000000, -0.9805806756909204447, 0.1961161351381830731 ) ) ;
#4366 = CARTESIAN_POINT ( 'NONE',  ( 4.949999999999999289, 12.65751425528028840, -6.792937712264779826 ) ) ;
#4367 = FACE_OUTER_BOUND ( 'NONE', #596, .T. ) ;
#4368 = CARTESIAN_POINT ( 'NONE',  ( 9.250000000000000000, 2.199999999999988187, -3.780000000000001581 ) ) ;
#4369 = ADVANCED_FACE ( 'NONE', ( #1981 ), #5489, .T. ) ;
#4370 = VERTEX_POINT ( 'NONE', #251 ) ;
#4371 = ORIENTED_EDGE ( 'NONE', *, *, #7535, .T. ) ;
#4372 = CARTESIAN_POINT ( 'NONE',  ( 5.299999999999999822, -5.750000000781589904, 4.580000000000019611 ) ) ;
#4373 = VERTEX_POINT ( 'NONE', #2609 ) ;
#4374 = CARTESIAN_POINT ( 'NONE',  ( 4.950000000000073896, 12.72445880131363438, 3.421909901067984094 ) ) ;
#4375 = CARTESIAN_POINT ( 'NONE',  ( 10.25000000000000000, 1.699999999999998179, -1.799999999999999822 ) ) ;
#4376 = EDGE_CURVE ( 'NONE', #1377, #7424, #3222, .T. ) ;
#4377 = EDGE_CURVE ( 'NONE', #1055, #632, #4936, .T. ) ;
#4378 = DIRECTION ( 'NONE',  ( 1.332267629550187849E-15, 1.000000000000000000, -1.209806994167949925E-15 ) ) ;
#4379 = ORIENTED_EDGE ( 'NONE', *, *, #425, .T. ) ;
#4380 = ORIENTED_EDGE ( 'NONE', *, *, #5708, .T. ) ;
#4381 = EDGE_CURVE ( 'NONE', #3993, #5411, #292, .T. ) ;
#4382 = CARTESIAN_POINT ( 'NONE',  ( 4.949999999999998401, 12.64914866789669823, 1.713937828364314520 ) ) ;
#4383 = VERTEX_POINT ( 'NONE', #4368 ) ;
#4384 = ORIENTED_EDGE ( 'NONE', *, *, #2303, .T. ) ;
#4385 = CARTESIAN_POINT ( 'NONE',  ( 5.749999999997323030, 12.71195981187718260, -6.757797158873358967 ) ) ;
#4386 = CARTESIAN_POINT ( 'NONE',  ( 4.499999999999988454, 4.784159143999949571, 5.580000000000061355 ) ) ;
#4387 = VECTOR ( 'NONE', #7518, 1000.000000000000000 ) ;
#4388 = B_SPLINE_CURVE_WITH_KNOTS ( 'NONE', 3,
 ( #6093, #816, #3895, #5207, #2199, #1620, #1012, #6825, #3397, #1509, #399, #5783, #6792, #2126, #2084, #3976 ),
 .UNSPECIFIED., .F., .F.,
 ( 4, 3, 3, 3, 3, 4 ),
 ( 8.348222229663367995E-15, 3.308388942448985684E-05, 6.613717211494402201E-05, 9.966070390112487882E-05, 0.0001340858777773908269, 0.0001469394654597987529 ),
 .UNSPECIFIED. ) ;
#4389 = CARTESIAN_POINT ( 'NONE',  ( 5.750000000000000000, 12.64656426582507898, 3.365753203230879897 ) ) ;
#4390 = PERSON_AND_ORGANIZATION ( #337, #4097 ) ;
#4391 = CIRCLE ( 'NONE', #1069, 1.974999999999999423 ) ;
#4392 = ADVANCED_FACE ( 'NONE', ( #4409 ), #749, .F. ) ;
#4393 = B_SPLINE_CURVE_WITH_KNOTS ( 'NONE', 3,
 ( #5567, #6181, #6677, #7323, #2559, #4902, #3866, #860, #3099, #1398, #4364, #4984, #7210, #286, #6064, #1516 ),
 .UNSPECIFIED., .F., .F.,
 ( 4, 3, 3, 3, 3, 4 ),
 ( 8.348222229663367995E-15, 3.308388942448985684E-05, 6.613717211494208399E-05, 9.966070390112543448E-05, 0.0001340858777773921550, 0.0001469394654597983192 ),
 .UNSPECIFIED. ) ;
#4394 = ORIENTED_EDGE ( 'NONE', *, *, #6076, .T. ) ;
#4395 = LINE ( 'NONE', #3278, #6031 ) ;
#4396 = DIRECTION ( 'NONE',  ( -1.000000000000000000, 0.0000000000000000000, 0.0000000000000000000 ) ) ;
#4397 = CARTESIAN_POINT ( 'NONE',  ( 4.500000000000000000, -3.700000000000009948, -0.3000000000000007661 ) ) ;
#4398 = CARTESIAN_POINT ( 'NONE',  ( 4.949999999999991296, 12.73499999999999943, 3.467917139009471406 ) ) ;
#4399 = DIRECTION ( 'NONE',  ( 1.000000000000000000, 0.0000000000000000000, 0.0000000000000000000 ) ) ;
#4400 = ORIENTED_EDGE ( 'NONE', *, *, #3439, .T. ) ;
#4401 = CARTESIAN_POINT ( 'NONE',  ( 9.250000000000000000, 2.200000000000009948, 6.379999999999999893 ) ) ;
#4402 = AXIS2_PLACEMENT_3D ( 'NONE', #153, #1905, #2619 ) ;
#4403 = CARTESIAN_POINT ( 'NONE',  ( 5.749999999995260680, 12.67614242096979815, -1.706545570107979248 ) ) ;
#4404 = DIRECTION ( 'NONE',  ( -0.5000000000000022204, -0.0000000000000000000, 0.8660254037844373753 ) ) ;
#4405 = DIRECTION ( 'NONE',  ( -2.501911041408800138E-16, -1.000000000000000000, 0.0000000000000000000 ) ) ;
#4406 = B_SPLINE_CURVE_WITH_KNOTS ( 'NONE', 3,
 ( #6046, #5502, #222, #764 ),
 .UNSPECIFIED., .F., .F.,
 ( 4, 4 ),
 ( 3.411991864460203891E-15, 0.0007166189195539847444 ),
 .UNSPECIFIED. ) ;
#4407 = DIRECTION ( 'NONE',  ( -0.6666666666666659635, -0.6666666666666670737, 0.3333333333333338699 ) ) ;
#4408 = CARTESIAN_POINT ( 'NONE',  ( 4.973902936676230624, 12.73499999999999943, 6.752533082915171292 ) ) ;
#4409 = FACE_OUTER_BOUND ( 'NONE', #6505, .T. ) ;
#4410 = ORIENTED_EDGE ( 'NONE', *, *, #5088, .T. ) ;
#4411 = DIRECTION ( 'NONE',  ( 0.0000000000000000000, -0.0000000000000000000, -1.000000000000000000 ) ) ;
#4412 = ORIENTED_EDGE ( 'NONE', *, *, #3266, .T. ) ;
#4413 = CARTESIAN_POINT ( 'NONE',  ( 9.250000000000000000, 5.200000000000008171, 6.379999999999999893 ) ) ;
#4414 = LOCAL_TIME ( 21, 42, 48.00000000000000000, #7088 ) ;
#4415 = ORIENTED_EDGE ( 'NONE', *, *, #1099, .T. ) ;
#4416 = CARTESIAN_POINT ( 'NONE',  ( 4.949999999999999289, 12.64656426582881821, 3.365753203235107183 ) ) ;
#4417 = DIRECTION ( 'NONE',  ( 0.5000000000000022204, 0.0000000000000000000, -0.8660254037844373753 ) ) ;
#4418 = FACE_OUTER_BOUND ( 'NONE', #5081, .T. ) ;
#4419 = VERTEX_POINT ( 'NONE', #1403 ) ;
#4420 = VERTEX_POINT ( 'NONE', #5452 ) ;
#4421 = B_SPLINE_CURVE_WITH_KNOTS ( 'NONE', 3,
 ( #4702, #7050, #5206, #2273, #1688, #4626, #4046, #6392, #1123, #3474, #3265, #6665, #4889, #770, #5039, #1915 ),
 .UNSPECIFIED., .F., .F.,
 ( 4, 3, 3, 3, 3, 4 ),
 ( 0.0000000000000000000, 3.531517381903964990E-05, 7.066450544071375083E-05, 0.0001054618491224980484, 0.0001392987215212466057, 0.0001469974402480890444 ),
 .UNSPECIFIED. ) ;
#4422 = VERTEX_POINT ( 'NONE', #4988 ) ;
#4423 = ADVANCED_FACE ( 'NONE', ( #3180 ), #7252, .F. ) ;
#4424 = CARTESIAN_POINT ( 'NONE',  ( 5.749999999996039612, 12.66532890578434234, -6.790780456545830290 ) ) ;
#4425 = LINE ( 'NONE', #3925, #2741 ) ;
#4426 = ADVANCED_FACE ( 'NONE', ( #209 ), #1477, .T. ) ;
#4427 = DIRECTION ( 'NONE',  ( -1.084202172485509956E-15, -1.000000000000000000, 0.0000000000000000000 ) ) ;
#4428 = DATE_AND_TIME ( #5511, #3493 ) ;
#4429 = VECTOR ( 'NONE', #3040, 1000.000000000000000 ) ;
#4430 = AXIS2_PLACEMENT_3D ( 'NONE', #2968, #7, #159 ) ;
#4431 = FACE_OUTER_BOUND ( 'NONE', #5202, .T. ) ;
#4432 = ORIENTED_EDGE ( 'NONE', *, *, #1681, .F. ) ;
#4433 =( BOUNDED_CURVE ( )  B_SPLINE_CURVE ( 3, ( #1426, #7203, #2669, #1922 ),
 .UNSPECIFIED., .F., .F. ) 
 B_SPLINE_CURVE_WITH_KNOTS ( ( 4, 4 ),
 ( 0.0000000000000000000, 1.000000000000000000 ),
 .UNSPECIFIED. ) 
 CURVE ( )  GEOMETRIC_REPRESENTATION_ITEM ( )  RATIONAL_B_SPLINE_CURVE ( ( 1.000000000000000000, 0.8584414868985700275, 0.8584414868985700275, 1.000000000000000000 ) ) 
 REPRESENTATION_ITEM ( '' )  );
#4434 = EDGE_CURVE ( 'NONE', #5997, #3528, #1938, .T. ) ;
#4435 = DIRECTION ( 'NONE',  ( 1.000000000000000000, 0.0000000000000000000, 0.0000000000000000000 ) ) ;
#4436 = LINE ( 'NONE', #927, #629 ) ;
#4437 =( BOUNDED_CURVE ( )  B_SPLINE_CURVE ( 3, ( #277, #233, #6786, #852 ),
 .UNSPECIFIED., .F., .T. ) 
 B_SPLINE_CURVE_WITH_KNOTS ( ( 4, 4 ),
 ( 0.0000000000000000000, 0.5000000015332692893 ),
 .UNSPECIFIED. ) 
 CURVE ( )  GEOMETRIC_REPRESENTATION_ITEM ( )  RATIONAL_B_SPLINE_CURVE ( ( 1.000000000000000000, 0.8584414860624953736, 0.8584414860624953736, 1.000000000000000000 ) ) 
 REPRESENTATION_ITEM ( '' )  );
#4438 = CIRCLE ( 'NONE', #2097, 1.760296020627533320 ) ;
#4439 = AXIS2_PLACEMENT_3D ( 'NONE', #4372, #3842, #1987 ) ;
#4440 = EDGE_CURVE ( 'NONE', #6300, #3121, #6185, .T. ) ;
#4441 = DIRECTION ( 'NONE',  ( -0.6666666666666659635, -0.6666666666666670737, 0.3333333333333337589 ) ) ;
#4442 = DIRECTION ( 'NONE',  ( -0.5000000000000009992, -0.0000000000000000000, -0.8660254037844380415 ) ) ;
#4443 = APPROVAL_DATE_TIME ( #6131, #1393 ) ;
#4444 = VERTEX_POINT ( 'NONE', #5070 ) ;
#4445 = AXIS2_PLACEMENT_3D ( 'NONE', #6476, #1238, #5283 ) ;
#4446 = AXIS2_PLACEMENT_3D ( 'NONE', #2590, #853, #2631 ) ;
#4447 = DIRECTION ( 'NONE',  ( 1.000000000000000000, -9.854725885015578669E-16, 0.0000000000000000000 ) ) ;
#4448 = DIRECTION ( 'NONE',  ( -1.794541526872530066E-14, -1.794541526872519968E-14, 1.000000000000000000 ) ) ;
#4449 = CARTESIAN_POINT ( 'NONE',  ( 4.949999999999999289, 12.64656426582933335, 1.714246796768620795 ) ) ;
#4450 = CARTESIAN_POINT ( 'NONE',  ( 4.499999999999979572, 4.784159143999949571, 1.000000000000190070 ) ) ;
#4451 = AXIS2_PLACEMENT_3D ( 'NONE', #4953, #4253, #2054 ) ;
#4452 = CARTESIAN_POINT ( 'NONE',  ( 3.635702501172414891, 12.73500000000000476, 5.079999996641558546 ) ) ;
#4453 = DIRECTION ( 'NONE',  ( 1.000000000000000000, -9.411788633734757522E-16, 0.0000000000000000000 ) ) ;
#4454 = VERTEX_POINT ( 'NONE', #364 ) ;
#4455 = CARTESIAN_POINT ( 'NONE',  ( 3.689038457067285837, 12.73500000000000121, -1.353702696420194521E-08 ) ) ;
#4456 = ORIENTED_EDGE ( 'NONE', *, *, #6503, .F. ) ;
#4457 = AXIS2_PLACEMENT_3D ( 'NONE', #2879, #1141, #5952 ) ;
#4458 = DIRECTION ( 'NONE',  ( -9.136576017787371555E-16, -1.000000000000000000, -2.086925533220183900E-31 ) ) ;
#4459 = EDGE_CURVE ( 'NONE', #2913, #6117, #4079, .T. ) ;
#4460 = ORIENTED_EDGE ( 'NONE', *, *, #1654, .F. ) ;
#4461 = DIRECTION ( 'NONE',  ( 1.171453342316279939E-15, 1.000000000000000000, 0.0000000000000000000 ) ) ;
#4462 = CARTESIAN_POINT ( 'NONE',  ( 4.499999999999992006, -3.700000000000016609, 5.379999999999999005 ) ) ;
#4463 = CARTESIAN_POINT ( 'NONE',  ( 3.689033064249634730, 12.73500000000000298, 5.890162725152375600 ) ) ;
#4464 = CARTESIAN_POINT ( 'NONE',  ( 3.635702501169017609, 12.73499999999999766, -0.8361755510532370428 ) ) ;
#4465 = EDGE_LOOP ( 'NONE', ( #7159, #357, #1210, #4349 ) ) ;
#4466 = ORIENTED_EDGE ( 'NONE', *, *, #5665, .T. ) ;
#4467 = ORIENTED_EDGE ( 'NONE', *, *, #3808, .F. ) ;
#4468 = DIRECTION ( 'NONE',  ( 0.7071067811865480168, -0.7071067811865470176, 0.0000000000000000000 ) ) ;
#4469 = CARTESIAN_POINT ( 'NONE',  ( 2.337581515395897647, 13.78289222746399645, 7.620000000000000107 ) ) ;
#4470 = CARTESIAN_POINT ( 'NONE',  ( 7.249999999999992006, 11.43499999999999694, 5.079999999999999183 ) ) ;
#4471 = ADVANCED_FACE ( 'NONE', ( #2722 ), #2096, .F. ) ;
#4472 = DIRECTION ( 'NONE',  ( 0.1156426583973908656, -0.9932908816448403622, -2.072924102819404837E-31 ) ) ;
#4473 = ORIENTED_EDGE ( 'NONE', *, *, #656, .F. ) ;
#4474 = CARTESIAN_POINT ( 'NONE',  ( 7.110296020627515645, 12.64656426582178028, 1.240088438882487435E-31 ) ) ;
#4475 = CARTESIAN_POINT ( 'NONE',  ( 5.749999999999304556, 12.68816249061487333, 6.779945829408947411 ) ) ;
#4476 = DIRECTION ( 'NONE',  ( -1.931148907734990011E-16, 2.262250842476587301E-31, -1.000000000000000000 ) ) ;
#4477 = APPROVAL_PERSON_ORGANIZATION ( #2078, #1064, #4317 ) ;
#4478 = EDGE_CURVE ( 'NONE', #4373, #5073, #3871, .T. ) ;
#4479 = DATE_TIME_ROLE ( 'classification_date' ) ;
#4480 = EDGE_CURVE ( 'NONE', #6334, #4507, #603, .T. ) ;
#4481 = VERTEX_POINT ( 'NONE', #1181 ) ;
#4482 = EDGE_CURVE ( 'NONE', #837, #4109, #647, .T. ) ;
#4483 = DIRECTION ( 'NONE',  ( 5.517568307814269711E-16, -6.463573835647406802E-31, 1.000000000000000000 ) ) ;
#4484 = DIRECTION ( 'NONE',  ( -1.000000000000000000, 0.0000000000000000000, 0.0000000000000000000 ) ) ;
#4485 = LINE ( 'NONE', #573, #368 ) ;
#4486 = CARTESIAN_POINT ( 'NONE',  ( 5.349999999999982769, 12.64656426582178206, 5.080000000000000071 ) ) ;
#4487 = CARTESIAN_POINT ( 'NONE',  ( 9.250000000000000000, 6.299999999999990052, -1.299999999999999822 ) ) ;
#4488 = ORIENTED_EDGE ( 'NONE', *, *, #6122, .T. ) ;
#4489 = DIRECTION ( 'NONE',  ( -3.334909476821824268E-28, -1.000000000000000000, -5.984633544517506745E-42 ) ) ;
#4490 = ORIENTED_EDGE ( 'NONE', *, *, #4616, .F. ) ;
#4491 = ADVANCED_FACE ( 'NONE', ( #3647 ), #7115, .T. ) ;
#4492 = CARTESIAN_POINT ( 'NONE',  ( 10.25000000000000000, 6.799999999999999822, 6.879999999999999893 ) ) ;
#4493 = ORIENTED_EDGE ( 'NONE', *, *, #7300, .T. ) ;
#4494 = DIRECTION ( 'NONE',  ( -1.000000000000000000, 0.0000000000000000000, 0.0000000000000000000 ) ) ;
#4495 = CARTESIAN_POINT ( 'NONE',  ( 4.195177833015004687, 12.73499999999999943, 3.637238564124035900 ) ) ;
#4496 = DIRECTION ( 'NONE',  ( -1.171453342316279939E-15, -1.000000000000000000, 0.0000000000000000000 ) ) ;
#4497 = DIRECTION ( 'NONE',  ( -1.931148907734990011E-16, 2.262250842476587301E-31, -1.000000000000000000 ) ) ;
#4498 = ORIENTED_EDGE ( 'NONE', *, *, #1555, .F. ) ;
#4499 = ORIENTED_EDGE ( 'NONE', *, *, #4058, .T. ) ;
#4500 = ORIENTED_EDGE ( 'NONE', *, *, #7250, .T. ) ;
#4501 = DIRECTION ( 'NONE',  ( 0.1156426583973908656, -0.9932908816448403622, -2.072924102819404837E-31 ) ) ;
#4502 = CARTESIAN_POINT ( 'NONE',  ( 4.949999999999998401, 12.17219196889104005, -6.850922332791152591 ) ) ;
#4503 = CC_DESIGN_PERSON_AND_ORGANIZATION_ASSIGNMENT ( #5552, #3776, ( #3185 ) ) ;
#4504 = B_SPLINE_CURVE_WITH_KNOTS ( 'NONE', 3,
 ( #4986, #5450, #707, #7289 ),
 .UNSPECIFIED., .F., .F.,
 ( 4, 4 ),
 ( 2.697442093118649891E-15, 0.0007166189195523339382 ),
 .UNSPECIFIED. ) ;
#4505 = LINE ( 'NONE', #960, #4033 ) ;
#4506 = DIRECTION ( 'NONE',  ( 1.000000000000000000, 0.0000000000000000000, 0.0000000000000000000 ) ) ;
#4507 = VERTEX_POINT ( 'NONE', #6000 ) ;
#4508 = DIRECTION ( 'NONE',  ( -9.136576017787373527E-16, -1.000000000000000000, -2.086925533220184338E-31 ) ) ;
#4509 = LINE ( 'NONE', #6860, #1370 ) ;
#4510 = FACE_OUTER_BOUND ( 'NONE', #7172, .T. ) ;
#4511 = DIRECTION ( 'NONE',  ( 0.5000000000000048850, 0.0000000000000000000, 0.8660254037844358210 ) ) ;
#4512 = AXIS2_PLACEMENT_3D ( 'NONE', #568, #115, #2383 ) ;
#4513 = CALENDAR_DATE ( 2019, 21, 10 ) ;
#4514 = EDGE_LOOP ( 'NONE', ( #3079, #4269, #792, #3765 ) ) ;
#4515 = DIRECTION ( 'NONE',  ( 1.000000000000000000, 0.0000000000000000000, 0.0000000000000000000 ) ) ;
#4516 = CARTESIAN_POINT ( 'NONE',  ( 0.8320428331024299906, 6.599999999999999645, 7.000000000000000000 ) ) ;
#4517 = AXIS2_PLACEMENT_3D ( 'NONE', #4830, #2005, #3131 ) ;
#4518 = EDGE_CURVE ( 'NONE', #3236, #4729, #1826, .T. ) ;
#4519 = ADVANCED_FACE ( 'NONE', ( #6574 ), #4153, .F. ) ;
#4520 = DIRECTION ( 'NONE',  ( -1.000000000000000000, 0.0000000000000000000, 0.0000000000000000000 ) ) ;
#4521 = PLANE ( 'NONE',  #7585 ) ;
#4522 = EDGE_CURVE ( 'NONE', #7416, #3030, #5422, .T. ) ;
#4523 = VERTEX_POINT ( 'NONE', #6497 ) ;
#4524 = VECTOR ( 'NONE', #4080, 1000.000000000000000 ) ;
#4525 = LINE ( 'NONE', #3224, #5860 ) ;
#4526 = ORIENTED_EDGE ( 'NONE', *, *, #6928, .F. ) ;
#4527 = ORIENTED_EDGE ( 'NONE', *, *, #6782, .F. ) ;
#4528 = DIRECTION ( 'NONE',  ( 0.8944271909999154113, 0.0000000000000000000, 0.4472135954999587604 ) ) ;
#4529 = EDGE_CURVE ( 'NONE', #1232, #4922, #2484, .T. ) ;
#4530 = LINE ( 'NONE', #5762, #6144 ) ;
#4531 = FACE_OUTER_BOUND ( 'NONE', #5514, .T. ) ;
#4532 = CARTESIAN_POINT ( 'NONE',  ( 5.750000000000000888, 11.93499999999675154, -3.280788672664257444 ) ) ;
#4533 = EDGE_CURVE ( 'NONE', #5577, #561, #7531, .T. ) ;
#4534 = CARTESIAN_POINT ( 'NONE',  ( 3.589703979381177135, 12.64656426582076421, -0.8586120530780110283 ) ) ;
#4535 = ORIENTED_EDGE ( 'NONE', *, *, #2018, .F. ) ;
#4536 = ORIENTED_EDGE ( 'NONE', *, *, #50, .T. ) ;
#4537 = LOCAL_TIME ( 21, 42, 48.00000000000000000, #5353 ) ;
#4538 = ORIENTED_EDGE ( 'NONE', *, *, #5611, .F. ) ;
#4539 = LINE ( 'NONE', #1641, #624 ) ;
#4540 = CARTESIAN_POINT ( 'NONE',  ( 4.500000000000006217, -2.700000000000370104, -5.579999999999928129 ) ) ;
#4541 = CLOSED_SHELL ( 'NONE', ( #1927, #1269, #625, #4240, #2597, #6352, #3945, #6451, #4619, #565, #5940, #4005, #1316, #6174, #3357, #1695, #3403, #5319, #2512, #2501, #3534, #3911, #1356, #3444, #2935, #5134, #4954, #3344, #356, #7240, #4948, #763, #5575, #5415, #719, #7415, #2113, #3722, #5939, #5616, #1635, #1744, #1312, #3311, #3252, #1685, #3860, #1084, #7375, #558, #300, #6179, #908, #6165, #7176, #1739, #2932, #4285, #1590, #4471, #6627, #1948, #3254, #1845, #3583, #5570, #4991, #1692, #2306, #4423, #4353, #2309, #1040, #1963, #1326, #6404, #1268, #2256, #6206, #5048, #704, #2077, #616, #4369, #3053, #287, #4016, #805, #2354, #798, #795, #3215, #2182, #6824, #6960, #7070, #1622, #1602, #1155, #6035, #2790, #7393, #5697, #1486, #6969, #7586, #5845, #2642, #1741, #5943, #5169, #3066, #5154, #3211, #3815, #6595, #2923, #5958, #4753, #7339, #3586, #5801 ) ) ;
#4542 = CARTESIAN_POINT ( 'NONE',  ( 5.749999999997323030, 12.71935702003381685, 3.411368332957578797 ) ) ;
#4543 = EDGE_CURVE ( 'NONE', #585, #2791, #1758, .T. ) ;
#4544 = PLANE ( 'NONE',  #4262 ) ;
#4545 = VERTEX_POINT ( 'NONE', #2463 ) ;
#4546 = VECTOR ( 'NONE', #3636, 1000.000000000000114 ) ;
#4547 = LINE ( 'NONE', #2193, #3701 ) ;
#4548 = EDGE_LOOP ( 'NONE', ( #3299, #58 ) ) ;
#4549 = CARTESIAN_POINT ( 'NONE',  ( 7.249999999999992006, 11.31784271247447649, -5.080000000000000959 ) ) ;
#4550 = CARTESIAN_POINT ( 'NONE',  ( 3.449999999999991296, 11.44273112629124967, -3.799999999999999378 ) ) ;
#4551 = DIRECTION ( 'NONE',  ( -0.0000000000000000000, 0.0000000000000000000, 1.000000000000000000 ) ) ;
#4552 = AXIS2_PLACEMENT_3D ( 'NONE', #6474, #1196, #7168 ) ;
#4553 = COORDINATED_UNIVERSAL_TIME_OFFSET ( 0, 0, .AHEAD. ) ;
#4554 = ORIENTED_EDGE ( 'NONE', *, *, #6867, .T. ) ;
#4555 = CC_DESIGN_PERSON_AND_ORGANIZATION_ASSIGNMENT ( #3210, #2673, ( #5919 ) ) ;
#4556 = CARTESIAN_POINT ( 'NONE',  ( 5.749999999999992006, 12.73499999999999943, 0.0000000000000000000 ) ) ;
#4557 = VECTOR ( 'NONE', #6462, 1000.000000000000000 ) ;
#4558 = CARTESIAN_POINT ( 'NONE',  ( 1.250000000000000000, 10.00000000000000000, 7.620000000000000107 ) ) ;
#4559 = VECTOR ( 'NONE', #3428, 1000.000000000000000 ) ;
#4560 = CARTESIAN_POINT ( 'NONE',  ( 5.299999999999999822, -3.700000000000009948, -0.2999999999999999889 ) ) ;
#4561 = CARTESIAN_POINT ( 'NONE',  ( 3.449999999999990852, 11.44273112629124967, -5.080000000000001847 ) ) ;
#4562 = AXIS2_PLACEMENT_3D ( 'NONE', #6628, #1274, #3782 ) ;
#4563 = AXIS2_PLACEMENT_3D ( 'NONE', #623, #4055, #4129 ) ;
#4564 = VERTEX_POINT ( 'NONE', #5342 ) ;
#4565 = PLANE ( 'NONE',  #6231 ) ;
#4566 = EDGE_CURVE ( 'NONE', #2646, #4749, #1001, .T. ) ;
#4567 = EDGE_LOOP ( 'NONE', ( #2111, #1339, #2244, #5553, #5035, #830 ) ) ;
#4568 = ORIENTED_EDGE ( 'NONE', *, *, #4995, .T. ) ;
#4569 = CARTESIAN_POINT ( 'NONE',  ( 5.749999999999999112, 11.93499999999701977, 3.280788672664288530 ) ) ;
#4570 = CARTESIAN_POINT ( 'NONE',  ( 5.499999999999584332, -0.05000000078158019917, -0.5000000000000409672 ) ) ;
#4571 = VECTOR ( 'NONE', #3524, 999.9999999999998863 ) ;
#4572 = CARTESIAN_POINT ( 'NONE',  ( 2.146410161513769843, 6.599999999999999645, -3.139999999999999680 ) ) ;
#4573 = DIRECTION ( 'NONE',  ( 1.000000000000000000, -9.854725885015578669E-16, 0.0000000000000000000 ) ) ;
#4574 =( NAMED_UNIT ( * ) SI_UNIT ( $, .STERADIAN. ) SOLID_ANGLE_UNIT ( ) );
#4575 = EDGE_LOOP ( 'NONE', ( #2536, #2122, #6388, #5339 ) ) ;
#4576 = EDGE_CURVE ( 'NONE', #6083, #5685, #3500, .T. ) ;
#4577 = AXIS2_PLACEMENT_3D ( 'NONE', #6638, #6679, #1935 ) ;
#4578 = ORIENTED_EDGE ( 'NONE', *, *, #6459, .F. ) ;
#4579 = EDGE_CURVE ( 'NONE', #1055, #4864, #2852, .T. ) ;
#4580 = ORIENTED_EDGE ( 'NONE', *, *, #2611, .F. ) ;
#4581 = EDGE_CURVE ( 'NONE', #367, #6617, #7153, .T. ) ;
#4582 = CARTESIAN_POINT ( 'NONE',  ( 4.499999999999992895, 0.0000000000000000000, 5.584196010977263924 ) ) ;
#4583 = DIRECTION ( 'NONE',  ( -1.734723475976807410E-14, 0.0000000000000000000, 1.000000000000000000 ) ) ;
#4584 = FACE_BOUND ( 'NONE', #4548, .T. ) ;
#4585 = CARTESIAN_POINT ( 'NONE',  ( 8.014137117667083032, 12.73499999999999055, 3.902600228293234164 ) ) ;
#4586 = ORIENTED_EDGE ( 'NONE', *, *, #6324, .F. ) ;
#4587 = DIRECTION ( 'NONE',  ( -1.000000000000000000, -0.0000000000000000000, -0.0000000000000000000 ) ) ;
#4588 = ORIENTED_EDGE ( 'NONE', *, *, #5518, .T. ) ;
#4589 = CARTESIAN_POINT ( 'NONE',  ( 3.449999999999990408, 11.31784271247447649, -5.080000000000000959 ) ) ;
#4590 = CARTESIAN_POINT ( 'NONE',  ( 4.965164424315887892, 12.69953703112280152, -3.368606068534265141 ) ) ;
#4591 = B_SPLINE_CURVE_WITH_KNOTS ( 'NONE', 3,
 ( #6450, #1204, #7598, #3021, #2370, #5984, #4677, #7030, #5364, #133, #1814, #1777, #2488, #28, #1170, #3519 ),
 .UNSPECIFIED., .F., .F.,
 ( 4, 3, 3, 3, 3, 4 ),
 ( 8.218119684499256706E-15, 3.308388942448509991E-05, 6.613717211493326130E-05, 9.966070390110846671E-05, 0.0001340858777773679773, 0.0001469394654600622140 ),
 .UNSPECIFIED. ) ;
#4592 = CARTESIAN_POINT ( 'NONE',  ( 7.249999999999990230, 11.44273112629124434, 1.279999999999997362 ) ) ;
#4593 = CARTESIAN_POINT ( 'NONE',  ( 3.689038437082762023, 12.73500000000000121, -5.080000006514261202 ) ) ;
#4594 =( BOUNDED_CURVE ( )  B_SPLINE_CURVE ( 3, ( #2991, #4218, #4755, #1818 ),
 .UNSPECIFIED., .F., .T. ) 
 B_SPLINE_CURVE_WITH_KNOTS ( ( 4, 4 ),
 ( 0.0000000000000000000, 1.000000000000000000 ),
 .UNSPECIFIED. ) 
 CURVE ( )  GEOMETRIC_REPRESENTATION_ITEM ( )  RATIONAL_B_SPLINE_CURVE ( ( 1.000000000000000000, 0.8584414868985700275, 0.8584414868985700275, 1.000000000000000000 ) ) 
 REPRESENTATION_ITEM ( '' )  );
#4595 = CALENDAR_DATE ( 2019, 21, 10 ) ;
#4596 = EDGE_CURVE ( 'NONE', #3694, #4564, #2500, .T. ) ;
#4597 = ORIENTED_EDGE ( 'NONE', *, *, #7163, .F. ) ;
#4598 = FACE_OUTER_BOUND ( 'NONE', #225, .T. ) ;
#4599 = PLANE ( 'NONE',  #3091 ) ;
#4600 = DIRECTION ( 'NONE',  ( -1.171453342316279939E-15, -1.000000000000000000, 0.0000000000000000000 ) ) ;
#4601 = CARTESIAN_POINT ( 'NONE',  ( 4.963811392487187391, 12.64656426582840254, 6.797410969928463054 ) ) ;
#4602 = ORIENTED_EDGE ( 'NONE', *, *, #2352, .T. ) ;
#4603 = LINE ( 'NONE', #2367, #7207 ) ;
#4604 = ORIENTED_EDGE ( 'NONE', *, *, #4703, .F. ) ;
#4605 = EDGE_LOOP ( 'NONE', ( #220, #382, #1752, #2750 ) ) ;
#4606 = CARTESIAN_POINT ( 'NONE',  ( 3.650000000000295231, 11.23499999999999943, -4.163799117100252621E-16 ) ) ;
#4607 = CARTESIAN_POINT ( 'NONE',  ( 4.949999999999999289, 12.64656426582933335, 1.714246796768620795 ) ) ;
#4608 = DIRECTION ( 'NONE',  ( -1.000000000000000000, -0.0000000000000000000, -0.0000000000000000000 ) ) ;
#4609 = EDGE_CURVE ( 'NONE', #4772, #2556, #144, .T. ) ;
#4610 = CARTESIAN_POINT ( 'NONE',  ( 4.950000000000698286, 12.66838590191657765, -1.709697409983232719 ) ) ;
#4611 = ORIENTED_EDGE ( 'NONE', *, *, #7490, .F. ) ;
#4612 = ORIENTED_EDGE ( 'NONE', *, *, #4579, .F. ) ;
#4613 = VERTEX_POINT ( 'NONE', #6109 ) ;
#4614 = CARTESIAN_POINT ( 'NONE',  ( 7.049999999999563727, 11.23499999999999766, 5.079999999999999183 ) ) ;
#4615 = PLANE ( 'NONE',  #4187 ) ;
#4616 = EDGE_CURVE ( 'NONE', #2071, #5259, #6767, .T. ) ;
#4617 = EDGE_CURVE ( 'NONE', #4507, #2737, #3188, .T. ) ;
#4618 = CARTESIAN_POINT ( 'NONE',  ( 5.349999999999989875, 11.43500000000000050, -5.080000000000000071 ) ) ;
#4619 = ADVANCED_FACE ( 'NONE', ( #4344 ), #1925, .T. ) ;
#4620 = CARTESIAN_POINT ( 'NONE',  ( 5.701341293122029086, 12.73499999999999766, 3.456617590816402963 ) ) ;
#4621 = ORIENTED_EDGE ( 'NONE', *, *, #2665, .T. ) ;
#4622 = CARTESIAN_POINT ( 'NONE',  ( 5.749999999999999112, 12.17219196888833821, -6.850922332791466118 ) ) ;
#4623 = CARTESIAN_POINT ( 'NONE',  ( 9.299999999999998934, -1.734723475976807094E-15, -2.540000000000000480 ) ) ;
#4624 = DIRECTION ( 'NONE',  ( -1.734723475976807410E-14, 3.277452817242640287E-13, 1.000000000000000000 ) ) ;
#4625 = VECTOR ( 'NONE', #6329, 1000.000000000000000 ) ;
#4626 = CARTESIAN_POINT ( 'NONE',  ( 4.950000000002678924, 12.71935702003381863, 6.748631667042422677 ) ) ;
#4627 = PLANE ( 'NONE',  #6614 ) ;
#4628 = EDGE_CURVE ( 'NONE', #6006, #5249, #6610, .T. ) ;
#4629 = PERSON_AND_ORGANIZATION ( #1524, #6256 ) ;
#4630 = EDGE_LOOP ( 'NONE', ( #979, #5232, #924, #1381, #1527, #6094, #2252, #4612 ) ) ;
#4631 = AXIS2_PLACEMENT_3D ( 'NONE', #5907, #1168, #5327 ) ;
#4632 = CARTESIAN_POINT ( 'NONE',  ( 7.049999999999685407, 11.23499999999999588, 2.081899558550126310E-16 ) ) ;
#4633 = AXIS2_PLACEMENT_3D ( 'NONE', #5816, #2815, #2235 ) ;
#4634 = PLANE ( 'NONE',  #2104 ) ;
#4635 = DIRECTION ( 'NONE',  ( -1.171453342316279939E-15, -1.000000000000000000, 0.0000000000000000000 ) ) ;
#4636 = VERTEX_POINT ( 'NONE', #5497 ) ;
#4637 = LINE ( 'NONE', #2322, #5985 ) ;
#4638 = VECTOR ( 'NONE', #5200, 1000.000000000000000 ) ;
#4639 = EDGE_LOOP ( 'NONE', ( #4135, #327, #802, #3592 ) ) ;
#4640 = CARTESIAN_POINT ( 'NONE',  ( 7.049999999999685407, 11.23499999999999766, -3.399999999999388844 ) ) ;
#4641 = CARTESIAN_POINT ( 'NONE',  ( 4.949999999999999289, 12.40938025448221360, -1.742602432482191599 ) ) ;
#4642 = LINE ( 'NONE', #63, #7037 ) ;
#4643 = AXIS2_PLACEMENT_3D ( 'NONE', #7401, #6938, #5094 ) ;
#4644 = DIRECTION ( 'NONE',  ( -1.000000000000000000, 9.130123557772668088E-16, 0.0000000000000000000 ) ) ;
#4645 = ORIENTED_EDGE ( 'NONE', *, *, #434, .F. ) ;
#4646 = ORIENTED_EDGE ( 'NONE', *, *, #4750, .T. ) ;
#4647 = CIRCLE ( 'NONE', #7591, 1.900000000000000133 ) ;
#4648 = VERTEX_POINT ( 'NONE', #6075 ) ;
#4649 = ORIENTED_EDGE ( 'NONE', *, *, #238, .T. ) ;
#4650 = LINE ( 'NONE', #5306, #618 ) ;
#4651 = B_SPLINE_CURVE_WITH_KNOTS ( 'NONE', 3,
 ( #7399, #5597, #2125, #1579, #4475, #6172, #3859, #1543, #2083, #6285, #1011, #1467, #2198, #5710, #5124, #5093 ),
 .UNSPECIFIED., .F., .F.,
 ( 4, 3, 3, 3, 3, 4 ),
 ( 8.348222229663367995E-15, 3.308388942448985684E-05, 6.613717211494208399E-05, 9.966070390112543448E-05, 0.0001340858777773921550, 0.0001469394654597983192 ),
 .UNSPECIFIED. ) ;
#4652 = CARTESIAN_POINT ( 'NONE',  ( 5.349999999999980993, 11.93499999999403727, 9.951952430687880714E-32 ) ) ;
#4653 = AXIS2_PLACEMENT_3D ( 'NONE', #89, #3050, #6592 ) ;
#4654 = DIRECTION ( 'NONE',  ( 1.171453342316279939E-15, 1.000000000000000000, 0.0000000000000000000 ) ) ;
#4655 = ORIENTED_EDGE ( 'NONE', *, *, #5019, .T. ) ;
#4656 = EDGE_CURVE ( 'NONE', #2737, #1588, #299, .T. ) ;
#4657 = ORIENTED_EDGE ( 'NONE', *, *, #4482, .F. ) ;
#4658 = CARTESIAN_POINT ( 'NONE',  ( 5.749999999999999112, 11.93499999999701977, -6.879211327335712056 ) ) ;
#4659 = PLANE ( 'NONE',  #6030 ) ;
#4660 = APPROVAL_PERSON_ORGANIZATION ( #4206, #4263, #5825 ) ;
#4661 = CARTESIAN_POINT ( 'NONE',  ( 5.349999999999999645, 10.44999999999999929, 0.0000000000000000000 ) ) ;
#4662 = CARTESIAN_POINT ( 'NONE',  ( 3.451341823670963205, 11.45812853167897316, 1.282683647341947175 ) ) ;
#4663 = FACE_OUTER_BOUND ( 'NONE', #2343, .T. ) ;
#4664 = COORDINATED_UNIVERSAL_TIME_OFFSET ( 0, 0, .AHEAD. ) ;
#4665 = ORIENTED_EDGE ( 'NONE', *, *, #6126, .F. ) ;
#4666 = ADVANCED_FACE ( 'NONE', ( #3264 ), #1904, .F. ) ;
#4667 = FACE_OUTER_BOUND ( 'NONE', #991, .T. ) ;
#4668 = PLANE ( 'NONE',  #1606 ) ;
#4669 = AXIS2_PLACEMENT_3D ( 'NONE', #4250, #6598, #248 ) ;
#4670 = CARTESIAN_POINT ( 'NONE',  ( 4.949999999999999289, 11.93500000000000050, -7.049999999999999822 ) ) ;
#4671 = DIRECTION ( 'NONE',  ( -0.0000000000000000000, -1.000000000000000000, 0.0000000000000000000 ) ) ;
#4672 = ORIENTED_EDGE ( 'NONE', *, *, #437, .T. ) ;
#4673 = CARTESIAN_POINT ( 'NONE',  ( 5.749999999999869438, 12.73279737082328467, 1.636456345332686579 ) ) ;
#4674 = AXIS2_PLACEMENT_3D ( 'NONE', #3316, #6784, #1504 ) ;
#4675 = VECTOR ( 'NONE', #4083, 1000.000000000000000 ) ;
#4676 = EDGE_LOOP ( 'NONE', ( #4918, #7074, #5532, #3972 ) ) ;
#4677 = CARTESIAN_POINT ( 'NONE',  ( 4.950000000000155609, 12.70509370452902154, 3.394524982068335639 ) ) ;
#4678 = CARTESIAN_POINT ( 'NONE',  ( 4.950000000002678924, 12.70467874844270106, 6.766818741883630750 ) ) ;
#4679 =( BOUNDED_CURVE ( )  B_SPLINE_CURVE ( 3, ( #5332, #670, #5218, #3562 ),
 .UNSPECIFIED., .F., .T. ) 
 B_SPLINE_CURVE_WITH_KNOTS ( ( 4, 4 ),
 ( 0.0000000000000000000, 0.5000000007378366806 ),
 .UNSPECIFIED. ) 
 CURVE ( )  GEOMETRIC_REPRESENTATION_ITEM ( )  RATIONAL_B_SPLINE_CURVE ( ( 1.000000000000000000, 0.8584414864962361946, 0.8584414864962361946, 1.000000000000000000 ) ) 
 REPRESENTATION_ITEM ( '' )  );
#4680 = DIRECTION ( 'NONE',  ( -0.0000000000000000000, 0.0000000000000000000, 1.000000000000000000 ) ) ;
#4681 = AXIS2_PLACEMENT_3D ( 'NONE', #7592, #3597, #4745 ) ;
#4683 = VECTOR ( 'NONE', #2497, 1000.000000000000000 ) ;
#4682 = LINE ( 'NONE', #2451, #5010 ) ;
#4684 = PLANE ( 'NONE',  #3710 ) ;
#4685 = ORIENTED_EDGE ( 'NONE', *, *, #4025, .T. ) ;
#4686 = ORIENTED_EDGE ( 'NONE', *, *, #4009, .F. ) ;
#4687 = EDGE_CURVE ( 'NONE', #6895, #5877, #6042, .T. ) ;
#4688 = VECTOR ( 'NONE', #6811, 1000.000000000000000 ) ;
#4689 = VECTOR ( 'NONE', #2246, 1000.000000000000000 ) ;
#4690 = ORIENTED_EDGE ( 'NONE', *, *, #3486, .F. ) ;
#4691 = EDGE_LOOP ( 'NONE', ( #5534, #3921, #685, #5113 ) ) ;
#4692 = CARTESIAN_POINT ( 'NONE',  ( 8.557209438086390563, 0.0000000000000000000, 7.000000000000000000 ) ) ;
#4693 = CARTESIAN_POINT ( 'NONE',  ( 5.749999999995260680, 12.68578847567073176, 3.379296799043757904 ) ) ;
#4694 = AXIS2_PLACEMENT_3D ( 'NONE', #3614, #2961, #7077 ) ;
#4695 = DIRECTION ( 'NONE',  ( -1.000000000000000000, 0.0000000000000000000, -0.0000000000000000000 ) ) ;
#4696 = VECTOR ( 'NONE', #4199, 1000.000000000000000 ) ;
#4697 = CARTESIAN_POINT ( 'NONE',  ( 0.8535898384862232735, 6.599999999999999645, -8.220000000000000639 ) ) ;
#4698 = ORIENTED_EDGE ( 'NONE', *, *, #5471, .T. ) ;
#4699 = CARTESIAN_POINT ( 'NONE',  ( 0.9446261355944070015, 6.599999999999999645, 7.195000000000000284 ) ) ;
#4700 = LINE ( 'NONE', #5819, #4061 ) ;
#4701 = CARTESIAN_POINT ( 'NONE',  ( 7.010966932452110001, 12.73499999999999588, -0.7947222771640977124 ) ) ;
#4702 = CARTESIAN_POINT ( 'NONE',  ( 4.949999999999991296, 12.73499999999999943, 6.692082860990527848 ) ) ;
#4703 = EDGE_CURVE ( 'NONE', #1174, #6568, #2692, .T. ) ;
#4704 = CARTESIAN_POINT ( 'NONE',  ( 10.25000000000000000, 6.200000000000007283, 3.279999999999999805 ) ) ;
#4705 = DATE_TIME_ROLE ( 'creation_date' ) ;
#4706 = ORIENTED_EDGE ( 'NONE', *, *, #741, .T. ) ;
#4707 = CARTESIAN_POINT ( 'NONE',  ( 3.449999999999990408, 11.43500000000000227, 8.880000000000002558 ) ) ;
#4708 = CARTESIAN_POINT ( 'NONE',  ( 7.049999999999561950, 11.23499999999999766, 1.249139735130075885E-16 ) ) ;
#4709 = CARTESIAN_POINT ( 'NONE',  ( 9.250000000000000000, 6.299999999999999822, 3.779999999999999805 ) ) ;
#4710 = EDGE_CURVE ( 'NONE', #449, #4912, #6950, .T. ) ;
#4711 = EDGE_CURVE ( 'NONE', #869, #2535, #5617, .T. ) ;
#4712 = CARTESIAN_POINT ( 'NONE',  ( 9.449999999999999289, 7.600000000000000533, 7.620000000000000107 ) ) ;
#4713 = VERTEX_POINT ( 'NONE', #5459 ) ;
#4714 = EDGE_CURVE ( 'NONE', #2060, #6827, #1447, .T. ) ;
#4715 = DIRECTION ( 'NONE',  ( -1.000000000000000000, 0.0000000000000000000, 0.0000000000000000000 ) ) ;
#4716 = ORIENTED_EDGE ( 'NONE', *, *, #1711, .T. ) ;
#4717 = CARTESIAN_POINT ( 'NONE',  ( 4.500000000000006217, -2.700000000000283062, -0.4999999999999442668 ) ) ;
#4718 = CARTESIAN_POINT ( 'NONE',  ( 9.250000000000000000, 6.299999999999990052, -1.299999999999999822 ) ) ;
#4719 = CARTESIAN_POINT ( 'NONE',  ( 7.010966932452110889, 12.73499999999999766, -5.080000000000000071 ) ) ;
#4720 = PLANE ( 'NONE',  #1796 ) ;
#4721 = CARTESIAN_POINT ( 'NONE',  ( 4.950000000000131628, 12.73420261174139867, -1.625065273783356634 ) ) ;
#4722 = ORIENTED_EDGE ( 'NONE', *, *, #4843, .T. ) ;
#4723 = ORGANIZATION ( 'NAUO-ORG3', 'UNSPECIFIED', 'UNSPECIFIED' ) ;
#4724 = EDGE_CURVE ( 'NONE', #5257, #2538, #4878, .T. ) ;
#4725 = VERTEX_POINT ( 'NONE', #1946 ) ;
#4726 =( BOUNDED_CURVE ( )  B_SPLINE_CURVE ( 3, ( #4045, #1156, #5781, #9 ),
 .UNSPECIFIED., .F., .F. ) 
 B_SPLINE_CURVE_WITH_KNOTS ( ( 4, 4 ),
 ( 0.0000000000000000000, 1.000000000000000000 ),
 .UNSPECIFIED. ) 
 CURVE ( )  GEOMETRIC_REPRESENTATION_ITEM ( )  RATIONAL_B_SPLINE_CURVE ( ( 1.000000000000000000, 0.3333333333333333703, 0.3333333333333333703, 1.000000000000000000 ) ) 
 REPRESENTATION_ITEM ( '' )  );
#4727 = CARTESIAN_POINT ( 'NONE',  ( 3.375000000000000000, 11.23499999999999943, 2.418677428316022529E-16 ) ) ;
#4728 = ORIENTED_EDGE ( 'NONE', *, *, #3163, .F. ) ;
#4729 = VERTEX_POINT ( 'NONE', #951 ) ;
#4730 = DIRECTION ( 'NONE',  ( 1.000000000000000000, 0.0000000000000000000, -0.0000000000000000000 ) ) ;
#4731 = DIRECTION ( 'NONE',  ( 1.000000000000000000, -3.338853781347929776E-28, 1.794541526872530066E-14 ) ) ;
#4732 = DIRECTION ( 'NONE',  ( 0.0000000000000000000, -0.0000000000000000000, 1.000000000000000000 ) ) ;
#4733 = CARTESIAN_POINT ( 'NONE',  ( 5.299999999999999822, -5.750000000781589904, -0.4999999999999800715 ) ) ;
#4734 = ORIENTED_EDGE ( 'NONE', *, *, #823, .T. ) ;
#4735 = VERTEX_POINT ( 'NONE', #2804 ) ;
#4736 = CARTESIAN_POINT ( 'NONE',  ( 5.750000000000001776, 12.64656426582888926, -3.365753203235122282 ) ) ;
#4737 = LINE ( 'NONE', #653, #2485 ) ;
#4738 = DIRECTION ( 'NONE',  ( 1.000000000000000000, 0.0000000000000000000, 1.794541526872530066E-14 ) ) ;
#4739 = CARTESIAN_POINT ( 'NONE',  ( 7.931257721594904275, 12.73499999999999588, -3.939228291230377099 ) ) ;
#4740 = CALENDAR_DATE ( 2019, 21, 10 ) ;
#4741 = ORIENTED_EDGE ( 'NONE', *, *, #6612, .T. ) ;
#4742 = CARTESIAN_POINT ( 'NONE',  ( 3.449999999999989964, 11.43500000000000227, 5.080000000000000071 ) ) ;
#4743 = CARTESIAN_POINT ( 'NONE',  ( 1.799999999999996936, 6.599999999999999645, -2.540000000000001368 ) ) ;
#4744 =( BOUNDED_SURFACE ( )  B_SPLINE_SURFACE ( 3, 3, ( 
 ( #377, #6729, #6883, #301 ),
 ( #3381, #990, #4464, #6266 ),
 ( #3231, #6193, #6229, #6769 ),
 ( #5693, #6151, #4534, #414 ) ),
 .UNSPECIFIED., .F., .F., .F. ) 
 B_SPLINE_SURFACE_WITH_KNOTS ( ( 4, 4 ),
 ( 4, 4 ),
 ( 0.0000000000000000000, 1.000000000000000000 ),
 ( 0.0000000000000000000, 1.000000000000000000 ),
 .UNSPECIFIED. ) 
 GEOMETRIC_REPRESENTATION_ITEM ( )  RATIONAL_B_SPLINE_SURFACE ( (
 ( 1.000000000000000000, 0.8538861261458174923, 0.8538861261458174923, 1.000000000000000000),
 ( 0.8312495820266330160, 0.7097924854570516473, 0.7097924854570516473, 0.8312495820266330160),
 ( 0.8312495820266330160, 0.7097924854570516473, 0.7097924854570516473, 0.8312495820266330160),
 ( 1.000000000000000000, 0.8538861261458174923, 0.8538861261458174923, 1.000000000000000000) ) ) 
 REPRESENTATION_ITEM ( '' )  SURFACE ( )  );
#4745 = DIRECTION ( 'NONE',  ( -1.000000000000000000, 9.130123557772668088E-16, 0.0000000000000000000 ) ) ;
#4746 = CARTESIAN_POINT ( 'NONE',  ( 4.500000000000006217, -2.700000000000339462, -0.4999999999999324429 ) ) ;
#4747 = ORIENTED_EDGE ( 'NONE', *, *, #4338, .F. ) ;
#4748 = CARTESIAN_POINT ( 'NONE',  ( 4.950000000000698286, 12.66838590191646219, -1.709697409983274019 ) ) ;
#4749 = VERTEX_POINT ( 'NONE', #2733 ) ;
#4750 = EDGE_CURVE ( 'NONE', #1588, #3743, #6337, .T. ) ;
#4751 = PLANE ( 'NONE',  #3455 ) ;
#4752 = CARTESIAN_POINT ( 'NONE',  ( 3.689038457067286281, 12.73500000000000121, 5.079999986462972572 ) ) ;
#4753 = ADVANCED_FACE ( 'NONE', ( #2254 ), #5691, .T. ) ;
#4754 = DIRECTION ( 'NONE',  ( 2.501911041408800138E-16, 1.000000000000000000, -0.0000000000000000000 ) ) ;
#4755 = CARTESIAN_POINT ( 'NONE',  ( 7.010966932452109113, 12.73499999999999766, 4.285277722835901137 ) ) ;
#4756 = CARTESIAN_POINT ( 'NONE',  ( 3.689033067547872857, 12.73500000000000121, -3.253963094636933508E-09 ) ) ;
#4757 = VERTEX_POINT ( 'NONE', #7528 ) ;
#4758 = AXIS2_PLACEMENT_3D ( 'NONE', #203, #6675, #1396 ) ;
#4759 = EDGE_LOOP ( 'NONE', ( #3097, #6369, #3145, #3017 ) ) ;
#4760 = EDGE_CURVE ( 'NONE', #6331, #3882, #5688, .T. ) ;
#4761 = LINE ( 'NONE', #715, #5173 ) ;
#4762 = ORIENTED_EDGE ( 'NONE', *, *, #2430, .F. ) ;
#4763 = ORIENTED_EDGE ( 'NONE', *, *, #1567, .F. ) ;
#4764 = DIRECTION ( 'NONE',  ( 0.7071067811865480168, -0.7071067811865470176, 0.0000000000000000000 ) ) ;
#4765 = AXIS2_PLACEMENT_3D ( 'NONE', #3482, #7022, #4783 ) ;
#4766 = EDGE_CURVE ( 'NONE', #7594, #2146, #6303, .T. ) ;
#4767 = CARTESIAN_POINT ( 'NONE',  ( 9.250000000000000000, 6.299999999999999822, -119.9440000000000026 ) ) ;
#4768 = PLANE ( 'NONE',  #3173 ) ;
#4769 = AXIS2_PLACEMENT_3D ( 'NONE', #4315, #1460, #1304 ) ;
#4770 = CARTESIAN_POINT ( 'NONE',  ( 1.250000000000000444, 10.00000000000000000, 7.619999999999999218 ) ) ;
#4771 = VERTEX_POINT ( 'NONE', #446 ) ;
#4772 = VERTEX_POINT ( 'NONE', #1634 ) ;
#4773 = DIRECTION ( 'NONE',  ( 0.0000000000000000000, -0.0000000000000000000, -1.000000000000000000 ) ) ;
#4774 = DIRECTION ( 'NONE',  ( -2.501911041408800138E-16, -1.000000000000000000, 0.0000000000000000000 ) ) ;
#4775 = CARTESIAN_POINT ( 'NONE',  ( 3.595871264362283437, 12.69953703112280330, 5.935603857093235014 ) ) ;
#4776 = DIRECTION ( 'NONE',  ( -0.1156426583973926697, -0.9932908816448401401, 1.416214114512545531E-17 ) ) ;
#4777 = DATE_AND_TIME ( #14, #5033 ) ;
#4778 = B_SPLINE_CURVE_WITH_KNOTS ( 'NONE', 3,
 ( #7086, #3544, #6976, #1729 ),
 .UNSPECIFIED., .F., .F.,
 ( 4, 4 ),
 ( 7.695742672741190085E-15, 0.0007166189195625507005 ),
 .UNSPECIFIED. ) ;
#4779 = SECURITY_CLASSIFICATION ( '', '', #6247 ) ;
#4780 = CARTESIAN_POINT ( 'NONE',  ( 4.950000000000680522, 12.72522597148189583, 1.658022933191346304 ) ) ;
#4781 = LINE ( 'NONE', #6556, #3342 ) ;
#4782 = DIRECTION ( 'NONE',  ( 0.5000000000000022204, 0.0000000000000000000, -0.8660254037844373753 ) ) ;
#4783 = DIRECTION ( 'NONE',  ( -1.000000000000000000, 0.0000000000000000000, 0.0000000000000000000 ) ) ;
#4784 = AXIS2_PLACEMENT_3D ( 'NONE', #7487, #5649, #3913 ) ;
#4785 = CC_DESIGN_PERSON_AND_ORGANIZATION_ASSIGNMENT ( #5858, #5318, ( #5026 ) ) ;
#4786 = SHAPE_REPRESENTATION_RELATIONSHIP ( 'NONE' , 'NONE' ,  #1547, #6952 ) ;
#4787 = ORIENTED_EDGE ( 'NONE', *, *, #5705, .T. ) ;
#4788 = LINE ( 'NONE', #4401, #4638 ) ;
#4789 = ORIENTED_EDGE ( 'NONE', *, *, #2073, .T. ) ;
#4790 =( BOUNDED_CURVE ( )  B_SPLINE_CURVE ( 3, ( #43, #5929, #2467, #7576 ),
 .UNSPECIFIED., .F., .F. ) 
 B_SPLINE_CURVE_WITH_KNOTS ( ( 4, 4 ),
 ( 0.0000000000000000000, 1.000000000000000000 ),
 .UNSPECIFIED. ) 
 CURVE ( )  GEOMETRIC_REPRESENTATION_ITEM ( )  RATIONAL_B_SPLINE_CURVE ( ( 1.000000000000000000, 0.8584414868985700275, 0.8584414868985700275, 1.000000000000000000 ) ) 
 REPRESENTATION_ITEM ( '' )  );
#4791 = CARTESIAN_POINT ( 'NONE',  ( 9.449999999999999289, 10.00000000000000000, 7.620000000000000107 ) ) ;
#4792 = VECTOR ( 'NONE', #7408, 1000.000000000000000 ) ;
#4793 = CARTESIAN_POINT ( 'NONE',  ( 1.810000000000000053, 6.599999999999999645, 7.620000000000000107 ) ) ;
#4794 = LINE ( 'NONE', #4177, #6422 ) ;
#4795 = CARTESIAN_POINT ( 'NONE',  ( 5.300000000000014921, -0.05000000078158289146, -0.4999999999999600875 ) ) ;
#4796 = CARTESIAN_POINT ( 'NONE',  ( 4.949999999999999289, 11.93500000000000050, 7.040000000000000036 ) ) ;
#4797 = EDGE_CURVE ( 'NONE', #587, #3530, #2232, .T. ) ;
#4798 = AXIS2_PLACEMENT_3D ( 'NONE', #1425, #3318, #1724 ) ;
#4799 = ORIENTED_EDGE ( 'NONE', *, *, #7085, .F. ) ;
#4800 = DIRECTION ( 'NONE',  ( 0.0000000000000000000, -1.000000000000000000, 0.0000000000000000000 ) ) ;
#4801 = EDGE_LOOP ( 'NONE', ( #7219, #6219, #4597, #5545, #1969, #1295 ) ) ;
#4802 = CARTESIAN_POINT ( 'NONE',  ( 3.532842712474771663, 11.23499999999982180, 8.714314575050439160 ) ) ;
#4803 = ORIENTED_EDGE ( 'NONE', *, *, #567, .F. ) ;
#4804 = VERTEX_POINT ( 'NONE', #6881 ) ;
#4805 = CONICAL_SURFACE ( 'NONE', #4674, 1.898658176322939983, 0.1159019745381328903 ) ;
#4806 = DIRECTION ( 'NONE',  ( 0.0000000000000000000, -0.1961161351381840445, 0.9805806756909202226 ) ) ;
#4807 = CARTESIAN_POINT ( 'NONE',  ( 5.750000000000000000, 12.64656426582507898, 3.365753203230879897 ) ) ;
#4808 = EDGE_CURVE ( 'NONE', #1255, #1761, #3343, .T. ) ;
#4809 = EDGE_CURVE ( 'NONE', #3030, #553, #7377, .T. ) ;
#4810 = PLANE ( 'NONE',  #961 ) ;
#4811 = EDGE_LOOP ( 'NONE', ( #3155, #4966, #6154 ) ) ;
#4812 = VECTOR ( 'NONE', #5806, 1000.000000000000114 ) ;
#4813 = AXIS2_PLACEMENT_3D ( 'NONE', #5715, #436, #4484 ) ;
#4814 = EDGE_CURVE ( 'NONE', #6668, #1087, #6842, .T. ) ;
#4815 = DIRECTION ( 'NONE',  ( -9.136576017787373527E-16, -1.000000000000000000, -2.086925533220183900E-31 ) ) ;
#4816 = EDGE_LOOP ( 'NONE', ( #4488, #5299, #7384, #283, #3181, #3076 ) ) ;
#4817 = ORIENTED_EDGE ( 'NONE', *, *, #6041, .F. ) ;
#4818 = LINE ( 'NONE', #6548, #986 ) ;
#4819 = CARTESIAN_POINT ( 'NONE',  ( 4.949999999999999289, 11.93499999999671601, -6.879211327335756465 ) ) ;
#4820 = AXIS2_PLACEMENT_3D ( 'NONE', #3292, #6218, #4453 ) ;
#4821 = AXIS2_PLACEMENT_3D ( 'NONE', #6549, #1119, #3472 ) ;
#4822 = DIRECTION ( 'NONE',  ( -1.734723475976807410E-14, -1.420756596861213470E-14, 1.000000000000000000 ) ) ;
#4823 = LINE ( 'NONE', #2627, #5021 ) ;
#4824 = CONTEXT_DEPENDENT_SHAPE_REPRESENTATION ( #6148, #4920 ) ;
#4825 = ADVANCED_FACE ( 'NONE', ( #6955 ), #5587, .T. ) ;
#4826 = VECTOR ( 'NONE', #6944, 1000.000000000000000 ) ;
#4827 = CARTESIAN_POINT ( 'NONE',  ( 9.555373864405590112, 6.599999999999999645, 7.195000000000000284 ) ) ;
#4828 = DIRECTION ( 'NONE',  ( -1.000000000000000000, 9.136576017758483468E-16, 0.0000000000000000000 ) ) ;
#4829 = CARTESIAN_POINT ( 'NONE',  ( 9.250000000000000000, 5.199999999999996625, -1.299999999999998712 ) ) ;
#4830 = CARTESIAN_POINT ( 'NONE',  ( 3.649999999999990141, 11.43500000000000227, -5.080000000000000071 ) ) ;
#4831 = ADVANCED_FACE ( 'NONE', ( #4531 ), #3413, .T. ) ;
#4832 = ORIENTED_EDGE ( 'NONE', *, *, #7085, .T. ) ;
#4833 = CARTESIAN_POINT ( 'NONE',  ( 5.722352193218311456, 12.64656426582414817, -1.720463868963991727 ) ) ;
#4834 = DIRECTION ( 'NONE',  ( -3.402072636421420854E-15, -0.9805806756909205557, 0.1961161351381818796 ) ) ;
#4835 = LINE ( 'NONE', #2051, #4910 ) ;
#4836 = DIRECTION ( 'NONE',  ( -1.171453342316279939E-15, -1.000000000000000000, 0.0000000000000000000 ) ) ;
#4837 = CARTESIAN_POINT ( 'NONE',  ( 4.499999999999606537, -0.05000000078158019917, 4.279999999999941629 ) ) ;
#4838 = VERTEX_POINT ( 'NONE', #484 ) ;
#4839 = LINE ( 'NONE', #176, #6105 ) ;
#4840 = VERTEX_POINT ( 'NONE', #3879 ) ;
#4841 = CARTESIAN_POINT ( 'NONE',  ( 3.449999999999988631, 11.31784271247448004, -1.279999999999996474 ) ) ;
#4842 = ORIENTED_EDGE ( 'NONE', *, *, #3727, .F. ) ;
#4843 = EDGE_CURVE ( 'NONE', #7283, #480, #6226, .T. ) ;
#4844 = ORIENTED_EDGE ( 'NONE', *, *, #5601, .F. ) ;
#4845 = CARTESIAN_POINT ( 'NONE',  ( 10.25000000000000000, 0.0000000000000000000, 4.575803989022819707 ) ) ;
#4846 = FACE_OUTER_BOUND ( 'NONE', #5224, .T. ) ;
#4847 = EDGE_LOOP ( 'NONE', ( #1176, #599, #2578, #948 ) ) ;
#4848 = CARTESIAN_POINT ( 'NONE',  ( 5.349999999999980993, 11.93499999999403727, 9.951952430687865387E-32 ) ) ;
#4849 = EDGE_LOOP ( 'NONE', ( #5326, #3778, #5003, #4466 ) ) ;
#4850 = ORIENTED_EDGE ( 'NONE', *, *, #6437, .F. ) ;
#4851 = EDGE_CURVE ( 'NONE', #258, #5444, #3916, .T. ) ;
#4852 = CARTESIAN_POINT ( 'NONE',  ( 4.500000000000000000, -3.700000000000009948, -5.000000000000000000 ) ) ;
#4853 = FACE_OUTER_BOUND ( 'NONE', #3682, .T. ) ;
#4854 = EDGE_CURVE ( 'NONE', #1377, #4974, #3604, .T. ) ;
#4855 = DIRECTION ( 'NONE',  ( -0.0000000000000000000, -0.9805806756909204447, 0.1961161351381830731 ) ) ;
#4856 = APPROVAL_STATUS ( 'not_yet_approved' ) ;
#4857 = EDGE_CURVE ( 'NONE', #1521, #2386, #4794, .T. ) ;
#4858 = CARTESIAN_POINT ( 'NONE',  ( 7.249999999999991118, 11.43499999999999694, 5.079999999999999183 ) ) ;
#4859 = CARTESIAN_POINT ( 'NONE',  ( 3.650000000000416911, 11.23500000000000121, 5.080000000000000959 ) ) ;
#4860 = EDGE_CURVE ( 'NONE', #4481, #5414, #6529, .T. ) ;
#4861 = CARTESIAN_POINT ( 'NONE',  ( 7.993234973611840211, 13.69999999999999929, 7.620000000000000107 ) ) ;
#4862 = CARTESIAN_POINT ( 'NONE',  ( 9.449999999999999289, 7.600000000000000533, 7.620000000000000107 ) ) ;
#4863 = APPLICATION_PROTOCOL_DEFINITION ( 'international standard', 'config_control_design', 1994, #639 ) ;
#4864 = VERTEX_POINT ( 'NONE', #2990 ) ;
#4865 = DIRECTION ( 'NONE',  ( 1.000000000000000000, -3.338853781347929776E-28, 1.794541526872530066E-14 ) ) ;
#4866 = LINE ( 'NONE', #901, #3828 ) ;
#4867 = DIRECTION ( 'NONE',  ( 0.8944271909999154113, 0.0000000000000000000, -0.4472135954999587604 ) ) ;
#4868 = DIRECTION ( 'NONE',  ( -0.0000000000000000000, 0.0000000000000000000, 1.000000000000000000 ) ) ;
#4869 = CARTESIAN_POINT ( 'NONE',  ( 1.810000000000000941, 6.799999999999999822, 7.620000000000000107 ) ) ;
#4870 = CARTESIAN_POINT ( 'NONE',  ( 1.078756443470130000, 6.599999999999999645, -8.090000000000079794 ) ) ;
#4871 = ORIENTED_EDGE ( 'NONE', *, *, #3634, .F. ) ;
#4872 = LINE ( 'NONE', #1940, #1430 ) ;
#4873 = ORIENTED_EDGE ( 'NONE', *, *, #2843, .F. ) ;
#4874 = B_SPLINE_CURVE_WITH_KNOTS ( 'NONE', 3,
 ( #529, #413, #2880, #2222, #1707, #5079, #7419, #2772, #3456, #1026, #3990, #1636, #5220, #6882, #7563, #6956 ),
 .UNSPECIFIED., .F., .F.,
 ( 4, 3, 3, 3, 3, 4 ),
 ( 4.336808689942017736E-19, 3.531517381802507384E-05, 7.066450543868405660E-05, 0.0001054618491194700614, 0.0001392987215172446528, 0.0001469974402523165926 ),
 .UNSPECIFIED. ) ;
#4875 = DIRECTION ( 'NONE',  ( -1.000000000000000000, 0.0000000000000000000, 0.0000000000000000000 ) ) ;
#4876 = ORIENTED_EDGE ( 'NONE', *, *, #6700, .T. ) ;
#4877 = CARTESIAN_POINT ( 'NONE',  ( 4.950000000000153833, 12.71295948527736108, 3.402469974908576056 ) ) ;
#4878 = LINE ( 'NONE', #6149, #2746 ) ;
#4879 = CIRCLE ( 'NONE', #4633, 1.974999999999999423 ) ;
#4880 = CARTESIAN_POINT ( 'NONE',  ( 4.965164424293943668, 12.69953703111901255, -1.711393931465484464 ) ) ;
#4881 = EDGE_LOOP ( 'NONE', ( #5583, #2323, #5867, #3260 ) ) ;
#4882 = EDGE_LOOP ( 'NONE', ( #982, #940, #305, #1572 ) ) ;
#4883 = CARTESIAN_POINT ( 'NONE',  ( 4.950000000004743050, 12.67614242096979993, 1.706545570107983467 ) ) ;
#4884 = EDGE_LOOP ( 'NONE', ( #910, #183, #1409, #4538 ) ) ;
#4885 = AXIS2_PLACEMENT_3D ( 'NONE', #6709, #5442, #3093 ) ;
#4886 = ORIENTED_EDGE ( 'NONE', *, *, #2539, .F. ) ;
#4887 = CARTESIAN_POINT ( 'NONE',  ( 5.749999999997323030, 12.70467874844269573, -6.766818741883628974 ) ) ;
#4888 = LINE ( 'NONE', #4386, #3711 ) ;
#4889 = CARTESIAN_POINT ( 'NONE',  ( 4.950000000003958789, 12.65427415702094294, 6.793010294741001154 ) ) ;
#4890 = FACE_OUTER_BOUND ( 'NONE', #2529, .T. ) ;
#4891 = ADVANCED_FACE ( 'NONE', ( #2287, #31 ), #1247, .F. ) ;
#4892 = DATE_TIME_ROLE ( 'classification_date' ) ;
#4893 = CARTESIAN_POINT ( 'NONE',  ( 5.349999999999982769, 12.64656426582178206, -5.080000000000000071 ) ) ;
#4894 = DIRECTION ( 'NONE',  ( -0.0000000000000000000, -1.000000000000000000, 0.0000000000000000000 ) ) ;
#4895 = CARTESIAN_POINT ( 'NONE',  ( 5.299999999999990052, -0.05000000078161020295, 0.5000000000001200151 ) ) ;
#4896 = EDGE_CURVE ( 'NONE', #1496, #3692, #4642, .T. ) ;
#4897 = PERSON_AND_ORGANIZATION ( #1524, #6256 ) ;
#4898 = ORIENTED_EDGE ( 'NONE', *, *, #3027, .T. ) ;
#4899 = CC_DESIGN_APPROVAL ( #3515, ( #1943 ) ) ;
#4900 = CARTESIAN_POINT ( 'NONE',  ( 5.349999999999999645, 11.23499999999999943, 5.080000000000000071 ) ) ;
#4901 = EDGE_CURVE ( 'NONE', #2446, #4267, #3490, .T. ) ;
#4902 = CARTESIAN_POINT ( 'NONE',  ( 5.749999999999845457, 12.69733902327550190, 6.773307792453213239 ) ) ;
#4903 = CARTESIAN_POINT ( 'NONE',  ( 3.451341823677039677, 11.45812853178540891, -5.080000000000000071 ) ) ;
#4904 = DIRECTION ( 'NONE',  ( -1.000000000000000000, 0.0000000000000000000, 0.0000000000000000000 ) ) ;
#4905 = CARTESIAN_POINT ( 'NONE',  ( 5.749999999999999112, 11.93500000000000050, -1.969999999999999973 ) ) ;
#4906 = DIRECTION ( 'NONE',  ( 1.000000000000000000, 0.0000000000000000000, 0.0000000000000000000 ) ) ;
#4907 = ORIENTED_EDGE ( 'NONE', *, *, #3156, .F. ) ;
#4908 = PLANE ( 'NONE',  #6722 ) ;
#4909 = ORIENTED_EDGE ( 'NONE', *, *, #3966, .F. ) ;
#4910 = VECTOR ( 'NONE', #3715, 1000.000000000000000 ) ;
#4911 = DIRECTION ( 'NONE',  ( -1.000000000000000000, 1.171453342316279939E-15, 0.0000000000000000000 ) ) ;
#4912 = VERTEX_POINT ( 'NONE', #4719 ) ;
#4913 = CARTESIAN_POINT ( 'NONE',  ( 9.646410161513776060, -4.625929269271485322E-15, -8.220000000000002416 ) ) ;
#4914 = CARTESIAN_POINT ( 'NONE',  ( 9.555373864405590112, 0.0000000000000000000, 7.195000000000000284 ) ) ;
#4915 = AXIS2_PLACEMENT_3D ( 'NONE', #7017, #7589, #6399 ) ;
#4916 = CARTESIAN_POINT ( 'NONE',  ( 3.689033067547873301, 12.73500000000000121, 0.0000000000000000000 ) ) ;
#4917 = ADVANCED_FACE ( 'NONE', ( #3637 ), #3023, .F. ) ;
#4918 = ORIENTED_EDGE ( 'NONE', *, *, #4714, .F. ) ;
#4919 = ORIENTED_EDGE ( 'NONE', *, *, #7340, .T. ) ;
#4920 = PRODUCT_DEFINITION_SHAPE ( 'NONE', 'NONE',  #7604 ) ;
#4921 = DIRECTION ( 'NONE',  ( 1.000000000000000000, 0.0000000000000000000, 0.0000000000000000000 ) ) ;
#4922 = VERTEX_POINT ( 'NONE', #2450 ) ;
#4923 = VECTOR ( 'NONE', #3032, 1000.000000000000114 ) ;
#4924 = B_SPLINE_CURVE_WITH_KNOTS ( 'NONE', 3,
 ( #4607, #3953, #4026, #1528 ),
 .UNSPECIFIED., .F., .F.,
 ( 4, 4 ),
 ( 7.695742672741190085E-15, 0.0007166189195625507005 ),
 .UNSPECIFIED. ) ;
#4925 = CONICAL_SURFACE ( 'NONE', #7503, 1.898658176322939983, 0.1159019745381328903 ) ;
#4926 = ORIENTED_EDGE ( 'NONE', *, *, #2231, .T. ) ;
#4927 = CARTESIAN_POINT ( 'NONE',  ( 5.749999999999304556, 12.66838590191671443, 1.709697409983178318 ) ) ;
#4928 = FACE_OUTER_BOUND ( 'NONE', #2683, .T. ) ;
#4929 = CC_DESIGN_PERSON_AND_ORGANIZATION_ASSIGNMENT ( #7311, #847, ( #4161 ) ) ;
#4930 = AXIS2_PLACEMENT_3D ( 'NONE', #127, #280, #7239 ) ;
#4931 = DIRECTION ( 'NONE',  ( 1.000000000000000000, 0.0000000000000000000, 0.0000000000000000000 ) ) ;
#4932 = VECTOR ( 'NONE', #2035, 1000.000000000000000 ) ;
#4933 = APPROVAL_ROLE ( '' ) ;
#4934 = ORIENTED_EDGE ( 'NONE', *, *, #5512, .F. ) ;
#4935 = PLANE ( 'NONE',  #4309 ) ;
#4936 = CIRCLE ( 'NONE', #23, 0.2000000000000000944 ) ;
#4937 = CARTESIAN_POINT ( 'NONE',  ( 7.993234973611840211, 14.00000000000000000, 7.620000000000000107 ) ) ;
#4938 = VECTOR ( 'NONE', #3011, 1000.000000000000000 ) ;
#4939 = EDGE_CURVE ( 'NONE', #3485, #2505, #887, .T. ) ;
#4940 = DIRECTION ( 'NONE',  ( 1.000000000000000000, -9.854725885015578669E-16, 0.0000000000000000000 ) ) ;
#4941 = DIRECTION ( 'NONE',  ( -1.000000000000000000, 0.0000000000000000000, -0.0000000000000000000 ) ) ;
#4942 = APPROVAL_STATUS ( 'not_yet_approved' ) ;
#4943 = VECTOR ( 'NONE', #4951, 1000.000000000000000 ) ;
#4944 = VERTEX_POINT ( 'NONE', #636 ) ;
#4945 = CARTESIAN_POINT ( 'NONE',  ( 8.085622008323797516, 12.64656426582414461, 6.288992099810590375 ) ) ;
#4946 = PLANE ( 'NONE',  #1585 ) ;
#4947 = LINE ( 'NONE', #7287, #5551 ) ;
#4948 = ADVANCED_FACE ( 'NONE', ( #5333, #7067, #1780, #5252 ), #6565, .T. ) ;
#4949 = PLANE ( 'NONE',  #7492 ) ;
#4950 = EDGE_CURVE ( 'NONE', #1647, #5563, #4084, .T. ) ;
#4951 = DIRECTION ( 'NONE',  ( -3.402072636419584386E-15, 0.9805806756909202226, 0.1961161351381837115 ) ) ;
#4952 = CARTESIAN_POINT ( 'NONE',  ( 5.750000000000001776, 12.64656426582888926, 6.794246796764878304 ) ) ;
#4953 = CARTESIAN_POINT ( 'NONE',  ( 2.033826859021839795, 6.599999999999999645, -8.025000000000080291 ) ) ;
#4954 = ADVANCED_FACE ( 'NONE', ( #6454 ), #5838, .F. ) ;
#4955 =( BOUNDED_SURFACE ( )  B_SPLINE_SURFACE ( 3, 3, ( 
 ( #1052, #5717, #5641, #439 ),
 ( #2796, #4018, #5136, #5213 ),
 ( #7478, #6986, #2208, #4561 ),
 ( #7555, #938, #5754, #475 ) ),
 .UNSPECIFIED., .F., .F., .F. ) 
 B_SPLINE_SURFACE_WITH_KNOTS ( ( 4, 4 ),
 ( 4, 4 ),
 ( 0.0000000000000000000, 1.000000000000000000 ),
 ( 0.0000000000000000000, 1.000000000000000000 ),
 .UNSPECIFIED. ) 
 GEOMETRIC_REPRESENTATION_ITEM ( )  RATIONAL_B_SPLINE_SURFACE ( (
 ( 1.000000000000000000, 0.3333333333333334259, 0.3333333333333334259, 1.000000000000000000),
 ( 0.9988808742757321335, 0.3329602914252441370, 0.3329602914252441370, 0.9988808742757321335),
 ( 0.9988808742757321335, 0.3329602914252441370, 0.3329602914252441370, 0.9988808742757321335),
 ( 1.000000000000000000, 0.3333333333333334259, 0.3333333333333334259, 1.000000000000000000) ) ) 
 REPRESENTATION_ITEM ( '' )  SURFACE ( )  );
#4956 = ORIENTED_EDGE ( 'NONE', *, *, #809, .T. ) ;
#4957 = CARTESIAN_POINT ( 'NONE',  ( 9.449999999999999289, 0.0000000000000000000, -2.540000000000000036 ) ) ;
#4958 = ORIENTED_EDGE ( 'NONE', *, *, #7013, .F. ) ;
#4959 = DIRECTION ( 'NONE',  ( 1.171453342316279939E-15, 1.000000000000000000, -0.0000000000000000000 ) ) ;
#4960 = ORIENTED_EDGE ( 'NONE', *, *, #6641, .T. ) ;
#4961 = VERTEX_POINT ( 'NONE', #7141 ) ;
#4962 = DIRECTION ( 'NONE',  ( -1.171453342316279939E-15, -1.000000000000000000, 0.0000000000000000000 ) ) ;
#4963 = EDGE_CURVE ( 'NONE', #2616, #2067, #556, .T. ) ;
#4964 = CARTESIAN_POINT ( 'NONE',  ( 4.195177833015006463, 12.73500000000000298, -1.442761435875965947 ) ) ;
#4965 = ORIENTED_EDGE ( 'NONE', *, *, #4809, .T. ) ;
#4966 = ORIENTED_EDGE ( 'NONE', *, *, #5100, .F. ) ;
#4967 = CARTESIAN_POINT ( 'NONE',  ( 4.950000000003960565, 12.65427415702094116, 1.713010294741000861 ) ) ;
#4968 = EDGE_LOOP ( 'NONE', ( #66, #1945, #2519, #7536, #7566, #157 ) ) ;
#4969 = ORIENTED_EDGE ( 'NONE', *, *, #5000, .T. ) ;
#4970 = CARTESIAN_POINT ( 'NONE',  ( 3.635702501169019385, 12.73500000000000298, -5.080000000000001847 ) ) ;
#4971 = PLANE ( 'NONE',  #5804 ) ;
#4972 = CARTESIAN_POINT ( 'NONE',  ( 7.049999999999684519, 11.23499999999999766, 1.680000000000611893 ) ) ;
#4973 = COORDINATED_UNIVERSAL_TIME_OFFSET ( 0, 0, .AHEAD. ) ;
#4974 = VERTEX_POINT ( 'NONE', #4217 ) ;
#4975 = DIRECTION ( 'NONE',  ( 1.000000000000000000, -9.854725885015578669E-16, 0.0000000000000000000 ) ) ;
#4976 = CARTESIAN_POINT ( 'NONE',  ( 4.500000000000000000, -2.700000000000009948, 4.580000000000001847 ) ) ;
#4977 =( BOUNDED_CURVE ( )  B_SPLINE_CURVE ( 3, ( #3675, #2603, #7212, #5405 ),
 .UNSPECIFIED., .F., .T. ) 
 B_SPLINE_CURVE_WITH_KNOTS ( ( 4, 4 ),
 ( 0.0000000000000000000, 1.000000000000000000 ),
 .UNSPECIFIED. ) 
 CURVE ( )  GEOMETRIC_REPRESENTATION_ITEM ( )  RATIONAL_B_SPLINE_CURVE ( ( 1.000000000000000000, 0.3333333333333332038, 0.3333333333333332038, 1.000000000000000000 ) ) 
 REPRESENTATION_ITEM ( '' )  );
#4978 = PLANE ( 'NONE',  #622 ) ;
#4979 = CARTESIAN_POINT ( 'NONE',  ( 4.499999999999990230, -0.05000000078161515038, 5.580000000000091553 ) ) ;
#4980 = MECHANICAL_CONTEXT ( 'NONE', #639, 'mechanical' ) ;
#4981 = VERTEX_POINT ( 'NONE', #1817 ) ;
#4982 = CARTESIAN_POINT ( 'NONE',  ( 5.712622210152577651, 12.73499999999999943, 6.755506206254403345 ) ) ;
#4983 = DIRECTION ( 'NONE',  ( -1.171453342316279939E-15, -1.000000000000000000, 0.0000000000000000000 ) ) ;
#4984 = CARTESIAN_POINT ( 'NONE',  ( 5.749999999999869438, 12.73279737082328467, 6.716456345332686872 ) ) ;
#4985 = DIRECTION ( 'NONE',  ( -1.000000000000000000, 0.0000000000000000000, 0.0000000000000000000 ) ) ;
#4986 = CARTESIAN_POINT ( 'NONE',  ( 4.949999999999999289, 11.93499999999671601, -1.799211327335755950 ) ) ;
#4987 = DIRECTION ( 'NONE',  ( 1.000000000000000000, -9.411788633734757522E-16, 0.0000000000000000000 ) ) ;
#4988 = CARTESIAN_POINT ( 'NONE',  ( 0.8320428331024306567, 2.168404344971008868E-16, 7.000000000000000888 ) ) ;
#4989 = ORIENTED_EDGE ( 'NONE', *, *, #373, .F. ) ;
#4990 = DIRECTION ( 'NONE',  ( 0.0000000000000000000, -0.9805806756909201116, -0.1961161351381840168 ) ) ;
#4991 = ADVANCED_FACE ( 'NONE', ( #5219 ), #7033, .T. ) ;
#4992 = ORIENTED_EDGE ( 'NONE', *, *, #513, .T. ) ;
#4993 = DIRECTION ( 'NONE',  ( -0.6666666666666659635, -0.6666666666666670737, -0.3333333333333337589 ) ) ;
#4994 = ORIENTED_EDGE ( 'NONE', *, *, #2769, .F. ) ;
#4995 = EDGE_CURVE ( 'NONE', #4840, #676, #3101, .T. ) ;
#4996 = ORIENTED_EDGE ( 'NONE', *, *, #3499, .F. ) ;
#4997 = DIRECTION ( 'NONE',  ( 1.000000000000000000, 0.0000000000000000000, 1.794541526872530066E-14 ) ) ;
#4998 = LINE ( 'NONE', #7341, #5517 ) ;
#4999 = EDGE_LOOP ( 'NONE', ( #4031, #3923, #7306, #4655 ) ) ;
#5000 = EDGE_CURVE ( 'NONE', #2967, #3748, #4504, .T. ) ;
#5001 = VERTEX_POINT ( 'NONE', #5569 ) ;
#5002 = ORIENTED_EDGE ( 'NONE', *, *, #3087, .F. ) ;
#5003 = ORIENTED_EDGE ( 'NONE', *, *, #2365, .T. ) ;
#5004 = EDGE_CURVE ( 'NONE', #5001, #304, #635, .T. ) ;
#5005 = CARTESIAN_POINT ( 'NONE',  ( 5.749999999997323030, 12.71935702003381508, -6.748631667042421789 ) ) ;
#5006 = DIRECTION ( 'NONE',  ( 1.000000000000000000, -3.338853781347929776E-28, 1.794541526872530066E-14 ) ) ;
#5007 = AXIS2_PLACEMENT_3D ( 'NONE', #3984, #7027, #6367 ) ;
#5008 = CARTESIAN_POINT ( 'NONE',  ( 4.949999999999989519, 12.73499999999999943, 0.0000000000000000000 ) ) ;
#5009 = SECURITY_CLASSIFICATION_LEVEL ( 'unclassified' ) ;
#5010 = VECTOR ( 'NONE', #1896, 1000.000000000000000 ) ;
#5011 = CARTESIAN_POINT ( 'NONE',  ( 3.451341823670963649, 11.45812853167897671, 8.877316352658057852 ) ) ;
#5012 = EDGE_LOOP ( 'NONE', ( #3350, #907, #2568, #3712, #5387, #6730, #5538, #510, #7514, #1445, #7189, #7082, #3760, #1066, #5585, #3262, #1352, #1287, #3986 ) ) ;
#5013 = CARTESIAN_POINT ( 'NONE',  ( 1.799999999999999600, 6.799999999999999822, -7.620000000000000107 ) ) ;
#5014 = LINE ( 'NONE', #775, #3707 ) ;
#5015 = VECTOR ( 'NONE', #4211, 1000.000000000000000 ) ;
#5016 = CARTESIAN_POINT ( 'NONE',  ( 4.499999999999989342, -0.05000000078161515038, -4.579999999999913918 ) ) ;
#5017 = DIRECTION ( 'NONE',  ( 2.501911041408800138E-16, 1.000000000000000000, -0.0000000000000000000 ) ) ;
#5018 = PERSON ( 'NAUO-PER1', 'UNSPECIFIED', 'UNSPECIFIED', ('UNSPECIFIED'), ('UNSPECIFIED'), ('UNSPECIFIED') ) ;
#5019 = EDGE_CURVE ( 'NONE', #5142, #1755, #7325, .T. ) ;
#5020 = ORIENTED_EDGE ( 'NONE', *, *, #2654, .T. ) ;
#5021 = VECTOR ( 'NONE', #4855, 999.9999999999998863 ) ;
#5022 = CARTESIAN_POINT ( 'NONE',  ( 5.749999999997323030, 12.71935702003381685, -1.668631667042420386 ) ) ;
#5023 = CARTESIAN_POINT ( 'NONE',  ( 8.699999999999999289, 6.599999999999991651, -7.620000000000000107 ) ) ;
#5024 = CARTESIAN_POINT ( 'NONE',  ( 4.950000000000000178, 12.40938025448233084, 1.742602432482177388 ) ) ;
#5025 = LINE ( 'NONE', #1659, #5810 ) ;
#5026 = PRODUCT_DEFINITION ( 'UNKNOWN', '', #1698, #3622 ) ;
#5027 = CARTESIAN_POINT ( 'NONE',  ( 7.325000000000000178, 13.99999999999999822, -5.080000000000000071 ) ) ;
#5028 = PLANE ( 'NONE',  #4451 ) ;
#5029 = ORIENTED_EDGE ( 'NONE', *, *, #338, .T. ) ;
#5030 = DIRECTION ( 'NONE',  ( -1.000000000000000000, 9.136576017758483468E-16, 0.0000000000000000000 ) ) ;
#5031 = EDGE_LOOP ( 'NONE', ( #6299, #5600, #2378, #4886 ) ) ;
#5032 = DIRECTION ( 'NONE',  ( 1.000000000000000000, 0.0000000000000000000, 0.0000000000000000000 ) ) ;
#5033 = LOCAL_TIME ( 21, 42, 48.00000000000000000, #5394 ) ;
#5034 = B_SPLINE_CURVE_WITH_KNOTS ( 'NONE', 3,
 ( #6902, #5711, #7434, #3861 ),
 .UNSPECIFIED., .F., .F.,
 ( 4, 4 ),
 ( 2.734154237450285287E-15, 0.0007166189195523935693 ),
 .UNSPECIFIED. ) ;
#5035 = ORIENTED_EDGE ( 'NONE', *, *, #4797, .T. ) ;
#5036 = CARTESIAN_POINT ( 'NONE',  ( 4.949999999999999289, 11.93499999999701977, 6.879211327335720938 ) ) ;
#5037 = DIRECTION ( 'NONE',  ( 0.0000000000000000000, -0.0000000000000000000, -1.000000000000000000 ) ) ;
#5038 = EDGE_CURVE ( 'NONE', #6048, #186, #401, .T. ) ;
#5039 = CARTESIAN_POINT ( 'NONE',  ( 4.950000000000000178, 12.64914866789670000, 6.793937828364315479 ) ) ;
#5040 = CARTESIAN_POINT ( 'NONE',  ( 9.449999999999999289, 6.599999999999999645, -2.540000000000000036 ) ) ;
#5041 = VERTEX_POINT ( 'NONE', #4334 ) ;
#5042 = ORIENTED_EDGE ( 'NONE', *, *, #2029, .T. ) ;
#5043 = ORIENTED_EDGE ( 'NONE', *, *, #2358, .T. ) ;
#5044 = CARTESIAN_POINT ( 'NONE',  ( 5.750000000000000000, 12.73499999999999943, -6.703854585596242366 ) ) ;
#5045 = CARTESIAN_POINT ( 'NONE',  ( 5.300000000000014921, -4.770489558936219510E-15, -5.584196010977176883 ) ) ;
#5046 = VECTOR ( 'NONE', #6469, 1000.000000000000000 ) ;
#5047 = EDGE_CURVE ( 'NONE', #4034, #6613, #2604, .T. ) ;
#5048 = ADVANCED_FACE ( 'NONE', ( #2013 ), #746, .T. ) ;
#5049 = DIRECTION ( 'NONE',  ( 1.000000000000000000, -1.084202172485509956E-15, 0.0000000000000000000 ) ) ;
#5050 = EDGE_CURVE ( 'NONE', #1949, #2621, #172, .T. ) ;
#5051 = VECTOR ( 'NONE', #2304, 1000.000000000000000 ) ;
#5052 = LINE ( 'NONE', #3889, #1478 ) ;
#5053 = EDGE_LOOP ( 'NONE', ( #468, #6721, #6074, #6560 ) ) ;
#5054 = DIRECTION ( 'NONE',  ( 0.0000000000000000000, 1.000000000000000000, 0.0000000000000000000 ) ) ;
#5055 = CARTESIAN_POINT ( 'NONE',  ( 4.973902936676230624, 12.73500000000000121, -3.407466917084829738 ) ) ;
#5056 = CIRCLE ( 'NONE', #1843, 0.1999999999999996503 ) ;
#5057 = CARTESIAN_POINT ( 'NONE',  ( 5.299999999999999822, -3.700000000000009948, 0.08000000000000019595 ) ) ;
#5058 = FACE_OUTER_BOUND ( 'NONE', #1241, .T. ) ;
#5059 = EDGE_CURVE ( 'NONE', #7271, #6631, #249, .T. ) ;
#5060 = COORDINATED_UNIVERSAL_TIME_OFFSET ( 0, 0, .AHEAD. ) ;
#5061 = ORIENTED_EDGE ( 'NONE', *, *, #6612, .F. ) ;
#5062 = AXIS2_PLACEMENT_3D ( 'NONE', #6129, #6059, #3048 ) ;
#5063 = CIRCLE ( 'NONE', #7025, 0.3000000000000000444 ) ;
#5064 = LINE ( 'NONE', #7322, #5281 ) ;
#5065 = DIRECTION ( 'NONE',  ( -1.000000000000000000, 0.0000000000000000000, 0.0000000000000000000 ) ) ;
#5066 = CARTESIAN_POINT ( 'NONE',  ( 4.949999999999989519, 12.73499999999999943, 5.080000000000000071 ) ) ;
#5067 = LINE ( 'NONE', #4560, #3841 ) ;
#5068 = VECTOR ( 'NONE', #953, 1000.000000000000000 ) ;
#5069 = CARTESIAN_POINT ( 'NONE',  ( 8.289638583737172439, 13.74631306408208964, 7.620000000000000107 ) ) ;
#5070 = CARTESIAN_POINT ( 'NONE',  ( 3.689038437082761579, 12.73500000000000121, 5.079999993485741605 ) ) ;
#5071 = ORIENTED_EDGE ( 'NONE', *, *, #3087, .T. ) ;
#5072 = CARTESIAN_POINT ( 'NONE',  ( 7.325000000000000178, 11.23499999999999943, 0.0000000000000000000 ) ) ;
#5073 = VERTEX_POINT ( 'NONE', #2052 ) ;
#5074 = AXIS2_PLACEMENT_3D ( 'NONE', #7103, #2949, #7600 ) ;
#5075 = CARTESIAN_POINT ( 'NONE',  ( 1.810000000000000053, 6.599999999999999645, 7.620000000000000107 ) ) ;
#5076 = ORIENTED_EDGE ( 'NONE', *, *, #2159, .F. ) ;
#5077 = CARTESIAN_POINT ( 'NONE',  ( 4.950000000000678746, 12.73298944267163257, 6.715789504932165421 ) ) ;
#5078 = DIRECTION ( 'NONE',  ( -2.501911041408800138E-16, -1.000000000000000000, 0.0000000000000000000 ) ) ;
#5079 = CARTESIAN_POINT ( 'NONE',  ( 5.749999999997323030, 12.71935702003381685, -1.668631667042420386 ) ) ;
#5080 = LINE ( 'NONE', #7420, #1330 ) ;
#5081 = EDGE_LOOP ( 'NONE', ( #1169, #7112, #3339, #4685, #3726, #6333, #3368, #3228 ) ) ;
#5082 = VERTEX_POINT ( 'NONE', #1977 ) ;
#5083 = ORIENTED_EDGE ( 'NONE', *, *, #4857, .T. ) ;
#5084 = FACE_OUTER_BOUND ( 'NONE', #1462, .T. ) ;
#5085 = LINE ( 'NONE', #6927, #252 ) ;
#5086 = LINE ( 'NONE', #5626, #3907 ) ;
#5087 = EDGE_CURVE ( 'NONE', #3516, #3692, #6248, .T. ) ;
#5088 = EDGE_CURVE ( 'NONE', #7330, #5786, #1436, .T. ) ;
#5089 = DIRECTION ( 'NONE',  ( -0.0000000000000000000, 0.9805806756909201116, 0.1961161351381840168 ) ) ;
#5090 = ORIENTED_EDGE ( 'NONE', *, *, #5004, .T. ) ;
#5091 = FACE_OUTER_BOUND ( 'NONE', #442, .T. ) ;
#5092 = CARTESIAN_POINT ( 'NONE',  ( 7.249552224325725547, 11.45044927442902605, -3.799104448651466015 ) ) ;
#5093 = CARTESIAN_POINT ( 'NONE',  ( 5.749999999999992895, 12.73499999999999943, 6.692082860990527848 ) ) ;
#5094 = DIRECTION ( 'NONE',  ( 0.0000000000000000000, -0.0000000000000000000, -1.000000000000000000 ) ) ;
#5095 = PERSON_AND_ORGANIZATION ( #1524, #6256 ) ;
#5096 = ORIENTED_EDGE ( 'NONE', *, *, #4200, .T. ) ;
#5097 = ADVANCED_FACE ( 'NONE', ( #3790 ), #864, .F. ) ;
#5098 = CARTESIAN_POINT ( 'NONE',  ( 0.9446261355944070015, 8.673617379884035472E-16, 7.195000000000000284 ) ) ;
#5099 = CYLINDRICAL_SURFACE ( 'NONE', #7268, 0.2999999999999999334 ) ;
#5100 = EDGE_CURVE ( 'NONE', #266, #871, #3802, .T. ) ;
#5101 = CARTESIAN_POINT ( 'NONE',  ( 10.25000000000000000, 6.200000000000000178, 7.620000000000000107 ) ) ;
#5102 = DIRECTION ( 'NONE',  ( -1.171453342316279939E-15, -1.000000000000000000, -0.0000000000000000000 ) ) ;
#5103 = EDGE_LOOP ( 'NONE', ( #1146, #6840, #6795, #4384 ) ) ;
#5104 = DIRECTION ( 'NONE',  ( -0.6666666666666660745, -0.6666666666666671848, 0.3333333333333335924 ) ) ;
#5105 = ORIENTED_EDGE ( 'NONE', *, *, #5709, .F. ) ;
#5106 = CARTESIAN_POINT ( 'NONE',  ( 5.750000000000000888, 11.93499999999675154, 1.799211327335742849 ) ) ;
#5107 = DIRECTION ( 'NONE',  ( 1.000000000000000000, 0.0000000000000000000, -0.0000000000000000000 ) ) ;
#5108 = CARTESIAN_POINT ( 'NONE',  ( 4.985603046709011998, 12.73499999999999943, 3.459498222422558111 ) ) ;
#5109 = LINE ( 'NONE', #7450, #6905 ) ;
#5110 = LINE ( 'NONE', #5040, #4038 ) ;
#5111 = ORIENTED_EDGE ( 'NONE', *, *, #6519, .T. ) ;
#5112 = ORIENTED_EDGE ( 'NONE', *, *, #2792, .T. ) ;
#5113 = ORIENTED_EDGE ( 'NONE', *, *, #385, .T. ) ;
#5114 = FACE_OUTER_BOUND ( 'NONE', #5346, .T. ) ;
#5115 = CARTESIAN_POINT ( 'NONE',  ( 5.349999999999989875, 12.73499999999999943, 5.080000000000000071 ) ) ;
#5116 = CARTESIAN_POINT ( 'NONE',  ( 5.749999999996039612, 12.65427415702093761, 3.366989705259003429 ) ) ;
#5117 = CARTESIAN_POINT ( 'NONE',  ( 8.014137117667727850, 12.73499999999999410, 6.257399771705302705 ) ) ;
#5118 = AXIS2_PLACEMENT_3D ( 'NONE', #6873, #3374, #5030 ) ;
#5119 = CARTESIAN_POINT ( 'NONE',  ( 10.25000000000000000, 0.0000000000000000000, 7.620000000000000107 ) ) ;
#5120 = VERTEX_POINT ( 'NONE', #4251 ) ;
#5121 = AXIS2_PLACEMENT_3D ( 'NONE', #5533, #142, #6604 ) ;
#5122 = CARTESIAN_POINT ( 'NONE',  ( 4.500000000000006217, -2.700000000000333689, 4.580000000000067573 ) ) ;
#5123 = LINE ( 'NONE', #5163, #3221 ) ;
#5124 = CARTESIAN_POINT ( 'NONE',  ( 5.750000000000001776, 12.73499999999999943, 6.696418486921939639 ) ) ;
#5125 = EDGE_CURVE ( 'NONE', #1561, #7423, #784, .T. ) ;
#5126 = CARTESIAN_POINT ( 'NONE',  ( 9.250000000000000000, 5.199999999999998401, 6.379999999999991012 ) ) ;
#5127 = VECTOR ( 'NONE', #747, 1000.000000000000114 ) ;
#5128 = APPROVAL_STATUS ( 'not_yet_approved' ) ;
#5129 = ORIENTED_EDGE ( 'NONE', *, *, #4860, .F. ) ;
#5130 = CARTESIAN_POINT ( 'NONE',  ( 3.650000000000295231, 11.23500000000000121, 0.0000000000000000000 ) ) ;
#5131 = CARTESIAN_POINT ( 'NONE',  ( 3.635702497768276586, 12.73499999999999943, 0.8361755470481563313 ) ) ;
#5132 = VECTOR ( 'NONE', #6945, 1000.000000000000000 ) ;
#5133 = PLANE ( 'NONE',  #6910 ) ;
#5134 = ADVANCED_FACE ( 'NONE', ( #472 ), #3943, .T. ) ;
#5135 = ADVANCED_FACE ( 'NONE', ( #3255 ), #5133, .T. ) ;
#5136 = CARTESIAN_POINT ( 'NONE',  ( 3.450447775674257311, 11.45044927442903138, -8.879104448651466086 ) ) ;
#5137 = ORIENTED_EDGE ( 'NONE', *, *, #7120, .F. ) ;
#5138 = CIRCLE ( 'NONE', #6123, 0.3000000000000000444 ) ;
#5139 = EDGE_CURVE ( 'NONE', #2737, #5417, #7366, .T. ) ;
#5140 = DIRECTION ( 'NONE',  ( 1.000000000000000000, 0.0000000000000000000, 0.0000000000000000000 ) ) ;
#5141 = ORIENTED_EDGE ( 'NONE', *, *, #1373, .F. ) ;
#5142 = VERTEX_POINT ( 'NONE', #5753 ) ;
#5143 = DIRECTION ( 'NONE',  ( -1.000000000000000000, -0.0000000000000000000, -0.0000000000000000000 ) ) ;
#5144 = CARTESIAN_POINT ( 'NONE',  ( 4.949999999999999289, 12.64656426582933335, 6.794246796768621088 ) ) ;
#5145 = CARTESIAN_POINT ( 'NONE',  ( 5.749999999999999112, 11.93500000000000050, 3.109999999999999876 ) ) ;
#5146 = CARTESIAN_POINT ( 'NONE',  ( 4.500000000000006217, -2.700000000000270628, -5.579999999999944116 ) ) ;
#5147 = FACE_OUTER_BOUND ( 'NONE', #2019, .T. ) ;
#5148 = ORIENTED_EDGE ( 'NONE', *, *, #2064, .T. ) ;
#5149 = ORIENTED_EDGE ( 'NONE', *, *, #342, .F. ) ;
#5150 = CC_DESIGN_APPROVAL ( #1393, ( #5919 ) ) ;
#5151 = ORIENTED_EDGE ( 'NONE', *, *, #2159, .T. ) ;
#5152 = FACE_OUTER_BOUND ( 'NONE', #916, .T. ) ;
#5153 = DIRECTION ( 'NONE',  ( 1.000000000000000000, -9.854725885015578669E-16, 0.0000000000000000000 ) ) ;
#5154 = ADVANCED_FACE ( 'NONE', ( #1018 ), #5640, .T. ) ;
#5155 = AXIS2_PLACEMENT_3D ( 'NONE', #3263, #874, #983 ) ;
#5156 = DIRECTION ( 'NONE',  ( 2.501911041408800138E-16, 1.000000000000000000, -0.0000000000000000000 ) ) ;
#5157 = CALENDAR_DATE ( 2019, 21, 10 ) ;
#5158 = CARTESIAN_POINT ( 'NONE',  ( 3.649999999999990141, 11.43500000000000227, 5.080000000000000071 ) ) ;
#5159 = AXIS2_PLACEMENT_3D ( 'NONE', #4793, #5951, #1205 ) ;
#5160 = CARTESIAN_POINT ( 'NONE',  ( 3.650000000000416911, 11.23500000000000121, 5.080000000000000959 ) ) ;
#5161 = ORIENTED_EDGE ( 'NONE', *, *, #4857, .F. ) ;
#5162 = CARTESIAN_POINT ( 'NONE',  ( 1.810000000000000053, -3.469446951953614189E-15, 7.620000000000000107 ) ) ;
#5163 = CARTESIAN_POINT ( 'NONE',  ( 10.25000000000000000, 6.799999999999999822, 3.279999999999999805 ) ) ;
#5164 = CARTESIAN_POINT ( 'NONE',  ( 3.450447775674257311, 11.45044927442903138, 1.280895551348535166 ) ) ;
#5165 = CARTESIAN_POINT ( 'NONE',  ( 3.449999999999989075, 11.31784271247447826, 5.080000000000000959 ) ) ;
#5166 = AXIS2_PLACEMENT_3D ( 'NONE', #4893, #7237, #4975 ) ;
#5167 = APPROVAL_ROLE ( '' ) ;
#5168 = ORIENTED_EDGE ( 'NONE', *, *, #4244, .T. ) ;
#5169 = ADVANCED_FACE ( 'NONE', ( #2167 ), #2134, .T. ) ;
#5170 = CARTESIAN_POINT ( 'NONE',  ( 7.249999999999991118, 11.43499999999999872, 2.326828918379971365E-16 ) ) ;
#5171 = VECTOR ( 'NONE', #534, 1000.000000000000000 ) ;
#5172 = DIRECTION ( 'NONE',  ( 1.171453342316279939E-15, 1.000000000000000000, 0.0000000000000000000 ) ) ;
#5173 = VECTOR ( 'NONE', #105, 1000.000000000000000 ) ;
#5174 = LINE ( 'NONE', #3371, #5986 ) ;
#5175 =( BOUNDED_SURFACE ( )  B_SPLINE_SURFACE ( 3, 3, ( 
 ( #360, #515, #2760, #1584 ),
 ( #1017, #5131, #3941, #6293 ),
 ( #3370, #5638, #2870, #1625 ),
 ( #5680, #6212, #934, #5751 ) ),
 .UNSPECIFIED., .F., .F., .F. ) 
 B_SPLINE_SURFACE_WITH_KNOTS ( ( 4, 4 ),
 ( 4, 4 ),
 ( 0.0000000000000000000, 1.000000000000000000 ),
 ( 0.0000000000000000000, 1.000000000000000000 ),
 .UNSPECIFIED. ) 
 GEOMETRIC_REPRESENTATION_ITEM ( )  RATIONAL_B_SPLINE_SURFACE ( (
 ( 1.000000000000000000, 0.8538861252928344747, 0.8538861252928344747, 1.000000000000000000),
 ( 0.8312495820436730520, 0.7097924847625600719, 0.7097924847625600719, 0.8312495820436730520),
 ( 0.8312495820436730520, 0.7097924847625600719, 0.7097924847625600719, 0.8312495820436730520),
 ( 1.000000000000000000, 0.8538861252928344747, 0.8538861252928344747, 1.000000000000000000) ) ) 
 REPRESENTATION_ITEM ( '' )  SURFACE ( )  );
#5176 =( BOUNDED_SURFACE ( )  B_SPLINE_SURFACE ( 3, 3, ( 
 ( #2955, #5302, #2415, #6348 ),
 ( #1212, #4841, #5879, #598 ),
 ( #3686, #3029, #2996, #6036 ),
 ( #37, #2377, #5338, #7184 ) ),
 .UNSPECIFIED., .F., .F., .F. ) 
 B_SPLINE_SURFACE_WITH_KNOTS ( ( 4, 4 ),
 ( 4, 4 ),
 ( 0.0000000000000000000, 1.000000000000000000 ),
 ( 0.0000000000000000000, 1.000000000000000000 ),
 .UNSPECIFIED. ) 
 GEOMETRIC_REPRESENTATION_ITEM ( )  RATIONAL_B_SPLINE_SURFACE ( (
 ( 1.000000000000000000, 0.3333333333333332038, 0.3333333333333332038, 1.000000000000000000),
 ( 0.8047378541240031158, 0.2682459513746676127, 0.2682459513746676127, 0.8047378541240031158),
 ( 0.8047378541240031158, 0.2682459513746676127, 0.2682459513746676127, 0.8047378541240031158),
 ( 1.000000000000000000, 0.3333333333333332038, 0.3333333333333332038, 1.000000000000000000) ) ) 
 REPRESENTATION_ITEM ( '' )  SURFACE ( )  );
#5177 = CARTESIAN_POINT ( 'NONE',  ( 4.499999999999979572, -3.700000000000006395, 1.000000000000190070 ) ) ;
#5178 = CIRCLE ( 'NONE', #1235, 0.09999999999999982514 ) ;
#5179 = CIRCLE ( 'NONE', #6658, 1.975000000000000089 ) ;
#5180 = ORIENTED_EDGE ( 'NONE', *, *, #3909, .F. ) ;
#5181 = CARTESIAN_POINT ( 'NONE',  ( 5.749999999999992895, 12.73499999999999943, 6.692082860990527848 ) ) ;
#5182 = ORIENTED_EDGE ( 'NONE', *, *, #2293, .T. ) ;
#5183 = ORIENTED_EDGE ( 'NONE', *, *, #2217, .T. ) ;
#5184 = EDGE_CURVE ( 'NONE', #6125, #6280, #3593, .T. ) ;
#5185 = FACE_OUTER_BOUND ( 'NONE', #1876, .T. ) ;
#5186 = EDGE_CURVE ( 'NONE', #6949, #1874, #5067, .T. ) ;
#5187 = DIRECTION ( 'NONE',  ( -1.000000000000000000, 9.130123557772668088E-16, 0.0000000000000000000 ) ) ;
#5188 = AXIS2_PLACEMENT_3D ( 'NONE', #1292, #4731, #5926 ) ;
#5189 = EDGE_CURVE ( 'NONE', #186, #6719, #6831, .T. ) ;
#5190 = CARTESIAN_POINT ( 'NONE',  ( 5.749999999999992895, 12.73499999999999943, -1.612082860990527999 ) ) ;
#5191 = CARTESIAN_POINT ( 'NONE',  ( 5.749999999999992895, 12.73499999999999943, 1.612082860990527999 ) ) ;
#5192 =( NAMED_UNIT ( * ) PLANE_ANGLE_UNIT ( ) SI_UNIT ( $, .RADIAN. ) );
#5193 = ORIENTED_EDGE ( 'NONE', *, *, #7329, .T. ) ;
#5194 = AXIS2_PLACEMENT_3D ( 'NONE', #2408, #1206, #592 ) ;
#5195 = ORIENTED_EDGE ( 'NONE', *, *, #5325, .F. ) ;
#5196 = ORIENTED_EDGE ( 'NONE', *, *, #5791, .F. ) ;
#5197 = PLANE ( 'NONE',  #7018 ) ;
#5198 = EDGE_CURVE ( 'NONE', #869, #4507, #2829, .T. ) ;
#5199 = DIRECTION ( 'NONE',  ( 1.000000000000000000, 0.0000000000000000000, 0.0000000000000000000 ) ) ;
#5200 = DIRECTION ( 'NONE',  ( 0.0000000000000000000, 0.0000000000000000000, 1.000000000000000000 ) ) ;
#5201 = VERTEX_POINT ( 'NONE', #2720 ) ;
#5202 = EDGE_LOOP ( 'NONE', ( #4467, #3233, #7304, #1869 ) ) ;
#5203 = CARTESIAN_POINT ( 'NONE',  ( 5.750000000000000000, 12.40938025447665893, -6.822602432482845813 ) ) ;
#5204 = CARTESIAN_POINT ( 'NONE',  ( 10.25000000000000000, 6.200000000000002842, -1.800000000000000266 ) ) ;
#5205 = LINE ( 'NONE', #6830, #487 ) ;
#5206 = CARTESIAN_POINT ( 'NONE',  ( 4.950000000000678746, 12.73298944267163257, 6.715789504932165421 ) ) ;
#5207 = CARTESIAN_POINT ( 'NONE',  ( 5.749999999999304556, 12.67827681032246545, -3.375179669261535675 ) ) ;
#5208 = COORDINATED_UNIVERSAL_TIME_OFFSET ( 0, 0, .AHEAD. ) ;
#5209 = ORIENTED_EDGE ( 'NONE', *, *, #2743, .T. ) ;
#5210 = CARTESIAN_POINT ( 'NONE',  ( 7.167157287525207643, 11.23499999999981824, 3.634314575050436869 ) ) ;
#5211 = CARTESIAN_POINT ( 'NONE',  ( 5.349999999999982769, 12.64656426582178206, 0.0000000000000000000 ) ) ;
#5212 = CYLINDRICAL_SURFACE ( 'NONE', #4445, 0.2999999999999999334 ) ;
#5213 = CARTESIAN_POINT ( 'NONE',  ( 3.450447775674257755, 11.45044927442903138, -5.080000000000001847 ) ) ;
#5214 = ORIENTED_EDGE ( 'NONE', *, *, #4522, .T. ) ;
#5215 = PLANE ( 'NONE',  #5007 ) ;
#5216 = ORIENTED_EDGE ( 'NONE', *, *, #1412, .T. ) ;
#5217 = CARTESIAN_POINT ( 'NONE',  ( 10.25000000000000000, 0.0000000000000000000, 7.620000000000000107 ) ) ;
#5218 = CARTESIAN_POINT ( 'NONE',  ( 3.689033065990946714, 12.73500000000000121, 0.7947222752778299038 ) ) ;
#5219 = FACE_OUTER_BOUND ( 'NONE', #2907, .T. ) ;
#5220 = CARTESIAN_POINT ( 'NONE',  ( 5.749999999996039612, 12.65427415702094116, -1.713010294740996420 ) ) ;
#5221 = EDGE_CURVE ( 'NONE', #5932, #367, #5025, .T. ) ;
#5222 = CARTESIAN_POINT ( 'NONE',  ( 4.158098635934760701, 12.73500000000000298, 3.590914171373335240 ) ) ;
#5223 = EDGE_LOOP ( 'NONE', ( #6872, #963, #1019, #725 ) ) ;
#5224 = EDGE_LOOP ( 'NONE', ( #5656, #1603, #1996, #2001 ) ) ;
#5225 = ORIENTED_EDGE ( 'NONE', *, *, #6453, .F. ) ;
#5226 = CARTESIAN_POINT ( 'NONE',  ( 7.249999999999993783, 11.31784271247447471, 8.880000000000004334 ) ) ;
#5227 = FACE_OUTER_BOUND ( 'NONE', #2945, .T. ) ;
#5228 = EDGE_CURVE ( 'NONE', #490, #5424, #2434, .T. ) ;
#5229 = LINE ( 'NONE', #7575, #4524 ) ;
#5230 = EDGE_CURVE ( 'NONE', #6804, #4981, #1553, .T. ) ;
#5231 = CARTESIAN_POINT ( 'NONE',  ( 4.949999999999999289, 11.93500000000000050, 7.040000000000000036 ) ) ;
#5232 = ORIENTED_EDGE ( 'NONE', *, *, #3737, .T. ) ;
#5233 = DIRECTION ( 'NONE',  ( 1.000000000000000000, -9.411788633734757522E-16, 0.0000000000000000000 ) ) ;
#5234 = DIRECTION ( 'NONE',  ( -1.171453342316279939E-15, -1.000000000000000000, 0.0000000000000000000 ) ) ;
#5235 = LINE ( 'NONE', #2310, #3333 ) ;
#5236 = CARTESIAN_POINT ( 'NONE',  ( 4.950000000000000178, 12.40938025448233084, -3.337397567517822683 ) ) ;
#5237 = PERSON_AND_ORGANIZATION ( #1524, #6256 ) ;
#5238 = ORIENTED_EDGE ( 'NONE', *, *, #36, .F. ) ;
#5239 = AXIS2_PLACEMENT_3D ( 'NONE', #3172, #130, #1892 ) ;
#5240 = CARTESIAN_POINT ( 'NONE',  ( 3.449999999999989075, 11.31784271247447826, 0.0000000000000000000 ) ) ;
#5241 = FACE_OUTER_BOUND ( 'NONE', #4639, .T. ) ;
#5242 = AXIS2_PLACEMENT_3D ( 'NONE', #1994, #3734, #1417 ) ;
#5243 = LINE ( 'NONE', #5323, #3328 ) ;
#5244 = CARTESIAN_POINT ( 'NONE',  ( 3.650000000000416911, 11.23500000000000121, -5.080000000000000959 ) ) ;
#5245 = EDGE_CURVE ( 'NONE', #2067, #6644, #3904, .T. ) ;
#5246 = ORIENTED_EDGE ( 'NONE', *, *, #4440, .T. ) ;
#5247 = PLANE ( 'NONE',  #1671 ) ;
#5248 = VECTOR ( 'NONE', #3982, 1000.000000000000000 ) ;
#5249 = VERTEX_POINT ( 'NONE', #6254 ) ;
#5250 = DIRECTION ( 'NONE',  ( 0.8944271909999154113, 0.0000000000000000000, 0.4472135954999587604 ) ) ;
#5251 = CC_DESIGN_PERSON_AND_ORGANIZATION_ASSIGNMENT ( #4629, #2757, ( #4779 ) ) ;
#5252 = FACE_OUTER_BOUND ( 'NONE', #957, .T. ) ;
#5253 = CARTESIAN_POINT ( 'NONE',  ( 8.689999999999999503, 6.599999999999999645, 7.620000000000000107 ) ) ;
#5254 = AXIS2_PLACEMENT_3D ( 'NONE', #4352, #4273, #6163 ) ;
#5255 = CARTESIAN_POINT ( 'NONE',  ( 4.499999999999988454, 4.784159143999949571, 5.580000000000061355 ) ) ;
#5256 = EDGE_LOOP ( 'NONE', ( #6602, #5758, #5811, #1328 ) ) ;
#5257 = VERTEX_POINT ( 'NONE', #3330 ) ;
#5258 = AXIS2_PLACEMENT_3D ( 'NONE', #1531, #1600, #2144 ) ;
#5259 = VERTEX_POINT ( 'NONE', #5681 ) ;
#5260 = EDGE_CURVE ( 'NONE', #2953, #4267, #5486, .T. ) ;
#5261 = ORIENTED_EDGE ( 'NONE', *, *, #6550, .T. ) ;
#5262 = CARTESIAN_POINT ( 'NONE',  ( 10.25000000000000000, 0.0000000000000000000, 7.620000000000000107 ) ) ;
#5263 = CARTESIAN_POINT ( 'NONE',  ( 5.749999999997323030, 12.71935702003381685, 3.411368332957578797 ) ) ;
#5264 = DIRECTION ( 'NONE',  ( 0.0000000000000000000, 1.000000000000000000, 0.0000000000000000000 ) ) ;
#5265 = APPROVAL_PERSON_ORGANIZATION ( #467, #2390, #2200 ) ;
#5266 = DIRECTION ( 'NONE',  ( -1.794541526872530066E-14, -1.794541526872519968E-14, 1.000000000000000000 ) ) ;
#5267 = ORIENTED_EDGE ( 'NONE', *, *, #5059, .F. ) ;
#5268 = ORIENTED_EDGE ( 'NONE', *, *, #4049, .F. ) ;
#5269 = EDGE_CURVE ( 'NONE', #6593, #6949, #5174, .T. ) ;
#5270 = DIRECTION ( 'NONE',  ( -1.000000000000000000, 3.334909476821824268E-28, -1.794541526872530066E-14 ) ) ;
#5271 = DIRECTION ( 'NONE',  ( 1.171453342316279939E-15, 1.000000000000000000, -0.0000000000000000000 ) ) ;
#5272 = EDGE_CURVE ( 'NONE', #3485, #1767, #1586, .T. ) ;
#5273 = CARTESIAN_POINT ( 'NONE',  ( 4.949999999999999289, 12.17219196889117505, 1.770922332791136533 ) ) ;
#5274 = EDGE_CURVE ( 'NONE', #4420, #5580, #74, .T. ) ;
#5275 = FACE_OUTER_BOUND ( 'NONE', #5537, .T. ) ;
#5276 = CARTESIAN_POINT ( 'NONE',  ( 3.532842712474771663, 11.23499999999982180, 8.714314575050439160 ) ) ;
#5277 = DATE_AND_TIME ( #5937, #4044 ) ;
#5278 = ORIENTED_EDGE ( 'NONE', *, *, #5843, .F. ) ;
#5279 = CARTESIAN_POINT ( 'NONE',  ( 5.750000000000000000, 12.40938025447665893, -1.742602432482845520 ) ) ;
#5280 = CARTESIAN_POINT ( 'NONE',  ( 3.650000000000294342, 11.23500000000000121, 3.399999999999391509 ) ) ;
#5281 = VECTOR ( 'NONE', #859, 1000.000000000000000 ) ;
#5282 = EDGE_CURVE ( 'NONE', #6262, #7107, #201, .T. ) ;
#5283 = DIRECTION ( 'NONE',  ( -1.734723475976807410E-14, 0.0000000000000000000, 1.000000000000000000 ) ) ;
#5284 = CARTESIAN_POINT ( 'NONE',  ( 10.25000000000000000, 6.799999999999999822, -7.620000000000000107 ) ) ;
#5285 = ORIENTED_EDGE ( 'NONE', *, *, #2792, .F. ) ;
#5286 = CARTESIAN_POINT ( 'NONE',  ( 5.299999999999995381, -4.770489558936219510E-15, 0.5041960109772708476 ) ) ;
#5287 = VECTOR ( 'NONE', #2362, 1000.000000000000000 ) ;
#5288 = VECTOR ( 'NONE', #1837, 1000.000000000000000 ) ;
#5289 = ORIENTED_EDGE ( 'NONE', *, *, #3909, .T. ) ;
#5290 = CARTESIAN_POINT ( 'NONE',  ( 9.299999999999998934, 6.599999999999999645, -7.620000000000000107 ) ) ;
#5291 = CARTESIAN_POINT ( 'NONE',  ( 2.146410161513770287, 6.599999999999999645, -8.220000000000000639 ) ) ;
#5292 = CARTESIAN_POINT ( 'NONE',  ( 7.993234973611840211, 13.69999999999999929, -7.620000000000000107 ) ) ;
#5293 = CIRCLE ( 'NONE', #4562, 1.760296020627533320 ) ;
#5295 = VECTOR ( 'NONE', #214, 1000.000000000000000 ) ;
#5294 = FACE_OUTER_BOUND ( 'NONE', #3769, .T. ) ;
#5296 = CARTESIAN_POINT ( 'NONE',  ( 3.595871267845516250, 12.69953703112280508, -3.436474288652029066E-09 ) ) ;
#5297 = VERTEX_POINT ( 'NONE', #7181 ) ;
#5298 = CC_DESIGN_DATE_AND_TIME_ASSIGNMENT ( #4428, #2628, ( #1399 ) ) ;
#5299 = ORIENTED_EDGE ( 'NONE', *, *, #6324, .T. ) ;
#5300 = B_SPLINE_CURVE_WITH_KNOTS ( 'NONE', 3,
 ( #6344, #3358, #2779, #2152, #345, #4542, #2664, #1537, #6929, #308, #3274, #3239, #5116, #456, #5590, #1574 ),
 .UNSPECIFIED., .F., .F.,
 ( 4, 3, 3, 3, 3, 4 ),
 ( 0.0000000000000000000, 3.531517381802549396E-05, 7.066450543868435475E-05, 0.0001054618491194714844, 0.0001392987215172478512, 0.0001469974402523181647 ),
 .UNSPECIFIED. ) ;
#5301 = VECTOR ( 'NONE', #5954, 1000.000000000000114 ) ;
#5302 = CARTESIAN_POINT ( 'NONE',  ( 3.449999999999990408, 11.43500000000000583, -1.279999999999998472 ) ) ;
#5303 = AXIS2_PLACEMENT_3D ( 'NONE', #1859, #2946, #5331 ) ;
#5304 = EDGE_LOOP ( 'NONE', ( #270, #3920, #4063, #6750 ) ) ;
#5305 = ORIENTED_EDGE ( 'NONE', *, *, #195, .F. ) ;
#5306 = CARTESIAN_POINT ( 'NONE',  ( 2.146410161513769843, 6.599999999999999645, -8.220000000000000639 ) ) ;
#5307 = CARTESIAN_POINT ( 'NONE',  ( 5.749999999999992895, 12.73499999999999943, 3.467917139009472294 ) ) ;
#5308 = AXIS2_PLACEMENT_3D ( 'NONE', #7477, #2207, #6183 ) ;
#5309 = CARTESIAN_POINT ( 'NONE',  ( 4.500000000000000000, -3.700000000000009948, -0.2999999999999999889 ) ) ;
#5310 = VERTEX_POINT ( 'NONE', #3757 ) ;
#5311 = ORIENTED_EDGE ( 'NONE', *, *, #1878, .F. ) ;
#5312 = CARTESIAN_POINT ( 'NONE',  ( 10.25000000000000000, 6.799999999999999822, 6.879999999999999893 ) ) ;
#5313 = DIRECTION ( 'NONE',  ( 3.334909476821824268E-28, 1.000000000000000000, 5.984633544517506745E-42 ) ) ;
#5314 = CARTESIAN_POINT ( 'NONE',  ( 4.500000000000000888, 0.0000000000000000000, 7.620000000000000107 ) ) ;
#5315 = CARTESIAN_POINT ( 'NONE',  ( 5.299999999999995381, -0.05000000078161231931, 0.5000000000001281197 ) ) ;
#5316 = CARTESIAN_POINT ( 'NONE',  ( 5.299999999999990052, -0.05000000078162009781, 0.8000000000001363798 ) ) ;
#5317 = ADVANCED_FACE ( 'NONE', ( #2017 ), #5956, .F. ) ;
#5318 = PERSON_AND_ORGANIZATION_ROLE ( 'creator' ) ;
#5319 = ADVANCED_FACE ( 'NONE', ( #2454 ), #1920, .T. ) ;
#5320 = ORIENTED_EDGE ( 'NONE', *, *, #5430, .F. ) ;
#5321 = FACE_OUTER_BOUND ( 'NONE', #7465, .T. ) ;
#5322 = DIRECTION ( 'NONE',  ( -1.734723475976806779E-14, 0.0000000000000000000, 1.000000000000000000 ) ) ;
#5323 = CARTESIAN_POINT ( 'NONE',  ( 1.199999999999999956, 0.0000000000000000000, -7.620000000000000107 ) ) ;
#5324 = DIRECTION ( 'NONE',  ( 1.000000000000000000, 0.0000000000000000000, 0.0000000000000000000 ) ) ;
#5325 = EDGE_CURVE ( 'NONE', #3151, #5580, #3182, .T. ) ;
#5326 = ORIENTED_EDGE ( 'NONE', *, *, #5821, .T. ) ;
#5327 = DIRECTION ( 'NONE',  ( 0.0000000000000000000, -0.9805806756909201116, -0.1961161351381840168 ) ) ;
#5328 = VERTEX_POINT ( 'NONE', #5454 ) ;
#5329 = EDGE_CURVE ( 'NONE', #2845, #4481, #675, .T. ) ;
#5330 =( BOUNDED_SURFACE ( )  B_SPLINE_SURFACE ( 3, 3, ( 
 ( #4756, #5370, #139, #2452 ),
 ( #5335, #2493, #5876, #594 ),
 ( #5296, #3606, #2912, #2951 ),
 ( #6567, #33, #1142, #673 ) ),
 .UNSPECIFIED., .F., .F., .F. ) 
 B_SPLINE_SURFACE_WITH_KNOTS ( ( 4, 4 ),
 ( 4, 4 ),
 ( 0.0000000000000000000, 1.000000000000000000 ),
 ( 0.0000000000000000000, 1.000000000000000000 ),
 .UNSPECIFIED. ) 
 GEOMETRIC_REPRESENTATION_ITEM ( )  RATIONAL_B_SPLINE_SURFACE ( (
 ( 1.000000000000000000, 0.8538861257352946543, 0.8538861257352946543, 1.000000000000000000),
 ( 0.8312495820436721639, 0.7097924851303542004, 0.7097924851303542004, 0.8312495820436721639),
 ( 0.8312495820436721639, 0.7097924851303542004, 0.7097924851303542004, 0.8312495820436721639),
 ( 1.000000000000000000, 0.8538861257352946543, 0.8538861257352946543, 1.000000000000000000) ) ) 
 REPRESENTATION_ITEM ( '' )  SURFACE ( )  );
#5331 = DIRECTION ( 'NONE',  ( 0.0000000000000000000, -0.0000000000000000000, 1.000000000000000000 ) ) ;
#5332 = CARTESIAN_POINT ( 'NONE',  ( 4.949999999999991296, 12.73499999999999943, 1.612082860990528665 ) ) ;
#5333 = FACE_BOUND ( 'NONE', #5924, .T. ) ;
#5334 = DIRECTION ( 'NONE',  ( -1.000000000000000000, 3.334909476821824268E-28, -1.794541526872530066E-14 ) ) ;
#5335 = CARTESIAN_POINT ( 'NONE',  ( 3.635702501172414891, 12.73500000000000476, -3.358441812070296416E-09 ) ) ;
#5336 = EDGE_LOOP ( 'NONE', ( #2032, #3912, #5029, #840 ) ) ;
#5337 = ORIENTED_EDGE ( 'NONE', *, *, #1644, .F. ) ;
#5338 = CARTESIAN_POINT ( 'NONE',  ( 7.049999999999688960, 11.23499999999999588, -1.680000000000610338 ) ) ;
#5339 = ORIENTED_EDGE ( 'NONE', *, *, #342, .T. ) ;
#5340 = EDGE_LOOP ( 'NONE', ( #3399, #3978, #2998, #158 ) ) ;
#5341 = CARTESIAN_POINT ( 'NONE',  ( 7.325000000000000178, 13.99999999999999822, 5.080000000000000071 ) ) ;
#5342 = CARTESIAN_POINT ( 'NONE',  ( 4.499999999999988454, -2.699999999999849631, -4.579999999999949445 ) ) ;
#5343 = CARTESIAN_POINT ( 'NONE',  ( 7.049999999999990941, 11.43499999999999694, 2.081899558550500773E-16 ) ) ;
#5344 = PRODUCT_DEFINITION_SHAPE ( 'NONE', 'NONE',  #5026 ) ;
#5345 = FACE_OUTER_BOUND ( 'NONE', #7404, .T. ) ;
#5346 = EDGE_LOOP ( 'NONE', ( #674, #5193, #6545, #5713 ) ) ;
#5347 = ORIENTED_EDGE ( 'NONE', *, *, #2457, .T. ) ;
#5348 = DIRECTION ( 'NONE',  ( -3.220379291669973468E-28, 1.000000000000000000, 1.794541526872519968E-14 ) ) ;
#5349 = FACE_OUTER_BOUND ( 'NONE', #5490, .T. ) ;
#5350 = CC_DESIGN_PERSON_AND_ORGANIZATION_ASSIGNMENT ( #6325, #355, ( #5523 ) ) ;
#5351 = CARTESIAN_POINT ( 'NONE',  ( 9.300000000000000711, 6.599999999999980993, -7.620000000000000107 ) ) ;
#5352 = DIRECTION ( 'NONE',  ( -1.794541526872530066E-14, 0.0000000000000000000, 1.000000000000000000 ) ) ;
#5353 = COORDINATED_UNIVERSAL_TIME_OFFSET ( 0, 0, .AHEAD. ) ;
#5354 = CARTESIAN_POINT ( 'NONE',  ( 4.950000000002678924, 12.70467874844269929, 1.686818741883630901 ) ) ;
#5355 = PLANE ( 'NONE',  #3460 ) ;
#5356 =( REPRESENTATION_RELATIONSHIP ('NONE','NONE', #2385, #1547 ) REPRESENTATION_RELATIONSHIP_WITH_TRANSFORMATION ( #3126 )SHAPE_REPRESENTATION_RELATIONSHIP( ) );
#5357 = EDGE_CURVE ( 'NONE', #3154, #5842, #2612, .T. ) ;
#5358 = CARTESIAN_POINT ( 'NONE',  ( 10.25000000000000000, 6.799999999999999822, -2.539999999999999591 ) ) ;
#5359 = DIRECTION ( 'NONE',  ( -0.0000000000000000000, -1.000000000000000000, 0.0000000000000000000 ) ) ;
#5360 = EDGE_CURVE ( 'NONE', #1493, #44, #4839, .T. ) ;
#5361 = ORIENTED_EDGE ( 'NONE', *, *, #5897, .F. ) ;
#5362 = CARTESIAN_POINT ( 'NONE',  ( 5.722352193219256478, 12.64656426582414994, 1.720463868963787002 ) ) ;
#5363 = ORIENTED_EDGE ( 'NONE', *, *, #5125, .T. ) ;
#5364 = CARTESIAN_POINT ( 'NONE',  ( 4.950000000000073896, 12.71957496777936036, 3.411852983646528781 ) ) ;
#5365 = EDGE_CURVE ( 'NONE', #4523, #330, #4255, .T. ) ;
#5366 = CARTESIAN_POINT ( 'NONE',  ( 1.189999999999998392, 4.336808689942017736E-16, 7.620000000000000107 ) ) ;
#5367 = ADVANCED_FACE ( 'NONE', ( #6569 ), #6118, .T. ) ;
#5368 = CARTESIAN_POINT ( 'NONE',  ( 0.0000000000000000000, 10.00000000000000000, 7.620000000000000107 ) ) ;
#5369 = CARTESIAN_POINT ( 'NONE',  ( 3.450447775674256423, 11.45044927442903315, -1.280895551348531614 ) ) ;
#5370 = CARTESIAN_POINT ( 'NONE',  ( 3.689033065960700242, 12.73500000000000298, 0.8101627271648457196 ) ) ;
#5371 = EDGE_CURVE ( 'NONE', #5414, #2087, #3641, .T. ) ;
#5372 = EDGE_LOOP ( 'NONE', ( #143, #6771 ) ) ;
#5373 = CIRCLE ( 'NONE', #2290, 1.760296020627533320 ) ;
#5374 = CARTESIAN_POINT ( 'NONE',  ( 7.931257721594906052, 12.73499999999999588, 1.140771708769624082 ) ) ;
#5375 = ORIENTED_EDGE ( 'NONE', *, *, #6272, .T. ) ;
#5376 = DIRECTION ( 'NONE',  ( 0.0000000000000000000, -0.1961161351381830731, -0.9805806756909204447 ) ) ;
#5377 = EDGE_LOOP ( 'NONE', ( #6607, #3429, #3948, #6980 ) ) ;
#5378 = ORIENTED_EDGE ( 'NONE', *, *, #1071, .F. ) ;
#5379 = FACE_OUTER_BOUND ( 'NONE', #4849, .T. ) ;
#5380 = CIRCLE ( 'NONE', #4765, 0.2000000000000000944 ) ;
#5381 = DIRECTION ( 'NONE',  ( 0.0000000000000000000, 1.000000000000000000, 0.0000000000000000000 ) ) ;
#5382 = DIRECTION ( 'NONE',  ( -1.000000000000000000, 0.0000000000000000000, -0.0000000000000000000 ) ) ;
#5383 = ORIENTED_EDGE ( 'NONE', *, *, #3773, .F. ) ;
#5384 = VECTOR ( 'NONE', #1759, 1000.000000000000000 ) ;
#5385 = PLANE ( 'NONE',  #4512 ) ;
#5386 = ORIENTED_EDGE ( 'NONE', *, *, #4760, .F. ) ;
#5387 = ORIENTED_EDGE ( 'NONE', *, *, #3649, .T. ) ;
#5388 = CARTESIAN_POINT ( 'NONE',  ( 5.299999999999990052, -0.05000000078161020295, 0.5000000000001180167 ) ) ;
#5389 = CARTESIAN_POINT ( 'NONE',  ( 4.178667269030222009, 12.73499999999999943, -6.500694998831674454 ) ) ;
#5390 = EDGE_CURVE ( 'NONE', #6289, #837, #4872, .T. ) ;
#5391 = AXIS2_PLACEMENT_3D ( 'NONE', #3267, #5619, #2736 ) ;
#5392 = CARTESIAN_POINT ( 'NONE',  ( 4.963811392508952203, 12.64656426582840254, 6.797410969933355140 ) ) ;
#5393 = LINE ( 'NONE', #2037, #1931 ) ;
#5394 = COORDINATED_UNIVERSAL_TIME_OFFSET ( 0, 0, .AHEAD. ) ;
#5395 = FACE_OUTER_BOUND ( 'NONE', #899, .T. ) ;
#5396 = CARTESIAN_POINT ( 'NONE',  ( 1.249999999999999334, 10.00000000000000000, 7.620000000000000107 ) ) ;
#5397 = CARTESIAN_POINT ( 'NONE',  ( 8.353589838486222163, 6.599999999999999645, -8.220000000000002416 ) ) ;
#5398 = PLANE ( 'NONE',  #211 ) ;
#5399 = CARTESIAN_POINT ( 'NONE',  ( 3.689033067547873745, 12.73500000000000298, 4.269837270968739773 ) ) ;
#5400 = VERTEX_POINT ( 'NONE', #212 ) ;
#5401 = CARTESIAN_POINT ( 'NONE',  ( 4.950000000000072120, 12.71957496777936036, -1.668147016353469514 ) ) ;
#5402 = ADVANCED_FACE ( 'NONE', ( #2567 ), #4908, .T. ) ;
#5403 = DIRECTION ( 'NONE',  ( -0.0000000000000000000, -1.000000000000000000, -1.889646980599319876E-14 ) ) ;
#5404 = AXIS2_PLACEMENT_3D ( 'NONE', #3100, #4405, #1400 ) ;
#5405 = CARTESIAN_POINT ( 'NONE',  ( 7.049999999999561950, 11.23499999999999766, -5.080000000000000959 ) ) ;
#5406 = CARTESIAN_POINT ( 'NONE',  ( 5.299999999999999822, -3.700000000000009948, -5.000000000000000000 ) ) ;
#5407 = CARTESIAN_POINT ( 'NONE',  ( 7.248658176329017877, 11.45812853167897138, -5.080000000000000959 ) ) ;
#5408 = CARTESIAN_POINT ( 'NONE',  ( 9.449999999999999289, 6.799999999999999822, -2.540000000000000036 ) ) ;
#5409 = VECTOR ( 'NONE', #2305, 1000.000000000000000 ) ;
#5410 = VECTOR ( 'NONE', #4483, 1000.000000000000000 ) ;
#5411 = VERTEX_POINT ( 'NONE', #6258 ) ;
#5412 = CARTESIAN_POINT ( 'NONE',  ( 0.0000000000000000000, 0.0000000000000000000, 7.620000000000000107 ) ) ;
#5413 = EDGE_CURVE ( 'NONE', #6934, #6593, #2099, .T. ) ;
#5414 = VERTEX_POINT ( 'NONE', #3874 ) ;
#5415 = ADVANCED_FACE ( 'NONE', ( #2137 ), #325, .T. ) ;
#5416 = LINE ( 'NONE', #145, #4683 ) ;
#5417 = VERTEX_POINT ( 'NONE', #7412 ) ;
#5418 = EDGE_CURVE ( 'NONE', #1387, #5201, #5644, .T. ) ;
#5419 = ORIENTED_EDGE ( 'NONE', *, *, #20, .T. ) ;
#5420 = VECTOR ( 'NONE', #7391, 1000.000000000000000 ) ;
#5421 = VECTOR ( 'NONE', #4993, 1000.000000000000114 ) ;
#5422 = LINE ( 'NONE', #5963, #6169 ) ;
#5423 = CARTESIAN_POINT ( 'NONE',  ( 9.449999999999999289, 6.599999999999999645, -7.620000000000000107 ) ) ;
#5424 = VERTEX_POINT ( 'NONE', #4455 ) ;
#5425 = AXIS2_PLACEMENT_3D ( 'NONE', #2482, #776, #4940 ) ;
#5426 = AXIS2_PLACEMENT_3D ( 'NONE', #1389, #4396, #6058 ) ;
#5427 = CARTESIAN_POINT ( 'NONE',  ( 4.950000000000680522, 12.72522597148189583, 1.658022933191346304 ) ) ;
#5428 = ORIENTED_EDGE ( 'NONE', *, *, #7250, .F. ) ;
#5429 = VERTEX_POINT ( 'NONE', #294 ) ;
#5430 = EDGE_CURVE ( 'NONE', #6568, #2766, #3034, .T. ) ;
#5431 = CARTESIAN_POINT ( 'NONE',  ( 3.450447775674256423, 11.45044927442903138, 3.799104448651466015 ) ) ;
#5432 = CARTESIAN_POINT ( 'NONE',  ( 9.250000000000000000, 2.199999999999999734, 1.299999999999999822 ) ) ;
#5433 = VECTOR ( 'NONE', #6718, 1000.000000000000000 ) ;
#5434 = VECTOR ( 'NONE', #5733, 1000.000000000000114 ) ;
#5435 = DIRECTION ( 'NONE',  ( -2.501911041408800138E-16, -1.000000000000000000, 0.0000000000000000000 ) ) ;
#5436 = DIRECTION ( 'NONE',  ( 1.000000000000000000, 0.0000000000000000000, 1.224646799147355919E-16 ) ) ;
#5437 = DATE_AND_TIME ( #1461, #2139 ) ;
#5438 = AXIS2_PLACEMENT_3D ( 'NONE', #5145, #5725, #7488 ) ;
#5439 = CARTESIAN_POINT ( 'NONE',  ( 3.451341823670963205, 11.45812853167897671, 5.080000000000000071 ) ) ;
#5440 = DIRECTION ( 'NONE',  ( -1.000000000000000000, 3.334909476821824268E-28, -1.794541526872530066E-14 ) ) ;
#5441 = CARTESIAN_POINT ( 'NONE',  ( 4.949999999999999289, 12.64656426582875959, -1.714246796764900216 ) ) ;
#5442 = DIRECTION ( 'NONE',  ( 0.0000000000000000000, -1.000000000000000000, 0.0000000000000000000 ) ) ;
#5443 = CARTESIAN_POINT ( 'NONE',  ( 3.635702501169018941, 12.73500000000000298, 5.079999999999997407 ) ) ;
#5444 = VERTEX_POINT ( 'NONE', #1557 ) ;
#5445 = CARTESIAN_POINT ( 'NONE',  ( 4.499999999999801048, 0.0000000000000000000, 4.575803989022819707 ) ) ;
#5446 = CARTESIAN_POINT ( 'NONE',  ( 9.310000000000000497, 6.799999999999999822, 7.620000000000000107 ) ) ;
#5447 = CARTESIAN_POINT ( 'NONE',  ( 3.449999999999989964, 11.43500000000000405, 5.080000000000000071 ) ) ;
#5448 = APPROVAL_PERSON_ORGANIZATION ( #4390, #5540, #4933 ) ;
#5449 = ADVANCED_FACE ( 'NONE', ( #6187, #3259, #3949 ), #4565, .T. ) ;
#5450 = CARTESIAN_POINT ( 'NONE',  ( 4.949999999999998401, 12.17219196889104005, -1.770922332791152298 ) ) ;
#5451 = CARTESIAN_POINT ( 'NONE',  ( 4.949999999999999289, 11.93499999999671601, 3.280788672664244565 ) ) ;
#5452 = CARTESIAN_POINT ( 'NONE',  ( 7.010966932452110889, 12.73499999999999766, 5.080000000000000071 ) ) ;
#5453 = ORIENTED_EDGE ( 'NONE', *, *, #5513, .T. ) ;
#5454 = CARTESIAN_POINT ( 'NONE',  ( 9.667957166897570787, 0.0000000000000000000, 6.999999999999999112 ) ) ;
#5455 = EDGE_LOOP ( 'NONE', ( #1030, #5149, #3133, #797 ) ) ;
#5456 = CARTESIAN_POINT ( 'NONE',  ( 9.300000000000000711, 6.599999999999980993, -2.540000000000000036 ) ) ;
#5457 = ORIENTED_EDGE ( 'NONE', *, *, #4144, .T. ) ;
#5458 = CARTESIAN_POINT ( 'NONE',  ( 4.950000000000698286, 12.67827681032233755, 3.375179669261467286 ) ) ;
#5459 = CARTESIAN_POINT ( 'NONE',  ( 3.375000000000000888, 13.99999999999999822, 5.080000000000000071 ) ) ;
#5460 = EDGE_CURVE ( 'NONE', #3154, #6957, #4525, .T. ) ;
#5461 = CARTESIAN_POINT ( 'NONE',  ( 4.499999999999605649, -0.05000000078158019917, -0.8000000000000589973 ) ) ;
#5462 = VERTEX_POINT ( 'NONE', #441 ) ;
#5463 = EDGE_CURVE ( 'NONE', #6190, #4757, #2647, .T. ) ;
#5464 = ORIENTED_EDGE ( 'NONE', *, *, #6393, .T. ) ;
#5465 = CARTESIAN_POINT ( 'NONE',  ( 7.110296020627515645, 12.64656426582178028, 5.080000000000000071 ) ) ;
#5466 = ORIENTED_EDGE ( 'NONE', *, *, #6503, .T. ) ;
#5467 = ORIENTED_EDGE ( 'NONE', *, *, #5513, .F. ) ;
#5468 = CARTESIAN_POINT ( 'NONE',  ( 5.750000000000003553, 12.65751425528054419, 1.712937712264713808 ) ) ;
#5469 = CARTESIAN_POINT ( 'NONE',  ( 9.555373864405590112, 6.599999999999999645, 7.195000000000000284 ) ) ;
#5470 =( BOUNDED_CURVE ( )  B_SPLINE_CURVE ( 3, ( #5603, #1933, #318, #781 ),
 .UNSPECIFIED., .F., .F. ) 
 B_SPLINE_CURVE_WITH_KNOTS ( ( 4, 4 ),
 ( 0.0000000000000000000, 0.5000000007378365696 ),
 .UNSPECIFIED. ) 
 CURVE ( )  GEOMETRIC_REPRESENTATION_ITEM ( )  RATIONAL_B_SPLINE_CURVE ( ( 1.000000000000000000, 0.8584414864962361946, 0.8584414864962361946, 1.000000000000000000 ) ) 
 REPRESENTATION_ITEM ( '' )  );
#5471 = EDGE_CURVE ( 'NONE', #7259, #7416, #2044, .T. ) ;
#5472 = CARTESIAN_POINT ( 'NONE',  ( 4.973902936697426114, 12.73499999999999943, 6.752533082919936369 ) ) ;
#5473 = CARTESIAN_POINT ( 'NONE',  ( 3.650000000000295231, 11.23500000000000121, 0.0000000000000000000 ) ) ;
#5474 = EDGE_CURVE ( 'NONE', #269, #2616, #5576, .T. ) ;
#5475 = APPROVAL_STATUS ( 'not_yet_approved' ) ;
#5476 = DIRECTION ( 'NONE',  ( -1.000000000000000000, 1.332267629550187849E-15, 0.0000000000000000000 ) ) ;
#5477 = DIRECTION ( 'NONE',  ( -1.000000000000000000, 9.130123557772668088E-16, 0.0000000000000000000 ) ) ;
#5478 = DIRECTION ( 'NONE',  ( 0.0000000000000000000, 0.0000000000000000000, -1.000000000000000000 ) ) ;
#5479 = CARTESIAN_POINT ( 'NONE',  ( 10.25000000000000000, 1.700000000000009726, 7.620000000000000107 ) ) ;
#5480 = PERSON_AND_ORGANIZATION_ROLE ( 'creator' ) ;
#5481 = ORIENTED_EDGE ( 'NONE', *, *, #6269, .T. ) ;
#5482 = CARTESIAN_POINT ( 'NONE',  ( 4.499999999999984013, -0.05000000078162009781, -4.279999999999878568 ) ) ;
#5483 = CARTESIAN_POINT ( 'NONE',  ( 9.555373864405590112, 6.599999999999999645, 7.195000000000000284 ) ) ;
#5484 = CARTESIAN_POINT ( 'NONE',  ( 4.949999999999999289, 12.40938025448221360, 3.337397567517808916 ) ) ;
#5485 = EDGE_CURVE ( 'NONE', #2355, #5120, #5674, .T. ) ;
#5486 = CIRCLE ( 'NONE', #2414, 0.2999999999999999334 ) ;
#5487 = CARTESIAN_POINT ( 'NONE',  ( 4.949999999999991296, 12.73499999999999943, 3.467917139009471406 ) ) ;
#5488 = CARTESIAN_POINT ( 'NONE',  ( 3.451341823670963205, 11.45812853167897671, 0.0000000000000000000 ) ) ;
#5489 = CYLINDRICAL_SURFACE ( 'NONE', #2110, 0.2999999999999999334 ) ;
#5490 = EDGE_LOOP ( 'NONE', ( #997, #5579, #1021, #7147 ) ) ;
#5491 = CARTESIAN_POINT ( 'NONE',  ( 1.190000000000000169, 6.799999999999999822, 7.620000000000000107 ) ) ;
#5492 = EDGE_LOOP ( 'NONE', ( #1699, #1993 ) ) ;
#5493 = VECTOR ( 'NONE', #4336, 1000.000000000000000 ) ;
#5494 = CARTESIAN_POINT ( 'NONE',  ( 4.499999999999801048, 0.0000000000000000000, -0.5041960109771828069 ) ) ;
#5495 = ORIENTED_EDGE ( 'NONE', *, *, #5807, .F. ) ;
#5496 = ORIENTED_EDGE ( 'NONE', *, *, #2883, .F. ) ;
#5497 = CARTESIAN_POINT ( 'NONE',  ( 5.299999999999995381, -0.05000000078161231931, 0.5000000000001282308 ) ) ;
#5498 = AXIS2_PLACEMENT_3D ( 'NONE', #7117, #608, #2424 ) ;
#5499 = CARTESIAN_POINT ( 'NONE',  ( 7.248658176335226244, 11.45812853167969614, -2.206075080606631781E-41 ) ) ;
#5500 = ORIENTED_EDGE ( 'NONE', *, *, #6362, .T. ) ;
#5501 = EDGE_LOOP ( 'NONE', ( #78, #917, #6694, #4844 ) ) ;
#5502 = CARTESIAN_POINT ( 'NONE',  ( 5.750000000000000000, 12.40938025447665893, -1.742602432482845520 ) ) ;
#5503 = VERTEX_POINT ( 'NONE', #366 ) ;
#5504 = EDGE_CURVE ( 'NONE', #1900, #1755, #978, .T. ) ;
#5505 = VECTOR ( 'NONE', #2903, 1000.000000000000000 ) ;
#5506 = VERTEX_POINT ( 'NONE', #2211 ) ;
#5507 = CARTESIAN_POINT ( 'NONE',  ( 4.973902936655020035, 12.73500000000000121, -6.752533082913880769 ) ) ;
#5508 = DIRECTION ( 'NONE',  ( -1.171453342316279939E-15, -1.000000000000000000, 0.0000000000000000000 ) ) ;
#5509 = CARTESIAN_POINT ( 'NONE',  ( 0.8320428331024301016, 6.600000000000003197, 7.000000000000000000 ) ) ;
#5510 = VECTOR ( 'NONE', #1422, 1000.000000000000000 ) ;
#5511 = CALENDAR_DATE ( 2019, 21, 10 ) ;
#5512 = EDGE_CURVE ( 'NONE', #553, #4804, #408, .T. ) ;
#5513 = EDGE_CURVE ( 'NONE', #5608, #1442, #3520, .T. ) ;
#5514 = EDGE_LOOP ( 'NONE', ( #5890, #1298, #2927, #7525 ) ) ;
#5515 = CARTESIAN_POINT ( 'NONE',  ( 1.200000000000000178, 0.0000000000000000000, -7.620000000000000107 ) ) ;
#5516 = CARTESIAN_POINT ( 'NONE',  ( 3.689033067547873301, 12.73500000000000121, -5.080000003253963392 ) ) ;
#5517 = VECTOR ( 'NONE', #2065, 1000.000000000000000 ) ;
#5518 = EDGE_CURVE ( 'NONE', #5444, #7257, #1589, .T. ) ;
#5519 = FACE_OUTER_BOUND ( 'NONE', #4884, .T. ) ;
#5520 = CARTESIAN_POINT ( 'NONE',  ( 5.349999999999999645, 11.23499999999999943, 0.0000000000000000000 ) ) ;
#5521 = PERSON_AND_ORGANIZATION_ROLE ( 'design_owner' ) ;
#5522 = ORIENTED_EDGE ( 'NONE', *, *, #806, .T. ) ;
#5523 = SECURITY_CLASSIFICATION ( '', '', #6287 ) ;
#5524 = CARTESIAN_POINT ( 'NONE',  ( 4.950000000000155609, 12.71295948527728292, -1.677530025091523269 ) ) ;
#5525 = CARTESIAN_POINT ( 'NONE',  ( 2.167957166897569010, 6.600000000000004974, 6.999999999999999112 ) ) ;
#5526 = CARTESIAN_POINT ( 'NONE',  ( 2.932077519087679995, 11.23499999999999943, -143.2560000000000002 ) ) ;
#5527 = DIRECTION ( 'NONE',  ( -0.0000000000000000000, -0.0000000000000000000, 1.000000000000000000 ) ) ;
#5528 = CIRCLE ( 'NONE', #3926, 0.09999999999999982514 ) ;
#5529 = DIRECTION ( 'NONE',  ( 0.0000000000000000000, 0.0000000000000000000, 1.000000000000000000 ) ) ;
#5530 = CARTESIAN_POINT ( 'NONE',  ( 3.449999999999990408, 11.44273112629125144, 0.0000000000000000000 ) ) ;
#5531 = DIRECTION ( 'NONE',  ( -1.000000000000000000, 0.0000000000000000000, -0.0000000000000000000 ) ) ;
#5532 = ORIENTED_EDGE ( 'NONE', *, *, #5700, .F. ) ;
#5533 = CARTESIAN_POINT ( 'NONE',  ( 5.349999999999980993, 11.93499999999403727, 5.080000000000000071 ) ) ;
#5534 = ORIENTED_EDGE ( 'NONE', *, *, #1131, .F. ) ;
#5535 = VECTOR ( 'NONE', #6841, 1000.000000000000000 ) ;
#5536 = CARTESIAN_POINT ( 'NONE',  ( 3.650000000000416911, 11.23500000000000121, -5.080000000000000959 ) ) ;
#5537 = EDGE_LOOP ( 'NONE', ( #1424, #5453, #3469, #5826 ) ) ;
#5538 = ORIENTED_EDGE ( 'NONE', *, *, #5059, .T. ) ;
#5539 = CARTESIAN_POINT ( 'NONE',  ( 1.078756443470130000, 6.599999999999999645, -8.220000000000000639 ) ) ;
#5540 = APPROVAL ( #5475, 'UNKNOWN' ) ;
#5541 = CARTESIAN_POINT ( 'NONE',  ( 4.985603046709013775, 12.73499999999999943, -1.620501777577442848 ) ) ;
#5542 = ORIENTED_EDGE ( 'NONE', *, *, #5504, .T. ) ;
#5543 = EDGE_LOOP ( 'NONE', ( #3408, #3555 ) ) ;
#5544 = CARTESIAN_POINT ( 'NONE',  ( 4.949999999999991296, 12.73499999999999943, 6.692082860990527848 ) ) ;
#5545 = ORIENTED_EDGE ( 'NONE', *, *, #263, .T. ) ;
#5546 = ORIENTED_EDGE ( 'NONE', *, *, #2695, .F. ) ;
#5547 = CARTESIAN_POINT ( 'NONE',  ( 5.749999999999932498, 12.72445880131370011, 1.658090098931876977 ) ) ;
#5548 = CARTESIAN_POINT ( 'NONE',  ( 5.750000000000000888, 12.17219196889117505, 1.770922332791127429 ) ) ;
#5549 = VECTOR ( 'NONE', #1199, 1000.000000000000000 ) ;
#5550 = CARTESIAN_POINT ( 'NONE',  ( 5.712622210151656610, 12.73499999999999588, -6.755506206254600521 ) ) ;
#5551 = VECTOR ( 'NONE', #2010, 1000.000000000000000 ) ;
#5552 = PERSON_AND_ORGANIZATION ( #3273, #591 ) ;
#5553 = ORIENTED_EDGE ( 'NONE', *, *, #4107, .F. ) ;
#5554 = PLANE ( 'NONE',  #2718 ) ;
#5555 = VECTOR ( 'NONE', #2842, 1000.000000000000114 ) ;
#5556 = PLANE ( 'NONE',  #138 ) ;
#5557 = AXIS2_PLACEMENT_3D ( 'NONE', #119, #190, #5508 ) ;
#5558 = LINE ( 'NONE', #7170, #2963 ) ;
#5559 = EDGE_CURVE ( 'NONE', #1203, #6233, #3295, .T. ) ;
#5560 = DIRECTION ( 'NONE',  ( -0.8944271909999154113, 0.4472135954999587604, 0.0000000000000000000 ) ) ;
#5561 = COORDINATED_UNIVERSAL_TIME_OFFSET ( 0, 0, .AHEAD. ) ;
#5562 = VECTOR ( 'NONE', #3112, 1000.000000000000114 ) ;
#5563 = VERTEX_POINT ( 'NONE', #5072 ) ;
#5564 = EDGE_CURVE ( 'NONE', #4961, #5506, #3643, .T. ) ;
#5565 = CARTESIAN_POINT ( 'NONE',  ( 8.699999999999999289, 6.799999999999999822, -2.540000000000000036 ) ) ;
#5566 = CARTESIAN_POINT ( 'NONE',  ( 5.749999999997323030, 12.71195981187718438, -1.677797158873358008 ) ) ;
#5567 = CARTESIAN_POINT ( 'NONE',  ( 5.750000000000001776, 12.64656426582888926, 6.794246796764878304 ) ) ;
#5568 = LINE ( 'NONE', #2012, #2329 ) ;
#5569 = CARTESIAN_POINT ( 'NONE',  ( 3.589703979372449005, 12.64656426582178383, 2.240463272768698870E-16 ) ) ;
#5570 = ADVANCED_FACE ( 'NONE', ( #4020 ), #5215, .T. ) ;
#5571 = DIRECTION ( 'NONE',  ( 5.517568307814269711E-16, -6.463573835647406802E-31, 1.000000000000000000 ) ) ;
#5572 = CARTESIAN_POINT ( 'NONE',  ( 0.0000000000000000000, 10.00000000000000000, 7.620000000000000107 ) ) ;
#5573 = B_SPLINE_CURVE_WITH_KNOTS ( 'NONE', 3,
 ( #1563, #6809, #5077, #6992, #4066, #7031, #1245, #4678, #2286, #1705, #6415, #4176, #3452, #2448, #6528, #7065 ),
 .UNSPECIFIED., .F., .F.,
 ( 4, 3, 3, 3, 3, 4 ),
 ( 0.0000000000000000000, 3.531517381903964990E-05, 7.066450544071375083E-05, 0.0001054618491224980484, 0.0001392987215212466057, 0.0001469974402480890444 ),
 .UNSPECIFIED. ) ;
#5574 = ORIENTED_EDGE ( 'NONE', *, *, #424, .F. ) ;
#5575 = ADVANCED_FACE ( 'NONE', ( #5798 ), #5247, .F. ) ;
#5576 = LINE ( 'NONE', #909, #1063 ) ;
#5577 = VERTEX_POINT ( 'NONE', #4060 ) ;
#5578 = PLANE ( 'NONE',  #3334 ) ;
#5579 = ORIENTED_EDGE ( 'NONE', *, *, #2551, .F. ) ;
#5580 = VERTEX_POINT ( 'NONE', #5181 ) ;
#5581 = CARTESIAN_POINT ( 'NONE',  ( 3.449999999999990408, 11.43500000000000050, -4.653657836759942730E-16 ) ) ;
#5582 = CARTESIAN_POINT ( 'NONE',  ( 2.625902306574849909, 14.00000000000000000, -7.619999999999999218 ) ) ;
#5583 = ORIENTED_EDGE ( 'NONE', *, *, #3869, .F. ) ;
#5584 = VERTEX_POINT ( 'NONE', #2986 ) ;
#5585 = ORIENTED_EDGE ( 'NONE', *, *, #5357, .T. ) ;
#5586 = VERTEX_POINT ( 'NONE', #3448 ) ;
#5587 =( BOUNDED_SURFACE ( )  B_SPLINE_SURFACE ( 3, 3, ( 
 ( #5108, #4495, #2771, #3302 ),
 ( #6810, #1667, #6918, #4027 ),
 ( #6373, #984, #3379, #6264 ),
 ( #3453, #7449, #1025, #2177 ) ),
 .UNSPECIFIED., .F., .F., .F. ) 
 B_SPLINE_SURFACE_WITH_KNOTS ( ( 4, 4 ),
 ( 4, 4 ),
 ( 0.0000000000000000000, 1.000000000000000000 ),
 ( 0.0000000000000000000, 1.000000000000000000 ),
 .UNSPECIFIED. ) 
 GEOMETRIC_REPRESENTATION_ITEM ( )  RATIONAL_B_SPLINE_SURFACE ( (
 ( 1.000000000000000000, 0.8538861261458174923, 0.8538861261458174923, 1.000000000000000000),
 ( 0.8312495820266319058, 0.7097924854570506481, 0.7097924854570506481, 0.8312495820266319058),
 ( 0.8312495820266319058, 0.7097924854570506481, 0.7097924854570506481, 0.8312495820266319058),
 ( 1.000000000000000000, 0.8538861261458174923, 0.8538861261458174923, 1.000000000000000000) ) ) 
 REPRESENTATION_ITEM ( '' )  SURFACE ( )  );
#5588 = CARTESIAN_POINT ( 'NONE',  ( 3.650000000000294342, 11.23500000000000121, 1.680000000000612559 ) ) ;
#5589 = DIRECTION ( 'NONE',  ( 0.7071067811865470176, 0.7071067811865480168, 0.0000000000000000000 ) ) ;
#5590 = CARTESIAN_POINT ( 'NONE',  ( 5.750000000000000000, 12.64914866789105297, 3.366062171634784495 ) ) ;
#5591 = ITEM_DEFINED_TRANSFORMATION ( 'NONE', 'NONE', #7595,  #6010 ) ;
#5592 = SECURITY_CLASSIFICATION ( '', '', #2586 ) ;
#5593 = CARTESIAN_POINT ( 'NONE',  ( 3.449999999999989964, 11.43500000000000227, 5.080000000000000071 ) ) ;
#5594 = VERTEX_POINT ( 'NONE', #1136 ) ;
#5595 = DIRECTION ( 'NONE',  ( 0.0000000000000000000, 1.000000000000000000, 0.0000000000000000000 ) ) ;
#5596 = DIRECTION ( 'NONE',  ( 0.0000000000000000000, -0.0000000000000000000, 1.000000000000000000 ) ) ;
#5597 = CARTESIAN_POINT ( 'NONE',  ( 5.750000000000003553, 12.65751425528054419, 6.792937712264714101 ) ) ;
#5598 = FACE_OUTER_BOUND ( 'NONE', #6660, .T. ) ;
#5599 = B_SPLINE_CURVE_WITH_KNOTS ( 'NONE', 3,
 ( #2541, #5468, #4927, #7272, #3770, #885, #4311, #6776, #3237, #5547, #2701, #7231, #6085, #306, #7348, #189 ),
 .UNSPECIFIED., .F., .F.,
 ( 4, 3, 3, 3, 3, 4 ),
 ( 8.348284007425031896E-15, 3.308388942448985684E-05, 6.613717211494224662E-05, 9.966070390112443159E-05, 0.0001340858777773928055, 0.0001469394654597981024 ),
 .UNSPECIFIED. ) ;
#5600 = ORIENTED_EDGE ( 'NONE', *, *, #3007, .T. ) ;
#5601 = EDGE_CURVE ( 'NONE', #443, #2016, #4637, .T. ) ;
#5602 = DIRECTION ( 'NONE',  ( -1.000000000000000000, 0.0000000000000000000, -0.0000000000000000000 ) ) ;
#5603 = CARTESIAN_POINT ( 'NONE',  ( 4.949999999999991296, 12.73499999999999943, 6.692082860990527848 ) ) ;
#5604 = CARTESIAN_POINT ( 'NONE',  ( 7.167157287525209419, 11.23499999999981647, 5.080000000000000959 ) ) ;
#5605 = DIRECTION ( 'NONE',  ( -1.794541526872530066E-14, 0.0000000000000000000, 1.000000000000000000 ) ) ;
#5606 = CARTESIAN_POINT ( 'NONE',  ( 4.949999999999999289, 12.64656426582875959, 3.365753203235099633 ) ) ;
#5607 = CARTESIAN_POINT ( 'NONE',  ( 10.25000000000000000, 6.799999999999999822, 7.620000000000000107 ) ) ;
#5608 = VERTEX_POINT ( 'NONE', #7596 ) ;
#5609 = DIRECTION ( 'NONE',  ( -1.000000000000000000, -0.0000000000000000000, -0.0000000000000000000 ) ) ;
#5610 = ORIENTED_EDGE ( 'NONE', *, *, #752, .T. ) ;
#5611 = EDGE_CURVE ( 'NONE', #1682, #1087, #2402, .T. ) ;
#5612 = DIRECTION ( 'NONE',  ( 0.0000000000000000000, 1.000000000000000000, 0.0000000000000000000 ) ) ;
#5613 = EDGE_CURVE ( 'NONE', #4749, #5621, #1456, .T. ) ;
#5614 = VERTEX_POINT ( 'NONE', #3407 ) ;
#5615 = DIRECTION ( 'NONE',  ( -0.4999999999999996669, 0.0000000000000000000, 0.8660254037844388186 ) ) ;
#5616 = ADVANCED_FACE ( 'NONE', ( #521 ), #5757, .T. ) ;
#5617 = LINE ( 'NONE', #4375, #151 ) ;
#5618 = DIRECTION ( 'NONE',  ( 0.0000000000000000000, 1.000000000000000000, 0.0000000000000000000 ) ) ;
#5619 = DIRECTION ( 'NONE',  ( -1.000000000000000000, 3.334909476821824268E-28, -1.794541526872530066E-14 ) ) ;
#5620 = VERTEX_POINT ( 'NONE', #479 ) ;
#5621 = VERTEX_POINT ( 'NONE', #586 ) ;
#5622 = ORIENTED_EDGE ( 'NONE', *, *, #2788, .F. ) ;
#5623 = CARTESIAN_POINT ( 'NONE',  ( 9.646410161513777837, 6.599999999999994316, -8.220000000000002416 ) ) ;
#5624 = FACE_OUTER_BOUND ( 'NONE', #7496, .T. ) ;
#5625 = AXIS2_PLACEMENT_3D ( 'NONE', #6504, #5889, #1151 ) ;
#5626 = CARTESIAN_POINT ( 'NONE',  ( 9.667957166897569010, 6.599999999999999645, 6.999999999999999112 ) ) ;
#5627 = VECTOR ( 'NONE', #897, 1000.000000000000114 ) ;
#5628 = CARTESIAN_POINT ( 'NONE',  ( 7.249999999999991118, 11.44273112629124611, 5.080000000000000959 ) ) ;
#5629 = ORIENTED_EDGE ( 'NONE', *, *, #2682, .T. ) ;
#5630 = CARTESIAN_POINT ( 'NONE',  ( 4.499999999999988454, -2.699999999999817213, 5.580000000000056914 ) ) ;
#5631 = AXIS2_PLACEMENT_3D ( 'NONE', #7317, #2554, #3747 ) ;
#5632 = LINE ( 'NONE', #353, #2599 ) ;
#5633 = CARTESIAN_POINT ( 'NONE',  ( 9.449999999999999289, 7.600000000000000533, -7.620000000000001883 ) ) ;
#5634 = CC_DESIGN_PERSON_AND_ORGANIZATION_ASSIGNMENT ( #4206, #6554, ( #3549 ) ) ;
#5635 = PERSON_AND_ORGANIZATION ( #1524, #6256 ) ;
#5636 = ORIENTED_EDGE ( 'NONE', *, *, #1567, .T. ) ;
#5637 = DIRECTION ( 'NONE',  ( -0.0000000000000000000, -0.0000000000000000000, 1.000000000000000000 ) ) ;
#5638 = CARTESIAN_POINT ( 'NONE',  ( 3.595871264362282549, 12.69953703112280685, 0.8556038570932336107 ) ) ;
#5639 = CARTESIAN_POINT ( 'NONE',  ( 3.532842712474770774, 11.23499999999982180, 1.445685424949563647 ) ) ;
#5640 = PLANE ( 'NONE',  #5308 ) ;
#5641 = CARTESIAN_POINT ( 'NONE',  ( 3.451341823670963205, 11.45812853167897316, -8.877316352658054299 ) ) ;
#5642 = CARTESIAN_POINT ( 'NONE',  ( 9.250000000000000000, 5.199999999999997513, 1.299999999999999822 ) ) ;
#5643 = ORIENTED_EDGE ( 'NONE', *, *, #4596, .F. ) ;
#5644 = LINE ( 'NONE', #6142, #6846 ) ;
#5645 = VERTEX_POINT ( 'NONE', #6989 ) ;
#5646 = CARTESIAN_POINT ( 'NONE',  ( 9.250000000000000000, 5.200000000000003730, 3.780000000000001581 ) ) ;
#5647 = CC_DESIGN_SECURITY_CLASSIFICATION ( #3185, ( #7605 ) ) ;
#5648 = ORIENTED_EDGE ( 'NONE', *, *, #3007, .F. ) ;
#5649 = DIRECTION ( 'NONE',  ( -0.0000000000000000000, -0.0000000000000000000, 1.000000000000000000 ) ) ;
#5650 = DIRECTION ( 'NONE',  ( -0.8660254037844380415, 0.0000000000000000000, 0.5000000000000009992 ) ) ;
#5651 = CARTESIAN_POINT ( 'NONE',  ( 8.689999999999999503, 0.0000000000000000000, 7.620000000000000107 ) ) ;
#5652 = ADVANCED_FACE ( 'NONE', ( #4100 ), #2833, .T. ) ;
#5653 = EDGE_CURVE ( 'NONE', #7534, #44, #2250, .T. ) ;
#5654 = DIRECTION ( 'NONE',  ( -0.0000000000000000000, -1.000000000000000000, 0.0000000000000000000 ) ) ;
#5655 = ORIENTED_EDGE ( 'NONE', *, *, #7200, .F. ) ;
#5656 = ORIENTED_EDGE ( 'NONE', *, *, #2560, .F. ) ;
#5657 = VERTEX_POINT ( 'NONE', #5286 ) ;
#5658 = CARTESIAN_POINT ( 'NONE',  ( 7.049999999999684519, 11.23499999999999766, 1.680000000000611893 ) ) ;
#5659 = DIRECTION ( 'NONE',  ( 1.000000000000000000, 0.0000000000000000000, 0.0000000000000000000 ) ) ;
#5660 = VECTOR ( 'NONE', #2638, 1000.000000000000000 ) ;
#5661 = EDGE_CURVE ( 'NONE', #5310, #3051, #4603, .T. ) ;
#5662 = DIRECTION ( 'NONE',  ( 0.0000000000000000000, 1.000000000000000000, 0.0000000000000000000 ) ) ;
#5663 = VECTOR ( 'NONE', #6444, 1000.000000000000000 ) ;
#5664 = AXIS2_PLACEMENT_3D ( 'NONE', #4852, #3655, #4773 ) ;
#5665 = EDGE_CURVE ( 'NONE', #5786, #6249, #59, .T. ) ;
#5666 = DIRECTION ( 'NONE',  ( -1.734723475976806779E-14, 0.0000000000000000000, 1.000000000000000000 ) ) ;
#5667 = EDGE_LOOP ( 'NONE', ( #2873, #1152, #6845, #1243 ) ) ;
#5668 = CARTESIAN_POINT ( 'NONE',  ( 4.499999999999804601, -0.05000000078158020611, 4.579999999999981419 ) ) ;
#5669 = CARTESIAN_POINT ( 'NONE',  ( 3.450447775674257755, 11.45044927442903138, -4.652561102667490761E-16 ) ) ;
#5670 = VECTOR ( 'NONE', #4324, 1000.000000000000000 ) ;
#5671 = AXIS2_PLACEMENT_3D ( 'NONE', #2459, #7149, #2530 ) ;
#5672 = CARTESIAN_POINT ( 'NONE',  ( 8.076037614648482688, 12.69953703112068588, 6.284756333246471982 ) ) ;
#5673 = LINE ( 'NONE', #6323, #6735 ) ;
#5674 =( BOUNDED_CURVE ( )  B_SPLINE_CURVE ( 3, ( #7445, #6761, #1481, #1441 ),
 .UNSPECIFIED., .F., .T. ) 
 B_SPLINE_CURVE_WITH_KNOTS ( ( 4, 4 ),
 ( 0.0000000000000000000, 1.000000000000000000 ),
 .UNSPECIFIED. ) 
 CURVE ( )  GEOMETRIC_REPRESENTATION_ITEM ( )  RATIONAL_B_SPLINE_CURVE ( ( 1.000000000000000000, 0.3333333333333333703, 0.3333333333333333703, 1.000000000000000000 ) ) 
 REPRESENTATION_ITEM ( '' )  );
#5675 = PERSON_AND_ORGANIZATION ( #1524, #6256 ) ;
#5676 = ORIENTED_EDGE ( 'NONE', *, *, #4381, .T. ) ;
#5677 = AXIS2_PLACEMENT_3D ( 'NONE', #2288, #6338, #4644 ) ;
#5678 = VECTOR ( 'NONE', #170, 1000.000000000000000 ) ;
#5679 = CARTESIAN_POINT ( 'NONE',  ( 9.449999999999999289, 6.799999999999999822, -7.620000000000000107 ) ) ;
#5680 = CARTESIAN_POINT ( 'NONE',  ( 3.589703979382066201, 12.64656426582840432, -7.166308554941937829E-09 ) ) ;
#5681 = CARTESIAN_POINT ( 'NONE',  ( 9.667957166897570787, 0.0000000000000000000, 6.999999999999999112 ) ) ;
#5682 = AXIS2_PLACEMENT_3D ( 'NONE', #4870, #3755, #7215 ) ;
#5684 = AXIS2_PLACEMENT_3D ( 'NONE', #7309, #2542, #7162 ) ;
#5683 = FACE_OUTER_BOUND ( 'NONE', #2162, .T. ) ;
#5685 = VERTEX_POINT ( 'NONE', #5445 ) ;
#5686 = CARTESIAN_POINT ( 'NONE',  ( 10.25000000000000000, 6.199999999999998401, -6.880000000000001670 ) ) ;
#5687 = ORIENTED_EDGE ( 'NONE', *, *, #2995, .F. ) ;
#5688 = CIRCLE ( 'NONE', #1986, 1.974999999999999423 ) ;
#5689 = CARTESIAN_POINT ( 'NONE',  ( 5.349999999999989875, 11.45812853167969791, 5.080000000000000071 ) ) ;
#5690 = CARTESIAN_POINT ( 'NONE',  ( 7.993234973611840211, 14.00000000000000000, 7.620000000000000107 ) ) ;
#5691 = PLANE ( 'NONE',  #5438 ) ;
#5692 = DIRECTION ( 'NONE',  ( 0.0000000000000000000, 0.0000000000000000000, 1.000000000000000000 ) ) ;
#5693 = CARTESIAN_POINT ( 'NONE',  ( 4.963811392465975025, 12.64656426582076598, -1.717410969924602959 ) ) ;
#5694 = ORIENTED_EDGE ( 'NONE', *, *, #2203, .T. ) ;
#5695 = ORIENTED_EDGE ( 'NONE', *, *, #6557, .T. ) ;
#5696 = ORIENTED_EDGE ( 'NONE', *, *, #6743, .F. ) ;
#5697 = ADVANCED_FACE ( 'NONE', ( #2520 ), #4002, .T. ) ;
#5698 = CARTESIAN_POINT ( 'NONE',  ( 3.650000000000294342, 11.23500000000000121, 8.479999999999392912 ) ) ;
#5699 = DIRECTION ( 'NONE',  ( 1.000000000000000000, -9.854725885015578669E-16, 0.0000000000000000000 ) ) ;
#5700 = EDGE_CURVE ( 'NONE', #5594, #6448, #6561, .T. ) ;
#5701 = CARTESIAN_POINT ( 'NONE',  ( 7.248658176329018765, 11.45812853167897138, 5.079999999999999183 ) ) ;
#5702 = CARTESIAN_POINT ( 'NONE',  ( 9.309999999999998721, 6.599999999999999645, 7.620000000000000107 ) ) ;
#5703 = DIRECTION ( 'NONE',  ( 1.224646799147353207E-16, -1.434616586018100824E-31, -1.000000000000000000 ) ) ;
#5704 = ORIENTED_EDGE ( 'NONE', *, *, #6790, .T. ) ;
#5705 = EDGE_CURVE ( 'NONE', #3818, #4804, #4257, .T. ) ;
#5706 = CARTESIAN_POINT ( 'NONE',  ( 5.300000000000015810, -4.770489558936219510E-15, 4.575803989022823259 ) ) ;
#5707 = CARTESIAN_POINT ( 'NONE',  ( 3.589703979382066201, 12.64656426582840432, -5.080000003448557067 ) ) ;
#5708 = EDGE_CURVE ( 'NONE', #3748, #3004, #815, .T. ) ;
#5709 = EDGE_CURVE ( 'NONE', #6570, #5997, #1278, .T. ) ;
#5710 = CARTESIAN_POINT ( 'NONE',  ( 5.749999999999869438, 12.73473344514865779, 6.700762266914636278 ) ) ;
#5711 = CARTESIAN_POINT ( 'NONE',  ( 5.750000000000000888, 12.17219196889117505, 6.850922332791127722 ) ) ;
#5712 = DATE_AND_TIME ( #3367, #6997 ) ;
#5713 = ORIENTED_EDGE ( 'NONE', *, *, #5792, .F. ) ;
#5714 = DIRECTION ( 'NONE',  ( -1.000000000000000000, 0.0000000000000000000, 0.0000000000000000000 ) ) ;
#5715 = CARTESIAN_POINT ( 'NONE',  ( 9.449999999999999289, 6.799999999999999822, -2.539999999999998703 ) ) ;
#5716 = CARTESIAN_POINT ( 'NONE',  ( 10.25000000000000000, 0.0000000000000000000, -0.5041960109771828069 ) ) ;
#5717 = CARTESIAN_POINT ( 'NONE',  ( 7.248658176329016101, 11.45812853167897138, -8.877316352658056076 ) ) ;
#5718 = ORIENTED_EDGE ( 'NONE', *, *, #3681, .F. ) ;
#5719 = DIRECTION ( 'NONE',  ( 1.000000000000000000, -0.0000000000000000000, 0.0000000000000000000 ) ) ;
#5720 = ORIENTED_EDGE ( 'NONE', *, *, #4714, .T. ) ;
#5721 = ORIENTED_EDGE ( 'NONE', *, *, #3400, .F. ) ;
#5722 = DIRECTION ( 'NONE',  ( 0.5000000000000001110, -0.0000000000000000000, -0.8660254037844385966 ) ) ;
#5723 = EDGE_CURVE ( 'NONE', #379, #6071, #7090, .T. ) ;
#5724 = CARTESIAN_POINT ( 'NONE',  ( 3.375000000000000000, 11.23499999999999943, 2.418677428316022529E-16 ) ) ;
#5725 = DIRECTION ( 'NONE',  ( -1.000000000000000000, 1.171453342316279939E-15, 5.517568307814269711E-16 ) ) ;
#5726 = CARTESIAN_POINT ( 'NONE',  ( 4.950000000000153833, 12.70509370452911035, -1.685475017931574282 ) ) ;
#5727 = DIRECTION ( 'NONE',  ( 1.000000000000000000, -9.411788633734763438E-16, 0.0000000000000000000 ) ) ;
#5728 = ORIENTED_EDGE ( 'NONE', *, *, #4434, .F. ) ;
#5729 = CC_DESIGN_DATE_AND_TIME_ASSIGNMENT ( #6744, #4892, ( #3185 ) ) ;
#5730 = ORIENTED_EDGE ( 'NONE', *, *, #1044, .T. ) ;
#5731 = ORIENTED_EDGE ( 'NONE', *, *, #3118, .T. ) ;
#5732 = CARTESIAN_POINT ( 'NONE',  ( 10.25000000000000000, 6.199999999999999289, 1.299999999999999822 ) ) ;
#5733 = DIRECTION ( 'NONE',  ( -0.5000000000000048850, -0.0000000000000000000, -0.8660254037844358210 ) ) ;
#5734 = CARTESIAN_POINT ( 'NONE',  ( 3.449999999999990408, 11.43500000000000050, 5.080000000000000071 ) ) ;
#5735 = EDGE_CURVE ( 'NONE', #2791, #1953, #1970, .T. ) ;
#5736 = CARTESIAN_POINT ( 'NONE',  ( 5.299999999999990052, -2.700000000000009948, 0.5000000000000678346 ) ) ;
#5737 = ORIENTED_EDGE ( 'NONE', *, *, #7344, .T. ) ;
#5738 = FACE_OUTER_BOUND ( 'NONE', #7506, .T. ) ;
#5739 = ORIENTED_EDGE ( 'NONE', *, *, #4843, .F. ) ;
#5740 = CARTESIAN_POINT ( 'NONE',  ( 3.449999999999991296, 11.43500000000000227, -5.080000000000000071 ) ) ;
#5741 = CARTESIAN_POINT ( 'NONE',  ( 2.625902306574849909, 14.00000000000000000, 7.620000000000000107 ) ) ;
#5742 = CARTESIAN_POINT ( 'NONE',  ( 7.931257721594906052, 12.73499999999999766, 6.220771708769626152 ) ) ;
#5743 = PLANE ( 'NONE',  #4643 ) ;
#5744 = AXIS2_PLACEMENT_3D ( 'NONE', #1402, #250, #4987 ) ;
#5745 = EDGE_CURVE ( 'NONE', #7229, #7113, #2174, .T. ) ;
#5746 = PERSON_AND_ORGANIZATION ( #1524, #6256 ) ;
#5747 = EDGE_CURVE ( 'NONE', #1821, #4052, #1306, .T. ) ;
#5748 = ORIENTED_EDGE ( 'NONE', *, *, #243, .F. ) ;
#5749 = ADVANCED_FACE ( 'NONE', ( #6095 ), #242, .T. ) ;
#5750 = CARTESIAN_POINT ( 'NONE',  ( 5.750000000000000000, 12.64656426582508075, -1.714246796769120618 ) ) ;
#5751 = CARTESIAN_POINT ( 'NONE',  ( 4.963811392508952203, 12.64656426582840254, 1.717410969933355291 ) ) ;
#5752 = VECTOR ( 'NONE', #2680, 1000.000000000000000 ) ;
#5753 = CARTESIAN_POINT ( 'NONE',  ( 10.25000000000000000, 6.200000000000007283, 3.279999999999999805 ) ) ;
#5754 = CARTESIAN_POINT ( 'NONE',  ( 3.449999999999990852, 11.43500000000000050, -8.879999999999999005 ) ) ;
#5755 = VERTEX_POINT ( 'NONE', #2444 ) ;
#5756 = AXIS2_PLACEMENT_3D ( 'NONE', #5343, #6385, #1830 ) ;
#5757 = PLANE ( 'NONE',  #6967 ) ;
#5758 = ORIENTED_EDGE ( 'NONE', *, *, #3676, .F. ) ;
#5759 = ORIENTED_EDGE ( 'NONE', *, *, #5747, .T. ) ;
#5760 = EDGE_CURVE ( 'NONE', #2194, #5594, #4788, .T. ) ;
#5761 = LINE ( 'NONE', #3377, #5909 ) ;
#5762 = CARTESIAN_POINT ( 'NONE',  ( 2.399999999999999911, 14.00000000000000000, 7.620000000000000107 ) ) ;
#5763 =( BOUNDED_SURFACE ( )  B_SPLINE_SURFACE ( 3, 3, ( 
 ( #5439, #660, #6587, #1805 ),
 ( #3128, #124, #2359, #3010 ),
 ( #4242, #5974, #2395, #5901 ),
 ( #4742, #4707, #1886, #4858 ) ),
 .UNSPECIFIED., .F., .F., .F. ) 
 B_SPLINE_SURFACE_WITH_KNOTS ( ( 4, 4 ),
 ( 4, 4 ),
 ( 0.0000000000000000000, 1.000000000000000000 ),
 ( 0.0000000000000000000, 1.000000000000000000 ),
 .UNSPECIFIED. ) 
 GEOMETRIC_REPRESENTATION_ITEM ( )  RATIONAL_B_SPLINE_SURFACE ( (
 ( 1.000000000000000000, 0.3333333333333332038, 0.3333333333333332038, 1.000000000000000000),
 ( 0.9988808742757321335, 0.3329602914252439150, 0.3329602914252439150, 0.9988808742757321335),
 ( 0.9988808742757321335, 0.3329602914252439150, 0.3329602914252439150, 0.9988808742757321335),
 ( 1.000000000000000000, 0.3333333333333332038, 0.3333333333333332038, 1.000000000000000000) ) ) 
 REPRESENTATION_ITEM ( '' )  SURFACE ( )  );
#5764 = DIRECTION ( 'NONE',  ( 0.5000000000000009992, 0.0000000000000000000, 0.8660254037844380415 ) ) ;
#5765 = CARTESIAN_POINT ( 'NONE',  ( 4.949999999999999289, 11.93499999999701977, 6.879211327335720938 ) ) ;
#5766 = CARTESIAN_POINT ( 'NONE',  ( 4.965164424293944556, 12.69953703111901078, 3.368606068534515607 ) ) ;
#5767 = ORIENTED_EDGE ( 'NONE', *, *, #848, .T. ) ;
#5768 = ORIENTED_EDGE ( 'NONE', *, *, #2827, .T. ) ;
#5769 = CC_DESIGN_APPROVAL ( #6384, ( #5523 ) ) ;
#5770 = ORIENTED_EDGE ( 'NONE', *, *, #1502, .T. ) ;
#5771 = APPROVAL_PERSON_ORGANIZATION ( #6854, #1293, #7501 ) ;
#5772 = CARTESIAN_POINT ( 'NONE',  ( 7.249999999999991118, 11.43499999999999872, 5.079999999999999183 ) ) ;
#5773 = LINE ( 'NONE', #3531, #742 ) ;
#5774 = CIRCLE ( 'NONE', #2458, 1.900000000000000133 ) ;
#5775 = DIRECTION ( 'NONE',  ( 0.0000000000000000000, 0.9805806756909204447, -0.1961161351381830731 ) ) ;
#5776 = DIRECTION ( 'NONE',  ( -1.171453342316279939E-15, -1.000000000000000000, -0.0000000000000000000 ) ) ;
#5777 = VECTOR ( 'NONE', #2910, 1000.000000000000000 ) ;
#5778 = ORIENTED_EDGE ( 'NONE', *, *, #6695, .F. ) ;
#5779 = LINE ( 'NONE', #5162, #2469 ) ;
#5780 = LINE ( 'NONE', #5741, #2357 ) ;
#5781 = CARTESIAN_POINT ( 'NONE',  ( 3.650000000000295675, 11.23500000000000121, -3.399999999999389289 ) ) ;
#5782 = FACE_OUTER_BOUND ( 'NONE', #4226, .T. ) ;
#5783 = CARTESIAN_POINT ( 'NONE',  ( 5.749999999999869438, 12.73279737082328467, -3.443543654667311937 ) ) ;
#5784 = VECTOR ( 'NONE', #3704, 1000.000000000000000 ) ;
#5785 = APPROVAL_DATE_TIME ( #3977, #1161 ) ;
#5786 = VERTEX_POINT ( 'NONE', #6345 ) ;
#5787 = DIRECTION ( 'NONE',  ( -1.000000000000000000, 0.0000000000000000000, -0.0000000000000000000 ) ) ;
#5788 = AXIS2_PLACEMENT_3D ( 'NONE', #5115, #2187, #2662 ) ;
#5789 = CARTESIAN_POINT ( 'NONE',  ( 4.499999999999990230, -0.05000000078161515038, 0.5000000000000867084 ) ) ;
#5790 = VECTOR ( 'NONE', #5143, 1000.000000000000000 ) ;
#5791 = EDGE_CURVE ( 'NONE', #1048, #7382, #3653, .T. ) ;
#5792 = EDGE_CURVE ( 'NONE', #6762, #3427, #6851, .T. ) ;
#5793 = LINE ( 'NONE', #5904, #11 ) ;
#5794 = CARTESIAN_POINT ( 'NONE',  ( 5.500000000000000000, -0.05000000078162009781, 0.8000000000001400435 ) ) ;
#5795 = AXIS2_PLACEMENT_3D ( 'NONE', #7583, #2973, #4738 ) ;
#5796 = AXIS2_PLACEMENT_3D ( 'NONE', #3672, #5911, #3635 ) ;
#5797 = EDGE_LOOP ( 'NONE', ( #7551, #7303, #5071, #2136 ) ) ;
#5798 = FACE_OUTER_BOUND ( 'NONE', #1291, .T. ) ;
#5799 = ORIENTED_EDGE ( 'NONE', *, *, #6312, .F. ) ;
#5800 = CARTESIAN_POINT ( 'NONE',  ( 5.299999999999999822, -3.700000000000009948, -0.3000000000000004885 ) ) ;
#5801 = ADVANCED_FACE ( 'NONE', ( #7284 ), #6134, .F. ) ;
#5802 = DIRECTION ( 'NONE',  ( 1.000000000000000000, 0.0000000000000000000, 0.0000000000000000000 ) ) ;
#5803 = VECTOR ( 'NONE', #376, 1000.000000000000114 ) ;
#5804 = AXIS2_PLACEMENT_3D ( 'NONE', #5469, #6086, #4271 ) ;
#5805 = CARTESIAN_POINT ( 'NONE',  ( 9.250000000000000000, 2.200000000000010836, 6.379999999999998117 ) ) ;
#5806 = DIRECTION ( 'NONE',  ( 0.5000000000000001110, -0.0000000000000000000, -0.8660254037844385966 ) ) ;
#5807 = EDGE_CURVE ( 'NONE', #186, #6048, #3777, .T. ) ;
#5808 =( LENGTH_UNIT ( ) NAMED_UNIT ( * ) SI_UNIT ( .MILLI., .METRE. ) );
#5809 = ORIENTED_EDGE ( 'NONE', *, *, #525, .T. ) ;
#5810 = VECTOR ( 'NONE', #6800, 1000.000000000000000 ) ;
#5811 = ORIENTED_EDGE ( 'NONE', *, *, #2093, .F. ) ;
#5812 = EDGE_LOOP ( 'NONE', ( #6996, #6775, #1195, #5061 ) ) ;
#5813 = FACE_OUTER_BOUND ( 'NONE', #3284, .T. ) ;
#5814 = CARTESIAN_POINT ( 'NONE',  ( 7.010966932452110889, 12.73499999999999766, 1.017048918658543783E-16 ) ) ;
#5815 = LINE ( 'NONE', #1793, #6742 ) ;
#5816 = CARTESIAN_POINT ( 'NONE',  ( 5.350000000000000533, 13.99999999999999822, 0.0000000000000000000 ) ) ;
#5817 = EDGE_LOOP ( 'NONE', ( #6349, #6084, #6948, #1983 ) ) ;
#5818 = DIRECTION ( 'NONE',  ( -1.794541526872530066E-14, 0.0000000000000000000, 1.000000000000000000 ) ) ;
#5819 = CARTESIAN_POINT ( 'NONE',  ( 2.625902306574849909, 14.00000000000000000, 7.620000000000000107 ) ) ;
#5820 = CC_DESIGN_SECURITY_CLASSIFICATION ( #3730, ( #7609 ) ) ;
#5821 = EDGE_CURVE ( 'NONE', #6249, #7347, #423, .T. ) ;
#5822 = PLANE ( 'NONE',  #5 ) ;
#5823 = DIRECTION ( 'NONE',  ( -1.171453342316279939E-15, -1.000000000000000000, 0.0000000000000000000 ) ) ;
#5824 = FACE_BOUND ( 'NONE', #5492, .T. ) ;
#5825 = APPROVAL_ROLE ( '' ) ;
#5826 = ORIENTED_EDGE ( 'NONE', *, *, #1753, .F. ) ;
#5827 = APPROVAL ( #6749, 'UNSPECIFIED' ) ;
#5828 = CARTESIAN_POINT ( 'NONE',  ( 1.078756443470130000, 6.599999999999999645, -8.220000000000000639 ) ) ;
#5829 = DIRECTION ( 'NONE',  ( -1.000000000000000000, 1.332267629550187849E-15, 0.0000000000000000000 ) ) ;
#5830 = DIRECTION ( 'NONE',  ( -2.501911041408800138E-16, -1.000000000000000000, 0.0000000000000000000 ) ) ;
#5831 = DIRECTION ( 'NONE',  ( 1.171453342316279939E-15, 1.000000000000000000, 0.0000000000000000000 ) ) ;
#5832 = ORIENTED_EDGE ( 'NONE', *, *, #1261, .F. ) ;
#5833 = CARTESIAN_POINT ( 'NONE',  ( 5.749999999999304556, 12.68816249061487333, 1.699945829408947118 ) ) ;
#5834 = EDGE_CURVE ( 'NONE', #3409, #365, #4879, .T. ) ;
#5835 = ORIENTED_EDGE ( 'NONE', *, *, #3307, .F. ) ;
#5836 = CARTESIAN_POINT ( 'NONE',  ( 9.250000000000000000, 5.199999999999998401, 6.379999999999991012 ) ) ;
#5837 = CARTESIAN_POINT ( 'NONE',  ( 4.949999999999999289, 12.64656426582881821, -1.714246796764893110 ) ) ;
#5838 = CYLINDRICAL_SURFACE ( 'NONE', #5074, 0.3000000000000000444 ) ;
#5839 = FACE_OUTER_BOUND ( 'NONE', #6808, .T. ) ;
#5840 = ORIENTED_EDGE ( 'NONE', *, *, #425, .F. ) ;
#5841 = EDGE_CURVE ( 'NONE', #559, #6071, #86, .T. ) ;
#5842 = VERTEX_POINT ( 'NONE', #2268 ) ;
#5843 = EDGE_CURVE ( 'NONE', #5645, #3154, #1575, .T. ) ;
#5844 = ORIENTED_EDGE ( 'NONE', *, *, #1512, .F. ) ;
#5845 = ADVANCED_FACE ( 'NONE', ( #2855 ), #1677, .T. ) ;
#5846 = ORIENTED_EDGE ( 'NONE', *, *, #6790, .F. ) ;
#5847 = FACE_BOUND ( 'NONE', #4304, .T. ) ;
#5848 = CARTESIAN_POINT ( 'NONE',  ( 5.299999999999990052, -2.700000000000009948, -4.579999999999930793 ) ) ;
#5849 = CARTESIAN_POINT ( 'NONE',  ( 9.250000000000000000, 2.200000000000007727, 6.379999999999996341 ) ) ;
#5850 = DIRECTION ( 'NONE',  ( 1.000000000000000000, -9.136576017787367610E-16, 0.0000000000000000000 ) ) ;
#5851 = ORIENTED_EDGE ( 'NONE', *, *, #473, .F. ) ;
#5852 = CARTESIAN_POINT ( 'NONE',  ( 5.299999999999990052, 4.784159143999949571, -4.079999999999789573 ) ) ;
#5853 = DIRECTION ( 'NONE',  ( -1.000000000000000000, 1.171453342316279939E-15, 0.0000000000000000000 ) ) ;
#5854 = CARTESIAN_POINT ( 'NONE',  ( 4.949999999999999289, 12.64656426582933335, 1.714246796768620795 ) ) ;
#5855 = CARTESIAN_POINT ( 'NONE',  ( 9.421243556529820040, 6.599999999999999645, -3.140000000000000124 ) ) ;
#5856 = UNCERTAINTY_MEASURE_WITH_UNIT (LENGTH_MEASURE( 1.000000000000000082E-05 ), #3170, 'distance_accuracy_value', 'NONE');
#5857 = DIRECTION ( 'NONE',  ( -1.000000000000000000, 1.332267629550187849E-15, 0.0000000000000000000 ) ) ;
#5858 = PERSON_AND_ORGANIZATION ( #1524, #6256 ) ;
#5859 = ORIENTED_EDGE ( 'NONE', *, *, #4279, .F. ) ;
#5860 = VECTOR ( 'NONE', #870, 1000.000000000000227 ) ;
#5861 = CARTESIAN_POINT ( 'NONE',  ( 9.250000000000000000, 6.299999999999999822, -119.9440000000000026 ) ) ;
#5862 = CARTESIAN_POINT ( 'NONE',  ( -0.6999999999999999556, -3.700000000000010392, 0.2999999999999989897 ) ) ;
#5863 = AXIS2_PLACEMENT_3D ( 'NONE', #4000, #5776, #1680 ) ;
#5864 = CARTESIAN_POINT ( 'NONE',  ( 5.300000000000014921, -4.770489558936219510E-15, -0.5041960109771781440 ) ) ;
#5865 = APPROVAL ( #545, 'UNKNOWN' ) ;
#5866 = LINE ( 'NONE', #1166, #3781 ) ;
#5867 = ORIENTED_EDGE ( 'NONE', *, *, #4, .F. ) ;
#5868 = CARTESIAN_POINT ( 'NONE',  ( 5.749999999999845457, 12.69733902327550190, 1.693307792453212945 ) ) ;
#5869 = AXIS2_PLACEMENT_3D ( 'NONE', #976, #4057, #2830 ) ;
#5870 = ORIENTED_EDGE ( 'NONE', *, *, #279, .F. ) ;
#5871 = DIRECTION ( 'NONE',  ( 1.000000000000000000, -0.0000000000000000000, 0.0000000000000000000 ) ) ;
#5872 = FACE_OUTER_BOUND ( 'NONE', #3418, .T. ) ;
#5873 = DIRECTION ( 'NONE',  ( 1.000000000000000000, 0.0000000000000000000, 0.0000000000000000000 ) ) ;
#5874 = DIRECTION ( 'NONE',  ( -1.794541526872530066E-14, 0.0000000000000000000, 1.000000000000000000 ) ) ;
#5875 = VECTOR ( 'NONE', #5857, 1000.000000000000000 ) ;
#5876 = CARTESIAN_POINT ( 'NONE',  ( 4.158098634558130335, 12.73500000000000298, 1.489085828324112626 ) ) ;
#5877 = VERTEX_POINT ( 'NONE', #1073 ) ;
#5878 = VERTEX_POINT ( 'NONE', #5702 ) ;
#5879 = CARTESIAN_POINT ( 'NONE',  ( 7.249999999999993783, 11.31784271247447471, -1.279999999999996474 ) ) ;
#5880 =( GEOMETRIC_REPRESENTATION_CONTEXT ( 3 ) GLOBAL_UNCERTAINTY_ASSIGNED_CONTEXT ( ( #5856 ) ) GLOBAL_UNIT_ASSIGNED_CONTEXT ( ( #3170, #7359, #1394 ) ) REPRESENTATION_CONTEXT ( 'NONE', 'WORKASPACE' ) );
#5881 = ORIENTED_EDGE ( 'NONE', *, *, #4191, .F. ) ;
#5882 = VERTEX_POINT ( 'NONE', #2008 ) ;
#5883 = CARTESIAN_POINT ( 'NONE',  ( 4.949999999999999289, 11.93500000000000050, 1.959999999999999964 ) ) ;
#5884 = DIRECTION ( 'NONE',  ( 0.0000000000000000000, -0.0000000000000000000, -1.000000000000000000 ) ) ;
#5885 = ADVANCED_FACE ( 'NONE', ( #4362 ), #2047, .T. ) ;
#5886 = EDGE_CURVE ( 'NONE', #7335, #4974, #7462, .T. ) ;
#5887 = FACE_OUTER_BOUND ( 'NONE', #2857, .T. ) ;
#5888 = PRODUCT_DEFINITION_FORMATION_WITH_SPECIFIED_SOURCE ( 'ANY', '', #4180, .NOT_KNOWN. ) ;
#5889 = DIRECTION ( 'NONE',  ( 1.171453342316279939E-15, 1.000000000000000000, 0.0000000000000000000 ) ) ;
#5890 = ORIENTED_EDGE ( 'NONE', *, *, #1272, .T. ) ;
#5891 = CARTESIAN_POINT ( 'NONE',  ( 9.250000000000000000, 5.199999999999987743, -3.780000000000009130 ) ) ;
#5892 = CARTESIAN_POINT ( 'NONE',  ( 4.499999999999992006, -3.700000000000016609, 5.379999999999999005 ) ) ;
#5893 = LINE ( 'NONE', #5314, #237 ) ;
#5894 = ADVANCED_FACE ( 'NONE', ( #2191 ), #4544, .T. ) ;
#5895 = DIRECTION ( 'NONE',  ( -2.501911041408800138E-16, -1.000000000000000000, 0.0000000000000000000 ) ) ;
#5896 = CARTESIAN_POINT ( 'NONE',  ( 3.449999999999989964, 11.43500000000000405, 0.0000000000000000000 ) ) ;
#5897 = EDGE_CURVE ( 'NONE', #4232, #2957, #3538, .T. ) ;
#5898 = APPROVAL_STATUS ( 'not_yet_approved' ) ;
#5899 = VERTEX_POINT ( 'NONE', #1760 ) ;
#5900 = VECTOR ( 'NONE', #62, 1000.000000000000000 ) ;
#5901 = CARTESIAN_POINT ( 'NONE',  ( 7.249999999999991118, 11.44273112629124611, 5.080000000000000959 ) ) ;
#5902 = CARTESIAN_POINT ( 'NONE',  ( 3.650000000000416911, 11.23500000000000121, 0.0000000000000000000 ) ) ;
#5903 = VECTOR ( 'NONE', #2668, 1000.000000000000114 ) ;
#5904 = CARTESIAN_POINT ( 'NONE',  ( 9.555373864405590112, 0.0000000000000000000, 7.195000000000000284 ) ) ;
#5905 = CARTESIAN_POINT ( 'NONE',  ( 7.049999999999990052, 11.43499999999999694, -5.080000000000000959 ) ) ;
#5906 = ORIENTED_EDGE ( 'NONE', *, *, #5611, .T. ) ;
#5907 = CARTESIAN_POINT ( 'NONE',  ( -0.6999999999999999556, -2.700000000000009948, 5.580000000000000071 ) ) ;
#5908 = AXIS2_PLACEMENT_3D ( 'NONE', #3855, #3392, #5666 ) ;
#5909 = VECTOR ( 'NONE', #7526, 1000.000000000000000 ) ;
#5910 = ORIENTED_EDGE ( 'NONE', *, *, #1303, .F. ) ;
#5911 = DIRECTION ( 'NONE',  ( 1.000000000000000000, -3.338853781347929776E-28, 1.794541526872530066E-14 ) ) ;
#5912 = FACE_OUTER_BOUND ( 'NONE', #2098, .T. ) ;
#5913 = DIRECTION ( 'NONE',  ( -1.794541526872530066E-14, 0.0000000000000000000, 1.000000000000000000 ) ) ;
#5914 = AXIS2_PLACEMENT_3D ( 'NONE', #4861, #5478, #814 ) ;
#5915 = AXIS2_PLACEMENT_3D ( 'NONE', #85, #3551, #4828 ) ;
#5916 = DIRECTION ( 'NONE',  ( -1.171453342316279939E-15, -1.000000000000000000, 0.0000000000000000000 ) ) ;
#5917 = ORIENTED_EDGE ( 'NONE', *, *, #1510, .F. ) ;
#5918 = ORIENTED_EDGE ( 'NONE', *, *, #5282, .F. ) ;
#5919 = PRODUCT_DEFINITION ( 'UNKNOWN', '', #5888, #1082 ) ;
#5920 = VECTOR ( 'NONE', #2337, 1000.000000000000000 ) ;
#5921 = FACE_OUTER_BOUND ( 'NONE', #2527, .T. ) ;
#5922 = VECTOR ( 'NONE', #5403, 1000.000000000000000 ) ;
#5923 = ORIENTED_EDGE ( 'NONE', *, *, #6924, .F. ) ;
#5924 = EDGE_LOOP ( 'NONE', ( #873, #6430, #7567, #4536 ) ) ;
#5925 = LINE ( 'NONE', #4151, #5171 ) ;
#5926 = DIRECTION ( 'NONE',  ( -1.734723475976807410E-14, 3.099688836045537621E-13, 1.000000000000000000 ) ) ;
#5927 = AXIS2_PLACEMENT_3D ( 'NONE', #135, #2491, #2562 ) ;
#5928 = CARTESIAN_POINT ( 'NONE',  ( 3.375000000000000000, 11.23499999999999943, 5.080000000000000071 ) ) ;
#5929 = CARTESIAN_POINT ( 'NONE',  ( 7.010966932452109113, 12.73499999999999766, -4.285277722835901137 ) ) ;
#5930 = ORIENTED_EDGE ( 'NONE', *, *, #1502, .F. ) ;
#5931 = EDGE_CURVE ( 'NONE', #4422, #4729, #1220, .T. ) ;
#5932 = VERTEX_POINT ( 'NONE', #4770 ) ;
#5933 = CARTESIAN_POINT ( 'NONE',  ( 7.249999999999990230, 11.44273112629124434, 3.800000000000000711 ) ) ;
#5934 = CARTESIAN_POINT ( 'NONE',  ( 5.349999999999980105, 11.45812853178540713, 5.080000000000000071 ) ) ;
#5935 = CARTESIAN_POINT ( 'NONE',  ( 7.248658176329018765, 11.45812853167897138, 5.079999999999999183 ) ) ;
#5936 = DIRECTION ( 'NONE',  ( 0.8164965809277260345, -0.4082482904638622956, 0.4082482904638637389 ) ) ;
#5937 = CALENDAR_DATE ( 2019, 21, 10 ) ;
#5938 = ORIENTED_EDGE ( 'NONE', *, *, #2637, .T. ) ;
#5939 = ADVANCED_FACE ( 'NONE', ( #2301 ), #6578, .T. ) ;
#5940 = ADVANCED_FACE ( 'NONE', ( #2965 ), #3002, .F. ) ;
#5941 = DIRECTION ( 'NONE',  ( -0.8164965809277259234, 0.4082482904638639609, 0.4082482904638621846 ) ) ;
#5942 = FACE_OUTER_BOUND ( 'NONE', #7026, .T. ) ;
#5943 = ADVANCED_FACE ( 'NONE', ( #4081 ), #5385, .T. ) ;
#5944 = DIRECTION ( 'NONE',  ( 0.4472135954999588159, 0.8944271909999155223, -0.0000000000000000000 ) ) ;
#5945 = CARTESIAN_POINT ( 'NONE',  ( 5.750000000000001776, 12.64656426582888926, -3.365753203235122282 ) ) ;
#5946 =( NAMED_UNIT ( * ) PLANE_ANGLE_UNIT ( ) SI_UNIT ( $, .RADIAN. ) );
#5947 = ORIENTED_EDGE ( 'NONE', *, *, #7066, .F. ) ;
#5948 = CARTESIAN_POINT ( 'NONE',  ( 4.950000000000155609, 12.70509370452902331, -1.685475017931662878 ) ) ;
#5949 = ORIENTED_EDGE ( 'NONE', *, *, #2231, .F. ) ;
#5950 = DIRECTION ( 'NONE',  ( 0.0000000000000000000, -1.000000000000000000, 0.0000000000000000000 ) ) ;
#5951 = DIRECTION ( 'NONE',  ( -0.8660254037844385966, 0.0000000000000000000, -0.5000000000000001110 ) ) ;
#5952 = DIRECTION ( 'NONE',  ( 0.0000000000000000000, -0.0000000000000000000, -1.000000000000000000 ) ) ;
#5953 = DIRECTION ( 'NONE',  ( 0.0000000000000000000, -0.0000000000000000000, -1.000000000000000000 ) ) ;
#5954 = DIRECTION ( 'NONE',  ( -0.0000000000000000000, 0.9805806756909201116, 0.1961161351381840168 ) ) ;
#5955 = VERTEX_POINT ( 'NONE', #2890 ) ;
#5956 = PLANE ( 'NONE',  #1182 ) ;
#5957 = ORIENTED_EDGE ( 'NONE', *, *, #6689, .T. ) ;
#5958 = ADVANCED_FACE ( 'NONE', ( #5966 ), #3580, .T. ) ;
#5959 = CARTESIAN_POINT ( 'NONE',  ( 7.167157287525211196, 11.23499999999981647, 8.714314575050439160 ) ) ;
#5960 = ORIENTED_EDGE ( 'NONE', *, *, #5230, .T. ) ;
#5961 = ORIENTED_EDGE ( 'NONE', *, *, #3737, .F. ) ;
#5962 = LINE ( 'NONE', #109, #4923 ) ;
#5963 = CARTESIAN_POINT ( 'NONE',  ( 5.299999999999990052, -9.540979117872439019E-15, -4.079999999999789573 ) ) ;
#5964 = DIRECTION ( 'NONE',  ( -1.084202172485509956E-15, -1.000000000000000000, 0.0000000000000000000 ) ) ;
#5965 = PRODUCT_DEFINITION_SHAPE ( 'NONE', 'NONE',  #7606 ) ;
#5966 = FACE_OUTER_BOUND ( 'NONE', #4801, .T. ) ;
#5967 = EDGE_LOOP ( 'NONE', ( #5182, #5844, #4171, #3843 ) ) ;
#5968 = ORIENTED_EDGE ( 'NONE', *, *, #3027, .F. ) ;
#5969 = CARTESIAN_POINT ( 'NONE',  ( 5.299999999999999822, -5.750000000781589904, 4.580000000000019611 ) ) ;
#5970 = PLANE ( 'NONE',  #1735 ) ;
#5971 = CARTESIAN_POINT ( 'NONE',  ( 5.750000000000001776, 12.64656426582888926, 1.714246796764878011 ) ) ;
#5972 = EDGE_CURVE ( 'NONE', #7521, #6448, #3036, .T. ) ;
#5973 = DIRECTION ( 'NONE',  ( 0.0000000000000000000, -1.000000000000000000, 0.0000000000000000000 ) ) ;
#5974 = CARTESIAN_POINT ( 'NONE',  ( 3.449999999999989964, 11.44273112629125144, 8.880000000000002558 ) ) ;
#5975 = CARTESIAN_POINT ( 'NONE',  ( 9.250000000000000000, 6.299999999999999822, -119.9440000000000026 ) ) ;
#5976 = B_SPLINE_CURVE_WITH_KNOTS ( 'NONE', 3,
 ( #5750, #5279, #4054, #3511 ),
 .UNSPECIFIED., .F., .F.,
 ( 4, 4 ),
 ( 3.411991864460203891E-15, 0.0007166189195539847444 ),
 .UNSPECIFIED. ) ;
#5977 = CARTESIAN_POINT ( 'NONE',  ( 5.299999999999994493, -2.700000000000005951, -4.579999999999952998 ) ) ;
#5978 = ADVANCED_FACE ( 'NONE', ( #5345 ), #1875, .F. ) ;
#5979 = EDGE_CURVE ( 'NONE', #4912, #560, #4790, .T. ) ;
#5980 = CARTESIAN_POINT ( 'NONE',  ( 9.310000000000000497, 6.799999999999999822, 7.620000000000000107 ) ) ;
#5981 = EDGE_LOOP ( 'NONE', ( #3269, #812, #6339, #1277, #3838, #5347 ) ) ;
#5982 = ADVANCED_FACE ( 'NONE', ( #649 ), #4231, .F. ) ;
#5983 = CARTESIAN_POINT ( 'NONE',  ( 9.449999999999999289, 0.0000000000000000000, -7.620000000000000107 ) ) ;
#5984 = CARTESIAN_POINT ( 'NONE',  ( 4.950000000000155609, 12.69733902327529229, 3.386692207546611044 ) ) ;
#5985 = VECTOR ( 'NONE', #3484, 1000.000000000000000 ) ;
#5986 = VECTOR ( 'NONE', #6869, 1000.000000000000000 ) ;
#5987 = PLANE ( 'NONE',  #3072 ) ;
#5988 = DIRECTION ( 'NONE',  ( 0.0000000000000000000, 0.0000000000000000000, -1.000000000000000000 ) ) ;
#5989 = PLANE ( 'NONE',  #7338 ) ;
#5990 = FACE_OUTER_BOUND ( 'NONE', #5012, .T. ) ;
#5991 = ORIENTED_EDGE ( 'NONE', *, *, #1139, .T. ) ;
#5992 = VECTOR ( 'NONE', #5953, 1000.000000000000000 ) ;
#5993 = EDGE_CURVE ( 'NONE', #501, #2210, #1435, .T. ) ;
#5994 = CARTESIAN_POINT ( 'NONE',  ( 5.749999999999992895, 12.73499999999999943, 6.692082860990527848 ) ) ;
#5995 = VERTEX_POINT ( 'NONE', #3502 ) ;
#5996 = DIRECTION ( 'NONE',  ( 0.0000000000000000000, 0.0000000000000000000, -1.000000000000000000 ) ) ;
#5997 = VERTEX_POINT ( 'NONE', #2926 ) ;
#5998 = ORIENTED_EDGE ( 'NONE', *, *, #6228, .F. ) ;
#5999 = VECTOR ( 'NONE', #4671, 1000.000000000000000 ) ;
#6000 = CARTESIAN_POINT ( 'NONE',  ( 10.25000000000000000, 1.699999999999998845, 1.799999999999998934 ) ) ;
#6001 = CARTESIAN_POINT ( 'NONE',  ( 4.499999999999988454, -2.699999999999823430, 0.5000000000000542899 ) ) ;
#6002 = ORIENTED_EDGE ( 'NONE', *, *, #567, .T. ) ;
#6003 = AXIS2_PLACEMENT_3D ( 'NONE', #274, #771, #3813 ) ;
#6004 = CARTESIAN_POINT ( 'NONE',  ( 4.950000000000001066, 12.73499999999999943, 1.623854585596241629 ) ) ;
#6005 = ORIENTED_EDGE ( 'NONE', *, *, #6499, .T. ) ;
#6006 = VERTEX_POINT ( 'NONE', #4697 ) ;
#6007 = CARTESIAN_POINT ( 'NONE',  ( 3.449999999999989964, 11.43500000000000227, 3.799999999999999378 ) ) ;
#6008 = LINE ( 'NONE', #3272, #5434 ) ;
#6009 =( BOUNDED_CURVE ( )  B_SPLINE_CURVE ( 3, ( #4859, #6170, #6626, #4243 ),
 .UNSPECIFIED., .F., .T. ) 
 B_SPLINE_CURVE_WITH_KNOTS ( ( 4, 4 ),
 ( 0.0000000000000000000, 1.000000000000000000 ),
 .UNSPECIFIED. ) 
 CURVE ( )  GEOMETRIC_REPRESENTATION_ITEM ( )  RATIONAL_B_SPLINE_CURVE ( ( 1.000000000000000000, 0.3333333333333332038, 0.3333333333333332038, 1.000000000000000000 ) ) 
 REPRESENTATION_ITEM ( '' )  );
#6010 = AXIS2_PLACEMENT_3D ( 'NONE', #1061, #486, #2257 ) ;
#6011 = DIRECTION ( 'NONE',  ( -2.501911041408800138E-16, -1.000000000000000000, 0.0000000000000000000 ) ) ;
#6012 = CARTESIAN_POINT ( 'NONE',  ( 3.650000000000416911, 11.23500000000000121, 5.080000000000000959 ) ) ;
#6013 = DATE_TIME_ROLE ( 'classification_date' ) ;
#6014 = APPROVAL_PERSON_ORGANIZATION ( #2936, #7183, #6438 ) ;
#6015 = LINE ( 'NONE', #733, #3201 ) ;
#6016 = FACE_OUTER_BOUND ( 'NONE', #5336, .T. ) ;
#6017 = LINE ( 'NONE', #5397, #5670 ) ;
#6018 = CARTESIAN_POINT ( 'NONE',  ( 3.689038457067285837, 12.73500000000000121, -1.353702696420194521E-08 ) ) ;
#6019 = CARTESIAN_POINT ( 'NONE',  ( 4.949999999999999289, 11.93500000000000050, 7.040000000000000036 ) ) ;
#6020 = ORIENTED_EDGE ( 'NONE', *, *, #5931, .T. ) ;
#6021 = CARTESIAN_POINT ( 'NONE',  ( 5.712622210151656610, 12.73499999999999410, -1.675506206254600450 ) ) ;
#6022 = ADVANCED_FACE ( 'NONE', ( #7044 ), #6466, .F. ) ;
#6023 = LINE ( 'NONE', #4717, #389 ) ;
#6024 = VECTOR ( 'NONE', #7376, 1000.000000000000000 ) ;
#6025 = DIRECTION ( 'NONE',  ( -0.0000000000000000000, -1.000000000000000000, -0.0000000000000000000 ) ) ;
#6026 = CARTESIAN_POINT ( 'NONE',  ( 10.25000000000000000, 6.200000000000001954, 3.279999999999998028 ) ) ;
#6027 = CARTESIAN_POINT ( 'NONE',  ( 4.500000000000003553, -3.700000000000007727, 4.779999999999998472 ) ) ;
#6028 = LINE ( 'NONE', #826, #5433 ) ;
#6029 =( BOUNDED_SURFACE ( )  B_SPLINE_SURFACE ( 3, 3, ( 
 ( #3016, #2223, #5399, #3991 ),
 ( #6375, #5222, #1669, #5443 ),
 ( #5766, #3094, #2881, #1853 ),
 ( #7564, #1637, #6520, #4030 ) ),
 .UNSPECIFIED., .F., .F., .F. ) 
 B_SPLINE_SURFACE_WITH_KNOTS ( ( 4, 4 ),
 ( 4, 4 ),
 ( 0.0000000000000000000, 1.000000000000000000 ),
 ( 0.0000000000000000000, 1.000000000000000000 ),
 .UNSPECIFIED. ) 
 GEOMETRIC_REPRESENTATION_ITEM ( )  RATIONAL_B_SPLINE_SURFACE ( (
 ( 1.000000000000000000, 0.8538861261458171592, 0.8538861261458171592, 1.000000000000000000),
 ( 0.8312495820266319058, 0.7097924854570504261, 0.7097924854570504261, 0.8312495820266319058),
 ( 0.8312495820266319058, 0.7097924854570504261, 0.7097924854570504261, 0.8312495820266319058),
 ( 1.000000000000000000, 0.8538861261458171592, 0.8538861261458171592, 1.000000000000000000) ) ) 
 REPRESENTATION_ITEM ( '' )  SURFACE ( )  );
#6030 = AXIS2_PLACEMENT_3D ( 'NONE', #80, #1838, #4043 ) ;
#6031 = VECTOR ( 'NONE', #196, 1000.000000000000114 ) ;
#6032 = ORIENTED_EDGE ( 'NONE', *, *, #921, .F. ) ;
#6033 = CARTESIAN_POINT ( 'NONE',  ( 5.701341293122029086, 12.73499999999999588, -1.623382409183597108 ) ) ;
#6034 = ORIENTED_EDGE ( 'NONE', *, *, #6547, .F. ) ;
#6035 = ADVANCED_FACE ( 'NONE', ( #7080 ), #6597, .T. ) ;
#6036 = CARTESIAN_POINT ( 'NONE',  ( 7.167157287525207643, 11.23499999999981291, -5.080000000000001847 ) ) ;
#6037 = ORIENTED_EDGE ( 'NONE', *, *, #5088, .F. ) ;
#6038 = CARTESIAN_POINT ( 'NONE',  ( 4.950000000000153833, 12.69733902327538821, 3.386692207546691424 ) ) ;
#6039 = AXIS2_PLACEMENT_3D ( 'NONE', #426, #6202, #6241 ) ;
#6040 = AXIS2_PLACEMENT_3D ( 'NONE', #2059, #6687, #257 ) ;
#6041 = EDGE_CURVE ( 'NONE', #4713, #3225, #4391, .T. ) ;
#6042 = LINE ( 'NONE', #2655, #6794 ) ;
#6043 = DIRECTION ( 'NONE',  ( 0.0000000000000000000, 0.9805806756909204447, -0.1961161351381830731 ) ) ;
#6044 = ORIENTED_EDGE ( 'NONE', *, *, #5504, .F. ) ;
#6045 = VECTOR ( 'NONE', #4332, 1000.000000000000000 ) ;
#6046 = CARTESIAN_POINT ( 'NONE',  ( 5.750000000000000000, 12.64656426582508075, -1.714246796769120618 ) ) ;
#6047 = VERTEX_POINT ( 'NONE', #268 ) ;
#6048 = VERTEX_POINT ( 'NONE', #1337 ) ;
#6049 = CARTESIAN_POINT ( 'NONE',  ( 5.749999999995260680, 12.68578847567073176, -6.780703200956242682 ) ) ;
#6050 = CARTESIAN_POINT ( 'NONE',  ( 4.950000000003960565, 12.65427415702094116, -3.366989705258999432 ) ) ;
#6051 = AXIS2_PLACEMENT_3D ( 'NONE', #6305, #4496, #4573 ) ;
#6052 = DIRECTION ( 'NONE',  ( 1.000000000000000000, -0.0000000000000000000, 0.0000000000000000000 ) ) ;
#6053 = CARTESIAN_POINT ( 'NONE',  ( 7.167157287525207643, 11.23499999999981824, 3.634314575050436869 ) ) ;
#6054 = ITEM_DEFINED_TRANSFORMATION ( 'NONE', 'NONE', #3914,  #6010 ) ;
#6055 = VECTOR ( 'NONE', #4407, 1000.000000000000000 ) ;
#6056 = EDGE_CURVE ( 'NONE', #2967, #1214, #7577, .T. ) ;
#6057 = CARTESIAN_POINT ( 'NONE',  ( 4.949999999999991296, 12.73499999999999943, 1.612082860990528665 ) ) ;
#6058 = DIRECTION ( 'NONE',  ( 0.0000000000000000000, 0.0000000000000000000, 1.000000000000000000 ) ) ;
#6059 = DIRECTION ( 'NONE',  ( -1.171453342316279939E-15, -1.000000000000000000, -0.0000000000000000000 ) ) ;
#6060 = FACE_OUTER_BOUND ( 'NONE', #6533, .T. ) ;
#6061 = PERSON_AND_ORGANIZATION ( #1524, #6256 ) ;
#6062 = ORIENTED_EDGE ( 'NONE', *, *, #4576, .F. ) ;
#6063 = CARTESIAN_POINT ( 'NONE',  ( 4.949999999999999289, 12.64656426582875959, -1.714246796764900216 ) ) ;
#6064 = CARTESIAN_POINT ( 'NONE',  ( 5.750000000000001776, 12.73499999999999943, 6.696418486921939639 ) ) ;
#6065 = DIRECTION ( 'NONE',  ( -1.000000000000000000, 1.332267629550187849E-15, 0.0000000000000000000 ) ) ;
#6066 = CARTESIAN_POINT ( 'NONE',  ( 3.689033070783249268, 12.73500000000000121, 4.285277718916119305 ) ) ;
#6067 = CARTESIAN_POINT ( 'NONE',  ( 7.249999999999991118, 11.43499999999999694, 3.800000000000000711 ) ) ;
#6068 = DIRECTION ( 'NONE',  ( -3.220379291669973468E-28, 1.000000000000000000, 1.794541526872519968E-14 ) ) ;
#6069 = ORIENTED_EDGE ( 'NONE', *, *, #3775, .T. ) ;
#6070 = DIRECTION ( 'NONE',  ( -0.0000000000000000000, -0.0000000000000000000, 1.000000000000000000 ) ) ;
#6071 = VERTEX_POINT ( 'NONE', #800 ) ;
#6072 = CARTESIAN_POINT ( 'NONE',  ( 7.325000000000000178, 13.99999999999999822, 0.0000000000000000000 ) ) ;
#6073 = VERTEX_POINT ( 'NONE', #5544 ) ;
#6074 = ORIENTED_EDGE ( 'NONE', *, *, #198, .T. ) ;
#6075 = CARTESIAN_POINT ( 'NONE',  ( 9.309999999999998721, 6.599999999999999645, 7.620000000000000107 ) ) ;
#6076 = EDGE_CURVE ( 'NONE', #587, #4771, #6659, .T. ) ;
#6077 = EDGE_CURVE ( 'NONE', #4725, #559, #3304, .T. ) ;
#6078 = CARTESIAN_POINT ( 'NONE',  ( 5.300000000000001599, -3.700000000000010392, 5.379999999999999005 ) ) ;
#6079 = VERTEX_POINT ( 'NONE', #6615 ) ;
#6080 = ORIENTED_EDGE ( 'NONE', *, *, #5269, .T. ) ;
#6081 = ADVANCED_FACE ( 'NONE', ( #1951 ), #3693, .T. ) ;
#6082 = DIRECTION ( 'NONE',  ( 0.4472135954999588159, -0.0000000000000000000, 0.8944271909999155223 ) ) ;
#6083 = VERTEX_POINT ( 'NONE', #3806 ) ;
#6084 = ORIENTED_EDGE ( 'NONE', *, *, #5601, .T. ) ;
#6085 = CARTESIAN_POINT ( 'NONE',  ( 5.749999999999869438, 12.73420261174141821, 1.625065273783197872 ) ) ;
#6086 = DIRECTION ( 'NONE',  ( 0.8660254037844373753, -0.0000000000000000000, 0.5000000000000022204 ) ) ;
#6087 = DIRECTION ( 'NONE',  ( 1.000000000000000000, 0.0000000000000000000, 0.0000000000000000000 ) ) ;
#6088 = CARTESIAN_POINT ( 'NONE',  ( 7.049999999999685407, 11.23499999999999588, 2.081899558550126310E-16 ) ) ;
#6089 = ORIENTED_EDGE ( 'NONE', *, *, #5360, .F. ) ;
#6090 = LINE ( 'NONE', #813, #1835 ) ;
#6091 = FACE_OUTER_BOUND ( 'NONE', #1449, .T. ) ;
#6092 = DIRECTION ( 'NONE',  ( -0.0000000000000000000, -1.000000000000000000, -1.889646980599319876E-14 ) ) ;
#6093 = CARTESIAN_POINT ( 'NONE',  ( 5.750000000000001776, 12.64656426582888926, -3.365753203235122282 ) ) ;
#6094 = ORIENTED_EDGE ( 'NONE', *, *, #2298, .T. ) ;
#6095 = FACE_OUTER_BOUND ( 'NONE', #1834, .T. ) ;
#6096 = DIRECTION ( 'NONE',  ( -1.794541526872530066E-14, 0.0000000000000000000, 1.000000000000000000 ) ) ;
#6097 = FACE_OUTER_BOUND ( 'NONE', #3116, .T. ) ;
#6098 = CARTESIAN_POINT ( 'NONE',  ( 9.646410161513777837, 6.599999999999994316, -3.140000000000000568 ) ) ;
#6099 = CARTESIAN_POINT ( 'NONE',  ( 4.950000000000155609, 12.71295948527728292, -6.757530025091522674 ) ) ;
#6100 = CARTESIAN_POINT ( 'NONE',  ( 7.248658176329017877, 11.45812853167897138, 2.325185658316293854E-16 ) ) ;
#6101 = DIRECTION ( 'NONE',  ( 0.0000000000000000000, 0.0000000000000000000, -1.000000000000000000 ) ) ;
#6102 = VERTEX_POINT ( 'NONE', #3153 ) ;
#6103 = CARTESIAN_POINT ( 'NONE',  ( 1.078756443470130000, 6.599999999999999645, -3.010000000000080167 ) ) ;
#6104 = ORIENTED_EDGE ( 'NONE', *, *, #6984, .T. ) ;
#6105 = VECTOR ( 'NONE', #3683, 1000.000000000000000 ) ;
#6106 = FACE_OUTER_BOUND ( 'NONE', #3569, .T. ) ;
#6107 = ORIENTED_EDGE ( 'NONE', *, *, #3439, .F. ) ;
#6108 = ORIENTED_EDGE ( 'NONE', *, *, #4376, .F. ) ;
#6109 = CARTESIAN_POINT ( 'NONE',  ( 4.499999999999990230, -0.05000000078161515038, 5.580000000000091553 ) ) ;
#6110 = VECTOR ( 'NONE', #3605, 1000.000000000000000 ) ;
#6111 = CARTESIAN_POINT ( 'NONE',  ( 2.167957166897569454, -7.589415207398531038E-16, 6.999999999999999112 ) ) ;
#6112 = ORIENTED_EDGE ( 'NONE', *, *, #1131, .T. ) ;
#6113 = VERTEX_POINT ( 'NONE', #6155 ) ;
#6114 = CARTESIAN_POINT ( 'NONE',  ( 8.250000000000000000, 14.00000000000000000, 7.620000000000000107 ) ) ;
#6115 = VERTEX_POINT ( 'NONE', #2579 ) ;
#6116 = AXIS2_PLACEMENT_3D ( 'NONE', #2280, #1697, #3291 ) ;
#6117 = VERTEX_POINT ( 'NONE', #723 ) ;
#6118 =( BOUNDED_SURFACE ( )  B_SPLINE_SURFACE ( 3, 3, ( 
 ( #6683, #5374, #789, #6033 ),
 ( #3721, #1899, #6720, #1327 ),
 ( #1286, #751, #1406, #3107 ),
 ( #7146, #1866, #3608, #102 ) ),
 .UNSPECIFIED., .F., .F., .T. ) 
 B_SPLINE_SURFACE_WITH_KNOTS ( ( 4, 4 ),
 ( 4, 4 ),
 ( 0.0000000000000000000, 1.000000000000000000 ),
 ( 0.0000000000000000000, 1.000000000000000000 ),
 .UNSPECIFIED. ) 
 GEOMETRIC_REPRESENTATION_ITEM ( )  RATIONAL_B_SPLINE_SURFACE ( (
 ( 1.000000000000000000, 0.4743521123180107213, 0.4743521123180107213, 1.000000000000000000),
 ( 0.8312495820341943009, 0.3943049951013836152, 0.3943049951013836152, 0.8312495820341943009),
 ( 0.8312495820341943009, 0.3943049951013836152, 0.3943049951013836152, 0.8312495820341943009),
 ( 1.000000000000000000, 0.4743521123180107213, 0.4743521123180107213, 1.000000000000000000) ) ) 
 REPRESENTATION_ITEM ( '' )  SURFACE ( )  );
#6119 = EDGE_CURVE ( 'NONE', #2212, #2067, #7211, .T. ) ;
#6120 = CARTESIAN_POINT ( 'NONE',  ( 4.130405133862626421, 12.69953703111901611, -6.603684330418799320 ) ) ;
#6121 = DIRECTION ( 'NONE',  ( 0.4472135954999588159, 0.8944271909999155223, -0.0000000000000000000 ) ) ;
#6122 = EDGE_CURVE ( 'NONE', #3031, #3938, #4406, .T. ) ;
#6123 = AXIS2_PLACEMENT_3D ( 'NONE', #5461, #182, #7224 ) ;
#6124 = APPROVAL_ROLE ( '' ) ;
#6125 = VERTEX_POINT ( 'NONE', #5465 ) ;
#6126 = EDGE_CURVE ( 'NONE', #6815, #7330, #185, .T. ) ;
#6127 = CARTESIAN_POINT ( 'NONE',  ( 9.449999999999999289, 6.599999999999999645, -2.540000000000000036 ) ) ;
#6128 = DIRECTION ( 'NONE',  ( 1.171453342316279939E-15, 1.000000000000000000, 0.0000000000000000000 ) ) ;
#6129 = CARTESIAN_POINT ( 'NONE',  ( 5.349999999999989875, 11.45812853167969791, 5.080000000000000071 ) ) ;
#6130 = LINE ( 'NONE', #281, #5627 ) ;
#6131 = DATE_AND_TIME ( #4282, #2075 ) ;
#6132 = VERTEX_POINT ( 'NONE', #4347 ) ;
#6133 = APPROVAL_PERSON_ORGANIZATION ( #5237, #925, #2898 ) ;
#6134 = PLANE ( 'NONE',  #333 ) ;
#6135 = LINE ( 'NONE', #4363, #7242 ) ;
#6136 = DIRECTION ( 'NONE',  ( 1.000000000000000000, 0.0000000000000000000, 0.0000000000000000000 ) ) ;
#6137 = DIRECTION ( 'NONE',  ( -1.000000000000000000, 0.0000000000000000000, 0.0000000000000000000 ) ) ;
#6138 = DIRECTION ( 'NONE',  ( 1.000000000000000000, -9.854725885015578669E-16, 0.0000000000000000000 ) ) ;
#6139 = DIRECTION ( 'NONE',  ( 5.517568307814269711E-16, -6.463573835647406802E-31, 1.000000000000000000 ) ) ;
#6140 = DIRECTION ( 'NONE',  ( 1.000000000000000000, 0.0000000000000000000, -0.0000000000000000000 ) ) ;
#6141 = ORIENTED_EDGE ( 'NONE', *, *, #123, .T. ) ;
#6142 = CARTESIAN_POINT ( 'NONE',  ( 1.199999999999999956, 0.0000000000000000000, -2.540000000000000036 ) ) ;
#6143 = ORIENTED_EDGE ( 'NONE', *, *, #4609, .F. ) ;
#6144 = VECTOR ( 'NONE', #5107, 1000.000000000000000 ) ;
#6145 = LINE ( 'NONE', #4413, #6402 ) ;
#6146 = ORIENTED_EDGE ( 'NONE', *, *, #1790, .T. ) ;
#6147 = DIRECTION ( 'NONE',  ( 0.0000000000000000000, 0.0000000000000000000, 1.000000000000000000 ) ) ;
#6148 =( REPRESENTATION_RELATIONSHIP ('NONE','NONE', #2385, #6819 ) REPRESENTATION_RELATIONSHIP_WITH_TRANSFORMATION ( #1803 )SHAPE_REPRESENTATION_RELATIONSHIP( ) );
#6149 = CARTESIAN_POINT ( 'NONE',  ( 8.557209438086390563, 6.599999999999999645, 7.000000000000000000 ) ) ;
#6150 = AXIS2_PLACEMENT_3D ( 'NONE', #621, #7091, #7054 ) ;
#6151 = CARTESIAN_POINT ( 'NONE',  ( 4.126117196948060339, 12.64656426582076421, -1.529041406336341558 ) ) ;
#6152 = ORIENTED_EDGE ( 'NONE', *, *, #465, .F. ) ;
#6153 = CC_DESIGN_PERSON_AND_ORGANIZATION_ASSIGNMENT ( #6979, #2714, ( #7190 ) ) ;
#6154 = ORIENTED_EDGE ( 'NONE', *, *, #1034, .F. ) ;
#6155 = CARTESIAN_POINT ( 'NONE',  ( 10.25000000000000000, 1.700000000000004396, 3.279999999999998916 ) ) ;
#6156 = ORIENTED_EDGE ( 'NONE', *, *, #4656, .F. ) ;
#6157 = CIRCLE ( 'NONE', #6039, 0.09999999999999982514 ) ;
#6158 = CIRCLE ( 'NONE', #3206, 1.974999999999999423 ) ;
#6159 = ORIENTED_EDGE ( 'NONE', *, *, #523, .T. ) ;
#6160 = CARTESIAN_POINT ( 'NONE',  ( 5.749999999999321432, 12.72522597148189227, -6.738022933191346375 ) ) ;
#6161 = CARTESIAN_POINT ( 'NONE',  ( 2.625902306574849909, 14.00000000000000000, -2.539999999999999591 ) ) ;
#6162 = AXIS2_PLACEMENT_3D ( 'NONE', #1738, #3513, #6708 ) ;
#6163 = DIRECTION ( 'NONE',  ( -1.000000000000000000, 0.0000000000000000000, 0.0000000000000000000 ) ) ;
#6164 = CIRCLE ( 'NONE', #2349, 0.2999999999999999334 ) ;
#6165 = ADVANCED_FACE ( 'NONE', ( #6697 ), #3767, .T. ) ;
#6166 = APPROVAL_DATE_TIME ( #1344, #410 ) ;
#6167 = DIRECTION ( 'NONE',  ( -1.000000000000000000, 3.338853781347929776E-28, -1.794541526872530066E-14 ) ) ;
#6168 = ORIENTED_EDGE ( 'NONE', *, *, #4809, .F. ) ;
#6169 = VECTOR ( 'NONE', #1717, 1000.000000000000000 ) ;
#6170 = CARTESIAN_POINT ( 'NONE',  ( 3.650000000000294342, 11.23500000000000121, 8.479999999999392912 ) ) ;
#6171 = AXIS2_PLACEMENT_3D ( 'NONE', #5934, #6434, #6468 ) ;
#6172 = CARTESIAN_POINT ( 'NONE',  ( 5.749999999999845457, 12.69733902327550190, 6.773307792453213239 ) ) ;
#6173 = LINE ( 'NONE', #5479, #2552 ) ;
#6174 = ADVANCED_FACE ( 'NONE', ( #3024 ), #314, .T. ) ;
#6175 = DATE_TIME_ROLE ( 'creation_date' ) ;
#6176 = VECTOR ( 'NONE', #97, 1000.000000000000000 ) ;
#6177 = EDGE_CURVE ( 'NONE', #2284, #4232, #6455, .T. ) ;
#6178 = EDGE_LOOP ( 'NONE', ( #2985, #4456, #4076, #1513 ) ) ;
#6179 = ADVANCED_FACE ( 'NONE', ( #5294 ), #5989, .F. ) ;
#6180 = FACE_OUTER_BOUND ( 'NONE', #1569, .T. ) ;
#6181 = CARTESIAN_POINT ( 'NONE',  ( 5.750000000000003553, 12.65751425528054419, 6.792937712264714101 ) ) ;
#6182 = CARTESIAN_POINT ( 'NONE',  ( 3.449999999999989519, 11.31784271247447649, 5.080000000000000959 ) ) ;
#6183 = DIRECTION ( 'NONE',  ( -1.000000000000000000, 1.171453342316279939E-15, 0.0000000000000000000 ) ) ;
#6184 = CARTESIAN_POINT ( 'NONE',  ( 7.249552224325722882, 11.45044927442902605, 3.799104448651467347 ) ) ;
#6185 = LINE ( 'NONE', #787, #394 ) ;
#6186 = ORIENTED_EDGE ( 'NONE', *, *, #4579, .T. ) ;
#6187 = FACE_BOUND ( 'NONE', #5223, .T. ) ;
#6188 = ORIENTED_EDGE ( 'NONE', *, *, #1608, .F. ) ;
#6189 = DIRECTION ( 'NONE',  ( -9.136576017787373527E-16, -1.000000000000000000, -2.086925533220184338E-31 ) ) ;
#6190 = VERTEX_POINT ( 'NONE', #1323 ) ;
#6191 = CARTESIAN_POINT ( 'NONE',  ( 4.949999999999999289, 12.65751425528040564, 3.367062287735247850 ) ) ;
#6192 = CARTESIAN_POINT ( 'NONE',  ( 7.249552224325724659, 11.45044927442902782, 2.326280551333744888E-16 ) ) ;
#6193 = CARTESIAN_POINT ( 'NONE',  ( 4.130405133862625533, 12.69953703111901611, -1.523684330418795474 ) ) ;
#6194 = EDGE_CURVE ( 'NONE', #7424, #4961, #637, .T. ) ;
#6195 = VERTEX_POINT ( 'NONE', #1207 ) ;
#6196 = ORIENTED_EDGE ( 'NONE', *, *, #4009, .T. ) ;
#6197 = ORIENTED_EDGE ( 'NONE', *, *, #1466, .F. ) ;
#6198 = CARTESIAN_POINT ( 'NONE',  ( 5.749999999996039612, 12.65427415702093761, -6.793010294740997601 ) ) ;
#6199 = CARTESIAN_POINT ( 'NONE',  ( 5.299999999999990052, -0.05000000078162009781, 5.880000000000136673 ) ) ;
#6200 = CARTESIAN_POINT ( 'NONE',  ( 3.450447775674257755, 11.45044927442903138, 5.080000000000001847 ) ) ;
#6201 = APPROVAL_STATUS ( 'not_yet_approved' ) ;
#6202 = DIRECTION ( 'NONE',  ( 0.0000000000000000000, 0.0000000000000000000, 1.000000000000000000 ) ) ;
#6203 = ORIENTED_EDGE ( 'NONE', *, *, #7385, .T. ) ;
#6204 = CARTESIAN_POINT ( 'NONE',  ( 3.689038437082761135, 12.73500000000000121, -6.514260371341593064E-09 ) ) ;
#6205 = CARTESIAN_POINT ( 'NONE',  ( 3.635702499534282595, 12.73500000000000121, -4.243824450874756238 ) ) ;
#6206 = ADVANCED_FACE ( 'NONE', ( #2492 ), #4720, .F. ) ;
#6207 = CARTESIAN_POINT ( 'NONE',  ( 8.014137117667083032, 12.73499999999999055, 3.902600228293234164 ) ) ;
#6208 = CARTESIAN_POINT ( 'NONE',  ( 4.949999999999991296, 12.73499999999999943, -3.467917139009471406 ) ) ;
#6209 = CALENDAR_DATE ( 2019, 21, 10 ) ;
#6210 = ORIENTED_EDGE ( 'NONE', *, *, #4051, .T. ) ;
#6211 = CARTESIAN_POINT ( 'NONE',  ( 5.749999999996039612, 12.65427415702094116, -1.713010294740996420 ) ) ;
#6212 = CARTESIAN_POINT ( 'NONE',  ( 3.589703975886587184, 12.64656426582840254, 0.8586120489667303790 ) ) ;
#6213 = EDGE_CURVE ( 'NONE', #561, #6125, #5373, .T. ) ;
#6214 = CARTESIAN_POINT ( 'NONE',  ( 7.167157287525206755, 11.23499999999981824, 1.445685424949564313 ) ) ;
#6215 = EDGE_CURVE ( 'NONE', #3992, #5462, #4682, .T. ) ;
#6216 = DIRECTION ( 'NONE',  ( 0.0000000000000000000, 0.0000000000000000000, -1.000000000000000000 ) ) ;
#6217 = FACE_OUTER_BOUND ( 'NONE', #1144, .T. ) ;
#6218 = DIRECTION ( 'NONE',  ( -9.136576017787373527E-16, -1.000000000000000000, -2.086925533220183900E-31 ) ) ;
#6219 = ORIENTED_EDGE ( 'NONE', *, *, #1974, .T. ) ;
#6220 = DIRECTION ( 'NONE',  ( 1.224646799147353207E-16, -1.434616586018100824E-31, -1.000000000000000000 ) ) ;
#6221 = VERTEX_POINT ( 'NONE', #3523 ) ;
#6222 = DIRECTION ( 'NONE',  ( 1.224646799147353207E-16, -1.434616586018100824E-31, -1.000000000000000000 ) ) ;
#6223 = EDGE_LOOP ( 'NONE', ( #4412, #5043, #184, #4919, #1250, #5261, #1858, #2333 ) ) ;
#6224 = ADVANCED_FACE ( 'NONE', ( #6600 ), #3679, .F. ) ;
#6225 = DIRECTION ( 'NONE',  ( -1.171453342316279939E-15, -1.000000000000000000, -0.0000000000000000000 ) ) ;
#6226 = LINE ( 'NONE', #5805, #6542 ) ;
#6227 = DIRECTION ( 'NONE',  ( 1.000000000000000000, 0.0000000000000000000, 0.0000000000000000000 ) ) ;
#6228 = EDGE_CURVE ( 'NONE', #4725, #3004, #2409, .T. ) ;
#6229 = CARTESIAN_POINT ( 'NONE',  ( 3.595871267840947016, 12.69953703111901611, -0.8556038611919061232 ) ) ;
#6230 = ORIENTED_EDGE ( 'NONE', *, *, #140, .T. ) ;
#6231 = AXIS2_PLACEMENT_3D ( 'NONE', #3336, #5719, #3795 ) ;
#6232 = ORIENTED_EDGE ( 'NONE', *, *, #2694, .T. ) ;
#6233 = VERTEX_POINT ( 'NONE', #6027 ) ;
#6234 = CARTESIAN_POINT ( 'NONE',  ( 3.449999999999989519, 11.31784271247447649, 5.080000000000000959 ) ) ;
#6235 = CYLINDRICAL_SURFACE ( 'NONE', #3821, 1.975000000000000089 ) ;
#6236 = AXIS2_PLACEMENT_3D ( 'NONE', #6429, #1296, #76 ) ;
#6237 = AXIS2_PLACEMENT_3D ( 'NONE', #7293, #713, #3063 ) ;
#6238 = CARTESIAN_POINT ( 'NONE',  ( 7.249999999999992006, 11.44273112629124611, 5.080000000000000959 ) ) ;
#6239 = CONTEXT_DEPENDENT_SHAPE_REPRESENTATION ( #889, #2397 ) ;
#6240 = VECTOR ( 'NONE', #4941, 1000.000000000000000 ) ;
#6241 = DIRECTION ( 'NONE',  ( -1.000000000000000000, 0.0000000000000000000, 0.0000000000000000000 ) ) ;
#6242 = ORIENTED_EDGE ( 'NONE', *, *, #2303, .F. ) ;
#6243 = CARTESIAN_POINT ( 'NONE',  ( 3.451341823677039677, 11.45812853178540891, 2.325185658308839612E-16 ) ) ;
#6244 = CARTESIAN_POINT ( 'NONE',  ( 3.449999999999990408, 11.43500000000000050, -4.653657836759942730E-16 ) ) ;
#6245 = VECTOR ( 'NONE', #1035, 1000.000000000000000 ) ;
#6246 = DIRECTION ( 'NONE',  ( -1.000000000000000000, 3.338853781347929776E-28, -1.794541526872530066E-14 ) ) ;
#6247 = SECURITY_CLASSIFICATION_LEVEL ( 'unclassified' ) ;
#6248 = B_SPLINE_CURVE_WITH_KNOTS ( 'NONE', 3,
 ( #3138, #4366, #3102, #3717, #1475, #1401, #3753, #6099, #2524, #824, #3059, #3219, #1895, #3678, #3833, #6715 ),
 .UNSPECIFIED., .F., .F.,
 ( 4, 3, 3, 3, 3, 4 ),
 ( 8.218119684499256706E-15, 3.308388942448676009E-05, 6.613717211493594470E-05, 9.966070390111120432E-05, 0.0001340858777773711757, 0.0001469394654600637861 ),
 .UNSPECIFIED. ) ;
#6249 = VERTEX_POINT ( 'NONE', #2950 ) ;
#6250 = EDGE_CURVE ( 'NONE', #5577, #5995, #4594, .T. ) ;
#6251 = CARTESIAN_POINT ( 'NONE',  ( 9.449999999999999289, 7.600000000000000533, 7.620000000000000107 ) ) ;
#6252 = CARTESIAN_POINT ( 'NONE',  ( 6.521332732297200785, 12.73499999999999943, 3.659305001497699994 ) ) ;
#6253 = PLANE ( 'NONE',  #6763 ) ;
#6254 = CARTESIAN_POINT ( 'NONE',  ( 2.146410161513769843, 6.599999999999999645, -8.220000000000000639 ) ) ;
#6255 = CARTESIAN_POINT ( 'NONE',  ( 10.25000000000000000, 1.700000000000009504, 6.880000000000000782 ) ) ;
#6256 = ORGANIZATION ( 'UNSPECIFIED', 'UNSPECIFIED', '' ) ;
#6257 = VERTEX_POINT ( 'NONE', #4795 ) ;
#6258 = CARTESIAN_POINT ( 'NONE',  ( 10.25000000000000000, 0.0000000000000000000, 7.620000000000000107 ) ) ;
#6259 = EDGE_CURVE ( 'NONE', #2845, #2087, #7104, .T. ) ;
#6260 = VERTEX_POINT ( 'NONE', #98 ) ;
#6261 = LINE ( 'NONE', #1665, #253 ) ;
#6262 = VERTEX_POINT ( 'NONE', #6639 ) ;
#6263 = LINE ( 'NONE', #5690, #5535 ) ;
#6264 = CARTESIAN_POINT ( 'NONE',  ( 3.595871267840947461, 12.69953703111901433, 5.080000000000001847 ) ) ;
#6265 = CARTESIAN_POINT ( 'NONE',  ( 4.949999999999999289, 12.64656426582881821, -1.714246796764893110 ) ) ;
#6266 = CARTESIAN_POINT ( 'NONE',  ( 3.635702501169018941, 12.73500000000000121, 2.602085213965211036E-15 ) ) ;
#6267 = AXIS2_PLACEMENT_3D ( 'NONE', #3218, #5527, #4985 ) ;
#6268 = ORIENTED_EDGE ( 'NONE', *, *, #4851, .T. ) ;
#6269 = EDGE_CURVE ( 'NONE', #365, #1647, #291, .T. ) ;
#6270 = ORIENTED_EDGE ( 'NONE', *, *, #4963, .T. ) ;
#6271 = ORIENTED_EDGE ( 'NONE', *, *, #6513, .T. ) ;
#6272 = EDGE_CURVE ( 'NONE', #1095, #25, #455, .T. ) ;
#6273 = CARTESIAN_POINT ( 'NONE',  ( 5.499999999999584332, -0.05000000078158019917, -5.580000000000040039 ) ) ;
#6274 = CARTESIAN_POINT ( 'NONE',  ( 5.349999999999982769, 12.64656426582178206, -5.080000000000000071 ) ) ;
#6275 = CIRCLE ( 'NONE', #2947, 1.760296020627533320 ) ;
#6276 = AXIS2_PLACEMENT_3D ( 'NONE', #2079, #7505, #4506 ) ;
#6277 = VECTOR ( 'NONE', #1263, 1000.000000000000000 ) ;
#6278 = DIRECTION ( 'NONE',  ( -1.084202172485509956E-15, -1.000000000000000000, 0.0000000000000000000 ) ) ;
#6279 = CARTESIAN_POINT ( 'NONE',  ( 3.451341823670963205, 11.45812853167897671, 5.080000000000000071 ) ) ;
#6280 = VERTEX_POINT ( 'NONE', #4952 ) ;
#6281 = CARTESIAN_POINT ( 'NONE',  ( 3.449999999999992184, 11.31784271247448004, -8.879999999999999005 ) ) ;
#6282 = CARTESIAN_POINT ( 'NONE',  ( 4.499999999999800160, 0.0000000000000000000, -0.5041960109771793652 ) ) ;
#6283 = VECTOR ( 'NONE', #6092, 1000.000000000000000 ) ;
#6284 = AXIS2_PLACEMENT_3D ( 'NONE', #2650, #6189, #791 ) ;
#6285 = CARTESIAN_POINT ( 'NONE',  ( 5.749999999999930722, 12.72445880131370011, 6.738090098931875715 ) ) ;
#6286 = CARTESIAN_POINT ( 'NONE',  ( 4.949999999999999289, 11.93500000000000050, 7.040000000000000036 ) ) ;
#6287 = SECURITY_CLASSIFICATION_LEVEL ( 'unclassified' ) ;
#6288 = EDGE_CURVE ( 'NONE', #3723, #7524, #2644, .T. ) ;
#6289 = VERTEX_POINT ( 'NONE', #3754 ) ;
#6290 = CIRCLE ( 'NONE', #7515, 1.975000000000000089 ) ;
#6291 = VECTOR ( 'NONE', #2404, 1000.000000000000000 ) ;
#6292 = DIRECTION ( 'NONE',  ( 0.0000000000000000000, 0.0000000000000000000, 1.000000000000000000 ) ) ;
#6293 = CARTESIAN_POINT ( 'NONE',  ( 4.973902936697425226, 12.73500000000000121, 1.672533082919937186 ) ) ;
#6294 = DIRECTION ( 'NONE',  ( 1.171453342316279939E-15, 1.000000000000000000, -0.0000000000000000000 ) ) ;
#6295 = AXIS2_PLACEMENT_3D ( 'NONE', #6993, #2911, #5988 ) ;
#6296 = LINE ( 'NONE', #3332, #3166 ) ;
#6297 = ORIENTED_EDGE ( 'NONE', *, *, #4581, .T. ) ;
#6298 = CARTESIAN_POINT ( 'NONE',  ( 4.500000000000006217, 4.784159143999949571, -0.4999999999998968048 ) ) ;
#6299 = ORIENTED_EDGE ( 'NONE', *, *, #2637, .F. ) ;
#6300 = VERTEX_POINT ( 'NONE', #7290 ) ;
#6301 = CARTESIAN_POINT ( 'NONE',  ( 3.650000000000296563, 11.23499999999999943, -3.399999999999388844 ) ) ;
#6302 = PLANE ( 'NONE',  #1218 ) ;
#6303 = LINE ( 'NONE', #2219, #7274 ) ;
#6304 = ADVANCED_FACE ( 'NONE', ( #4367 ), #2735, .T. ) ;
#6305 = CARTESIAN_POINT ( 'NONE',  ( 5.349999999999982769, 12.64656426582178206, 5.080000000000000071 ) ) ;
#6306 = DIRECTION ( 'NONE',  ( -9.136576017787373527E-16, -1.000000000000000000, -2.086925533220184338E-31 ) ) ;
#6307 = ORIENTED_EDGE ( 'NONE', *, *, #1000, .T. ) ;
#6308 = ORIENTED_EDGE ( 'NONE', *, *, #7120, .T. ) ;
#6309 = ORIENTED_EDGE ( 'NONE', *, *, #3732, .T. ) ;
#6310 = CARTESIAN_POINT ( 'NONE',  ( 9.250000000000000000, 5.199999999999989519, 1.299999999999992939 ) ) ;
#6311 = CARTESIAN_POINT ( 'NONE',  ( 10.25000000000000000, 6.200000000000009948, 6.379999999999999893 ) ) ;
#6312 = EDGE_CURVE ( 'NONE', #6083, #6102, #2426, .T. ) ;
#6313 = EDGE_CURVE ( 'NONE', #6668, #4944, #3139, .T. ) ;
#6314 = CARTESIAN_POINT ( 'NONE',  ( 5.299999999999999822, -3.700000000000009948, 4.779999999999999361 ) ) ;
#6315 = EDGE_CURVE ( 'NONE', #5400, #2708, #1357, .T. ) ;
#6316 = CARTESIAN_POINT ( 'NONE',  ( 8.076037614647821883, 12.69953703112068588, 3.875243666752033356 ) ) ;
#6317 = ORIENTED_EDGE ( 'NONE', *, *, #1828, .T. ) ;
#6318 = CARTESIAN_POINT ( 'NONE',  ( 5.499999999999589662, -0.05000000078158019917, 4.279999999999960281 ) ) ;
#6319 = EDGE_LOOP ( 'NONE', ( #700, #2417, #6196, #610 ) ) ;
#6320 = CARTESIAN_POINT ( 'NONE',  ( 7.249999999999991118, 11.31784271247447649, -8.880000000000000782 ) ) ;
#6321 = CARTESIAN_POINT ( 'NONE',  ( 3.589703977699978843, 12.64656426582840432, -4.221387948900449771 ) ) ;
#6322 = CARTESIAN_POINT ( 'NONE',  ( 3.650000000000296563, 11.23499999999999943, -3.399999999999388844 ) ) ;
#6323 = CARTESIAN_POINT ( 'NONE',  ( 9.449999999999999289, 0.0000000000000000000, -7.620000000000000107 ) ) ;
#6324 = EDGE_CURVE ( 'NONE', #3938, #1867, #173, .T. ) ;
#6325 = PERSON_AND_ORGANIZATION ( #1524, #6256 ) ;
#6326 = ORIENTED_EDGE ( 'NONE', *, *, #1175, .F. ) ;
#6327 = LINE ( 'NONE', #6942, #1716 ) ;
#6328 = CARTESIAN_POINT ( 'NONE',  ( 7.993234973611840211, 14.00000000000000000, 7.620000000000000107 ) ) ;
#6329 = DIRECTION ( 'NONE',  ( -1.000000000000000000, -0.0000000000000000000, 0.0000000000000000000 ) ) ;
#6330 = FACE_OUTER_BOUND ( 'NONE', #5501, .T. ) ;
#6331 = VERTEX_POINT ( 'NONE', #5027 ) ;
#6332 = CARTESIAN_POINT ( 'NONE',  ( 2.625902306574849909, 13.69999999999999929, 7.620000000000000107 ) ) ;
#6333 = ORIENTED_EDGE ( 'NONE', *, *, #2018, .T. ) ;
#6334 = VERTEX_POINT ( 'NONE', #3835 ) ;
#6335 = LINE ( 'NONE', #5217, #5790 ) ;
#6336 = DIRECTION ( 'NONE',  ( 0.0000000000000000000, 0.0000000000000000000, 1.000000000000000000 ) ) ;
#6337 = LINE ( 'NONE', #1564, #3226 ) ;
#6338 = DIRECTION ( 'NONE',  ( 1.171453342316279939E-15, 1.000000000000000000, 0.0000000000000000000 ) ) ;
#6339 = ORIENTED_EDGE ( 'NONE', *, *, #6213, .F. ) ;
#6340 = VERTEX_POINT ( 'NONE', #7367 ) ;
#6341 = ORIENTED_EDGE ( 'NONE', *, *, #1086, .T. ) ;
#6342 = DIRECTION ( 'NONE',  ( 1.000000000000000000, -3.338853781347929776E-28, 1.794541526872530066E-14 ) ) ;
#6343 = CARTESIAN_POINT ( 'NONE',  ( 5.749999999999992895, 12.73499999999999943, 3.467917139009472294 ) ) ;
#6344 = CARTESIAN_POINT ( 'NONE',  ( 5.749999999999992895, 12.73499999999999943, 3.467917139009472294 ) ) ;
#6345 = CARTESIAN_POINT ( 'NONE',  ( 5.300000000000001599, -3.700000000000010392, 0.2999999999999992673 ) ) ;
#6346 = ORIENTED_EDGE ( 'NONE', *, *, #3209, .T. ) ;
#6347 = EDGE_CURVE ( 'NONE', #1214, #6047, #7251, .T. ) ;
#6348 = CARTESIAN_POINT ( 'NONE',  ( 7.249999999999991118, 11.43499999999999872, -5.080000000000000959 ) ) ;
#6349 = ORIENTED_EDGE ( 'NONE', *, *, #198, .F. ) ;
#6350 = CARTESIAN_POINT ( 'NONE',  ( 3.650000000000296119, 11.23499999999999943, -5.080000000000000071 ) ) ;
#6351 = CARTESIAN_POINT ( 'NONE',  ( 4.126117195532686743, 12.64656426582840432, -3.550958593972070254 ) ) ;
#6352 = ADVANCED_FACE ( 'NONE', ( #6217 ), #4048, .T. ) ;
#6353 = CARTESIAN_POINT ( 'NONE',  ( 3.449999999999989964, 11.44273112629124967, 1.280000000000001359 ) ) ;
#6354 = CARTESIAN_POINT ( 'NONE',  ( 3.532842712474772107, 11.23499999999982180, 5.080000000000000959 ) ) ;
#6355 = AXIS2_PLACEMENT_3D ( 'NONE', #666, #3019, #91 ) ;
#6356 = SHAPE_DEFINITION_REPRESENTATION ( #607, #1547 ) ;
#6357 = ORIENTED_EDGE ( 'NONE', *, *, #6782, .T. ) ;
#6358 = EDGE_CURVE ( 'NONE', #5073, #7532, #1093, .T. ) ;
#6359 = DIRECTION ( 'NONE',  ( 1.000000000000000000, 0.0000000000000000000, 0.0000000000000000000 ) ) ;
#6360 = CARTESIAN_POINT ( 'NONE',  ( 0.8320428331024301016, 6.600000000000003197, 7.000000000000000000 ) ) ;
#6361 = AXIS2_PLACEMENT_3D ( 'NONE', #2364, #5831, #7132 ) ;
#6362 = EDGE_CURVE ( 'NONE', #1754, #5041, #3288, .T. ) ;
#6363 = LINE ( 'NONE', #2440, #5663 ) ;
#6364 = DIRECTION ( 'NONE',  ( -1.000000000000000000, 3.334909476821824268E-28, -1.794541526872530066E-14 ) ) ;
#6365 = EDGE_LOOP ( 'NONE', ( #3492, #2588, #2173, #3190 ) ) ;
#6366 = VECTOR ( 'NONE', #2266, 1000.000000000000000 ) ;
#6367 = DIRECTION ( 'NONE',  ( 0.8944271909999154113, 0.0000000000000000000, -0.4472135954999587604 ) ) ;
#6368 = ORIENTED_EDGE ( 'NONE', *, *, #5512, .T. ) ;
#6369 = ORIENTED_EDGE ( 'NONE', *, *, #3772, .T. ) ;
#6370 = CARTESIAN_POINT ( 'NONE',  ( 7.167157287525209419, 11.23499999999981824, -3.634314575050435980 ) ) ;
#6371 = LINE ( 'NONE', #1101, #6884 ) ;
#6372 = AXIS2_PLACEMENT_3D ( 'NONE', #3416, #2844, #1314 ) ;
#6373 = CARTESIAN_POINT ( 'NONE',  ( 4.965164424293941892, 12.69953703111901078, 3.368606068534516940 ) ) ;
#6374 = CARTESIAN_POINT ( 'NONE',  ( 5.349999999999982769, 12.64656426582178206, 0.0000000000000000000 ) ) ;
#6375 = CARTESIAN_POINT ( 'NONE',  ( 4.973902936655020923, 12.73500000000000121, 3.407466917086119373 ) ) ;
#6376 = ORIENTED_EDGE ( 'NONE', *, *, #2411, .T. ) ;
#6377 = EDGE_LOOP ( 'NONE', ( #3306, #3607, #77, #3503 ) ) ;
#6378 = EDGE_CURVE ( 'NONE', #762, #7423, #6296, .T. ) ;
#6379 = CC_DESIGN_APPROVAL ( #1494, ( #3432 ) ) ;
#6380 = ORIENTED_EDGE ( 'NONE', *, *, #3391, .F. ) ;
#6381 = CARTESIAN_POINT ( 'NONE',  ( 7.249999999999992006, 11.31784271247447649, 5.080000000000000959 ) ) ;
#6382 = DIRECTION ( 'NONE',  ( -0.0000000000000000000, -1.000000000000000000, -0.0000000000000000000 ) ) ;
#6383 = CIRCLE ( 'NONE', #2202, 0.3000000000000000444 ) ;
#6384 = APPROVAL ( #5128, 'UNSPECIFIED' ) ;
#6385 = DIRECTION ( 'NONE',  ( 1.224646799147353207E-16, -1.434616586018100824E-31, -1.000000000000000000 ) ) ;
#6386 = CARTESIAN_POINT ( 'NONE',  ( 8.085622008323131382, 12.64656426582414284, 3.871007900187909190 ) ) ;
#6387 = CIRCLE ( 'NONE', #6267, 0.2999999999999999334 ) ;
#6388 = ORIENTED_EDGE ( 'NONE', *, *, #1272, .F. ) ;
#6389 = FACE_OUTER_BOUND ( 'NONE', #7342, .T. ) ;
#6390 = DIRECTION ( 'NONE',  ( 0.0000000000000000000, 0.0000000000000000000, 1.000000000000000000 ) ) ;
#6391 = CARTESIAN_POINT ( 'NONE',  ( 5.750000000000000000, 12.64656426582507898, 3.365753203230879897 ) ) ;
#6392 = CARTESIAN_POINT ( 'NONE',  ( 4.950000000002678924, 12.70467874844270106, 6.766818741883630750 ) ) ;
#6393 = EDGE_CURVE ( 'NONE', #6821, #2708, #2296, .T. ) ;
#6394 = VECTOR ( 'NONE', #5313, 1000.000000000000000 ) ;
#6395 = CARTESIAN_POINT ( 'NONE',  ( 4.499999999999801048, 0.0000000000000000000, 4.575803989022819707 ) ) ;
#6396 = CIRCLE ( 'NONE', #4915, 0.8000000000000003775 ) ;
#6397 = APPROVAL_DATE_TIME ( #1013, #3515 ) ;
#6398 = EDGE_LOOP ( 'NONE', ( #4394, #4747, #1407 ) ) ;
#6399 = DIRECTION ( 'NONE',  ( -1.000000000000000000, 0.0000000000000000000, 0.0000000000000000000 ) ) ;
#6400 = AXIS2_PLACEMENT_3D ( 'NONE', #6199, #5006, #7349 ) ;
#6401 = LINE ( 'NONE', #5862, #2481 ) ;
#6402 = VECTOR ( 'NONE', #1526, 1000.000000000000000 ) ;
#6403 = LINE ( 'NONE', #4709, #1489 ) ;
#6404 = ADVANCED_FACE ( 'NONE', ( #5683 ), #363, .F. ) ;
#6405 = EDGE_CURVE ( 'NONE', #3268, #1949, #6833, .T. ) ;
#6406 = CARTESIAN_POINT ( 'NONE',  ( 7.049999999999684519, 11.23499999999999766, -8.479999999999389360 ) ) ;
#6407 = AXIS2_PLACEMENT_3D ( 'NONE', #1045, #3365, #2042 ) ;
#6408 = VECTOR ( 'NONE', #4894, 1000.000000000000000 ) ;
#6409 = ORIENTED_EDGE ( 'NONE', *, *, #7550, .F. ) ;
#6410 = ADVANCED_FACE ( 'NONE', ( #6330 ), #4521, .F. ) ;
#6411 = CARTESIAN_POINT ( 'NONE',  ( 5.749999999999932498, 12.72947253920396449, 1.647765679071599099 ) ) ;
#6412 = EDGE_LOOP ( 'NONE', ( #2494, #4400, #4498, #52 ) ) ;
#6413 = CARTESIAN_POINT ( 'NONE',  ( 9.299999999999998934, 6.599999999999994316, -2.540000000000000036 ) ) ;
#6414 = B_SPLINE_CURVE_WITH_KNOTS ( 'NONE', 3,
 ( #2583, #6662, #769, #2473, #7232, #2508, #1912, #7196, #6738, #4351, #1383, #272, #6050, #1955, #3699, #804 ),
 .UNSPECIFIED., .F., .F.,
 ( 4, 3, 3, 3, 3, 4 ),
 ( 0.0000000000000000000, 3.531517381903924332E-05, 7.066450544071289702E-05, 0.0001054618491224981026, 0.0001392987215212461991, 0.0001469974402480885294 ),
 .UNSPECIFIED. ) ;
#6415 = CARTESIAN_POINT ( 'NONE',  ( 4.950000000004741274, 12.67614242096980171, 6.786545570107983316 ) ) ;
#6416 = AXIS2_PLACEMENT_3D ( 'NONE', #6374, #2179, #2255 ) ;
#6417 = AXIS2_PLACEMENT_3D ( 'NONE', #6311, #454, #5589 ) ;
#6418 = DIRECTION ( 'NONE',  ( 1.794541526872530066E-14, 1.889646980599319876E-14, -1.000000000000000000 ) ) ;
#6419 = PLANE ( 'NONE',  #1240 ) ;
#6420 = ORIENTED_EDGE ( 'NONE', *, *, #2129, .T. ) ;
#6421 = EDGE_CURVE ( 'NONE', #766, #5297, #6983, .T. ) ;
#6422 = VECTOR ( 'NONE', #5873, 1000.000000000000000 ) ;
#6423 = EDGE_LOOP ( 'NONE', ( #1450, #2566, #6813, #5636 ) ) ;
#6424 = ORIENTED_EDGE ( 'NONE', *, *, #1976, .T. ) ;
#6425 = ORIENTED_EDGE ( 'NONE', *, *, #469, .F. ) ;
#6426 = LINE ( 'NONE', #7539, #374 ) ;
#6427 = CARTESIAN_POINT ( 'NONE',  ( 5.749999999996039612, 12.65427415702093761, 3.366989705259003429 ) ) ;
#6428 = CARTESIAN_POINT ( 'NONE',  ( 7.049999999999991829, 11.43499999999999694, 5.079999999999999183 ) ) ;
#6429 = CARTESIAN_POINT ( 'NONE',  ( 5.499999999999589662, -0.05000000078158019917, -0.8000000000000390132 ) ) ;
#6430 = ORIENTED_EDGE ( 'NONE', *, *, #4617, .T. ) ;
#6431 = ORIENTED_EDGE ( 'NONE', *, *, #5325, .T. ) ;
#6432 = CC_DESIGN_DATE_AND_TIME_ASSIGNMENT ( #5437, #4275, ( #4161 ) ) ;
#6433 = CARTESIAN_POINT ( 'NONE',  ( 9.250000000000000000, 7.599999999999999645, -2.540000000000000480 ) ) ;
#6434 = DIRECTION ( 'NONE',  ( -9.136576017787373527E-16, -1.000000000000000000, -2.086925533220184338E-31 ) ) ;
#6435 = PLANE ( 'NONE',  #875 ) ;
#6436 = CARTESIAN_POINT ( 'NONE',  ( 3.650000000000295231, 11.23500000000000121, 5.080000000000000071 ) ) ;
#6437 = EDGE_CURVE ( 'NONE', #5899, #2456, #7443, .T. ) ;
#6438 = APPROVAL_ROLE ( '' ) ;
#6439 = VERTEX_POINT ( 'NONE', #2762 ) ;
#6440 = CARTESIAN_POINT ( 'NONE',  ( 10.25000000000000000, 1.699999999999989519, -3.279999999999998472 ) ) ;
#6441 = CARTESIAN_POINT ( 'NONE',  ( 7.049999999999561950, 11.23499999999999766, 1.249139735130075885E-16 ) ) ;
#6442 = APPLICATION_CONTEXT ( 'configuration controlled 3d designs of mechanical parts and assemblies' ) ;
#6443 = ORGANIZATION ( 'NAUO-ORG4', 'UNSPECIFIED', 'UNSPECIFIED' ) ;
#6444 = DIRECTION ( 'NONE',  ( 0.0000000000000000000, -0.0000000000000000000, -1.000000000000000000 ) ) ;
#6445 = DIRECTION ( 'NONE',  ( 0.0000000000000000000, 1.000000000000000000, 0.0000000000000000000 ) ) ;
#6446 = ORIENTED_EDGE ( 'NONE', *, *, #2163, .F. ) ;
#6447 = DIRECTION ( 'NONE',  ( -1.000000000000000000, 3.391049977814769632E-28, -1.794541526872530066E-14 ) ) ;
#6448 = VERTEX_POINT ( 'NONE', #6255 ) ;
#6449 = ADVANCED_FACE ( 'NONE', ( #406 ), #2721, .F. ) ;
#6450 = CARTESIAN_POINT ( 'NONE',  ( 4.949999999999999289, 12.64656426582875959, 3.365753203235099633 ) ) ;
#6451 = ADVANCED_FACE ( 'NONE', ( #6870 ), #4955, .T. ) ;
#6452 = CARTESIAN_POINT ( 'NONE',  ( 3.689038437082761135, 12.73500000000000121, -6.514260371341593064E-09 ) ) ;
#6453 = EDGE_CURVE ( 'NONE', #4212, #3938, #2805, .T. ) ;
#6454 = FACE_OUTER_BOUND ( 'NONE', #1014, .T. ) ;
#6455 = LINE ( 'NONE', #64, #2800 ) ;
#6456 = CARTESIAN_POINT ( 'NONE',  ( 1.189999999999998392, 6.600000000000005862, 7.620000000000000107 ) ) ;
#6457 = VERTEX_POINT ( 'NONE', #5069 ) ;
#6458 = ORIENTED_EDGE ( 'NONE', *, *, #1143, .F. ) ;
#6459 = EDGE_CURVE ( 'NONE', #6006, #3632, #2441, .T. ) ;
#6460 = ORIENTED_EDGE ( 'NONE', *, *, #5430, .T. ) ;
#6461 = ORIENTED_EDGE ( 'NONE', *, *, #7437, .F. ) ;
#6462 = DIRECTION ( 'NONE',  ( -1.000000000000000000, -0.0000000000000000000, -0.0000000000000000000 ) ) ;
#6463 = EDGE_CURVE ( 'NONE', #5586, #6006, #3049, .T. ) ;
#6464 = DIRECTION ( 'NONE',  ( -1.000000000000000000, -0.0000000000000000000, -0.0000000000000000000 ) ) ;
#6465 = DIRECTION ( 'NONE',  ( -9.136576017787373527E-16, -1.000000000000000000, -2.086925533220184338E-31 ) ) ;
#6466 = PLANE ( 'NONE',  #2914 ) ;
#6467 = ORIENTED_EDGE ( 'NONE', *, *, #1459, .T. ) ;
#6468 = DIRECTION ( 'NONE',  ( 1.000000000000000000, -9.136576017787367610E-16, 0.0000000000000000000 ) ) ;
#6469 = DIRECTION ( 'NONE',  ( -2.501911041408800138E-16, -1.000000000000000000, 0.0000000000000000000 ) ) ;
#6470 = FACE_OUTER_BOUND ( 'NONE', #5817, .T. ) ;
#6471 = PLANE ( 'NONE',  #3786 ) ;
#6472 = DATE_TIME_ROLE ( 'classification_date' ) ;
#6473 = ORIENTED_EDGE ( 'NONE', *, *, #5189, .T. ) ;
#6474 = CARTESIAN_POINT ( 'NONE',  ( 4.500000000000000000, -3.700000000000009948, 4.780000000000000249 ) ) ;
#6475 = DIRECTION ( 'NONE',  ( 0.0000000000000000000, -1.000000000000000000, 0.0000000000000000000 ) ) ;
#6476 = CARTESIAN_POINT ( 'NONE',  ( 5.499999999999589662, -0.05000000078158019917, -5.880000000000039861 ) ) ;
#6477 = CARTESIAN_POINT ( 'NONE',  ( 10.25000000000000000, 0.0000000000000000000, -7.619999999999999218 ) ) ;
#6478 = CC_DESIGN_PERSON_AND_ORGANIZATION_ASSIGNMENT ( #1545, #1047, ( #1164 ) ) ;
#6479 = EDGE_LOOP ( 'NONE', ( #7254, #4926, #3640, #5096, #2460, #3494, #620, #39 ) ) ;
#6480 = DIRECTION ( 'NONE',  ( 0.0000000000000000000, 1.000000000000000000, 1.889646980599319876E-14 ) ) ;
#6481 = AXIS2_PLACEMENT_3D ( 'NONE', #1936, #786, #3870 ) ;
#6482 = ORIENTED_EDGE ( 'NONE', *, *, #668, .F. ) ;
#6483 = DIRECTION ( 'NONE',  ( -0.4472135954999588159, 0.0000000000000000000, 0.8944271909999155223 ) ) ;
#6484 = LINE ( 'NONE', #2878, #2464 ) ;
#6485 = CARTESIAN_POINT ( 'NONE',  ( 5.299999999999990052, -0.05000000078161020295, 5.580000000000119975 ) ) ;
#6486 = DIRECTION ( 'NONE',  ( 1.332267629550187849E-15, 1.000000000000000000, -1.209806994167949925E-15 ) ) ;
#6487 = AXIS2_PLACEMENT_3D ( 'NONE', #3998, #3888, #420 ) ;
#6488 = DIRECTION ( 'NONE',  ( 0.4472135954999579832, -0.0000000000000000000, 0.8944271909999159664 ) ) ;
#6489 = EDGE_CURVE ( 'NONE', #6848, #1746, #3917, .T. ) ;
#6490 = ORIENTED_EDGE ( 'NONE', *, *, #6550, .F. ) ;
#6491 = ORIENTED_EDGE ( 'NONE', *, *, #1288, .F. ) ;
#6492 = EDGE_CURVE ( 'NONE', #585, #7452, #5866, .T. ) ;
#6493 = DIRECTION ( 'NONE',  ( -2.501911041408800138E-16, -1.000000000000000000, 0.0000000000000000000 ) ) ;
#6494 = ORIENTED_EDGE ( 'NONE', *, *, #1089, .F. ) ;
#6495 = ORIENTED_EDGE ( 'NONE', *, *, #767, .T. ) ;
#6496 = DIRECTION ( 'NONE',  ( -2.501911041408800138E-16, -1.000000000000000000, 0.0000000000000000000 ) ) ;
#6497 = CARTESIAN_POINT ( 'NONE',  ( 1.189999999999998392, 6.600000000000005862, 7.620000000000000107 ) ) ;
#6498 =( BOUNDED_SURFACE ( )  B_SPLINE_SURFACE ( 3, 3, ( 
 ( #5935, #507, #4662, #10 ),
 ( #654, #2241, #5164, #2350 ),
 ( #7511, #4592, #6353, #6937 ),
 ( #1652, #7009, #4010, #1081 ) ),
 .UNSPECIFIED., .F., .F., .T. ) 
 B_SPLINE_SURFACE_WITH_KNOTS ( ( 4, 4 ),
 ( 4, 4 ),
 ( 0.0000000000000000000, 1.000000000000000000 ),
 ( 0.0000000000000000000, 1.000000000000000000 ),
 .UNSPECIFIED. ) 
 GEOMETRIC_REPRESENTATION_ITEM ( )  RATIONAL_B_SPLINE_SURFACE ( (
 ( 1.000000000000000000, 0.3333333333333334259, 0.3333333333333334259, 1.000000000000000000),
 ( 0.9988808742757321335, 0.3329602914252441370, 0.3329602914252441370, 0.9988808742757321335),
 ( 0.9988808742757321335, 0.3329602914252441370, 0.3329602914252441370, 0.9988808742757321335),
 ( 1.000000000000000000, 0.3333333333333334259, 0.3333333333333334259, 1.000000000000000000) ) ) 
 REPRESENTATION_ITEM ( '' )  SURFACE ( )  );
#6499 = EDGE_CURVE ( 'NONE', #2766, #2210, #5380, .T. ) ;
#6500 = EDGE_CURVE ( 'NONE', #6762, #5614, #6603, .T. ) ;
#6501 = DIRECTION ( 'NONE',  ( -9.136576017787371555E-16, -1.000000000000000000, -2.086925533220183900E-31 ) ) ;
#6502 = CC_DESIGN_APPROVAL ( #925, ( #5026 ) ) ;
#6503 = EDGE_CURVE ( 'NONE', #4545, #2261, #7095, .T. ) ;
#6504 = CARTESIAN_POINT ( 'NONE',  ( 5.349999999999989875, 11.43500000000000050, -5.080000000000000071 ) ) ;
#6505 = EDGE_LOOP ( 'NONE', ( #316, #6108, #5687, #4728, #2846, #7109, #645, #6380, #4032, #3447, #7267, #6736, #5383, #838, #4909, #3617, #2882, #5305, #1431 ) ) ;
#6506 = EDGE_LOOP ( 'NONE', ( #4432, #4348, #6724, #7588 ) ) ;
#6507 = CARTESIAN_POINT ( 'NONE',  ( 3.449999999999990408, 11.44273112629125144, 0.0000000000000000000 ) ) ;
#6508 = LINE ( 'NONE', #47, #3077 ) ;
#6509 = CARTESIAN_POINT ( 'NONE',  ( 8.014137117667722521, 12.73499999999999766, -3.902600228294697438 ) ) ;
#6510 = DATE_AND_TIME ( #4740, #4414 ) ;
#6511 = VERTEX_POINT ( 'NONE', #7171 ) ;
#6512 = VECTOR ( 'NONE', #3521, 1000.000000000000114 ) ;
#6513 = EDGE_CURVE ( 'NONE', #449, #560, #1809, .T. ) ;
#6514 = FACE_OUTER_BOUND ( 'NONE', #3601, .T. ) ;
#6515 = CARTESIAN_POINT ( 'NONE',  ( 8.699999999999999289, 6.799999999999999822, -7.620000000000000107 ) ) ;
#6516 = VECTOR ( 'NONE', #4276, 1000.000000000000114 ) ;
#6517 = DIRECTION ( 'NONE',  ( 1.000000000000000000, -1.084202172485509956E-15, 0.0000000000000000000 ) ) ;
#6518 = DIRECTION ( 'NONE',  ( 1.171453342316279939E-15, 1.000000000000000000, -0.0000000000000000000 ) ) ;
#6519 = EDGE_CURVE ( 'NONE', #6570, #7313, #1851, .T. ) ;
#6520 = CARTESIAN_POINT ( 'NONE',  ( 3.589703979381178911, 12.64656426582076776, 4.221387946921986156 ) ) ;
#6521 = ORIENTED_EDGE ( 'NONE', *, *, #4295, .T. ) ;
#6522 = CARTESIAN_POINT ( 'NONE',  ( 4.950000000000133404, 12.73420261174138268, -1.625065273783485420 ) ) ;
#6523 = VECTOR ( 'NONE', #4056, 1000.000000000000000 ) ;
#6524 = CIRCLE ( 'NONE', #2841, 1.898658176328942071 ) ;
#6525 = ORIENTED_EDGE ( 'NONE', *, *, #3114, .T. ) ;
#6526 = LINE ( 'NONE', #61, #5922 ) ;
#6527 = CC_DESIGN_PERSON_AND_ORGANIZATION_ASSIGNMENT ( #4390, #3814, ( #5592 ) ) ;
#6528 = CARTESIAN_POINT ( 'NONE',  ( 4.950000000000000178, 12.64914866789670000, 6.793937828364315479 ) ) ;
#6529 = LINE ( 'NONE', #1281, #6176 ) ;
#6531 = AXIS2_PLACEMENT_3D ( 'NONE', #2324, #6483, #5250 ) ;
#6530 = CARTESIAN_POINT ( 'NONE',  ( 7.249999999999994671, 11.43499999999999694, -1.279999999999998472 ) ) ;
#6532 = CARTESIAN_POINT ( 'NONE',  ( 4.950000000000131628, 12.73473344514865069, -1.620762266914742566 ) ) ;
#6533 = EDGE_LOOP ( 'NONE', ( #2033, #3646, #1097, #4196 ) ) ;
#6534 = ORIENTED_EDGE ( 'NONE', *, *, #3445, .F. ) ;
#6535 = VECTOR ( 'NONE', #3380, 1000.000000000000000 ) ;
#6536 = CARTESIAN_POINT ( 'NONE',  ( 3.375000000000000000, 10.44999999999999929, -5.080000000000000071 ) ) ;
#6537 = VERTEX_POINT ( 'NONE', #22 ) ;
#6538 = ADVANCED_FACE ( 'NONE', ( #2483 ), #2984, .T. ) ;
#6539 = ORIENTED_EDGE ( 'NONE', *, *, #7533, .F. ) ;
#6540 = CARTESIAN_POINT ( 'NONE',  ( 5.499999999999584332, -0.05000000078158019917, -0.5000000000000390799 ) ) ;
#6541 = CARTESIAN_POINT ( 'NONE',  ( 5.749999999997323030, 12.71195981187718438, 3.402202841126641619 ) ) ;
#6542 = VECTOR ( 'NONE', #372, 999.9999999999998863 ) ;
#6543 = LINE ( 'NONE', #5423, #99 ) ;
#6544 = DIRECTION ( 'NONE',  ( 1.000000000000000000, 0.0000000000000000000, 1.794541526872530066E-14 ) ) ;
#6545 = ORIENTED_EDGE ( 'NONE', *, *, #1466, .T. ) ;
#6546 = ORIENTED_EDGE ( 'NONE', *, *, #152, .T. ) ;
#6547 = EDGE_CURVE ( 'NONE', #4564, #3818, #1772, .T. ) ;
#6548 = CARTESIAN_POINT ( 'NONE',  ( 4.500000000000006217, 4.784159143999949571, 4.580000000000103100 ) ) ;
#6549 = CARTESIAN_POINT ( 'NONE',  ( 5.349999999999989875, 11.45812853167969791, -5.080000000000000071 ) ) ;
#6550 = EDGE_CURVE ( 'NONE', #5310, #6815, #7593, .T. ) ;
#6551 = EDGE_CURVE ( 'NONE', #1395, #4383, #3015, .T. ) ;
#6552 = CARTESIAN_POINT ( 'NONE',  ( 3.635702501172414891, 12.73500000000000476, 5.079999993020955174 ) ) ;
#6553 = CARTESIAN_POINT ( 'NONE',  ( 5.349999999999980105, 11.45812853178540713, 1.607708950454020642E-61 ) ) ;
#6554 = PERSON_AND_ORGANIZATION_ROLE ( 'classification_officer' ) ;
#6555 = CARTESIAN_POINT ( 'NONE',  ( 10.25000000000000000, 1.699999999999988409, -6.879999999999999005 ) ) ;
#6556 = CARTESIAN_POINT ( 'NONE',  ( 10.25000000000000000, 0.0000000000000000000, 7.620000000000000107 ) ) ;
#6557 = EDGE_CURVE ( 'NONE', #7157, #4648, #3629, .T. ) ;
#6558 = CYLINDRICAL_SURFACE ( 'NONE', #5914, 0.2999999999999999334 ) ;
#6559 = DIRECTION ( 'NONE',  ( 1.224646799147353207E-16, -1.434616586018100824E-31, -1.000000000000000000 ) ) ;
#6560 = ORIENTED_EDGE ( 'NONE', *, *, #1175, .T. ) ;
#6561 = LINE ( 'NONE', #1812, #2795 ) ;
#6562 = CARTESIAN_POINT ( 'NONE',  ( 9.646410161513777837, -1.734723475976807094E-15, -3.140000000000000568 ) ) ;
#6563 = CC_DESIGN_APPROVAL ( #5540, ( #5592 ) ) ;
#6564 = LINE ( 'NONE', #2406, #2206 ) ;
#6565 = PLANE ( 'NONE',  #6295 ) ;
#6566 = CARTESIAN_POINT ( 'NONE',  ( 3.451341823670963649, 11.45812853167897671, -1.282683647341944733 ) ) ;
#6567 = CARTESIAN_POINT ( 'NONE',  ( 3.589703979382066201, 12.64656426582840432, -3.448556485270126465E-09 ) ) ;
#6568 = VERTEX_POINT ( 'NONE', #4131 ) ;
#6569 = FACE_OUTER_BOUND ( 'NONE', #1702, .T. ) ;
#6570 = VERTEX_POINT ( 'NONE', #6477 ) ;
#6571 = CYLINDRICAL_SURFACE ( 'NONE', #2341, 0.8000000000000003775 ) ;
#6572 = ORIENTED_EDGE ( 'NONE', *, *, #5274, .F. ) ;
#6573 = ORIENTED_EDGE ( 'NONE', *, *, #3159, .T. ) ;
#6574 = FACE_OUTER_BOUND ( 'NONE', #6377, .T. ) ;
#6575 = CARTESIAN_POINT ( 'NONE',  ( 3.451341823677039677, 11.45812853178540891, 5.080000000000000071 ) ) ;
#6576 = EDGE_LOOP ( 'NONE', ( #6271, #3420, #6648 ) ) ;
#6577 = PRODUCT_DEFINITION_SHAPE ( 'NONE', 'NONE',  #7605 ) ;
#6578 = PLANE ( 'NONE',  #2546 ) ;
#6579 = ORIENTED_EDGE ( 'NONE', *, *, #3105, .T. ) ;
#6580 = ORIENTED_EDGE ( 'NONE', *, *, #4440, .F. ) ;
#6581 = CARTESIAN_POINT ( 'NONE',  ( 7.249999999999991118, 11.43499999999999694, 3.800000000000000711 ) ) ;
#6582 = CARTESIAN_POINT ( 'NONE',  ( 1.810000000000000275, 6.600000000000004974, 7.620000000000000107 ) ) ;
#6583 = CARTESIAN_POINT ( 'NONE',  ( 7.010966932452110889, 12.73499999999999766, 1.017048918658543783E-16 ) ) ;
#6584 = PLANE ( 'NONE',  #6003 ) ;
#6585 = EDGE_CURVE ( 'NONE', #4092, #1418, #6778, .T. ) ;
#6586 = DATE_TIME_ROLE ( 'classification_date' ) ;
#6587 = CARTESIAN_POINT ( 'NONE',  ( 7.248658176329019653, 11.45812853167897138, 8.877316352658057852 ) ) ;
#6588 = DIRECTION ( 'NONE',  ( 5.517568307814269711E-16, -6.463573835647406802E-31, 1.000000000000000000 ) ) ;
#6589 = DIRECTION ( 'NONE',  ( 1.000000000000000000, -0.0000000000000000000, 0.0000000000000000000 ) ) ;
#6590 = PLANE ( 'NONE',  #576 ) ;
#6591 = EDGE_CURVE ( 'NONE', #6568, #501, #1309, .T. ) ;
#6592 = DIRECTION ( 'NONE',  ( 1.000000000000000000, 0.0000000000000000000, 0.0000000000000000000 ) ) ;
#6593 = VERTEX_POINT ( 'NONE', #4746 ) ;
#6594 = DIRECTION ( 'NONE',  ( -1.734723475976807410E-14, 0.0000000000000000000, 1.000000000000000000 ) ) ;
#6595 = ADVANCED_FACE ( 'NONE', ( #3598 ), #5398, .T. ) ;
#6596 = DIRECTION ( 'NONE',  ( 0.0000000000000000000, -0.0000000000000000000, -1.000000000000000000 ) ) ;
#6597 = CONICAL_SURFACE ( 'NONE', #3282, 1.898658176322939983, 0.1159019745381328903 ) ;
#6598 = DIRECTION ( 'NONE',  ( 1.000000000000000000, -3.338853781347929776E-28, 1.794541526872530066E-14 ) ) ;
#6599 = CARTESIAN_POINT ( 'NONE',  ( 4.178667270461283501, 12.73499999999999943, 3.659305000813243058 ) ) ;
#6600 = FACE_OUTER_BOUND ( 'NONE', #2023, .T. ) ;
#6601 = CARTESIAN_POINT ( 'NONE',  ( 7.993234973611840211, 13.69999999999999929, 7.620000000000000107 ) ) ;
#6602 = ORIENTED_EDGE ( 'NONE', *, *, #4766, .F. ) ;
#6603 = CIRCLE ( 'NONE', #6361, 1.900000000000000133 ) ;
#6604 = DIRECTION ( 'NONE',  ( 1.000000000000000000, -9.411788633734763438E-16, 0.0000000000000000000 ) ) ;
#6605 = ORIENTED_EDGE ( 'NONE', *, *, #1562, .T. ) ;
#6606 = CARTESIAN_POINT ( 'NONE',  ( 3.532842712474772107, 11.23499999999982180, 5.080000000000000959 ) ) ;
#6607 = ORIENTED_EDGE ( 'NONE', *, *, #150, .T. ) ;
#6608 = CARTESIAN_POINT ( 'NONE',  ( 5.749999999999999112, 11.93499999999701977, 3.280788672664288530 ) ) ;
#6609 = AXIS2_PLACEMENT_3D ( 'NONE', #2853, #1219, #4732 ) ;
#6610 = LINE ( 'NONE', #5539, #7519 ) ;
#6611 = PLANE ( 'NONE',  #7351 ) ;
#6612 = EDGE_CURVE ( 'NONE', #2210, #1746, #7461, .T. ) ;
#6613 = VERTEX_POINT ( 'NONE', #4979 ) ;
#6614 = AXIS2_PLACEMENT_3D ( 'NONE', #51, #7011, #5352 ) ;
#6615 = CARTESIAN_POINT ( 'NONE',  ( 5.750000000000001776, 12.64656426582888926, 1.714246796764878011 ) ) ;
#6616 = ORIENTED_EDGE ( 'NONE', *, *, #7535, .F. ) ;
#6617 = VERTEX_POINT ( 'NONE', #7358 ) ;
#6618 = DIRECTION ( 'NONE',  ( -0.0000000000000000000, 0.0000000000000000000, 1.000000000000000000 ) ) ;
#6619 = CC_DESIGN_PERSON_AND_ORGANIZATION_ASSIGNMENT ( #3825, #5521, ( #4180 ) ) ;
#6620 = AXIS2_PLACEMENT_3D ( 'NONE', #1968, #4360, #2634 ) ;
#6621 = FACE_OUTER_BOUND ( 'NONE', #551, .T. ) ;
#6622 = CARTESIAN_POINT ( 'NONE',  ( 3.449999999999989964, 11.43500000000000227, 3.799999999999999378 ) ) ;
#6623 = CALENDAR_DATE ( 2019, 21, 10 ) ;
#6624 = LOCAL_TIME ( 21, 42, 48.00000000000000000, #4664 ) ;
#6625 = LINE ( 'NONE', #1346, #5784 ) ;
#6626 = CARTESIAN_POINT ( 'NONE',  ( 7.049999999999688960, 11.23499999999999766, 8.479999999999392912 ) ) ;
#6627 = ADVANCED_FACE ( 'NONE', ( #6060 ), #315, .T. ) ;
#6628 = CARTESIAN_POINT ( 'NONE',  ( 5.349999999999982769, 12.64656426582178206, -5.080000000000000071 ) ) ;
#6629 = CARTESIAN_POINT ( 'NONE',  ( 3.689033067547870637, 12.63500000000000156, -5.080000000000000071 ) ) ;
#6630 = APPROVAL_DATE_TIME ( #2518, #5827 ) ;
#6631 = VERTEX_POINT ( 'NONE', #2517 ) ;
#6632 = CARTESIAN_POINT ( 'NONE',  ( 5.701341293122029086, 12.73499999999999588, -1.623382409183597108 ) ) ;
#6633 = CARTESIAN_POINT ( 'NONE',  ( 5.299999999999999822, -5.750000000781589904, -5.579999999999979643 ) ) ;
#6634 = AXIS2_PLACEMENT_3D ( 'NONE', #4718, #2989, #4867 ) ;
#6635 = EDGE_CURVE ( 'NONE', #6113, #480, #6173, .T. ) ;
#6636 = CARTESIAN_POINT ( 'NONE',  ( 4.949999999999999289, 11.93499999999671601, 3.280788672664244565 ) ) ;
#6637 = EDGE_CURVE ( 'NONE', #679, #4648, #4246, .T. ) ;
#6638 = CARTESIAN_POINT ( 'NONE',  ( 5.350000000000000533, 13.99999999999999822, 5.080000000000000071 ) ) ;
#6639 = CARTESIAN_POINT ( 'NONE',  ( 5.750000000000000888, 11.93499999999674976, 6.879211327335743142 ) ) ;
#6640 = CARTESIAN_POINT ( 'NONE',  ( 9.300000000000000711, 6.799999999999999822, -7.620000000000000107 ) ) ;
#6641 = EDGE_CURVE ( 'NONE', #5297, #1754, #6130, .T. ) ;
#6642 = VECTOR ( 'NONE', #5830, 1000.000000000000000 ) ;
#6643 = VECTOR ( 'NONE', #5348, 1000.000000000000000 ) ;
#6644 = VERTEX_POINT ( 'NONE', #2043 ) ;
#6645 = DIRECTION ( 'NONE',  ( 0.0000000000000000000, 1.000000000000000000, -0.0000000000000000000 ) ) ;
#6646 = ORIENTED_EDGE ( 'NONE', *, *, #7201, .F. ) ;
#6647 = CARTESIAN_POINT ( 'NONE',  ( 7.049999999999990941, 11.43499999999999694, 2.081899558550500773E-16 ) ) ;
#6648 = ORIENTED_EDGE ( 'NONE', *, *, #4710, .F. ) ;
#6649 = ORIENTED_EDGE ( 'NONE', *, *, #1454, .T. ) ;
#6650 = VECTOR ( 'NONE', #4551, 1000.000000000000000 ) ;
#6651 = AXIS2_PLACEMENT_3D ( 'NONE', #5732, #4468, #453 ) ;
#6652 = DIRECTION ( 'NONE',  ( 0.0000000000000000000, 1.000000000000000000, 0.0000000000000000000 ) ) ;
#6653 = ADVANCED_FACE ( 'NONE', ( #3824 ), #200, .T. ) ;
#6654 = CARTESIAN_POINT ( 'NONE',  ( 3.595871267840948349, 12.69953703111901433, 8.673617379884036458E-16 ) ) ;
#6655 = ORIENTED_EDGE ( 'NONE', *, *, #3435, .T. ) ;
#6656 = CIRCLE ( 'NONE', #1368, 1.760296020627533320 ) ;
#6657 = ORIENTED_EDGE ( 'NONE', *, *, #5282, .T. ) ;
#6658 = AXIS2_PLACEMENT_3D ( 'NONE', #2639, #2676, #6136 ) ;
#6659 = LINE ( 'NONE', #3075, #943 ) ;
#6660 = EDGE_LOOP ( 'NONE', ( #433, #1108, #3376, #7565 ) ) ;
#6661 = ORIENTED_EDGE ( 'NONE', *, *, #1463, .T. ) ;
#6662 = CARTESIAN_POINT ( 'NONE',  ( 4.950000000000001066, 12.73499999999999943, -3.456145414403758220 ) ) ;
#6663 = VECTOR ( 'NONE', #2533, 1000.000000000000000 ) ;
#6664 = VECTOR ( 'NONE', #687, 1000.000000000000000 ) ;
#6665 = CARTESIAN_POINT ( 'NONE',  ( 4.950000000003958789, 12.66532890578434767, 6.790780456545832955 ) ) ;
#6666 = LINE ( 'NONE', #2475, #5510 ) ;
#6667 = AXIS2_PLACEMENT_3D ( 'NONE', #1749, #4754, #1706 ) ;
#6668 = VERTEX_POINT ( 'NONE', #1313 ) ;
#6669 = CARTESIAN_POINT ( 'NONE',  ( 4.949999999999999289, 11.93499999999671601, 3.280788672664244565 ) ) ;
#6670 = FACE_OUTER_BOUND ( 'NONE', #2066, .T. ) ;
#6671 = CARTESIAN_POINT ( 'NONE',  ( 7.249999999999992006, 11.43499999999999694, -3.800000000000000266 ) ) ;
#6672 = CARTESIAN_POINT ( 'NONE',  ( 5.299999999999990052, -0.05000000078161020295, -4.579999999999880167 ) ) ;
#6673 = DIRECTION ( 'NONE',  ( 1.000000000000000000, 0.0000000000000000000, 0.0000000000000000000 ) ) ;
#6674 = ORIENTED_EDGE ( 'NONE', *, *, #4750, .F. ) ;
#6675 = DIRECTION ( 'NONE',  ( -2.501911041408800138E-16, -1.000000000000000000, 0.0000000000000000000 ) ) ;
#6676 = DIRECTION ( 'NONE',  ( -2.501911041408800138E-16, -1.000000000000000000, 0.0000000000000000000 ) ) ;
#6677 = CARTESIAN_POINT ( 'NONE',  ( 5.749999999999304556, 12.66838590191671443, 6.789697409983178389 ) ) ;
#6678 = LINE ( 'NONE', #6714, #4546 ) ;
#6679 = DIRECTION ( 'NONE',  ( -2.501911041408800138E-16, -1.000000000000000000, 0.0000000000000000000 ) ) ;
#6680 = CARTESIAN_POINT ( 'NONE',  ( 7.249999999999991118, 11.43499999999999694, 2.326828918379971365E-16 ) ) ;
#6681 = CARTESIAN_POINT ( 'NONE',  ( 1.078756443470130000, 6.599999999999999645, -3.140000000000000124 ) ) ;
#6682 = VERTEX_POINT ( 'NONE', #1429 ) ;
#6683 = CARTESIAN_POINT ( 'NONE',  ( 5.701341293122920817, 12.73499999999999766, 1.623382409183404373 ) ) ;
#6684 = EDGE_CURVE ( 'NONE', #4444, #6439, #1885, .T. ) ;
#6685 = EDGE_LOOP ( 'NONE', ( #2344, #2070, #1623, #7036, #2629, #3074, #6657, #2674 ) ) ;
#6686 = ADVANCED_FACE ( 'NONE', ( #5598 ), #6590, .T. ) ;
#6687 = DIRECTION ( 'NONE',  ( 0.0000000000000000000, 0.0000000000000000000, 1.000000000000000000 ) ) ;
#6688 = ORIENTED_EDGE ( 'NONE', *, *, #4724, .F. ) ;
#6689 = EDGE_CURVE ( 'NONE', #215, #6195, #6855, .T. ) ;
#6690 = ORIENTED_EDGE ( 'NONE', *, *, #6228, .T. ) ;
#6691 = DIRECTION ( 'NONE',  ( -1.794541526872530066E-14, -1.794541526872519968E-14, 1.000000000000000000 ) ) ;
#6692 = EDGE_LOOP ( 'NONE', ( #7345, #6309 ) ) ;
#6693 = CARTESIAN_POINT ( 'NONE',  ( 3.589703979381177579, 12.64656426582076776, 8.673617379884035472E-16 ) ) ;
#6694 = ORIENTED_EDGE ( 'NONE', *, *, #1562, .F. ) ;
#6695 = EDGE_CURVE ( 'NONE', #5424, #6537, #810, .T. ) ;
#6696 = ORIENTED_EDGE ( 'NONE', *, *, #6689, .F. ) ;
#6697 = FACE_OUTER_BOUND ( 'NONE', #1804, .T. ) ;
#6698 = VERTEX_POINT ( 'NONE', #4862 ) ;
#6699 = ORIENTED_EDGE ( 'NONE', *, *, #1322, .F. ) ;
#6700 = EDGE_CURVE ( 'NONE', #6957, #2016, #7206, .T. ) ;
#6701 = CARTESIAN_POINT ( 'NONE',  ( 4.963811392465977690, 12.64656426582076598, -6.797410969924605695 ) ) ;
#6702 = CARTESIAN_POINT ( 'NONE',  ( 7.993234973611840211, 14.00000000000000000, -2.539999999999999591 ) ) ;
#6703 = CARTESIAN_POINT ( 'NONE',  ( 7.049999999999990941, 11.43499999999999694, 2.081899558550500773E-16 ) ) ;
#6704 = COORDINATED_UNIVERSAL_TIME_OFFSET ( 0, 0, .AHEAD. ) ;
#6705 = ORIENTED_EDGE ( 'NONE', *, *, #5390, .T. ) ;
#6706 = FACE_OUTER_BOUND ( 'NONE', #4630, .T. ) ;
#6707 = CARTESIAN_POINT ( 'NONE',  ( 5.299999999999999822, -3.700000000000009948, 4.779999999999999361 ) ) ;
#6708 = DIRECTION ( 'NONE',  ( -1.734723475976807410E-14, 5.330660681387064782E-15, 1.000000000000000000 ) ) ;
#6709 = CARTESIAN_POINT ( 'NONE',  ( 4.500000000000000000, -3.700000000000009948, 0.08000000000000019595 ) ) ;
#6710 = ORIENTED_EDGE ( 'NONE', *, *, #3681, .T. ) ;
#6711 = DIRECTION ( 'NONE',  ( -1.794541526872530066E-14, 0.0000000000000000000, 1.000000000000000000 ) ) ;
#6712 = CYLINDRICAL_SURFACE ( 'NONE', #732, 1.975000000000000089 ) ;
#6713 = CARTESIAN_POINT ( 'NONE',  ( 8.689999999999999503, 6.799999999999999822, 7.620000000000000107 ) ) ;
#6714 = CARTESIAN_POINT ( 'NONE',  ( 8.289638583737175992, 13.74631306408207365, 7.620000000000000107 ) ) ;
#6715 = CARTESIAN_POINT ( 'NONE',  ( 4.949999999999991296, 12.73499999999999943, -6.692082860990527848 ) ) ;
#6716 = CC_DESIGN_PERSON_AND_ORGANIZATION_ASSIGNMENT ( #3132, #5480, ( #5888 ) ) ;
#6717 = CARTESIAN_POINT ( 'NONE',  ( 4.985603046728845023, 12.73499999999999943, 6.700501777581902907 ) ) ;
#6718 = DIRECTION ( 'NONE',  ( -0.0000000000000000000, -0.0000000000000000000, 1.000000000000000000 ) ) ;
#6719 = VERTEX_POINT ( 'NONE', #777 ) ;
#6720 = CARTESIAN_POINT ( 'NONE',  ( 8.014137117667075927, 12.73499999999999410, -1.177399771706765241 ) ) ;
#6721 = ORIENTED_EDGE ( 'NONE', *, *, #1604, .T. ) ;
#6722 = AXIS2_PLACEMENT_3D ( 'NONE', #7256, #1984, #2765 ) ;
#6723 = LINE ( 'NONE', #3876, #1598 ) ;
#6724 = ORIENTED_EDGE ( 'NONE', *, *, #4295, .F. ) ;
#6725 = ORIENTED_EDGE ( 'NONE', *, *, #7523, .T. ) ;
#6726 = CARTESIAN_POINT ( 'NONE',  ( 7.010966932452109113, 12.73499999999999943, -5.874722277164099893 ) ) ;
#6727 = EDGE_CURVE ( 'NONE', #1135, #2845, #4358, .T. ) ;
#6728 = AXIS2_PLACEMENT_3D ( 'NONE', #1115, #2781, #6711 ) ;
#6729 = CARTESIAN_POINT ( 'NONE',  ( 4.195177833015003799, 12.73499999999999943, -1.442761435875964615 ) ) ;
#6730 = ORIENTED_EDGE ( 'NONE', *, *, #513, .F. ) ;
#6731 = EDGE_CURVE ( 'NONE', #1556, #2556, #3659, .T. ) ;
#6732 = EDGE_LOOP ( 'NONE', ( #4021, #6745, #2652, #6995 ) ) ;
#6733 = CARTESIAN_POINT ( 'NONE',  ( 4.949999999999991296, 12.73499999999999943, 1.612082860990528665 ) ) ;
#6734 = ORIENTED_EDGE ( 'NONE', *, *, #4808, .T. ) ;
#6735 = VECTOR ( 'NONE', #3436, 1000.000000000000000 ) ;
#6736 = ORIENTED_EDGE ( 'NONE', *, *, #614, .F. ) ;
#6737 = DIRECTION ( 'NONE',  ( 0.0000000000000000000, 0.0000000000000000000, 1.000000000000000000 ) ) ;
#6738 = CARTESIAN_POINT ( 'NONE',  ( 4.950000000004743050, 12.69570467254462187, -3.385302786415249177 ) ) ;
#6739 = EDGE_CURVE ( 'NONE', #7259, #3694, #1351, .T. ) ;
#6740 = EDGE_CURVE ( 'NONE', #632, #5120, #1802, .T. ) ;
#6741 = CARTESIAN_POINT ( 'NONE',  ( 9.250000000000000000, 6.299999999999990052, -6.379999999999999893 ) ) ;
#6742 = VECTOR ( 'NONE', #5199, 1000.000000000000000 ) ;
#6743 = EDGE_CURVE ( 'NONE', #1418, #560, #4388, .T. ) ;
#6744 = DATE_AND_TIME ( #4091, #6624 ) ;
#6745 = ORIENTED_EDGE ( 'NONE', *, *, #4049, .T. ) ;
#6746 = CARTESIAN_POINT ( 'NONE',  ( 3.689033069104792784, 12.73500000000000298, -0.7947222790503691847 ) ) ;
#6747 = CARTESIAN_POINT ( 'NONE',  ( 5.701341293122029086, 12.73499999999999766, 3.456617590816402963 ) ) ;
#6748 = CARTESIAN_POINT ( 'NONE',  ( 9.555373864405590112, 6.599999999999999645, 7.195000000000000284 ) ) ;
#6749 = APPROVAL_STATUS ( 'not_yet_approved' ) ;
#6750 = ORIENTED_EDGE ( 'NONE', *, *, #2547, .F. ) ;
#6751 = CC_DESIGN_APPROVAL ( #7183, ( #1698 ) ) ;
#6752 = CARTESIAN_POINT ( 'NONE',  ( 5.350000000000000533, 13.99999999999999822, 5.080000000000000071 ) ) ;
#6753 = DIRECTION ( 'NONE',  ( -0.4999999999999999445, 0.0000000000000000000, -0.8660254037844387076 ) ) ;
#6754 = LINE ( 'NONE', #5446, #5678 ) ;
#6755 = CARTESIAN_POINT ( 'NONE',  ( 3.449999999999989519, 11.43500000000000227, 1.280000000000001581 ) ) ;
#6756 = EDGE_CURVE ( 'NONE', #1874, #6221, #7512, .T. ) ;
#6757 = CARTESIAN_POINT ( 'NONE',  ( 1.942790561913620095, 6.599999999999999645, 7.000000000000000000 ) ) ;
#6758 = CARTESIAN_POINT ( 'NONE',  ( 4.130405132454771255, 12.69953703112280508, 6.603684330108266387 ) ) ;
#6759 = DIRECTION ( 'NONE',  ( -1.000000000000000000, 0.0000000000000000000, -0.0000000000000000000 ) ) ;
#6760 = ORIENTED_EDGE ( 'NONE', *, *, #6637, .T. ) ;
#6761 = CARTESIAN_POINT ( 'NONE',  ( 7.049999999999685407, 11.23499999999999766, -3.399999999999389289 ) ) ;
#6762 = VERTEX_POINT ( 'NONE', #1544 ) ;
#6763 = AXIS2_PLACEMENT_3D ( 'NONE', #2307, #935, #3289 ) ;
#6764 = LINE ( 'NONE', #3759, #5421 ) ;
#6765 = ORIENTED_EDGE ( 'NONE', *, *, #2153, .F. ) ;
#6766 = DIRECTION ( 'NONE',  ( -0.0000000000000000000, 0.9805806756909201116, 0.1961161351381840168 ) ) ;
#6767 = LINE ( 'NONE', #4914, #4327 ) ;
#6768 = AXIS2_PLACEMENT_3D ( 'NONE', #5852, #5270, #652 ) ;
#6769 = CARTESIAN_POINT ( 'NONE',  ( 3.595871267840947905, 12.69953703111901433, 8.673617379884035472E-16 ) ) ;
#6770 = ORIENTED_EDGE ( 'NONE', *, *, #5047, .F. ) ;
#6771 = ORIENTED_EDGE ( 'NONE', *, *, #1681, .T. ) ;
#6772 = EDGE_CURVE ( 'NONE', #971, #6865, #2787, .T. ) ;
#6773 = VECTOR ( 'NONE', #2380, 1000.000000000000000 ) ;
#6774 = AXIS2_PLACEMENT_3D ( 'NONE', #6991, #1703, #482 ) ;
#6775 = ORIENTED_EDGE ( 'NONE', *, *, #3359, .T. ) ;
#6776 = CARTESIAN_POINT ( 'NONE',  ( 5.749999999999845457, 12.71295948527745345, 1.677530025091304111 ) ) ;
#6777 = FACE_OUTER_BOUND ( 'NONE', #4165, .T. ) ;
#6778 = B_SPLINE_CURVE_WITH_KNOTS ( 'NONE', 3,
 ( #1200, #3553, #1239, #5945 ),
 .UNSPECIFIED., .F., .F.,
 ( 4, 4 ),
 ( 2.734102817364159612E-15, 0.0007166189195523916177 ),
 .UNSPECIFIED. ) ;
#6779 = VECTOR ( 'NONE', #5895, 1000.000000000000000 ) ;
#6780 = CARTESIAN_POINT ( 'NONE',  ( 7.248658176329016989, 11.45812853167897138, 1.282683647341942734 ) ) ;
#6781 = VECTOR ( 'NONE', #7019, 1000.000000000000114 ) ;
#6782 = EDGE_CURVE ( 'NONE', #1039, #4735, #5034, .T. ) ;
#6783 = EDGE_CURVE ( 'NONE', #7107, #5400, #3366, .T. ) ;
#6784 = DIRECTION ( 'NONE',  ( -9.136576017787373527E-16, -1.000000000000000000, -2.086925533220183900E-31 ) ) ;
#6785 = ORIENTED_EDGE ( 'NONE', *, *, #752, .F. ) ;
#6786 = CARTESIAN_POINT ( 'NONE',  ( 3.689033064312489785, 12.73500000000000121, 5.874722273244318949 ) ) ;
#6787 = VECTOR ( 'NONE', #2381, 1000.000000000000000 ) ;
#6788 = CARTESIAN_POINT ( 'NONE',  ( 7.249999999999991118, 11.43499999999999694, 2.326828918379971858E-16 ) ) ;
#6789 = AXIS2_PLACEMENT_3D ( 'NONE', #5432, #6121, #844 ) ;
#6790 = EDGE_CURVE ( 'NONE', #6190, #6289, #431, .T. ) ;
#6791 = FACE_OUTER_BOUND ( 'NONE', #6365, .T. ) ;
#6792 = CARTESIAN_POINT ( 'NONE',  ( 5.749999999999869438, 12.73420261174141821, -3.454934726216800200 ) ) ;
#6793 = DIRECTION ( 'NONE',  ( 1.000000000000000000, 0.0000000000000000000, 0.0000000000000000000 ) ) ;
#6794 = VECTOR ( 'NONE', #3762, 1000.000000000000000 ) ;
#6795 = ORIENTED_EDGE ( 'NONE', *, *, #6740, .T. ) ;
#6796 = LINE ( 'NONE', #2130, #3929 ) ;
#6797 = CARTESIAN_POINT ( 'NONE',  ( 5.749999999999999112, 12.17219196888833643, 3.309077667208534024 ) ) ;
#6798 = EDGE_CURVE ( 'NONE', #1496, #1556, #3963, .T. ) ;
#6799 = CARTESIAN_POINT ( 'NONE',  ( 3.449999999999989519, 11.43500000000000227, 5.080000000000000071 ) ) ;
#6800 = DIRECTION ( 'NONE',  ( -0.0000000000000000000, 0.0000000000000000000, -1.000000000000000000 ) ) ;
#6801 =( BOUNDED_SURFACE ( )  B_SPLINE_SURFACE ( 3, 3, ( 
 ( #3431, #3279, #6823, #1042 ),
 ( #7356, #5092, #2124, #5669 ),
 ( #503, #2753, #4550, #3364 ),
 ( #6788, #3933, #1542, #6244 ) ),
 .UNSPECIFIED., .F., .F., .T. ) 
 B_SPLINE_SURFACE_WITH_KNOTS ( ( 4, 4 ),
 ( 4, 4 ),
 ( 0.0000000000000000000, 1.000000000000000000 ),
 ( 0.0000000000000000000, 1.000000000000000000 ),
 .UNSPECIFIED. ) 
 GEOMETRIC_REPRESENTATION_ITEM ( )  RATIONAL_B_SPLINE_SURFACE ( (
 ( 1.000000000000000000, 0.3333333333333334259, 0.3333333333333334259, 1.000000000000000000),
 ( 0.9988808742757321335, 0.3329602914252441370, 0.3329602914252441370, 0.9988808742757321335),
 ( 0.9988808742757321335, 0.3329602914252441370, 0.3329602914252441370, 0.9988808742757321335),
 ( 1.000000000000000000, 0.3333333333333334259, 0.3333333333333334259, 1.000000000000000000) ) ) 
 REPRESENTATION_ITEM ( '' )  SURFACE ( )  );
#6802 = CARTESIAN_POINT ( 'NONE',  ( 3.595871267845516250, 12.69953703112280508, 5.079999996563527631 ) ) ;
#6803 = DIRECTION ( 'NONE',  ( -0.4472135954999588159, 0.0000000000000000000, 0.8944271909999155223 ) ) ;
#6804 = VERTEX_POINT ( 'NONE', #5633 ) ;
#6805 = DIRECTION ( 'NONE',  ( -0.0000000000000000000, 0.0000000000000000000, 1.000000000000000000 ) ) ;
#6806 = ORIENTED_EDGE ( 'NONE', *, *, #5723, .T. ) ;
#6807 = DIRECTION ( 'NONE',  ( 0.8944271909999158554, 0.0000000000000000000, 0.4472135954999579277 ) ) ;
#6808 = EDGE_LOOP ( 'NONE', ( #3438, #2185, #264, #3308, #1631, #500 ) ) ;
#6809 = CARTESIAN_POINT ( 'NONE',  ( 4.950000000000000178, 12.73499999999999943, 6.703854585596241478 ) ) ;
#6810 = CARTESIAN_POINT ( 'NONE',  ( 4.973902936655016482, 12.73500000000000121, 3.407466917086119818 ) ) ;
#6811 = DIRECTION ( 'NONE',  ( 1.000000000000000000, -0.0000000000000000000, 0.0000000000000000000 ) ) ;
#6812 = FACE_OUTER_BOUND ( 'NONE', #5053, .T. ) ;
#6813 = ORIENTED_EDGE ( 'NONE', *, *, #5792, .T. ) ;
#6814 = EDGE_LOOP ( 'NONE', ( #4186, #6460, #6005, #2302 ) ) ;
#6815 = VERTEX_POINT ( 'NONE', #3322 ) ;
#6816 = CARTESIAN_POINT ( 'NONE',  ( 7.249999999999990230, 11.43499999999999872, 1.280000000000000693 ) ) ;
#6817 = LINE ( 'NONE', #3997, #1228 ) ;
#6818 = CARTESIAN_POINT ( 'NONE',  ( 9.309999999999998721, 0.0000000000000000000, 7.619999999999999218 ) ) ;
#6819 = SHAPE_REPRESENTATION ( 'TB007-508-02P_Blue - S', ( #6010 ), #352 ) ;
#6820 = DIRECTION ( 'NONE',  ( -0.0000000000000000000, 0.0000000000000000000, 1.000000000000000000 ) ) ;
#6821 = VERTEX_POINT ( 'NONE', #3281 ) ;
#6822 = LINE ( 'NONE', #1541, #6890 ) ;
#6823 = CARTESIAN_POINT ( 'NONE',  ( 3.451341823670963649, 11.45812853167897316, -3.797316352658053340 ) ) ;
#6824 = ADVANCED_FACE ( 'NONE', ( #2712, #5058 ), #5743, .F. ) ;
#6825 = CARTESIAN_POINT ( 'NONE',  ( 5.749999999999845457, 12.71295948527745523, -3.402469974908696848 ) ) ;
#6826 = APPROVAL_ROLE ( '' ) ;
#6827 = VERTEX_POINT ( 'NONE', #5126 ) ;
#6828 = DIRECTION ( 'NONE',  ( 1.000000000000000000, 0.0000000000000000000, 0.0000000000000000000 ) ) ;
#6829 = FACE_OUTER_BOUND ( 'NONE', #3654, .T. ) ;
#6830 = CARTESIAN_POINT ( 'NONE',  ( 10.25000000000000000, 0.0000000000000000000, 7.620000000000000107 ) ) ;
#6831 = LINE ( 'NONE', #3290, #517 ) ;
#6832 = EDGE_CURVE ( 'NONE', #1145, #2087, #5673, .T. ) ;
#6833 = LINE ( 'NONE', #5177, #5132 ) ;
#6834 = ORIENTED_EDGE ( 'NONE', *, *, #1043, .F. ) ;
#6835 = APPLICATION_CONTEXT ( 'configuration controlled 3d designs of mechanical parts and assemblies' ) ;
#6836 = EDGE_CURVE ( 'NONE', #4454, #2276, #2160, .T. ) ;
#6837 = DIRECTION ( 'NONE',  ( 0.5000000000000009992, 0.0000000000000000000, 0.8660254037844380415 ) ) ;
#6838 = ORIENTED_EDGE ( 'NONE', *, *, #1043, .T. ) ;
#6839 = CARTESIAN_POINT ( 'NONE',  ( 7.249999999999992006, 11.43499999999999694, -3.800000000000000266 ) ) ;
#6840 = ORIENTED_EDGE ( 'NONE', *, *, #1778, .F. ) ;
#6841 = DIRECTION ( 'NONE',  ( -0.0000000000000000000, 0.0000000000000000000, -1.000000000000000000 ) ) ;
#6842 = LINE ( 'NONE', #4462, #2490 ) ;
#6843 = LINE ( 'NONE', #6919, #5068 ) ;
#6844 = LINE ( 'NONE', #1568, #3543 ) ;
#6845 = ORIENTED_EDGE ( 'NONE', *, *, #2706, .F. ) ;
#6846 = VECTOR ( 'NONE', #6837, 1000.000000000000000 ) ;
#6847 = ORIENTED_EDGE ( 'NONE', *, *, #5004, .F. ) ;
#6848 = VERTEX_POINT ( 'NONE', #6863 ) ;
#6849 = LINE ( 'NONE', #2812, #381 ) ;
#6850 = DIRECTION ( 'NONE',  ( -0.0000000000000000000, 0.9805806756909201116, 0.1961161351381840168 ) ) ;
#6851 = CIRCLE ( 'NONE', #3896, 0.2000000000000000944 ) ;
#6852 = ADVANCED_FACE ( 'NONE', ( #1580 ), #520, .T. ) ;
#6853 = CARTESIAN_POINT ( 'NONE',  ( 5.349999999999999645, 11.23499999999999943, 5.080000000000000071 ) ) ;
#6854 = PERSON_AND_ORGANIZATION ( #7494, #967 ) ;
#6855 = CIRCLE ( 'NONE', #1923, 1.975000000000000089 ) ;
#6856 = FACE_OUTER_BOUND ( 'NONE', #4072, .T. ) ;
#6857 = ORIENTED_EDGE ( 'NONE', *, *, #2421, .T. ) ;
#6858 = CC_DESIGN_PERSON_AND_ORGANIZATION_ASSIGNMENT ( #6864, #1621, ( #1943 ) ) ;
#6859 = CARTESIAN_POINT ( 'NONE',  ( 5.749999999999999112, 11.93499999999701977, -1.799211327335711763 ) ) ;
#6860 = CARTESIAN_POINT ( 'NONE',  ( 8.557209438086390563, 6.599999999999999645, 7.620000000000000107 ) ) ;
#6861 = CIRCLE ( 'NONE', #4274, 1.843139007349805292 ) ;
#6862 = CARTESIAN_POINT ( 'NONE',  ( 5.722352193219256478, 12.64656426582414817, 6.800463868963788627 ) ) ;
#6863 = CARTESIAN_POINT ( 'NONE',  ( 7.049999999999561950, 11.23499999999999766, -5.080000000000000959 ) ) ;
#6864 = PERSON_AND_ORGANIZATION ( #1524, #6256 ) ;
#6865 = VERTEX_POINT ( 'NONE', #3590 ) ;
#6866 = VECTOR ( 'NONE', #7530, 1000.000000000000000 ) ;
#6867 = EDGE_CURVE ( 'NONE', #5001, #1048, #3042, .T. ) ;
#6868 = CARTESIAN_POINT ( 'NONE',  ( 8.689999999999999503, 0.0000000000000000000, 7.620000000000000107 ) ) ;
#6869 = DIRECTION ( 'NONE',  ( 1.000000000000000000, -0.0000000000000000000, 0.0000000000000000000 ) ) ;
#6870 = FACE_OUTER_BOUND ( 'NONE', #3229, .T. ) ;
#6871 = APPROVAL_PERSON_ORGANIZATION ( #2045, #5827, #898 ) ;
#6872 = ORIENTED_EDGE ( 'NONE', *, *, #4343, .T. ) ;
#6873 = CARTESIAN_POINT ( 'NONE',  ( 5.349999999999989875, 11.45812853167969791, -5.080000000000000071 ) ) ;
#6874 = ORIENTED_EDGE ( 'NONE', *, *, #2369, .F. ) ;
#6875 = ORIENTED_EDGE ( 'NONE', *, *, #767, .F. ) ;
#6876 = ADVANCED_FACE ( 'NONE', ( #1158, #3008 ), #655, .F. ) ;
#6877 = FACE_OUTER_BOUND ( 'NONE', #7484, .T. ) ;
#6878 = ADVANCED_FACE ( 'NONE', ( #7548 ), #4627, .F. ) ;
#6879 = CARTESIAN_POINT ( 'NONE',  ( 3.649999999999990141, 11.43500000000000227, 0.0000000000000000000 ) ) ;
#6880 = EDGE_CURVE ( 'NONE', #3236, #2284, #3508, .T. ) ;
#6881 = CARTESIAN_POINT ( 'NONE',  ( 4.499999999999992006, 0.0000000000000000000, -4.575803989022737106 ) ) ;
#6882 = CARTESIAN_POINT ( 'NONE',  ( 5.749999999996039612, 12.65172273822159177, -1.713524937923977864 ) ) ;
#6883 = CARTESIAN_POINT ( 'NONE',  ( 3.689033067547869749, 12.73499999999999943, -0.8101627290312564122 ) ) ;
#6884 = VECTOR ( 'NONE', #5615, 1000.000000000000114 ) ;
#6885 = ORIENTED_EDGE ( 'NONE', *, *, #243, .T. ) ;
#6886 = VERTEX_POINT ( 'NONE', #4704 ) ;
#6887 = ORIENTED_EDGE ( 'NONE', *, *, #230, .T. ) ;
#6888 = CARTESIAN_POINT ( 'NONE',  ( 3.449999999999989519, 11.43500000000000227, 5.080000000000000071 ) ) ;
#6889 = LINE ( 'NONE', #3965, #867 ) ;
#6890 = VECTOR ( 'NONE', #964, 1000.000000000000114 ) ;
#6891 = EDGE_CURVE ( 'NONE', #4383, #837, #3475, .T. ) ;
#6892 = CARTESIAN_POINT ( 'NONE',  ( 4.949999999999999289, 11.93500000000000050, -1.969999999999999973 ) ) ;
#6893 = VECTOR ( 'NONE', #1642, 1000.000000000000000 ) ;
#6894 = DIRECTION ( 'NONE',  ( -1.000000000000000000, 3.391049977814769632E-28, -1.794541526872530066E-14 ) ) ;
#6895 = VERTEX_POINT ( 'NONE', #6395 ) ;
#6896 = FACE_OUTER_BOUND ( 'NONE', #2039, .T. ) ;
#6897 = EDGE_LOOP ( 'NONE', ( #3985, #6032, #5846, #2332 ) ) ;
#6898 = CARTESIAN_POINT ( 'NONE',  ( 7.167157287525208531, 11.23499999999981824, -8.714314575050435607 ) ) ;
#6899 = CARTESIAN_POINT ( 'NONE',  ( 4.158098634558128559, 12.73500000000000121, -3.590914171675888333 ) ) ;
#6900 = CIRCLE ( 'NONE', #5425, 1.760296020627533320 ) ;
#6901 = LINE ( 'NONE', #5057, #6650 ) ;
#6902 = CARTESIAN_POINT ( 'NONE',  ( 5.750000000000000888, 11.93499999999674976, 6.879211327335743142 ) ) ;
#6903 = PERSON_AND_ORGANIZATION_ROLE ( 'design_supplier' ) ;
#6904 = ORIENTED_EDGE ( 'NONE', *, *, #6695, .T. ) ;
#6905 = VECTOR ( 'NONE', #1566, 1000.000000000000000 ) ;
#6906 = CIRCLE ( 'NONE', #512, 1.900000000000000133 ) ;
#6907 = DIRECTION ( 'NONE',  ( 1.794541526872530066E-14, -0.0000000000000000000, -1.000000000000000000 ) ) ;
#6908 = CARTESIAN_POINT ( 'NONE',  ( 9.250000000000000000, 2.200000000000002842, 3.780000000000001137 ) ) ;
#6909 = CARTESIAN_POINT ( 'NONE',  ( 5.349999999999989875, 12.73499999999999943, 5.080000000000000071 ) ) ;
#6910 = AXIS2_PLACEMENT_3D ( 'NONE', #6909, #6294, #405 ) ;
#6911 = CARTESIAN_POINT ( 'NONE',  ( 8.332042833102427437, 6.599999999999999645, 7.000000000000000888 ) ) ;
#6912 = ORIENTED_EDGE ( 'NONE', *, *, #1932, .T. ) ;
#6913 = CARTESIAN_POINT ( 'NONE',  ( 5.749999999999304556, 12.66838590191671443, 1.709697409983178318 ) ) ;
#6914 = VERTEX_POINT ( 'NONE', #5896 ) ;
#6915 = ORIENTED_EDGE ( 'NONE', *, *, #6972, .F. ) ;
#6916 = FACE_OUTER_BOUND ( 'NONE', #6897, .T. ) ;
#6917 = CARTESIAN_POINT ( 'NONE',  ( 7.325000000000000178, 11.23499999999999943, -5.080000000000000071 ) ) ;
#6918 = CARTESIAN_POINT ( 'NONE',  ( 3.635702501169018497, 12.73500000000000121, 4.243824448946763361 ) ) ;
#6919 = CARTESIAN_POINT ( 'NONE',  ( 2.337581515395897647, 13.78289222746399645, 7.620000000000000107 ) ) ;
#6920 = EDGE_CURVE ( 'NONE', #4772, #1877, #7048, .T. ) ;
#6921 =( NAMED_UNIT ( * ) SI_UNIT ( $, .STERADIAN. ) SOLID_ANGLE_UNIT ( ) );
#6922 = VERTEX_POINT ( 'NONE', #7125 ) ;
#6923 = ORIENTED_EDGE ( 'NONE', *, *, #659, .T. ) ;
#6924 = EDGE_CURVE ( 'NONE', #3121, #4185, #1731, .T. ) ;
#6925 = ORIENTED_EDGE ( 'NONE', *, *, #5198, .F. ) ;
#6926 = CARTESIAN_POINT ( 'NONE',  ( 7.049999999999685407, 11.23499999999999588, 5.079999999999999183 ) ) ;
#6927 = CARTESIAN_POINT ( 'NONE',  ( 0.8320428331024299906, 6.599999999999999645, 7.000000000000000000 ) ) ;
#6928 = EDGE_CURVE ( 'NONE', #4636, #6644, #709, .T. ) ;
#6929 = CARTESIAN_POINT ( 'NONE',  ( 5.749999999995260680, 12.69570467254462010, 3.385302786415251397 ) ) ;
#6930 = ADVANCED_FACE ( 'NONE', ( #2432 ), #2300, .T. ) ;
#6931 = CARTESIAN_POINT ( 'NONE',  ( 9.250000000000000000, 7.599999999999999645, 7.620000000000000107 ) ) ;
#6932 = ORIENTED_EDGE ( 'NONE', *, *, #2352, .F. ) ;
#6933 = LINE ( 'NONE', #1614, #131 ) ;
#6934 = VERTEX_POINT ( 'NONE', #2351 ) ;
#6935 = CARTESIAN_POINT ( 'NONE',  ( 3.532842712474773883, 11.23499999999982180, -8.714314575050435607 ) ) ;
#6936 = FACE_OUTER_BOUND ( 'NONE', #4059, .T. ) ;
#6937 = CARTESIAN_POINT ( 'NONE',  ( 3.449999999999990852, 11.44273112629124967, 5.080000000000001847 ) ) ;
#6938 = DIRECTION ( 'NONE',  ( 0.0000000000000000000, -1.000000000000000000, 0.0000000000000000000 ) ) ;
#6939 = VERTEX_POINT ( 'NONE', #3668 ) ;
#6940 = COORDINATED_UNIVERSAL_TIME_OFFSET ( 0, 0, .AHEAD. ) ;
#6941 = ORIENTED_EDGE ( 'NONE', *, *, #6492, .F. ) ;
#6942 = CARTESIAN_POINT ( 'NONE',  ( 9.250000000000000000, 2.199999999999989964, 1.299999999999999822 ) ) ;
#6943 = DIRECTION ( 'NONE',  ( -0.0000000000000000000, 0.0000000000000000000, -1.000000000000000000 ) ) ;
#6944 = DIRECTION ( 'NONE',  ( -0.0000000000000000000, -0.0000000000000000000, 1.000000000000000000 ) ) ;
#6945 = DIRECTION ( 'NONE',  ( -1.794541526872530066E-14, 0.0000000000000000000, 1.000000000000000000 ) ) ;
#6946 = ORIENTED_EDGE ( 'NONE', *, *, #5745, .T. ) ;
#6947 = DIRECTION ( 'NONE',  ( 1.000000000000000000, -0.0000000000000000000, 0.0000000000000000000 ) ) ;
#6948 = ORIENTED_EDGE ( 'NONE', *, *, #6700, .F. ) ;
#6949 = VERTEX_POINT ( 'NONE', #690 ) ;
#6950 =( BOUNDED_CURVE ( )  B_SPLINE_CURVE ( 3, ( #794, #2574, #6726, #7187 ),
 .UNSPECIFIED., .F., .F. ) 
 B_SPLINE_CURVE_WITH_KNOTS ( ( 4, 4 ),
 ( 0.0000000000000000000, 1.000000000000000000 ),
 .UNSPECIFIED. ) 
 CURVE ( )  GEOMETRIC_REPRESENTATION_ITEM ( )  RATIONAL_B_SPLINE_CURVE ( ( 1.000000000000000000, 0.8584414868985701386, 0.8584414868985701386, 1.000000000000000000 ) ) 
 REPRESENTATION_ITEM ( '' )  );
#6951 = CARTESIAN_POINT ( 'NONE',  ( 3.449999999999991296, 11.43500000000000227, -3.799999999999999378 ) ) ;
#6952 = ADVANCED_BREP_SHAPE_REPRESENTATION ( '', ( #7458, #6010 ), #2564 ) ;
#6953 = CC_DESIGN_PERSON_AND_ORGANIZATION_ASSIGNMENT ( #3476, #7167, ( #3432 ) ) ;
#6954 = FACE_OUTER_BOUND ( 'NONE', #3849, .T. ) ;
#6955 = FACE_OUTER_BOUND ( 'NONE', #4881, .T. ) ;
#6956 = CARTESIAN_POINT ( 'NONE',  ( 5.750000000000000000, 12.64656426582508075, -1.714246796769120618 ) ) ;
#6957 = VERTEX_POINT ( 'NONE', #7051 ) ;
#6958 = ORIENTED_EDGE ( 'NONE', *, *, #2979, .F. ) ;
#6959 = ORIENTED_EDGE ( 'NONE', *, *, #4939, .F. ) ;
#6960 = ADVANCED_FACE ( 'NONE', ( #5824, #1765 ), #6471, .F. ) ;
#6961 = CARTESIAN_POINT ( 'NONE',  ( 3.449999999999988631, 11.31784271247448004, 8.880000000000004334 ) ) ;
#6962 = CARTESIAN_POINT ( 'NONE',  ( 4.500000000000003553, -3.700000000000007727, -0.3000000000000014877 ) ) ;
#6963 = VECTOR ( 'NONE', #6805, 1000.000000000000000 ) ;
#6964 = LINE ( 'NONE', #3577, #5384 ) ;
#6965 = CARTESIAN_POINT ( 'NONE',  ( 5.721047637986544920, 12.69953703112068943, 6.794436134512857883 ) ) ;
#6966 = EDGE_LOOP ( 'NONE', ( #601, #5778, #1712 ) ) ;
#6967 = AXIS2_PLACEMENT_3D ( 'NONE', #7557, #2283, #2906 ) ;
#6968 = VERTEX_POINT ( 'NONE', #3546 ) ;
#6969 = ADVANCED_FACE ( 'NONE', ( #4663 ), #7400, .T. ) ;
#6970 = DIRECTION ( 'NONE',  ( -2.501911041408800138E-16, -1.000000000000000000, 0.0000000000000000000 ) ) ;
#6971 = LINE ( 'NONE', #1154, #5409 ) ;
#6972 = EDGE_CURVE ( 'NONE', #1534, #7118, #4823, .T. ) ;
#6973 = B_SPLINE_CURVE_WITH_KNOTS ( 'NONE', 3,
 ( #1340, #5044, #2661, #3738, #6160, #5005, #4385, #4887, #3698, #6049, #1420, #4424, #6198, #768, #2582, #3122 ),
 .UNSPECIFIED., .F., .F.,
 ( 4, 3, 3, 3, 3, 4 ),
 ( 0.0000000000000000000, 3.531517381802535166E-05, 7.066450543868401594E-05, 0.0001054618491194694109, 0.0001392987215172452220, 0.0001469974402523152915 ),
 .UNSPECIFIED. ) ;
#6974 = CARTESIAN_POINT ( 'NONE',  ( 4.499999999999800160, 0.0000000000000000000, -5.584196010977182212 ) ) ;
#6975 = EDGE_CURVE ( 'NONE', #147, #2147, #3664, .T. ) ;
#6976 = CARTESIAN_POINT ( 'NONE',  ( 4.949999999999999289, 12.17219196889117505, 6.850922332791137492 ) ) ;
#6977 = CARTESIAN_POINT ( 'NONE',  ( 7.167157287525211196, 11.23499999999981647, 8.714314575050439160 ) ) ;
#6978 = AXIS2_PLACEMENT_3D ( 'NONE', #284, #2636, #2598 ) ;
#6979 = PERSON_AND_ORGANIZATION ( #1524, #6256 ) ;
#6980 = ORIENTED_EDGE ( 'NONE', *, *, #6177, .T. ) ;
#6981 = FACE_OUTER_BOUND ( 'NONE', #2700, .T. ) ;
#6982 = CARTESIAN_POINT ( 'NONE',  ( 5.749999999999992895, 12.73499999999999943, 3.467917139009472294 ) ) ;
#6983 = CIRCLE ( 'NONE', #7217, 1.760296020627533320 ) ;
#6984 = EDGE_CURVE ( 'NONE', #7371, #3632, #3160, .T. ) ;
#6985 = DIRECTION ( 'NONE',  ( -1.084202172485509956E-15, -1.000000000000000000, 0.0000000000000000000 ) ) ;
#6986 = CARTESIAN_POINT ( 'NONE',  ( 7.249999999999987566, 11.44273112629124434, -8.879999999999999005 ) ) ;
#6987 = ORIENTED_EDGE ( 'NONE', *, *, #2120, .T. ) ;
#6988 = VECTOR ( 'NONE', #5936, 999.9999999999998863 ) ;
#6989 = CARTESIAN_POINT ( 'NONE',  ( 8.699999999999999289, 6.599999999999991651, -2.539999999999999591 ) ) ;
#6990 = VERTEX_POINT ( 'NONE', #5509 ) ;
#6991 = CARTESIAN_POINT ( 'NONE',  ( 9.250000000000000000, 6.299999999999990052, -6.379999999999999893 ) ) ;
#6992 = CARTESIAN_POINT ( 'NONE',  ( 4.950000000000678746, 12.72910876695780402, 6.726903183719896262 ) ) ;
#6993 = CARTESIAN_POINT ( 'NONE',  ( 10.25000000000000000, 6.799999999999999822, 7.620000000000000107 ) ) ;
#6994 = CARTESIAN_POINT ( 'NONE',  ( 1.810000000000000053, 6.599999999999999645, 7.620000000000000107 ) ) ;
#6995 = ORIENTED_EDGE ( 'NONE', *, *, #4766, .T. ) ;
#6996 = ORIENTED_EDGE ( 'NONE', *, *, #5993, .F. ) ;
#6997 = LOCAL_TIME ( 21, 42, 48.00000000000000000, #5208 ) ;
#6998 = ORIENTED_EDGE ( 'NONE', *, *, #3113, .F. ) ;
#6999 = ORIENTED_EDGE ( 'NONE', *, *, #5269, .F. ) ;
#7000 = CARTESIAN_POINT ( 'NONE',  ( 1.199999999999999734, 6.799999999999999822, -7.620000000000000107 ) ) ;
#7001 = CARTESIAN_POINT ( 'NONE',  ( 8.289638583737172439, 13.74631306408208964, -2.539999999999999147 ) ) ;
#7002 = DIRECTION ( 'NONE',  ( -2.501911041408800138E-16, -1.000000000000000000, 0.0000000000000000000 ) ) ;
#7003 = ORIENTED_EDGE ( 'NONE', *, *, #2663, .T. ) ;
#7004 = AXIS2_PLACEMENT_3D ( 'NONE', #6879, #371, #2730 ) ;
#7005 = ORIENTED_EDGE ( 'NONE', *, *, #4291, .T. ) ;
#7006 = CARTESIAN_POINT ( 'NONE',  ( 3.375000000000000000, 10.44999999999999929, 5.080000000000000071 ) ) ;
#7007 = LINE ( 'NONE', #7545, #6394 ) ;
#7008 = DIRECTION ( 'NONE',  ( -0.4999999999999999445, 0.0000000000000000000, -0.8660254037844387076 ) ) ;
#7009 = CARTESIAN_POINT ( 'NONE',  ( 7.249999999999991118, 11.43499999999999694, 1.279999999999997362 ) ) ;
#7010 = CONICAL_SURFACE ( 'NONE', #6171, 1.898658176322939983, 0.1159019745381328903 ) ;
#7011 = DIRECTION ( 'NONE',  ( -1.000000000000000000, 3.334909476821824268E-28, -1.794541526872530066E-14 ) ) ;
#7012 = VECTOR ( 'NONE', #579, 1000.000000000000000 ) ;
#7013 = EDGE_CURVE ( 'NONE', #6195, #215, #1080, .T. ) ;
#7014 = APPROVAL_DATE_TIME ( #5277, #7183 ) ;
#7015 = ADVANCED_FACE ( 'NONE', ( #4890 ), #6584, .T. ) ;
#7016 = EDGE_LOOP ( 'NONE', ( #3883, #6941, #6152, #1444 ) ) ;
#7017 = CARTESIAN_POINT ( 'NONE',  ( 9.449999999999999289, 6.799999999999999822, -7.620000000000003659 ) ) ;
#7018 = AXIS2_PLACEMENT_3D ( 'NONE', #7076, #4764, #1825 ) ;
#7019 = DIRECTION ( 'NONE',  ( -0.5000000000000048850, -0.0000000000000000000, -0.8660254037844358210 ) ) ;
#7020 = VECTOR ( 'NONE', #2229, 1000.000000000000000 ) ;
#7021 = DIRECTION ( 'NONE',  ( -0.0000000000000000000, -1.000000000000000000, 0.0000000000000000000 ) ) ;
#7022 = DIRECTION ( 'NONE',  ( 0.0000000000000000000, 0.0000000000000000000, 1.000000000000000000 ) ) ;
#7023 = EDGE_CURVE ( 'NONE', #1387, #1255, #5393, .T. ) ;
#7024 = CIRCLE ( 'NONE', #4930, 1.974999999999999423 ) ;
#7025 = AXIS2_PLACEMENT_3D ( 'NONE', #1770, #2480, #5322 ) ;
#7026 = EDGE_LOOP ( 'NONE', ( #842, #2140, #3875, #1756 ) ) ;
#7027 = DIRECTION ( 'NONE',  ( 0.4472135954999588159, -0.0000000000000000000, 0.8944271909999155223 ) ) ;
#7028 = ORIENTED_EDGE ( 'NONE', *, *, #7078, .F. ) ;
#7029 = EDGE_CURVE ( 'NONE', #7374, #2355, #2925, .T. ) ;
#7030 = CARTESIAN_POINT ( 'NONE',  ( 4.950000000000155609, 12.71295948527728115, 3.402469974908475692 ) ) ;
#7031 = CARTESIAN_POINT ( 'NONE',  ( 4.950000000002678924, 12.71935702003381863, 6.748631667042422677 ) ) ;
#7032 = AXIS2_PLACEMENT_3D ( 'NONE', #7603, #4078, #1149 ) ;
#7033 = PLANE ( 'NONE',  #1861 ) ;
#7034 = CARTESIAN_POINT ( 'NONE',  ( 7.248658176329019653, 11.45812853167897138, -1.282683647341943622 ) ) ;
#7035 = LINE ( 'NONE', #3025, #4571 ) ;
#7036 = ORIENTED_EDGE ( 'NONE', *, *, #1552, .F. ) ;
#7037 = VECTOR ( 'NONE', #671, 1000.000000000000000 ) ;
#7038 = ORIENTED_EDGE ( 'NONE', *, *, #6269, .F. ) ;
#7039 = ORIENTED_EDGE ( 'NONE', *, *, #3899, .F. ) ;
#7040 = VERTEX_POINT ( 'NONE', #4389 ) ;
#7041 = CARTESIAN_POINT ( 'NONE',  ( 8.699999999999999289, -3.469446951953614189E-15, -2.540000000000000036 ) ) ;
#7042 = CARTESIAN_POINT ( 'NONE',  ( 5.749999999995260680, 12.67614242096979638, 3.373454429892019935 ) ) ;
#7043 = LINE ( 'NONE', #1183, #1807 ) ;
#7044 = FACE_OUTER_BOUND ( 'NONE', #4182, .T. ) ;
#7045 = EDGE_LOOP ( 'NONE', ( #5648, #7244, #6062, #7194 ) ) ;
#7046 = CARTESIAN_POINT ( 'NONE',  ( 3.449999999999989964, 11.44273112629124967, 3.799999999999999378 ) ) ;
#7047 = CARTESIAN_POINT ( 'NONE',  ( 5.749999999999999112, 11.93500000000000050, -1.969999999999999973 ) ) ;
#7048 = B_SPLINE_CURVE_WITH_KNOTS ( 'NONE', 3,
 ( #82, #5236, #7584, #2274 ),
 .UNSPECIFIED., .F., .F.,
 ( 4, 4 ),
 ( 7.695742672741190085E-15, 0.0007166189195625507005 ),
 .UNSPECIFIED. ) ;
#7049 = CARTESIAN_POINT ( 'NONE',  ( 5.749999999999992895, 12.73499999999999943, -1.612082860990527999 ) ) ;
#7050 = CARTESIAN_POINT ( 'NONE',  ( 4.950000000000000178, 12.73499999999999943, 6.703854585596241478 ) ) ;
#7051 = CARTESIAN_POINT ( 'NONE',  ( 8.353589838486222163, -1.734723475976807094E-15, -3.139999999999999680 ) ) ;
#7052 = COORDINATED_UNIVERSAL_TIME_OFFSET ( 0, 0, .AHEAD. ) ;
#7053 = ORIENTED_EDGE ( 'NONE', *, *, #4146, .T. ) ;
#7054 = DIRECTION ( 'NONE',  ( 1.000000000000000000, -9.136576017787367610E-16, 0.0000000000000000000 ) ) ;
#7055 = DIRECTION ( 'NONE',  ( 0.0000000000000000000, 0.0000000000000000000, 1.000000000000000000 ) ) ;
#7056 = EDGE_CURVE ( 'NONE', #4757, #717, #1999, .T. ) ;
#7057 = DIRECTION ( 'NONE',  ( -0.8944271909999154113, 0.4472135954999587604, 0.0000000000000000000 ) ) ;
#7058 = DIRECTION ( 'NONE',  ( -0.5000000000000009992, -0.0000000000000000000, -0.8660254037844380415 ) ) ;
#7059 = ORIENTED_EDGE ( 'NONE', *, *, #7312, .F. ) ;
#7060 = CARTESIAN_POINT ( 'NONE',  ( 5.749999999999869438, 12.73420261174141821, 1.625065273783197872 ) ) ;
#7061 = EDGE_LOOP ( 'NONE', ( #799, #2331, #2943, #7100 ) ) ;
#7062 = LOCAL_TIME ( 21, 42, 48.00000000000000000, #4973 ) ;
#7063 = CARTESIAN_POINT ( 'NONE',  ( 0.0000000000000000000, 0.0000000000000000000, 7.620000000000000107 ) ) ;
#7064 = EDGE_CURVE ( 'NONE', #2261, #5584, #1687, .T. ) ;
#7065 = CARTESIAN_POINT ( 'NONE',  ( 4.949999999999999289, 12.64656426582933335, 6.794246796768621088 ) ) ;
#7066 = EDGE_CURVE ( 'NONE', #2937, #5142, #6666, .T. ) ;
#7067 = FACE_BOUND ( 'NONE', #2224, .T. ) ;
#7068 = CARTESIAN_POINT ( 'NONE',  ( 3.449999999999990408, 11.43500000000000227, -1.279999999999998472 ) ) ;
#7069 = CARTESIAN_POINT ( 'NONE',  ( 4.949999999999991296, 12.73499999999999943, -1.612082860990528665 ) ) ;
#7070 = ADVANCED_FACE ( 'NONE', ( #3774 ), #2685, .T. ) ;
#7071 = ORIENTED_EDGE ( 'NONE', *, *, #614, .T. ) ;
#7072 = ORIENTED_EDGE ( 'NONE', *, *, #5413, .F. ) ;
#7073 = DIRECTION ( 'NONE',  ( 1.000000000000000000, 0.0000000000000000000, 0.0000000000000000000 ) ) ;
#7074 = ORIENTED_EDGE ( 'NONE', *, *, #1099, .F. ) ;
#7075 = ORIENTED_EDGE ( 'NONE', *, *, #3852, .T. ) ;
#7076 = CARTESIAN_POINT ( 'NONE',  ( 10.25000000000000000, 6.199999999999999289, -3.779999999999999805 ) ) ;
#7077 = DIRECTION ( 'NONE',  ( 1.000000000000000000, -9.854725885015578669E-16, 0.0000000000000000000 ) ) ;
#7078 = EDGE_CURVE ( 'NONE', #490, #6537, #3853, .T. ) ;
#7079 = FACE_OUTER_BOUND ( 'NONE', #2876, .T. ) ;
#7080 = FACE_OUTER_BOUND ( 'NONE', #1074, .T. ) ;
#7081 = ORIENTED_EDGE ( 'NONE', *, *, #7562, .T. ) ;
#7082 = ORIENTED_EDGE ( 'NONE', *, *, #5735, .T. ) ;
#7083 = CARTESIAN_POINT ( 'NONE',  ( 0.0000000000000000000, 10.00000000000000000, 7.620000000000000107 ) ) ;
#7084 = CARTESIAN_POINT ( 'NONE',  ( 4.949999999999999289, 12.64656426582875959, 3.365753203235099633 ) ) ;
#7085 = EDGE_CURVE ( 'NONE', #3151, #7040, #5300, .T. ) ;
#7086 = CARTESIAN_POINT ( 'NONE',  ( 4.949999999999999289, 12.64656426582933335, 6.794246796768621088 ) ) ;
#7087 = CARTESIAN_POINT ( 'NONE',  ( 7.931257721594279886, 12.73499999999999410, -6.220771708771041908 ) ) ;
#7088 = COORDINATED_UNIVERSAL_TIME_OFFSET ( 0, 0, .AHEAD. ) ;
#7089 = ORIENTED_EDGE ( 'NONE', *, *, #4529, .F. ) ;
#7090 = CIRCLE ( 'NONE', #5239, 0.09999999999999982514 ) ;
#7091 = DIRECTION ( 'NONE',  ( -9.136576017787371555E-16, -1.000000000000000000, -2.086925533220183900E-31 ) ) ;
#7092 = LINE ( 'NONE', #1236, #748 ) ;
#7093 = VECTOR ( 'NONE', #905, 1000.000000000000000 ) ;
#7094 = DIRECTION ( 'NONE',  ( 0.0000000000000000000, 0.0000000000000000000, 1.000000000000000000 ) ) ;
#7095 = LINE ( 'NONE', #4712, #4268 ) ;
#7096 = ORIENTED_EDGE ( 'NONE', *, *, #230, .F. ) ;
#7097 = CARTESIAN_POINT ( 'NONE',  ( 8.076037614647820106, 12.69953703112068411, -1.204756333247968270 ) ) ;
#7098 = EDGE_CURVE ( 'NONE', #5082, #6340, #1645, .T. ) ;
#7099 = AXIS2_PLACEMENT_3D ( 'NONE', #5794, #1660, #7520 ) ;
#7100 = ORIENTED_EDGE ( 'NONE', *, *, #7385, .F. ) ;
#7101 = PLANE ( 'NONE',  #5303 ) ;
#7102 = CARTESIAN_POINT ( 'NONE',  ( 4.499999999999992895, 0.0000000000000000000, 0.5041960109772645193 ) ) ;
#7103 = CARTESIAN_POINT ( 'NONE',  ( 5.499999999999589662, -0.05000000078158019917, -0.8000000000000410116 ) ) ;
#7104 = LINE ( 'NONE', #1248, #5992 ) ;
#7105 = CIRCLE ( 'NONE', #5756, 0.1999999999999996503 ) ;
#7106 = CARTESIAN_POINT ( 'NONE',  ( 5.299999999999999822, -2.700000000000009948, -5.579999999999973426 ) ) ;
#7107 = VERTEX_POINT ( 'NONE', #2076 ) ;
#7108 = EDGE_CURVE ( 'NONE', #5259, #2538, #5086, .T. ) ;
#7109 = ORIENTED_EDGE ( 'NONE', *, *, #390, .T. ) ;
#7110 = ADVANCED_FACE ( 'NONE', ( #2705 ), #388, .F. ) ;
#7111 = PLANE ( 'NONE',  #743 ) ;
#7112 = ORIENTED_EDGE ( 'NONE', *, *, #6119, .T. ) ;
#7113 = VERTEX_POINT ( 'NONE', #7460 ) ;
#7114 = FACE_OUTER_BOUND ( 'NONE', #2956, .T. ) ;
#7115 = PLANE ( 'NONE',  #7032 ) ;
#7116 = LINE ( 'NONE', #496, #834 ) ;
#7117 = CARTESIAN_POINT ( 'NONE',  ( 8.689999999999999503, 6.599999999999999645, 7.620000000000000107 ) ) ;
#7118 = VERTEX_POINT ( 'NONE', #6314 ) ;
#7119 = ORIENTED_EDGE ( 'NONE', *, *, #20, .F. ) ;
#7120 = EDGE_CURVE ( 'NONE', #7382, #90, #1571, .T. ) ;
#7121 = CARTESIAN_POINT ( 'NONE',  ( 0.8535898384862231625, 0.0000000000000000000, -3.139999999999999680 ) ) ;
#7122 = LINE ( 'NONE', #4085, #3836 ) ;
#7123 = CIRCLE ( 'NONE', #4784, 0.2999999999999999334 ) ;
#7124 = CARTESIAN_POINT ( 'NONE',  ( 4.130405130933179514, 12.69953703112280330, 6.603684329777222750 ) ) ;
#7125 = CARTESIAN_POINT ( 'NONE',  ( 5.299999999999999822, -2.700000000000009948, 4.580000000000025828 ) ) ;
#7126 = APPROVAL_DATE_TIME ( #2435, #4263 ) ;
#7127 = CIRCLE ( 'NONE', #4669, 0.2999999999999999334 ) ;
#7128 = CARTESIAN_POINT ( 'NONE',  ( 4.950000000003960565, 12.66532890578434589, 1.710780456545833106 ) ) ;
#7129 = DIRECTION ( 'NONE',  ( -0.8944271909999154113, 0.4472135954999587604, 0.0000000000000000000 ) ) ;
#7130 = VECTOR ( 'NONE', #2123, 1000.000000000000114 ) ;
#7131 = FACE_OUTER_BOUND ( 'NONE', #1062, .T. ) ;
#7132 = DIRECTION ( 'NONE',  ( -1.000000000000000000, 9.130123557772668088E-16, 0.0000000000000000000 ) ) ;
#7133 = FACE_OUTER_BOUND ( 'NONE', #7134, .T. ) ;
#7134 = EDGE_LOOP ( 'NONE', ( #3383, #2170, #546, #1733 ) ) ;
#7135 = CARTESIAN_POINT ( 'NONE',  ( 7.931257721594906052, 12.73499999999999588, 1.140771708769624082 ) ) ;
#7136 = CIRCLE ( 'NONE', #6400, 0.2999999999999999334 ) ;
#7137 = VECTOR ( 'NONE', #554, 1000.000000000000000 ) ;
#7138 = ORIENTED_EDGE ( 'NONE', *, *, #6347, .T. ) ;
#7139 = DIRECTION ( 'NONE',  ( -0.8660254037844388186, 0.0000000000000000000, -0.4999999999999996669 ) ) ;
#7140 = CARTESIAN_POINT ( 'NONE',  ( 4.949999999999999289, 12.64656426582881821, -1.714246796764893110 ) ) ;
#7141 = CARTESIAN_POINT ( 'NONE',  ( 2.337581515395890985, 13.78289222746397513, 7.620000000000000107 ) ) ;
#7143 = AXIS2_PLACEMENT_3D ( 'NONE', #5975, #580, #7055 ) ;
#7142 = CARTESIAN_POINT ( 'NONE',  ( 3.450447775674257311, 11.45044927442903315, -5.080000000000001847 ) ) ;
#7144 = DIRECTION ( 'NONE',  ( 1.000000000000000000, -1.171453342316279939E-15, -1.931148907734990011E-16 ) ) ;
#7145 = ORIENTED_EDGE ( 'NONE', *, *, #6378, .T. ) ;
#7146 = CARTESIAN_POINT ( 'NONE',  ( 5.722352193219256478, 12.64656426582414994, 1.720463868963787002 ) ) ;
#7147 = ORIENTED_EDGE ( 'NONE', *, *, #7582, .F. ) ;
#7148 = CIRCLE ( 'NONE', #6051, 1.760296020627533320 ) ;
#7149 = DIRECTION ( 'NONE',  ( 0.0000000000000000000, -0.1961161351381830731, -0.9805806756909204447 ) ) ;
#7150 = ORIENTED_EDGE ( 'NONE', *, *, #4478, .T. ) ;
#7151 = ORIENTED_EDGE ( 'NONE', *, *, #5564, .T. ) ;
#7152 = LINE ( 'NONE', #6540, #5420 ) ;
#7153 = LINE ( 'NONE', #1872, #880 ) ;
#7154 = ADVANCED_FACE ( 'NONE', ( #2189 ), #224, .T. ) ;
#7155 = AXIS2_PLACEMENT_3D ( 'NONE', #937, #975, #438 ) ;
#7156 = CARTESIAN_POINT ( 'NONE',  ( 4.973902936655018259, 12.73500000000000476, -1.672533082913881142 ) ) ;
#7157 = VERTEX_POINT ( 'NONE', #6818 ) ;
#7158 = DIRECTION ( 'NONE',  ( 0.0000000000000000000, -0.9805806756909201116, -0.1961161351381840168 ) ) ;
#7159 = ORIENTED_EDGE ( 'NONE', *, *, #6259, .F. ) ;
#7160 = EDGE_LOOP ( 'NONE', ( #179, #5859, #5180, #6674 ) ) ;
#7161 = PLANE ( 'NONE',  #7253 ) ;
#7162 = DIRECTION ( 'NONE',  ( -1.734723475976807410E-14, 0.0000000000000000000, 1.000000000000000000 ) ) ;
#7163 = EDGE_CURVE ( 'NONE', #6968, #6439, #4505, .T. ) ;
#7164 = CARTESIAN_POINT ( 'NONE',  ( 3.375000000000000888, 13.99999999999999822, 2.418677428316022036E-16 ) ) ;
#7165 = CARTESIAN_POINT ( 'NONE',  ( 1.078756443470130000, 0.0000000000000000000, -8.220000000000000639 ) ) ;
#7166 = EDGE_CURVE ( 'NONE', #6719, #3645, #2062, .T. ) ;
#7167 = PERSON_AND_ORGANIZATION_ROLE ( 'classification_officer' ) ;
#7168 = DIRECTION ( 'NONE',  ( 0.0000000000000000000, 0.9805806756909204447, -0.1961161351381830731 ) ) ;
#7169 = CARTESIAN_POINT ( 'NONE',  ( 8.332042833102427437, 0.0000000000000000000, 7.000000000000000888 ) ) ;
#7170 = CARTESIAN_POINT ( 'NONE',  ( 9.449999999999999289, 14.00000000000000000, -2.540000000000000036 ) ) ;
#7171 = CARTESIAN_POINT ( 'NONE',  ( 3.375000000000000000, 11.23499999999999943, -5.080000000000000071 ) ) ;
#7172 = EDGE_LOOP ( 'NONE', ( #1065, #2763, #3736, #4799, #5694, #3931 ) ) ;
#7173 = CARTESIAN_POINT ( 'NONE',  ( 7.931257721594278109, 12.73499999999999410, -1.140771708771041393 ) ) ;
#7174 = PLANE ( 'NONE',  #6531 ) ;
#7175 = DIRECTION ( 'NONE',  ( 0.0000000000000000000, 0.0000000000000000000, -1.000000000000000000 ) ) ;
#7176 = ADVANCED_FACE ( 'NONE', ( #7500, #2234, #4584, #1 ), #2382, .T. ) ;
#7177 = DIRECTION ( 'NONE',  ( -1.000000000000000000, 3.338853781347929776E-28, -1.794541526872530066E-14 ) ) ;
#7178 = CARTESIAN_POINT ( 'NONE',  ( 7.249552224325726435, 11.45044927442902782, -1.280895551348531614 ) ) ;
#7179 = CARTESIAN_POINT ( 'NONE',  ( 4.949999999999999289, 12.73499999999999943, -1.616418486921993525 ) ) ;
#7180 = EDGE_LOOP ( 'NONE', ( #3809, #6946 ) ) ;
#7181 = CARTESIAN_POINT ( 'NONE',  ( 3.589703979372449005, 12.64656426582178383, 5.080000000000000071 ) ) ;
#7182 = ORIENTED_EDGE ( 'NONE', *, *, #1776, .F. ) ;
#7183 = APPROVAL ( #1844, 'UNSPECIFIED' ) ;
#7184 = CARTESIAN_POINT ( 'NONE',  ( 7.049999999999685407, 11.23499999999999588, -5.080000000000000959 ) ) ;
#7185 = ORIENTED_EDGE ( 'NONE', *, *, #289, .T. ) ;
#7186 = CARTESIAN_POINT ( 'NONE',  ( 4.950000000000073896, 12.71957496777942787, 3.411852983646638027 ) ) ;
#7187 = CARTESIAN_POINT ( 'NONE',  ( 7.010966932452110889, 12.73499999999999766, -5.080000000000000071 ) ) ;
#7188 = CARTESIAN_POINT ( 'NONE',  ( 3.689033067547872857, 12.73500000000000298, -0.8101627290312578555 ) ) ;
#7189 = ORIENTED_EDGE ( 'NONE', *, *, #4543, .T. ) ;
#7190 = PRODUCT ( 'TB007-508-02P_Blue - S', 'TB007-508-02P_Blue - S', '', ( #2275 ) ) ;
#7191 = DIRECTION ( 'NONE',  ( -9.136576017787371555E-16, -1.000000000000000000, -2.086925533220183900E-31 ) ) ;
#7192 = ORIENTED_EDGE ( 'NONE', *, *, #6358, .F. ) ;
#7193 = EDGE_CURVE ( 'NONE', #1877, #2913, #7116, .T. ) ;
#7194 = ORIENTED_EDGE ( 'NONE', *, *, #6312, .T. ) ;
#7195 = LINE ( 'NONE', #5312, #5288 ) ;
#7196 = CARTESIAN_POINT ( 'NONE',  ( 4.950000000002678924, 12.70467874844269929, -3.393181258116368948 ) ) ;
#7197 = DIRECTION ( 'NONE',  ( 1.000000000000000000, 0.0000000000000000000, 0.0000000000000000000 ) ) ;
#7198 = CARTESIAN_POINT ( 'NONE',  ( 8.085622008323790411, 12.64656426582414817, -3.871007900189411544 ) ) ;
#7199 = COORDINATED_UNIVERSAL_TIME_OFFSET ( 0, 0, .AHEAD. ) ;
#7200 = EDGE_CURVE ( 'NONE', #3143, #1209, #7043, .T. ) ;
#7201 = EDGE_CURVE ( 'NONE', #1867, #392, #6861, .T. ) ;
#7202 = DIRECTION ( 'NONE',  ( 0.8660254037844373753, -0.0000000000000000000, 0.5000000000000022204 ) ) ;
#7203 = CARTESIAN_POINT ( 'NONE',  ( 7.010966932452109113, 12.73499999999999766, 5.874722277164099893 ) ) ;
#7204 = EDGE_CURVE ( 'NONE', #4109, #6190, #6964, .T. ) ;
#7205 = CARTESIAN_POINT ( 'NONE',  ( 7.249999999999991118, 11.43499999999999872, 2.326828918379971858E-16 ) ) ;
#7206 = LINE ( 'NONE', #4325, #1440 ) ;
#7207 = VECTOR ( 'NONE', #6947, 1000.000000000000000 ) ;
#7208 = EDGE_LOOP ( 'NONE', ( #5910, #5495, #6473, #570 ) ) ;
#7209 = CARTESIAN_POINT ( 'NONE',  ( 4.950000000000133404, 12.73473344514864536, -1.620762266914828942 ) ) ;
#7210 = CARTESIAN_POINT ( 'NONE',  ( 5.749999999999869438, 12.73420261174141821, 6.705065273783199054 ) ) ;
#7211 = CIRCLE ( 'NONE', #5242, 0.2999999999999999334 ) ;
#7212 = CARTESIAN_POINT ( 'NONE',  ( 7.049999999999688960, 11.23499999999999766, -1.680000000000608562 ) ) ;
#7213 = CARTESIAN_POINT ( 'NONE',  ( 3.689038457067286281, 12.73500000000000121, 5.079999986462972572 ) ) ;
#7214 = CARTESIAN_POINT ( 'NONE',  ( 7.249552224325724659, 11.45044927442902782, 2.326280551333744888E-16 ) ) ;
#7215 = DIRECTION ( 'NONE',  ( 0.0000000000000000000, -0.0000000000000000000, -1.000000000000000000 ) ) ;
#7216 = EDGE_LOOP ( 'NONE', ( #1929, #3951, #4588, #339 ) ) ;
#7217 = AXIS2_PLACEMENT_3D ( 'NONE', #3905, #4635, #1627 ) ;
#7218 = DIRECTION ( 'NONE',  ( -1.000000000000000000, 0.0000000000000000000, -0.0000000000000000000 ) ) ;
#7219 = ORIENTED_EDGE ( 'NONE', *, *, #6315, .T. ) ;
#7220 = CARTESIAN_POINT ( 'NONE',  ( 5.349999999999989875, 12.73499999999999943, 0.0000000000000000000 ) ) ;
#7221 = ORIENTED_EDGE ( 'NONE', *, *, #6756, .F. ) ;
#7222 = ORIENTED_EDGE ( 'NONE', *, *, #3285, .T. ) ;
#7223 = DIRECTION ( 'NONE',  ( 1.000000000000000000, -0.0000000000000000000, 0.0000000000000000000 ) ) ;
#7224 = DIRECTION ( 'NONE',  ( -1.734723475976806779E-14, 1.508848023375660232E-14, 1.000000000000000000 ) ) ;
#7225 = ORIENTED_EDGE ( 'NONE', *, *, #5038, .F. ) ;
#7226 = ORIENTED_EDGE ( 'NONE', *, *, #4851, .F. ) ;
#7227 = CIRCLE ( 'NONE', #3792, 0.1999999999999996503 ) ;
#7228 = DIRECTION ( 'NONE',  ( 0.0000000000000000000, 0.0000000000000000000, 1.000000000000000000 ) ) ;
#7229 = VERTEX_POINT ( 'NONE', #5928 ) ;
#7230 = ORIENTED_EDGE ( 'NONE', *, *, #4121, .T. ) ;
#7231 = CARTESIAN_POINT ( 'NONE',  ( 5.749999999999869438, 12.73279737082328467, 1.636456345332686579 ) ) ;
#7232 = CARTESIAN_POINT ( 'NONE',  ( 4.950000000000678746, 12.72522597148189583, -3.421977066808653767 ) ) ;
#7233 = ORGANIZATION ( 'NAUO-ORG1', 'UNSPECIFIED', 'UNSPECIFIED' ) ;
#7234 = LINE ( 'NONE', #1958, #7509 ) ;
#7235 = CARTESIAN_POINT ( 'NONE',  ( 7.049999999999685407, 11.23499999999999766, 3.399999999999388844 ) ) ;
#7236 = CONTEXT_DEPENDENT_SHAPE_REPRESENTATION ( #2764, #5965 ) ;
#7237 = DIRECTION ( 'NONE',  ( -1.171453342316279939E-15, -1.000000000000000000, 0.0000000000000000000 ) ) ;
#7238 = DIRECTION ( 'NONE',  ( 0.0000000000000000000, 1.000000000000000000, 1.889646980599319876E-14 ) ) ;
#7239 = DIRECTION ( 'NONE',  ( 1.000000000000000000, 0.0000000000000000000, 0.0000000000000000000 ) ) ;
#7240 = ADVANCED_FACE ( 'NONE', ( #3001 ), #4114, .F. ) ;
#7241 = ADVANCED_FACE ( 'NONE', ( #5887 ), #346, .T. ) ;
#7242 = VECTOR ( 'NONE', #1433, 1000.000000000000000 ) ;
#7243 = CARTESIAN_POINT ( 'NONE',  ( 0.0000000000000000000, 0.0000000000000000000, -55.88000000000000256 ) ) ;
#7244 = ORIENTED_EDGE ( 'NONE', *, *, #3630, .F. ) ;
#7245 = CARTESIAN_POINT ( 'NONE',  ( 5.721047637985604339, 12.69953703112068943, -1.714436134513059651 ) ) ;
#7246 = LINE ( 'NONE', #1973, #6045 ) ;
#7247 = AXIS2_PLACEMENT_3D ( 'NONE', #5861, #5714, #1624 ) ;
#7248 = CYLINDRICAL_SURFACE ( 'NONE', #4175, 0.2999999999999999334 ) ;
#7249 = DIRECTION ( 'NONE',  ( 0.1543768802736096291, -0.9880120337511013595, 0.0000000000000000000 ) ) ;
#7250 = EDGE_CURVE ( 'NONE', #4864, #7374, #7105, .T. ) ;
#7251 = LINE ( 'NONE', #2095, #92 ) ;
#7252 = PLANE ( 'NONE',  #5682 ) ;
#7253 = AXIS2_PLACEMENT_3D ( 'NONE', #5388, #4270, #1879 ) ;
#7254 = ORIENTED_EDGE ( 'NONE', *, *, #2977, .T. ) ;
#7255 = ADVANCED_FACE ( 'NONE', ( #2889 ), #1678, .T. ) ;
#7256 = CARTESIAN_POINT ( 'NONE',  ( 10.25000000000000000, 6.199999999999999289, 1.299999999999999822 ) ) ;
#7257 = VERTEX_POINT ( 'NONE', #2423 ) ;
#7258 = PLANE ( 'NONE',  #4439 ) ;
#7259 = VERTEX_POINT ( 'NONE', #1112 ) ;
#7260 = CARTESIAN_POINT ( 'NONE',  ( 10.25000000000000000, 6.799999999999999822, -1.799999999999999600 ) ) ;
#7261 = CIRCLE ( 'NONE', #5062, 1.898658176328942071 ) ;
#7262 = CIRCLE ( 'NONE', #4189, 0.2000000000000000944 ) ;
#7263 = CARTESIAN_POINT ( 'NONE',  ( 3.449999999999991296, 11.44273112629124967, -3.799999999999999378 ) ) ;
#7264 = CARTESIAN_POINT ( 'NONE',  ( 3.595871267840947461, 12.69953703111901433, -0.8556038611919069004 ) ) ;
#7265 = EDGE_LOOP ( 'NONE', ( #1902, #4225, #1201, #562 ) ) ;
#7266 = AXIS2_PLACEMENT_3D ( 'NONE', #148, #3576, #681 ) ;
#7267 = ORIENTED_EDGE ( 'NONE', *, *, #2132, .F. ) ;
#7268 = AXIS2_PLACEMENT_3D ( 'NONE', #1658, #2717, #5065 ) ;
#7269 = CARTESIAN_POINT ( 'NONE',  ( 4.950000000000680522, 12.73298944267163257, 1.635789504932165128 ) ) ;
#7270 = ORIENTED_EDGE ( 'NONE', *, *, #94, .T. ) ;
#7271 = VERTEX_POINT ( 'NONE', #7001 ) ;
#7272 = CARTESIAN_POINT ( 'NONE',  ( 5.749999999999304556, 12.67827681032246545, 1.704820330738464618 ) ) ;
#7273 = LINE ( 'NONE', #1880, #4429 ) ;
#7274 = VECTOR ( 'NONE', #7418, 1000.000000000000114 ) ;
#7275 = DIRECTION ( 'NONE',  ( -0.0000000000000000000, -1.000000000000000000, -0.0000000000000000000 ) ) ;
#7276 = CONTEXT_DEPENDENT_SHAPE_REPRESENTATION ( #3294, #6577 ) ;
#7277 = ORIENTED_EDGE ( 'NONE', *, *, #6421, .F. ) ;
#7278 = LINE ( 'NONE', #6127, #3078 ) ;
#7279 = FACE_OUTER_BOUND ( 'NONE', #5667, .T. ) ;
#7280 = LINE ( 'NONE', #4895, #6283 ) ;
#7281 = CARTESIAN_POINT ( 'NONE',  ( 3.689033069104791895, 12.73500000000000298, 4.285277720949632219 ) ) ;
#7282 = COORDINATED_UNIVERSAL_TIME_OFFSET ( 0, 0, .AHEAD. ) ;
#7283 = VERTEX_POINT ( 'NONE', #5849 ) ;
#7284 = FACE_OUTER_BOUND ( 'NONE', #3352, .T. ) ;
#7285 = EDGE_CURVE ( 'NONE', #5328, #679, #4192, .T. ) ;
#7286 = CARTESIAN_POINT ( 'NONE',  ( 4.949999999999999289, 12.64656426582933335, 6.794246796768621088 ) ) ;
#7287 = CARTESIAN_POINT ( 'NONE',  ( 8.689999999999999503, 6.799999999999999822, 7.620000000000000107 ) ) ;
#7288 = CARTESIAN_POINT ( 'NONE',  ( 1.942790561913620095, 6.600000000000010303, 7.129999999999999893 ) ) ;
#7289 = CARTESIAN_POINT ( 'NONE',  ( 4.949999999999999289, 12.64656426582875959, -1.714246796764900216 ) ) ;
#7290 = CARTESIAN_POINT ( 'NONE',  ( 4.499999999999803713, -0.05000000078158020611, -5.580000000000016946 ) ) ;
#7291 = DIRECTION ( 'NONE',  ( 0.0000000000000000000, 0.0000000000000000000, -1.000000000000000000 ) ) ;
#7292 = ORIENTED_EDGE ( 'NONE', *, *, #7204, .F. ) ;
#7293 = CARTESIAN_POINT ( 'NONE',  ( 5.349999999999980105, 11.45812853178540713, 5.080000000000000071 ) ) ;
#7294 = ORIENTED_EDGE ( 'NONE', *, *, #3495, .F. ) ;
#7295 = ADVANCED_FACE ( 'NONE', ( #7079 ), #4768, .T. ) ;
#7296 = LINE ( 'NONE', #3227, #3085 ) ;
#7297 = EDGE_CURVE ( 'NONE', #324, #5657, #5815, .T. ) ;
#7298 = ORIENTED_EDGE ( 'NONE', *, *, #191, .F. ) ;
#7299 = ORIENTED_EDGE ( 'NONE', *, *, #6832, .F. ) ;
#7300 = EDGE_CURVE ( 'NONE', #5755, #1232, #4154, .T. ) ;
#7301 = DIRECTION ( 'NONE',  ( 1.000000000000000000, 0.0000000000000000000, 0.0000000000000000000 ) ) ;
#7302 = DIRECTION ( 'NONE',  ( 0.8660254037844387076, 0.0000000000000000000, -0.4999999999999999445 ) ) ;
#7303 = ORIENTED_EDGE ( 'NONE', *, *, #2455, .T. ) ;
#7304 = ORIENTED_EDGE ( 'NONE', *, *, #7297, .F. ) ;
#7305 = CARTESIAN_POINT ( 'NONE',  ( 4.950000000003960565, 12.65172273822438775, 1.713524937923418090 ) ) ;
#7306 = ORIENTED_EDGE ( 'NONE', *, *, #2665, .F. ) ;
#7307 = ORIENTED_EDGE ( 'NONE', *, *, #2788, .T. ) ;
#7308 = CARTESIAN_POINT ( 'NONE',  ( 4.949999999999991296, 12.73499999999999943, -3.467917139009471406 ) ) ;
#7309 = CARTESIAN_POINT ( 'NONE',  ( 5.500000000000000000, -0.05000000078162009781, 5.880000000000140226 ) ) ;
#7310 = CARTESIAN_POINT ( 'NONE',  ( 3.650000000000294342, 11.23500000000000121, 1.680000000000612559 ) ) ;
#7311 = PERSON_AND_ORGANIZATION ( #605, #4723 ) ;
#7312 = EDGE_CURVE ( 'NONE', #2210, #501, #4647, .T. ) ;
#7313 = VERTEX_POINT ( 'NONE', #536 ) ;
#7314 = LINE ( 'NONE', #6243, #7130 ) ;
#7315 = FACE_OUTER_BOUND ( 'NONE', #918, .T. ) ;
#7316 = CARTESIAN_POINT ( 'NONE',  ( 7.049999999999685407, 11.23499999999999766, -3.399999999999388844 ) ) ;
#7317 = CARTESIAN_POINT ( 'NONE',  ( 3.649999999999990141, 11.43500000000000227, 0.0000000000000000000 ) ) ;
#7318 = DIRECTION ( 'NONE',  ( 0.0000000000000000000, 0.0000000000000000000, 1.000000000000000000 ) ) ;
#7319 = EDGE_LOOP ( 'NONE', ( #6580, #724, #2289, #5923 ) ) ;
#7320 = CARTESIAN_POINT ( 'NONE',  ( 5.712622210151658386, 12.73499999999999766, 3.404493793745397401 ) ) ;
#7321 =( REPRESENTATION_RELATIONSHIP ('NONE','NONE', #2385, #1547 ) REPRESENTATION_RELATIONSHIP_WITH_TRANSFORMATION ( #6054 )SHAPE_REPRESENTATION_RELATIONSHIP( ) );
#7322 = CARTESIAN_POINT ( 'NONE',  ( 8.289638583737172439, 13.74631306408209852, 7.620000000000000107 ) ) ;
#7323 = CARTESIAN_POINT ( 'NONE',  ( 5.749999999999304556, 12.67827681032246545, 6.784820330738464911 ) ) ;
#7324 = FACE_OUTER_BOUND ( 'NONE', #3293, .T. ) ;
#7325 = LINE ( 'NONE', #6026, #6055 ) ;
#7326 = CARTESIAN_POINT ( 'NONE',  ( 4.158098634558129447, 12.73500000000000298, 6.569085828324114473 ) ) ;
#7327 = CARTESIAN_POINT ( 'NONE',  ( 5.299999999999999822, -5.750000000781589904, -0.4999999999999839573 ) ) ;
#7328 = EDGE_CURVE ( 'NONE', #5577, #1371, #5229, .T. ) ;
#7329 = EDGE_CURVE ( 'NONE', #5614, #6115, #1198, .T. ) ;
#7330 = VERTEX_POINT ( 'NONE', #2338 ) ;
#7331 = DIRECTION ( 'NONE',  ( 1.000000000000000000, -3.338853781347929776E-28, 1.794541526872530066E-14 ) ) ;
#7332 = ORIENTED_EDGE ( 'NONE', *, *, #3325, .T. ) ;
#7333 = AXIS2_PLACEMENT_3D ( 'NONE', #1522, #6220, #941 ) ;
#7334 = CARTESIAN_POINT ( 'NONE',  ( 4.499999999999979572, -3.700000000000006395, 1.000000000000190070 ) ) ;
#7335 = VERTEX_POINT ( 'NONE', #682 ) ;
#7336 = LINE ( 'NONE', #1989, #1211 ) ;
#7337 = CARTESIAN_POINT ( 'NONE',  ( 7.249999999999990230, 11.44273112629124434, -3.799999999999999378 ) ) ;
#7338 = AXIS2_PLACEMENT_3D ( 'NONE', #5253, #4252, #708 ) ;
#7339 = ADVANCED_FACE ( 'NONE', ( #836 ), #2534, .F. ) ;
#7340 = EDGE_CURVE ( 'NONE', #1767, #2269, #5138, .T. ) ;
#7341 = CARTESIAN_POINT ( 'NONE',  ( 10.25000000000000000, 0.0000000000000000000, 7.620000000000000107 ) ) ;
#7342 = EDGE_LOOP ( 'NONE', ( #5311, #3277, #3804, #2294 ) ) ;
#7343 = ORIENTED_EDGE ( 'NONE', *, *, #947, .F. ) ;
#7344 = EDGE_CURVE ( 'NONE', #6262, #6280, #149, .T. ) ;
#7345 = ORIENTED_EDGE ( 'NONE', *, *, #5834, .T. ) ;
#7346 = VECTOR ( 'NONE', #2942, 1000.000000000000000 ) ;
#7347 = VERTEX_POINT ( 'NONE', #6001 ) ;
#7348 = CARTESIAN_POINT ( 'NONE',  ( 5.750000000000005329, 12.73499999999999943, 1.616418486921940456 ) ) ;
#7349 = DIRECTION ( 'NONE',  ( -1.734723475976807410E-14, -8.876905287225069131E-15, 1.000000000000000000 ) ) ;
#7350 = CARTESIAN_POINT ( 'NONE',  ( 9.250000000000000000, 2.199999999999990852, 1.299999999999998268 ) ) ;
#7351 = AXIS2_PLACEMENT_3D ( 'NONE', #2465, #3729, #6043 ) ;
#7352 = DATE_AND_TIME ( #3660, #3314 ) ;
#7353 = CARTESIAN_POINT ( 'NONE',  ( 7.249552224325724659, 11.45044927442902782, 5.080000000000000959 ) ) ;
#7354 = ORIENTED_EDGE ( 'NONE', *, *, #1882, .T. ) ;
#7355 = CARTESIAN_POINT ( 'NONE',  ( 8.250000000000000000, 14.00000000000000000, 7.620000000000000107 ) ) ;
#7356 = CARTESIAN_POINT ( 'NONE',  ( 7.249552224325724659, 11.45044927442902782, 2.326280551333744888E-16 ) ) ;
#7357 = CARTESIAN_POINT ( 'NONE',  ( 10.25000000000000000, 6.199999999999998401, -1.800000000000001155 ) ) ;
#7358 = CARTESIAN_POINT ( 'NONE',  ( 2.337581515395890985, 13.78289222746397513, -7.619999999999998330 ) ) ;
#7359 =( NAMED_UNIT ( * ) PLANE_ANGLE_UNIT ( ) SI_UNIT ( $, .RADIAN. ) );
#7360 = ORIENTED_EDGE ( 'NONE', *, *, #3285, .F. ) ;
#7361 = CC_DESIGN_APPROVAL ( #1161, ( #4779 ) ) ;
#7362 = CARTESIAN_POINT ( 'NONE',  ( 5.749999999999999112, 11.93500000000000050, 3.109999999999999876 ) ) ;
#7363 = PLANE ( 'NONE',  #4194 ) ;
#7364 = CARTESIAN_POINT ( 'NONE',  ( 7.249999999999990230, 11.31784271247447649, 1.279999999999999138 ) ) ;
#7365 = AXIS2_PLACEMENT_3D ( 'NONE', #7527, #6336, #4494 ) ;
#7366 = LINE ( 'NONE', #5101, #1246 ) ;
#7367 = CARTESIAN_POINT ( 'NONE',  ( 10.25000000000000000, 1.699999999999989519, 1.800000000000000488 ) ) ;
#7368 = CARTESIAN_POINT ( 'NONE',  ( 5.749999999999992895, 12.73499999999999943, 1.612082860990527999 ) ) ;
#7369 = ORIENTED_EDGE ( 'NONE', *, *, #2654, .F. ) ;
#7370 = CARTESIAN_POINT ( 'NONE',  ( 9.250000000000000000, 5.200000000000008171, 6.379999999999999893 ) ) ;
#7371 = VERTEX_POINT ( 'NONE', #3035 ) ;
#7372 = AXIS2_PLACEMENT_3D ( 'NONE', #2133, #3832, #1551 ) ;
#7373 = CARTESIAN_POINT ( 'NONE',  ( 10.25000000000000000, 6.799999999999999822, -1.799999999999999600 ) ) ;
#7374 = VERTEX_POINT ( 'NONE', #3764 ) ;
#7375 = ADVANCED_FACE ( 'NONE', ( #1294 ), #3691, .T. ) ;
#7376 = DIRECTION ( 'NONE',  ( -1.000000000000000000, 1.332267629550187849E-15, 0.0000000000000000000 ) ) ;
#7377 = LINE ( 'NONE', #2142, #2117 ) ;
#7378 = AXIS2_PLACEMENT_3D ( 'NONE', #2752, #7507, #7466 ) ;
#7379 = CARTESIAN_POINT ( 'NONE',  ( 5.349999999999999645, 10.44999999999999929, 5.080000000000000071 ) ) ;
#7380 = DIRECTION ( 'NONE',  ( 1.000000000000000000, 0.0000000000000000000, 0.0000000000000000000 ) ) ;
#7381 = ORIENTED_EDGE ( 'NONE', *, *, #6641, .F. ) ;
#7382 = VERTEX_POINT ( 'NONE', #5499 ) ;
#7383 = CIRCLE ( 'NONE', #1597, 1.898658176328942071 ) ;
#7384 = ORIENTED_EDGE ( 'NONE', *, *, #4039, .T. ) ;
#7385 = EDGE_CURVE ( 'NONE', #5955, #5586, #6543, .T. ) ;
#7386 = LINE ( 'NONE', #343, #4932 ) ;
#7387 = DIRECTION ( 'NONE',  ( 0.0000000000000000000, 1.000000000000000000, 0.0000000000000000000 ) ) ;
#7388 = VECTOR ( 'NONE', #6052, 1000.000000000000000 ) ;
#7389 = CARTESIAN_POINT ( 'NONE',  ( 3.450447775674257311, 11.45044927442903138, 1.280895551348535166 ) ) ;
#7390 = VECTOR ( 'NONE', #125, 1000.000000000000114 ) ;
#7391 = DIRECTION ( 'NONE',  ( 1.000000000000000000, -3.338853781347929776E-28, 1.794541526872530066E-14 ) ) ;
#7392 = EDGE_LOOP ( 'NONE', ( #6186, #4500, #129, #2613 ) ) ;
#7393 = ADVANCED_FACE ( 'NONE', ( #3189 ), #1015, .T. ) ;
#7394 = CARTESIAN_POINT ( 'NONE',  ( 1.189999999999998392, 4.336808689942017736E-16, 7.620000000000000107 ) ) ;
#7395 = CIRCLE ( 'NONE', #2233, 1.974999999999999423 ) ;
#7396 = CARTESIAN_POINT ( 'NONE',  ( 3.595871267845516250, 12.69953703112280330, -5.080000003436474287 ) ) ;
#7397 = AXIS2_PLACEMENT_3D ( 'NONE', #2813, #7426, #4583 ) ;
#7398 = ADVANCED_FACE ( 'NONE', ( #112 ), #4303, .F. ) ;
#7399 = CARTESIAN_POINT ( 'NONE',  ( 5.750000000000001776, 12.64656426582888926, 6.794246796764878304 ) ) ;
#7400 =( BOUNDED_SURFACE ( )  B_SPLINE_SURFACE ( 3, 3, ( 
 ( #2974, #4739, #7087, #1801 ),
 ( #4163, #6509, #2511, #5550 ),
 ( #808, #3741, #1916, #2544 ),
 ( #888, #7198, #1959, #229 ) ),
 .UNSPECIFIED., .F., .F., .F. ) 
 B_SPLINE_SURFACE_WITH_KNOTS ( ( 4, 4 ),
 ( 4, 4 ),
 ( 0.0000000000000000000, 1.000000000000000000 ),
 ( 0.0000000000000000000, 1.000000000000000000 ),
 .UNSPECIFIED. ) 
 GEOMETRIC_REPRESENTATION_ITEM ( )  RATIONAL_B_SPLINE_SURFACE ( (
 ( 1.000000000000000000, 0.4743521123180107213, 0.4743521123180107213, 1.000000000000000000),
 ( 0.8312495820341949671, 0.3943049951013838927, 0.3943049951013838927, 0.8312495820341949671),
 ( 0.8312495820341949671, 0.3943049951013838927, 0.3943049951013838927, 0.8312495820341949671),
 ( 1.000000000000000000, 0.4743521123180107213, 0.4743521123180107213, 1.000000000000000000) ) ) 
 REPRESENTATION_ITEM ( '' )  SURFACE ( )  );
#7401 = CARTESIAN_POINT ( 'NONE',  ( 2.932077519087679995, 11.23499999999999943, -143.2560000000000002 ) ) ;
#7402 = CALENDAR_DATE ( 2019, 21, 10 ) ;
#7403 = AXIS2_PLACEMENT_3D ( 'NONE', #6485, #6418, #7561 ) ;
#7404 = EDGE_LOOP ( 'NONE', ( #6958, #2540, #2030, #6409 ) ) ;
#7405 = CARTESIAN_POINT ( 'NONE',  ( 4.500000000000000000, -3.700000000000009948, -10.08000000000000007 ) ) ;
#7406 = FACE_OUTER_BOUND ( 'NONE', #3756, .T. ) ;
#7407 = B_SPLINE_CURVE_WITH_KNOTS ( 'NONE', 3,
 ( #4416, #6191, #793, #5458, #180, #6038, #758, #4877, #7186, #4374, #1410, #1903, #216, #3147, #298, #3111 ),
 .UNSPECIFIED., .F., .F.,
 ( 4, 3, 3, 3, 3, 4 ),
 ( 8.277688229424668098E-15, 3.308388942448993816E-05, 6.613717211494070164E-05, 9.966070390111841427E-05, 0.0001340858777773810419, 0.0001469394654599446865 ),
 .UNSPECIFIED. ) ;
#7408 = DIRECTION ( 'NONE',  ( -0.0000000000000000000, -0.0000000000000000000, -1.000000000000000000 ) ) ;
#7409 = CARTESIAN_POINT ( 'NONE',  ( 3.689038457067285837, 12.73500000000000121, -1.353702696420194521E-08 ) ) ;
#7410 = CARTESIAN_POINT ( 'NONE',  ( 4.126117195532686743, 12.64656426582840254, 6.609041406027930776 ) ) ;
#7411 = ORIENTED_EDGE ( 'NONE', *, *, #3732, .F. ) ;
#7412 = CARTESIAN_POINT ( 'NONE',  ( 10.25000000000000000, 6.200000000000001066, -1.800000000000000044 ) ) ;
#7413 = ORIENTED_EDGE ( 'NONE', *, *, #6076, .F. ) ;
#7414 = CARTESIAN_POINT ( 'NONE',  ( 7.049999999999561950, 11.23499999999999766, 1.249139735130075885E-16 ) ) ;
#7415 = ADVANCED_FACE ( 'NONE', ( #4846 ), #6611, .T. ) ;
#7416 = VERTEX_POINT ( 'NONE', #761 ) ;
#7417 = FACE_OUTER_BOUND ( 'NONE', #4811, .T. ) ;
#7418 = DIRECTION ( 'NONE',  ( 0.4999999999999996669, -0.0000000000000000000, 0.8660254037844388186 ) ) ;
#7419 = CARTESIAN_POINT ( 'NONE',  ( 5.749999999997323030, 12.71195981187718438, -1.677797158873358008 ) ) ;
#7420 = CARTESIAN_POINT ( 'NONE',  ( 4.949999999999999289, 11.93500000000000050, 1.959999999999999964 ) ) ;
#7421 = VERTEX_POINT ( 'NONE', #6078 ) ;
#7422 = CC_DESIGN_PERSON_AND_ORGANIZATION_ASSIGNMENT ( #4897, #1125, ( #5888 ) ) ;
#7423 = VERTEX_POINT ( 'NONE', #6111 ) ;
#7424 = VERTEX_POINT ( 'NONE', #796 ) ;
#7425 = CARTESIAN_POINT ( 'NONE',  ( 7.167157287525206755, 11.23499999999981824, 1.445685424949564313 ) ) ;
#7426 = DIRECTION ( 'NONE',  ( 1.000000000000000000, -3.338853781347929776E-28, 1.794541526872530066E-14 ) ) ;
#7427 = DIRECTION ( 'NONE',  ( -0.0000000000000000000, -0.0000000000000000000, -1.000000000000000000 ) ) ;
#7428 = DATE_AND_TIME ( #5157, #2321 ) ;
#7429 = CARTESIAN_POINT ( 'NONE',  ( 3.450447775674257311, 11.45044927442903315, 5.080000000000001847 ) ) ;
#7430 = ORIENTED_EDGE ( 'NONE', *, *, #2887, .T. ) ;
#7431 = PLANE ( 'NONE',  #126 ) ;
#7432 = DIRECTION ( 'NONE',  ( 0.0000000000000000000, -0.0000000000000000000, 1.000000000000000000 ) ) ;
#7433 = CARTESIAN_POINT ( 'NONE',  ( 5.721047637985604339, 12.69953703112068943, 3.365563865486939310 ) ) ;
#7434 = CARTESIAN_POINT ( 'NONE',  ( 5.750000000000001776, 12.40938025448233262, 6.822602432482168133 ) ) ;
#7435 = ADVANCED_FACE ( 'NONE', ( #1991 ), #4810, .T. ) ;
#7436 = APPROVAL_STATUS ( 'not_yet_approved' ) ;
#7437 = EDGE_CURVE ( 'NONE', #6821, #2486, #4229, .T. ) ;
#7438 = ORIENTED_EDGE ( 'NONE', *, *, #4478, .F. ) ;
#7439 = EDGE_CURVE ( 'NONE', #2443, #971, #5110, .T. ) ;
#7440 = CARTESIAN_POINT ( 'NONE',  ( 5.749999999999319655, 12.73298944267163257, -1.635789504932164018 ) ) ;
#7441 = CARTESIAN_POINT ( 'NONE',  ( 4.949999999999999289, 11.93500000000000050, 1.959999999999999964 ) ) ;
#7442 = DIRECTION ( 'NONE',  ( -0.0000000000000000000, -0.0000000000000000000, 1.000000000000000000 ) ) ;
#7443 = LINE ( 'NONE', #6911, #3532 ) ;
#7444 = VERTEX_POINT ( 'NONE', #5582 ) ;
#7445 = CARTESIAN_POINT ( 'NONE',  ( 7.049999999999561950, 11.23499999999999766, 1.249139735130075885E-16 ) ) ;
#7446 = ORIENTED_EDGE ( 'NONE', *, *, #535, .F. ) ;
#7447 = CARTESIAN_POINT ( 'NONE',  ( 3.650000000000294342, 11.23500000000000121, 3.399999999999391509 ) ) ;
#7448 = CARTESIAN_POINT ( 'NONE',  ( 4.949999999999999289, 12.17219196889117505, 6.850922332791137492 ) ) ;
#7449 = CARTESIAN_POINT ( 'NONE',  ( 4.126117196948060339, 12.64656426582076421, 3.550958593663658291 ) ) ;
#7450 = CARTESIAN_POINT ( 'NONE',  ( 5.299999999999990052, -0.05000000078161020295, 5.580000000000119975 ) ) ;
#7451 = CARTESIAN_POINT ( 'NONE',  ( 5.300000000000014921, -0.05000000078158289146, -5.579999999999960103 ) ) ;
#7452 = VERTEX_POINT ( 'NONE', #7491 ) ;
#7453 = VECTOR ( 'NONE', #7218, 1000.000000000000000 ) ;
#7454 = VERTEX_POINT ( 'NONE', #7451 ) ;
#7455 = ORIENTED_EDGE ( 'NONE', *, *, #4058, .F. ) ;
#7456 = CARTESIAN_POINT ( 'NONE',  ( 3.532842712474771218, 11.23499999999982357, 5.080000000000000959 ) ) ;
#7457 = CARTESIAN_POINT ( 'NONE',  ( 5.349999999999982769, 12.64656426582178206, 5.080000000000000071 ) ) ;
#7458 = MANIFOLD_SOLID_BREP ( 'Imported1', #4541 ) ;
#7459 = VECTOR ( 'NONE', #3651, 1000.000000000000000 ) ;
#7460 = CARTESIAN_POINT ( 'NONE',  ( 7.325000000000000178, 11.23499999999999943, 5.080000000000000071 ) ) ;
#7461 = CIRCLE ( 'NONE', #4517, 0.2000000000000000944 ) ;
#7462 = LINE ( 'NONE', #7504, #569 ) ;
#7463 = ORIENTED_EDGE ( 'NONE', *, *, #4628, .T. ) ;
#7464 = CARTESIAN_POINT ( 'NONE',  ( 7.248658176329017877, 11.45812853167897138, 5.079999999999999183 ) ) ;
#7465 = EDGE_LOOP ( 'NONE', ( #7053, #4554, #3856, #5835, #3150, #4142, #3258, #2797 ) ) ;
#7466 = DIRECTION ( 'NONE',  ( 1.000000000000000000, 0.0000000000000000000, 0.0000000000000000000 ) ) ;
#7467 = CARTESIAN_POINT ( 'NONE',  ( 0.0000000000000000000, 0.0000000000000000000, 7.620000000000000107 ) ) ;
#7468 = AXIS2_PLACEMENT_3D ( 'NONE', #4264, #5964, #3115 ) ;
#7469 = PLANE ( 'NONE',  #3705 ) ;
#7470 = CARTESIAN_POINT ( 'NONE',  ( 8.689999999999999503, 0.0000000000000000000, 7.620000000000000107 ) ) ;
#7471 = APPROVAL_STATUS ( 'not_yet_approved' ) ;
#7472 = ORIENTED_EDGE ( 'NONE', *, *, #4896, .T. ) ;
#7473 = AXIS2_PLACEMENT_3D ( 'NONE', #2006, #2555, #4399 ) ;
#7474 = CARTESIAN_POINT ( 'NONE',  ( 3.650000000000295675, 11.23500000000000298, 3.399999999999388844 ) ) ;
#7475 = CARTESIAN_POINT ( 'NONE',  ( 4.499999999999984901, -0.05000000078162009781, 5.880000000000122462 ) ) ;
#7476 = ADVANCED_FACE ( 'NONE', ( #5147 ), #4744, .T. ) ;
#7477 = CARTESIAN_POINT ( 'NONE',  ( 5.349999999999989875, 12.73499999999999943, 5.080000000000000071 ) ) ;
#7478 = CARTESIAN_POINT ( 'NONE',  ( 7.249999999999990230, 11.44273112629124611, -5.080000000000002736 ) ) ;
#7479 = LOCAL_TIME ( 21, 42, 48.00000000000000000, #1511 ) ;
#7480 = ADVANCED_FACE ( 'NONE', ( #6812 ), #1027, .T. ) ;
#7481 = ORIENTED_EDGE ( 'NONE', *, *, #16, .T. ) ;
#7482 = DIRECTION ( 'NONE',  ( -3.402072636421427165E-15, -0.9805806756909206667, 0.1961161351381814355 ) ) ;
#7483 = ORIENTED_EDGE ( 'NONE', *, *, #56, .F. ) ;
#7484 = EDGE_LOOP ( 'NONE', ( #1029, #146, #2725, #2917 ) ) ;
#7485 = CARTESIAN_POINT ( 'NONE',  ( 5.750000000000000000, 12.40938025447665716, 3.337397567517154773 ) ) ;
#7486 = EDGE_CURVE ( 'NONE', #5462, #6457, #1088, .T. ) ;
#7487 = CARTESIAN_POINT ( 'NONE',  ( 2.625902306574849909, 13.69999999999999929, -7.619999999999998330 ) ) ;
#7488 = DIRECTION ( 'NONE',  ( -1.171453342316279939E-15, -1.000000000000000000, 0.0000000000000000000 ) ) ;
#7489 = CARTESIAN_POINT ( 'NONE',  ( 3.649999999999990141, 11.43500000000000227, 0.0000000000000000000 ) ) ;
#7490 = EDGE_CURVE ( 'NONE', #5041, #5614, #7227, .T. ) ;
#7491 = CARTESIAN_POINT ( 'NONE',  ( 10.25000000000000000, 0.0000000000000000000, 7.619999999999999218 ) ) ;
#7492 = AXIS2_PLACEMENT_3D ( 'NONE', #7288, #134, #6065 ) ;
#7493 = ORIENTED_EDGE ( 'NONE', *, *, #140, .F. ) ;
#7494 = PERSON ( 'NAUO-PER6', 'UNSPECIFIED', 'UNSPECIFIED', ('UNSPECIFIED'), ('UNSPECIFIED'), ('UNSPECIFIED') ) ;
#7495 = ORIENTED_EDGE ( 'NONE', *, *, #2551, .T. ) ;
#7496 = EDGE_LOOP ( 'NONE', ( #5720, #6146, #6534, #6539 ) ) ;
#7497 = CARTESIAN_POINT ( 'NONE',  ( 3.449999999999989964, 11.43500000000000405, 5.080000000000000071 ) ) ;
#7498 = DIRECTION ( 'NONE',  ( -1.171453342316279939E-15, -1.000000000000000000, -0.0000000000000000000 ) ) ;
#7499 = VECTOR ( 'NONE', #2478, 1000.000000000000000 ) ;
#7500 = FACE_BOUND ( 'NONE', #6692, .T. ) ;
#7501 = APPROVAL_ROLE ( '' ) ;
#7502 = VECTOR ( 'NONE', #2851, 1000.000000000000000 ) ;
#7503 = AXIS2_PLACEMENT_3D ( 'NONE', #1485, #4458, #1942 ) ;
#7504 = CARTESIAN_POINT ( 'NONE',  ( 0.0000000000000000000, 6.799999999999999822, -2.540000000000000036 ) ) ;
#7505 = DIRECTION ( 'NONE',  ( -2.501911041408800138E-16, -1.000000000000000000, 0.0000000000000000000 ) ) ;
#7506 = EDGE_LOOP ( 'NONE', ( #6341, #168, #5267, #7481 ) ) ;
#7507 = DIRECTION ( 'NONE',  ( -2.501911041408800138E-16, -1.000000000000000000, 0.0000000000000000000 ) ) ;
#7508 = DIRECTION ( 'NONE',  ( -0.0000000000000000000, -1.000000000000000000, -0.0000000000000000000 ) ) ;
#7509 = VECTOR ( 'NONE', #5618, 1000.000000000000000 ) ;
#7510 = AXIS2_PLACEMENT_3D ( 'NONE', #4249, #5950, #6596 ) ;
#7511 = CARTESIAN_POINT ( 'NONE',  ( 7.249999999999992006, 11.44273112629124611, 5.080000000000000959 ) ) ;
#7512 = LINE ( 'NONE', #354, #1193 ) ;
#7513 = COORDINATED_UNIVERSAL_TIME_OFFSET ( 0, 0, .AHEAD. ) ;
#7514 = ORIENTED_EDGE ( 'NONE', *, *, #2265, .F. ) ;
#7515 = AXIS2_PLACEMENT_3D ( 'NONE', #174, #2565, #1324 ) ;
#7516 = CARTESIAN_POINT ( 'NONE',  ( 3.449999999999989075, 11.31784271247448181, 3.800000000000001155 ) ) ;
#7517 = DIRECTION ( 'NONE',  ( 0.0000000000000000000, 1.000000000000000000, 0.0000000000000000000 ) ) ;
#7518 = DIRECTION ( 'NONE',  ( -1.000000000000000000, -0.0000000000000000000, -0.0000000000000000000 ) ) ;
#7519 = VECTOR ( 'NONE', #7301, 1000.000000000000000 ) ;
#7520 = DIRECTION ( 'NONE',  ( -1.734723475976807410E-14, 0.0000000000000000000, 1.000000000000000000 ) ) ;
#7521 = VERTEX_POINT ( 'NONE', #2656 ) ;
#7522 = CARTESIAN_POINT ( 'NONE',  ( 5.749999999999932498, 12.72445880131370011, 1.658090098931876977 ) ) ;
#7523 = EDGE_CURVE ( 'NONE', #1039, #4145, #106, .T. ) ;
#7524 = VERTEX_POINT ( 'NONE', #448 ) ;
#7525 = ORIENTED_EDGE ( 'NONE', *, *, #6772, .T. ) ;
#7526 = DIRECTION ( 'NONE',  ( 1.000000000000000000, 0.0000000000000000000, 0.0000000000000000000 ) ) ;
#7527 = CARTESIAN_POINT ( 'NONE',  ( 3.649999999999990141, 11.43500000000000227, 5.080000000000000071 ) ) ;
#7528 = CARTESIAN_POINT ( 'NONE',  ( 9.250000000000000000, 5.199999999999993072, -6.379999999999999893 ) ) ;
#7529 = DIRECTION ( 'NONE',  ( -1.000000000000000000, 0.0000000000000000000, 0.0000000000000000000 ) ) ;
#7530 = DIRECTION ( 'NONE',  ( -1.931148907734990011E-16, 2.262250842476587301E-31, -1.000000000000000000 ) ) ;
#7531 = B_SPLINE_CURVE_WITH_KNOTS ( 'NONE', 3,
 ( #5307, #4190, #2921, #564, #111, #5263, #6541, #1216, #4113, #4693, #7042, #41, #6427, #1257, #3533, #4807 ),
 .UNSPECIFIED., .F., .F.,
 ( 4, 3, 3, 3, 3, 4 ),
 ( 0.0000000000000000000, 3.531517381802549396E-05, 7.066450543868435475E-05, 0.0001054618491194714844, 0.0001392987215172478512, 0.0001469974402523181647 ),
 .UNSPECIFIED. ) ;
#7532 = VERTEX_POINT ( 'NONE', #3846 ) ;
#7533 = EDGE_CURVE ( 'NONE', #2060, #6886, #3305, .T. ) ;
#7534 = VERTEX_POINT ( 'NONE', #878 ) ;
#7535 = EDGE_CURVE ( 'NONE', #6570, #5411, #4998, .T. ) ;
#7536 = ORIENTED_EDGE ( 'NONE', *, *, #2883, .T. ) ;
#7537 = ADVANCED_FACE ( 'NONE', ( #4418 ), #915, .T. ) ;
#7538 = CARTESIAN_POINT ( 'NONE',  ( 3.449999999999989075, 11.31784271247447826, 5.080000000000000959 ) ) ;
#7539 = CARTESIAN_POINT ( 'NONE',  ( 4.499999999999988454, 4.784159143999949571, 0.5000000000000557332 ) ) ;
#7540 = CARTESIAN_POINT ( 'NONE',  ( 5.299999999999990052, -9.540979117872439019E-15, 6.080000000000209681 ) ) ;
#7541 = CARTESIAN_POINT ( 'NONE',  ( 7.931257721594278109, 12.73499999999999588, 3.939228291228958678 ) ) ;
#7542 = VERTEX_POINT ( 'NONE', #335 ) ;
#7543 = CC_DESIGN_SECURITY_CLASSIFICATION ( #4161, ( #7606 ) ) ;
#7544 = DIRECTION ( 'NONE',  ( -0.0000000000000000000, -0.0000000000000000000, 1.000000000000000000 ) ) ;
#7545 = CARTESIAN_POINT ( 'NONE',  ( 4.499999999999988454, 4.784159143999949571, 0.5000000000000512923 ) ) ;
#7546 = CARTESIAN_POINT ( 'NONE',  ( 4.949999999999999289, 11.93499999999701977, 1.799211327335719757 ) ) ;
#7547 = DIRECTION ( 'NONE',  ( 0.0000000000000000000, 0.0000000000000000000, 1.000000000000000000 ) ) ;
#7548 = FACE_OUTER_BOUND ( 'NONE', #1773, .T. ) ;
#7549 = COORDINATED_UNIVERSAL_TIME_OFFSET ( 0, 0, .AHEAD. ) ;
#7550 = EDGE_CURVE ( 'NONE', #5257, #4454, #2108, .T. ) ;
#7551 = ORIENTED_EDGE ( 'NONE', *, *, #5221, .F. ) ;
#7552 = CARTESIAN_POINT ( 'NONE',  ( 7.167157287525207643, 11.23499999999981291, 2.225375855715044864E-16 ) ) ;
#7553 = DIRECTION ( 'NONE',  ( -1.171453342316279939E-15, -1.000000000000000000, 0.0000000000000000000 ) ) ;
#7554 = CARTESIAN_POINT ( 'NONE',  ( 8.557209438086390563, 0.0000000000000000000, 7.000000000000000000 ) ) ;
#7555 = CARTESIAN_POINT ( 'NONE',  ( 7.249999999999990230, 11.43499999999999694, -5.080000000000000959 ) ) ;
#7556 = ORIENTED_EDGE ( 'NONE', *, *, #5834, .F. ) ;
#7557 = CARTESIAN_POINT ( 'NONE',  ( 4.500000000000000000, -3.700000000000009948, 0.08000000000000019595 ) ) ;
#7558 = EDGE_LOOP ( 'NONE', ( #5289, #1787, #651, #5629 ) ) ;
#7559 = CARTESIAN_POINT ( 'NONE',  ( 3.449999999999989519, 11.31784271247447649, -4.653657836759947660E-16 ) ) ;
#7560 = CARTESIAN_POINT ( 'NONE',  ( 3.375000000000000888, 13.99999999999999822, 2.418677428316022036E-16 ) ) ;
#7561 = DIRECTION ( 'NONE',  ( 0.0000000000000000000, 1.000000000000000000, 1.889646980599319876E-14 ) ) ;
#7562 = EDGE_CURVE ( 'NONE', #392, #4212, #5080, .T. ) ;
#7563 = CARTESIAN_POINT ( 'NONE',  ( 5.750000000000000000, 12.64914866789105652, -1.713937828365214910 ) ) ;
#7564 = CARTESIAN_POINT ( 'NONE',  ( 4.963811392465978578, 12.64656426582076598, 3.362589030075396668 ) ) ;
#7565 = ORIENTED_EDGE ( 'NONE', *, *, #2281, .T. ) ;
#7566 = ORIENTED_EDGE ( 'NONE', *, *, #6920, .T. ) ;
#7567 = ORIENTED_EDGE ( 'NONE', *, *, #5139, .T. ) ;
#7568 = CARTESIAN_POINT ( 'NONE',  ( 7.249999999999990230, 11.31784271247447471, 5.080000000000000071 ) ) ;
#7569 = CARTESIAN_POINT ( 'NONE',  ( 2.625902306574849909, 13.69999999999999929, 7.620000000000000107 ) ) ;
#7570 = EDGE_CURVE ( 'NONE', #1213, #4922, #6844, .T. ) ;
#7571 = EDGE_CURVE ( 'NONE', #2498, #4370, #2699, .T. ) ;
#7572 = VECTOR ( 'NONE', #2944, 1000.000000000000000 ) ;
#7573 =( BOUNDED_SURFACE ( )  B_SPLINE_SURFACE ( 3, 3, ( 
 ( #7205, #6671, #854, #199 ),
 ( #3207, #1924, #4278, #1350 ),
 ( #4357, #1966, #1390, #3746 ),
 ( #430, #7316, #6322, #2786 ) ),
 .UNSPECIFIED., .F., .F., .F. ) 
 B_SPLINE_SURFACE_WITH_KNOTS ( ( 4, 4 ),
 ( 4, 4 ),
 ( 0.0000000000000000000, 1.000000000000000000 ),
 ( 0.0000000000000000000, 1.000000000000000000 ),
 .UNSPECIFIED. ) 
 GEOMETRIC_REPRESENTATION_ITEM ( )  RATIONAL_B_SPLINE_SURFACE ( (
 ( 1.000000000000000000, 0.3333333333333334259, 0.3333333333333334259, 1.000000000000000000),
 ( 0.8047378541240022276, 0.2682459513746675017, 0.2682459513746675017, 0.8047378541240022276),
 ( 0.8047378541240022276, 0.2682459513746675017, 0.2682459513746675017, 0.8047378541240022276),
 ( 1.000000000000000000, 0.3333333333333334259, 0.3333333333333334259, 1.000000000000000000) ) ) 
 REPRESENTATION_ITEM ( '' )  SURFACE ( )  );
#7574 =( BOUNDED_SURFACE ( )  B_SPLINE_SURFACE ( 3, 3, ( 
 ( #1153, #4235, #2929, #3080 ),
 ( #4159, #5431, #3584, #79 ),
 ( #6507, #7046, #5933, #571 ),
 ( #4198, #6007, #6581, #118 ) ),
 .UNSPECIFIED., .F., .F., .T. ) 
 B_SPLINE_SURFACE_WITH_KNOTS ( ( 4, 4 ),
 ( 4, 4 ),
 ( 0.0000000000000000000, 1.000000000000000000 ),
 ( 0.0000000000000000000, 1.000000000000000000 ),
 .UNSPECIFIED. ) 
 GEOMETRIC_REPRESENTATION_ITEM ( )  RATIONAL_B_SPLINE_SURFACE ( (
 ( 1.000000000000000000, 0.3333333333333334259, 0.3333333333333334259, 1.000000000000000000),
 ( 0.9988808742757321335, 0.3329602914252441370, 0.3329602914252441370, 0.9988808742757321335),
 ( 0.9988808742757321335, 0.3329602914252441370, 0.3329602914252441370, 0.9988808742757321335),
 ( 1.000000000000000000, 0.3333333333333334259, 0.3333333333333334259, 1.000000000000000000) ) ) 
 REPRESENTATION_ITEM ( '' )  SURFACE ( )  );
#7575 = CARTESIAN_POINT ( 'NONE',  ( 5.749999999999992006, 12.73499999999999943, 5.080000000000000071 ) ) ;
#7576 = CARTESIAN_POINT ( 'NONE',  ( 5.749999999999992895, 12.73499999999999943, -3.467917139009472294 ) ) ;
#7577 = CIRCLE ( 'NONE', #3161, 1.843139007349806180 ) ;
#7578 = ORIENTED_EDGE ( 'NONE', *, *, #3887, .F. ) ;
#7579 = CARTESIAN_POINT ( 'NONE',  ( 7.049999999999685407, 11.23499999999999588, -5.080000000000000959 ) ) ;
#7580 = CYLINDRICAL_SURFACE ( 'NONE', #4202, 0.2999999999999999334 ) ;
#7581 = DIRECTION ( 'NONE',  ( -0.0000000000000000000, 0.0000000000000000000, 1.000000000000000000 ) ) ;
#7582 = EDGE_CURVE ( 'NONE', #4145, #1095, #3631, .T. ) ;
#7583 = CARTESIAN_POINT ( 'NONE',  ( 5.299999999999999822, -5.750000000781589904, -0.4999999999999839573 ) ) ;
#7584 = CARTESIAN_POINT ( 'NONE',  ( 4.949999999999999289, 12.17219196889117505, -3.309077667208863982 ) ) ;
#7585 = AXIS2_PLACEMENT_3D ( 'NONE', #3446, #2169, #1554 ) ;
#7586 = ADVANCED_FACE ( 'NONE', ( #7133 ), #6029, .T. ) ;
#7587 = CALENDAR_DATE ( 2019, 21, 10 ) ;
#7588 = ORIENTED_EDGE ( 'NONE', *, *, #2827, .F. ) ;
#7589 = DIRECTION ( 'NONE',  ( 0.0000000000000000000, 0.0000000000000000000, -1.000000000000000000 ) ) ;
#7590 = CARTESIAN_POINT ( 'NONE',  ( 1.942790561913620095, 6.600000000000010303, 7.000000000000000000 ) ) ;
#7591 = AXIS2_PLACEMENT_3D ( 'NONE', #4618, #4037, #1718 ) ;
#7592 = CARTESIAN_POINT ( 'NONE',  ( 5.349999999999989875, 11.43500000000000050, 0.0000000000000000000 ) ) ;
#7593 = LINE ( 'NONE', #2400, #4028 ) ;
#7594 = VERTEX_POINT ( 'NONE', #2442 ) ;
#7595 = AXIS2_PLACEMENT_3D ( 'NONE', #7243, #3283, #239 ) ;
#7596 = CARTESIAN_POINT ( 'NONE',  ( 7.248658176335226244, 11.45812853167969614, 5.080000000000000071 ) ) ;
#7597 = ORIENTED_EDGE ( 'NONE', *, *, #1373, .T. ) ;
#7598 = CARTESIAN_POINT ( 'NONE',  ( 4.950000000000698286, 12.66838590191646219, 3.370302590016726274 ) ) ;
#7599 = PLANE ( 'NONE',  #604 ) ;
#7600 = DIRECTION ( 'NONE',  ( -1.734723475976806779E-14, 0.0000000000000000000, 1.000000000000000000 ) ) ;
#7601 = CARTESIAN_POINT ( 'NONE',  ( 1.250000000000000000, 10.00000000000000000, 7.620000000000000107 ) ) ;
#7602 = CARTESIAN_POINT ( 'NONE',  ( 1.799999999999996492, 4.336808689942017736E-16, -7.620000000000000995 ) ) ;
#7603 = CARTESIAN_POINT ( 'NONE',  ( 5.749999999999999112, 11.93500000000000050, 3.109999999999999876 ) ) ;
#7604 = NEXT_ASSEMBLY_USAGE_OCCURRENCE ( 'NAUO1', ' ', ' ', #5919, #5026, $ ) ;
#7605 = NEXT_ASSEMBLY_USAGE_OCCURRENCE ( 'NAUO2', ' ', ' ', #5919, #5026, $ ) ;
#7606 = NEXT_ASSEMBLY_USAGE_OCCURRENCE ( 'NAUO3', ' ', ' ', #5919, #1957, $ ) ;
#7607 = NEXT_ASSEMBLY_USAGE_OCCURRENCE ( 'NAUO4', ' ', ' ', #5919, #1957, $ ) ;
#7608 = NEXT_ASSEMBLY_USAGE_OCCURRENCE ( 'NAUO5', ' ', ' ', #5919, #1957, $ ) ;
#7609 = NEXT_ASSEMBLY_USAGE_OCCURRENCE ( 'NAUO6', ' ', ' ', #5919, #1957, $ ) ;
ENDSEC;
END-ISO-10303-21;
