ISO-10303-21;
HEADER;
FILE_DESCRIPTION(('KiCad electronic assembly'),'2;1');
FILE_NAME('mini-sps-leiterplatte-kicad.step','2026-04-09T16:42:24',(
    'Pcbnew'),('Kicad'),'Open CASCADE STEP processor 7.6',
  'KiCad to STEP converter','Unknown');
FILE_SCHEMA(('AUTOMOTIVE_DESIGN { 1 0 10303 214 1 1 1 1 }'));
ENDSEC;
DATA;
#1 = APPLICATION_PROTOCOL_DEFINITION('international standard',
  'automotive_design',2000,#2);
#2 = APPLICATION_CONTEXT(
  'core data for automotive mechanical design processes');
#3 = SHAPE_DEFINITION_REPRESENTATION(#4,#10);
#4 = PRODUCT_DEFINITION_SHAPE('','',#5);
#5 = PRODUCT_DEFINITION('design','',#6,#9);
#6 = PRODUCT_DEFINITION_FORMATION('','',#7);
#7 = PRODUCT('mini-sps-leiterplatte-kicad 1',
  'mini-sps-leiterplatte-kicad 1','',(#8));
#8 = PRODUCT_CONTEXT('',#2,'mechanical');
#9 = PRODUCT_DEFINITION_CONTEXT('part definition',#2,'design');
#10 = SHAPE_REPRESENTATION('',(#11,#15,#19,#23,#27,#31,#35,#39,#43,#47,
    #51,#55,#59,#63,#67,#71,#75,#79,#83,#87,#91,#95,#99,#103,#107,#111,
    #115,#119,#123,#127,#131,#135,#139,#143,#147,#151,#155,#159),#163);
#11 = AXIS2_PLACEMENT_3D('',#12,#13,#14);
#12 = CARTESIAN_POINT('',(0.,0.,0.));
#13 = DIRECTION('',(0.,0.,1.));
#14 = DIRECTION('',(1.,0.,-0.));
#15 = AXIS2_PLACEMENT_3D('',#16,#17,#18);
#16 = CARTESIAN_POINT('',(114.898,-129.858,1.595));
#17 = DIRECTION('',(0.,0.,1.));
#18 = DIRECTION('',(-1.,1.224646799147E-16,0.));
#19 = AXIS2_PLACEMENT_3D('',#20,#21,#22);
#20 = CARTESIAN_POINT('',(150.368,-112.776,1.595));
#21 = DIRECTION('',(0.,0.,1.));
#22 = DIRECTION('',(-1.,1.224646799147E-16,0.));
#23 = AXIS2_PLACEMENT_3D('',#24,#25,#26);
#24 = CARTESIAN_POINT('',(146.812,-109.22,1.595));
#25 = DIRECTION('',(0.,-0.,1.));
#26 = DIRECTION('',(1.110223024625E-16,1.,0.));
#27 = AXIS2_PLACEMENT_3D('',#28,#29,#30);
#28 = CARTESIAN_POINT('',(185.99,-107.95,1.595));
#29 = DIRECTION('',(0.,0.,1.));
#30 = DIRECTION('',(-1.,1.224646799147E-16,0.));
#31 = AXIS2_PLACEMENT_3D('',#32,#33,#34);
#32 = CARTESIAN_POINT('',(162.052,-97.536,1.595));
#33 = DIRECTION('',(0.,0.,1.));
#34 = DIRECTION('',(1.,0.,0.));
#35 = AXIS2_PLACEMENT_3D('',#36,#37,#38);
#36 = CARTESIAN_POINT('',(109.988,-112.358,1.595));
#37 = DIRECTION('',(0.,0.,1.));
#38 = DIRECTION('',(-1.,1.224646799147E-16,0.));
#39 = AXIS2_PLACEMENT_3D('',#40,#41,#42);
#40 = CARTESIAN_POINT('',(158.115,-100.965,1.595));
#41 = DIRECTION('',(0.,0.,1.));
#42 = DIRECTION('',(1.,0.,0.));
#43 = AXIS2_PLACEMENT_3D('',#44,#45,#46);
#44 = CARTESIAN_POINT('',(141.54,-107.95,1.595));
#45 = DIRECTION('',(0.,-0.,1.));
#46 = DIRECTION('',(1.110223024625E-16,1.,0.));
#47 = AXIS2_PLACEMENT_3D('',#48,#49,#50);
#48 = CARTESIAN_POINT('',(120.958224,-120.503027,1.595));
#49 = DIRECTION('',(0.,-0.,1.));
#50 = DIRECTION('',(1.110223024625E-16,1.,0.));
#51 = AXIS2_PLACEMENT_3D('',#52,#53,#54);
#52 = CARTESIAN_POINT('',(132.65,-100.33,1.595));
#53 = DIRECTION('',(-0.,0.,1.));
#54 = DIRECTION('',(1.110223024625E-16,-1.,0.));
#55 = AXIS2_PLACEMENT_3D('',#56,#57,#58);
#56 = CARTESIAN_POINT('',(145.288,-56.962,1.595));
#57 = DIRECTION('',(0.,0.,1.));
#58 = DIRECTION('',(-1.,1.224646799147E-16,0.));
#59 = AXIS2_PLACEMENT_3D('',#60,#61,#62);
#60 = CARTESIAN_POINT('',(113.488,-82.188,1.595));
#61 = DIRECTION('',(0.,-0.,1.));
#62 = DIRECTION('',(1.110223024625E-16,1.,0.));
#63 = AXIS2_PLACEMENT_3D('',#64,#65,#66);
#64 = CARTESIAN_POINT('',(160.02,-72.136,1.595));
#65 = DIRECTION('',(0.,0.,1.));
#66 = DIRECTION('',(-1.,1.224646799147E-16,0.));
#67 = AXIS2_PLACEMENT_3D('',#68,#69,#70);
#68 = CARTESIAN_POINT('',(105.98,-91.74,1.595));
#69 = DIRECTION('',(0.,0.,1.));
#70 = DIRECTION('',(1.,0.,0.));
#71 = AXIS2_PLACEMENT_3D('',#72,#73,#74);
#72 = CARTESIAN_POINT('',(122.793,-125.883,1.595));
#73 = DIRECTION('',(0.,0.,1.));
#74 = DIRECTION('',(-1.,1.224646799147E-16,0.));
#75 = AXIS2_PLACEMENT_3D('',#76,#77,#78);
#76 = CARTESIAN_POINT('',(175.26,-100.965,1.595));
#77 = DIRECTION('',(0.,0.,1.));
#78 = DIRECTION('',(1.,0.,0.));
#79 = AXIS2_PLACEMENT_3D('',#80,#81,#82);
#80 = CARTESIAN_POINT('',(166.94,-107.95,1.595));
#81 = DIRECTION('',(0.,0.,1.));
#82 = DIRECTION('',(-1.,1.224646799147E-16,0.));
#83 = AXIS2_PLACEMENT_3D('',#84,#85,#86);
#84 = CARTESIAN_POINT('',(142.81,-113.03,1.595));
#85 = DIRECTION('',(0.,0.,1.));
#86 = DIRECTION('',(-1.,1.224646799147E-16,0.));
#87 = AXIS2_PLACEMENT_3D('',#88,#89,#90);
#88 = CARTESIAN_POINT('',(122.49,-106.83,1.595));
#89 = DIRECTION('',(0.,0.,1.));
#90 = DIRECTION('',(-1.,1.224646799147E-16,0.));
#91 = AXIS2_PLACEMENT_3D('',#92,#93,#94);
#92 = CARTESIAN_POINT('',(105.90342,-106.84087,1.595));
#93 = DIRECTION('',(0.,0.,1.));
#94 = DIRECTION('',(1.,0.,0.));
#95 = AXIS2_PLACEMENT_3D('',#96,#97,#98);
#96 = CARTESIAN_POINT('',(122.505995,-91.74,1.595));
#97 = DIRECTION('',(0.,0.,1.));
#98 = DIRECTION('',(-1.,1.224646799147E-16,0.));
#99 = AXIS2_PLACEMENT_3D('',#100,#101,#102);
#100 = CARTESIAN_POINT('',(130.048,-122.936,1.595));
#101 = DIRECTION('',(0.,-0.,1.));
#102 = DIRECTION('',(1.110223024625E-16,1.,0.));
#103 = AXIS2_PLACEMENT_3D('',#104,#105,#106);
#104 = CARTESIAN_POINT('',(112.776,-95.504,1.595));
#105 = DIRECTION('',(0.,0.,1.));
#106 = DIRECTION('',(1.,0.,0.));
#107 = AXIS2_PLACEMENT_3D('',#108,#109,#110);
#108 = CARTESIAN_POINT('',(101.198,-125.228,1.595));
#109 = DIRECTION('',(0.,-0.,1.));
#110 = DIRECTION('',(1.110223024625E-16,1.,0.));
#111 = AXIS2_PLACEMENT_3D('',#112,#113,#114);
#112 = CARTESIAN_POINT('',(105.98,-99.21,1.595));
#113 = DIRECTION('',(0.,0.,1.));
#114 = DIRECTION('',(1.,0.,0.));
#115 = AXIS2_PLACEMENT_3D('',#116,#117,#118);
#116 = CARTESIAN_POINT('',(117.238,-109.948,1.595));
#117 = DIRECTION('',(-0.,0.,1.));
#118 = DIRECTION('',(1.110223024625E-16,-1.,0.));
#119 = AXIS2_PLACEMENT_3D('',#120,#121,#122);
#120 = CARTESIAN_POINT('',(122.49,-82.55,1.595));
#121 = DIRECTION('',(0.,0.,1.));
#122 = DIRECTION('',(1.,0.,0.));
#123 = AXIS2_PLACEMENT_3D('',#124,#125,#126);
#124 = CARTESIAN_POINT('',(100.828,-85.108,1.595));
#125 = DIRECTION('',(0.,0.,1.));
#126 = DIRECTION('',(1.,0.,0.));
#127 = AXIS2_PLACEMENT_3D('',#128,#129,#130);
#128 = CARTESIAN_POINT('',(118.76,-72.39,1.595));
#129 = DIRECTION('',(0.,0.,1.));
#130 = DIRECTION('',(1.,0.,0.));
#131 = AXIS2_PLACEMENT_3D('',#132,#133,#134);
#132 = CARTESIAN_POINT('',(132.65,-87.63,1.595));
#133 = DIRECTION('',(-0.,0.,1.));
#134 = DIRECTION('',(1.110223024625E-16,-1.,0.));
#135 = AXIS2_PLACEMENT_3D('',#136,#137,#138);
#136 = CARTESIAN_POINT('',(124.213,-117.913,1.595));
#137 = DIRECTION('',(0.,-0.,1.));
#138 = DIRECTION('',(1.110223024625E-16,1.,0.));
#139 = AXIS2_PLACEMENT_3D('',#140,#141,#142);
#140 = CARTESIAN_POINT('',(111.738,-126.688,1.595));
#141 = DIRECTION('',(0.,-0.,1.));
#142 = DIRECTION('',(1.110223024625E-16,1.,0.));
#143 = AXIS2_PLACEMENT_3D('',#144,#145,#146);
#144 = CARTESIAN_POINT('',(122.49,-99.21,1.595));
#145 = DIRECTION('',(0.,0.,1.));
#146 = DIRECTION('',(-1.,1.224646799147E-16,0.));
#147 = AXIS2_PLACEMENT_3D('',#148,#149,#150);
#148 = CARTESIAN_POINT('',(185.42,-97.155,1.595));
#149 = DIRECTION('',(0.,0.,1.));
#150 = DIRECTION('',(-1.,1.224646799147E-16,0.));
#151 = AXIS2_PLACEMENT_3D('',#152,#153,#154);
#152 = CARTESIAN_POINT('',(123.8,-68.58,1.595));
#153 = DIRECTION('',(0.,0.,1.));
#154 = DIRECTION('',(-1.,1.224646799147E-16,0.));
#155 = AXIS2_PLACEMENT_3D('',#156,#157,#158);
#156 = CARTESIAN_POINT('',(125.488,-131.268,1.595));
#157 = DIRECTION('',(0.,-0.,1.));
#158 = DIRECTION('',(1.110223024625E-16,1.,0.));
#159 = AXIS2_PLACEMENT_3D('',#160,#161,#162);
#160 = CARTESIAN_POINT('',(0.,0.,0.));
#161 = DIRECTION('',(0.,0.,1.));
#162 = DIRECTION('',(1.,0.,-0.));
#163 = ( GEOMETRIC_REPRESENTATION_CONTEXT(3) 
GLOBAL_UNCERTAINTY_ASSIGNED_CONTEXT((#167)) GLOBAL_UNIT_ASSIGNED_CONTEXT
((#164,#165,#166)) REPRESENTATION_CONTEXT('Context #1',
  '3D Context with UNIT and UNCERTAINTY') );
#164 = ( LENGTH_UNIT() NAMED_UNIT(*) SI_UNIT(.MILLI.,.METRE.) );
#165 = ( NAMED_UNIT(*) PLANE_ANGLE_UNIT() SI_UNIT($,.RADIAN.) );
#166 = ( NAMED_UNIT(*) SI_UNIT($,.STERADIAN.) SOLID_ANGLE_UNIT() );
#167 = UNCERTAINTY_MEASURE_WITH_UNIT(LENGTH_MEASURE(2.E-07),#164,
  'distance_accuracy_value','confusion accuracy');
#168 = PRODUCT_RELATED_PRODUCT_CATEGORY('part',$,(#7));
#169 = SHAPE_DEFINITION_REPRESENTATION(#170,#176);
#170 = PRODUCT_DEFINITION_SHAPE('','',#171);
#171 = PRODUCT_DEFINITION('design','',#172,#175);
#172 = PRODUCT_DEFINITION_FORMATION('','',#173);
#173 = PRODUCT('R_Axial_DIN0207_L6.3mm_D2.5mm_P10.16mm_Horizontal',
  'R_Axial_DIN0207_L6.3mm_D2.5mm_P10.16mm_Horizontal','',(#174));
#174 = PRODUCT_CONTEXT('',#2,'mechanical');
#175 = PRODUCT_DEFINITION_CONTEXT('part definition',#2,'design');
#176 = ADVANCED_BREP_SHAPE_REPRESENTATION('',(#11,#177),#564);
#177 = MANIFOLD_SOLID_BREP('',#178);
#178 = CLOSED_SHELL('',(#179,#212,#238,#258,#278,#303,#328,#348,#374,
    #399,#424,#450,#459,#479,#504,#530,#555));
#179 = ADVANCED_FACE('',(#180),#207,.T.);
#180 = FACE_BOUND('',#181,.T.);
#181 = EDGE_LOOP('',(#182,#191,#199,#206));
#182 = ORIENTED_EDGE('',*,*,#183,.T.);
#183 = EDGE_CURVE('',#184,#184,#186,.T.);
#184 = VERTEX_POINT('',#185);
#185 = CARTESIAN_POINT('',(2.555,1.25,1.25));
#186 = CIRCLE('',#187,1.25);
#187 = AXIS2_PLACEMENT_3D('',#188,#189,#190);
#188 = CARTESIAN_POINT('',(2.555,0.,1.25));
#189 = DIRECTION('',(1.,0.,0.));
#190 = DIRECTION('',(-0.,1.,0.));
#191 = ORIENTED_EDGE('',*,*,#192,.T.);
#192 = EDGE_CURVE('',#184,#193,#195,.T.);
#193 = VERTEX_POINT('',#194);
#194 = CARTESIAN_POINT('',(3.505,1.25,1.25));
#195 = LINE('',#196,#197);
#196 = CARTESIAN_POINT('',(1.93,1.25,1.25));
#197 = VECTOR('',#198,1.);
#198 = DIRECTION('',(1.,0.,0.));
#199 = ORIENTED_EDGE('',*,*,#200,.F.);
#200 = EDGE_CURVE('',#193,#193,#201,.T.);
#201 = CIRCLE('',#202,1.25);
#202 = AXIS2_PLACEMENT_3D('',#203,#204,#205);
#203 = CARTESIAN_POINT('',(3.505,0.,1.25));
#204 = DIRECTION('',(1.,0.,0.));
#205 = DIRECTION('',(-0.,1.,0.));
#206 = ORIENTED_EDGE('',*,*,#192,.F.);
#207 = CYLINDRICAL_SURFACE('',#208,1.25);
#208 = AXIS2_PLACEMENT_3D('',#209,#210,#211);
#209 = CARTESIAN_POINT('',(1.93,0.,1.25));
#210 = DIRECTION('',(-1.,-0.,-0.));
#211 = DIRECTION('',(0.,1.,0.));
#212 = ADVANCED_FACE('',(#213),#233,.T.);
#213 = FACE_BOUND('',#214,.T.);
#214 = EDGE_LOOP('',(#215,#224,#231,#232));
#215 = ORIENTED_EDGE('',*,*,#216,.T.);
#216 = EDGE_CURVE('',#217,#217,#219,.T.);
#217 = VERTEX_POINT('',#218);
#218 = CARTESIAN_POINT('',(1.93,0.625,1.25));
#219 = CIRCLE('',#220,0.625);
#220 = AXIS2_PLACEMENT_3D('',#221,#222,#223);
#221 = CARTESIAN_POINT('',(1.93,0.,1.25));
#222 = DIRECTION('',(1.,0.,0.));
#223 = DIRECTION('',(-0.,1.,0.));
#224 = ORIENTED_EDGE('',*,*,#225,.F.);
#225 = EDGE_CURVE('',#184,#217,#226,.T.);
#226 = CIRCLE('',#227,0.625);
#227 = AXIS2_PLACEMENT_3D('',#228,#229,#230);
#228 = CARTESIAN_POINT('',(2.555,0.625,1.25));
#229 = DIRECTION('',(0.,-0.,1.));
#230 = DIRECTION('',(0.,1.,0.));
#231 = ORIENTED_EDGE('',*,*,#183,.F.);
#232 = ORIENTED_EDGE('',*,*,#225,.T.);
#233 = TOROIDAL_SURFACE('',#234,0.625,0.625);
#234 = AXIS2_PLACEMENT_3D('',#235,#236,#237);
#235 = CARTESIAN_POINT('',(2.555,0.,1.25));
#236 = DIRECTION('',(-1.,0.,0.));
#237 = DIRECTION('',(0.,1.,0.));
#238 = ADVANCED_FACE('',(#239,#242),#253,.F.);
#239 = FACE_BOUND('',#240,.F.);
#240 = EDGE_LOOP('',(#241));
#241 = ORIENTED_EDGE('',*,*,#200,.F.);
#242 = FACE_BOUND('',#243,.F.);
#243 = EDGE_LOOP('',(#244));
#244 = ORIENTED_EDGE('',*,*,#245,.F.);
#245 = EDGE_CURVE('',#246,#246,#248,.T.);
#246 = VERTEX_POINT('',#247);
#247 = CARTESIAN_POINT('',(3.505,1.125,1.25));
#248 = CIRCLE('',#249,1.125);
#249 = AXIS2_PLACEMENT_3D('',#250,#251,#252);
#250 = CARTESIAN_POINT('',(3.505,0.,1.25));
#251 = DIRECTION('',(-1.,0.,0.));
#252 = DIRECTION('',(0.,1.,0.));
#253 = PLANE('',#254);
#254 = AXIS2_PLACEMENT_3D('',#255,#256,#257);
#255 = CARTESIAN_POINT('',(3.505,1.25,1.25));
#256 = DIRECTION('',(-1.,0.,0.));
#257 = DIRECTION('',(0.,0.,-1.));
#258 = ADVANCED_FACE('',(#259,#262),#273,.T.);
#259 = FACE_BOUND('',#260,.T.);
#260 = EDGE_LOOP('',(#261));
#261 = ORIENTED_EDGE('',*,*,#216,.F.);
#262 = FACE_BOUND('',#263,.T.);
#263 = EDGE_LOOP('',(#264));
#264 = ORIENTED_EDGE('',*,*,#265,.T.);
#265 = EDGE_CURVE('',#266,#266,#268,.T.);
#266 = VERTEX_POINT('',#267);
#267 = CARTESIAN_POINT('',(1.93,0.,0.95));
#268 = CIRCLE('',#269,0.3);
#269 = AXIS2_PLACEMENT_3D('',#270,#271,#272);
#270 = CARTESIAN_POINT('',(1.93,0.,1.25));
#271 = DIRECTION('',(1.,-0.,0.));
#272 = DIRECTION('',(0.,0.,-1.));
#273 = PLANE('',#274);
#274 = AXIS2_PLACEMENT_3D('',#275,#276,#277);
#275 = CARTESIAN_POINT('',(1.93,1.25,1.25));
#276 = DIRECTION('',(-1.,0.,0.));
#277 = DIRECTION('',(0.,0.,-1.));
#278 = ADVANCED_FACE('',(#279),#298,.T.);
#279 = FACE_BOUND('',#280,.T.);
#280 = EDGE_LOOP('',(#281,#290,#296,#297));
#281 = ORIENTED_EDGE('',*,*,#282,.T.);
#282 = EDGE_CURVE('',#283,#283,#285,.T.);
#283 = VERTEX_POINT('',#284);
#284 = CARTESIAN_POINT('',(6.655,1.125,1.25));
#285 = CIRCLE('',#286,1.125);
#286 = AXIS2_PLACEMENT_3D('',#287,#288,#289);
#287 = CARTESIAN_POINT('',(6.655,0.,1.25));
#288 = DIRECTION('',(-1.,0.,0.));
#289 = DIRECTION('',(0.,1.,0.));
#290 = ORIENTED_EDGE('',*,*,#291,.F.);
#291 = EDGE_CURVE('',#246,#283,#292,.T.);
#292 = LINE('',#293,#294);
#293 = CARTESIAN_POINT('',(1.93,1.125,1.25));
#294 = VECTOR('',#295,1.);
#295 = DIRECTION('',(1.,0.,0.));
#296 = ORIENTED_EDGE('',*,*,#245,.F.);
#297 = ORIENTED_EDGE('',*,*,#291,.T.);
#298 = CYLINDRICAL_SURFACE('',#299,1.125);
#299 = AXIS2_PLACEMENT_3D('',#300,#301,#302);
#300 = CARTESIAN_POINT('',(1.93,0.,1.25));
#301 = DIRECTION('',(-1.,-0.,-0.));
#302 = DIRECTION('',(0.,1.,0.));
#303 = ADVANCED_FACE('',(#304),#323,.T.);
#304 = FACE_BOUND('',#305,.T.);
#305 = EDGE_LOOP('',(#306,#315,#321,#322));
#306 = ORIENTED_EDGE('',*,*,#307,.F.);
#307 = EDGE_CURVE('',#308,#308,#310,.T.);
#308 = VERTEX_POINT('',#309);
#309 = CARTESIAN_POINT('',(0.9,0.,0.95));
#310 = CIRCLE('',#311,0.3);
#311 = AXIS2_PLACEMENT_3D('',#312,#313,#314);
#312 = CARTESIAN_POINT('',(0.9,0.,1.25));
#313 = DIRECTION('',(-1.,0.,-1.188909441847E-17));
#314 = DIRECTION('',(-1.188909441847E-17,0.,1.));
#315 = ORIENTED_EDGE('',*,*,#316,.T.);
#316 = EDGE_CURVE('',#308,#266,#317,.T.);
#317 = LINE('',#318,#319);
#318 = CARTESIAN_POINT('',(0.9,0.,0.95));
#319 = VECTOR('',#320,1.);
#320 = DIRECTION('',(1.,0.,0.));
#321 = ORIENTED_EDGE('',*,*,#265,.F.);
#322 = ORIENTED_EDGE('',*,*,#316,.F.);
#323 = CYLINDRICAL_SURFACE('',#324,0.3);
#324 = AXIS2_PLACEMENT_3D('',#325,#326,#327);
#325 = CARTESIAN_POINT('',(0.9,0.,1.25));
#326 = DIRECTION('',(1.,0.,0.));
#327 = DIRECTION('',(0.,0.,-1.));
#328 = ADVANCED_FACE('',(#329,#340),#343,.T.);
#329 = FACE_BOUND('',#330,.T.);
#330 = EDGE_LOOP('',(#331));
#331 = ORIENTED_EDGE('',*,*,#332,.F.);
#332 = EDGE_CURVE('',#333,#333,#335,.T.);
#333 = VERTEX_POINT('',#334);
#334 = CARTESIAN_POINT('',(6.655,1.25,1.25));
#335 = CIRCLE('',#336,1.25);
#336 = AXIS2_PLACEMENT_3D('',#337,#338,#339);
#337 = CARTESIAN_POINT('',(6.655,0.,1.25));
#338 = DIRECTION('',(1.,0.,0.));
#339 = DIRECTION('',(-0.,1.,0.));
#340 = FACE_BOUND('',#341,.T.);
#341 = EDGE_LOOP('',(#342));
#342 = ORIENTED_EDGE('',*,*,#282,.F.);
#343 = PLANE('',#344);
#344 = AXIS2_PLACEMENT_3D('',#345,#346,#347);
#345 = CARTESIAN_POINT('',(6.655,1.25,1.25));
#346 = DIRECTION('',(-1.,0.,0.));
#347 = DIRECTION('',(0.,0.,-1.));
#348 = ADVANCED_FACE('',(#349),#369,.T.);
#349 = FACE_BOUND('',#350,.T.);
#350 = EDGE_LOOP('',(#351,#360,#361,#362));
#351 = ORIENTED_EDGE('',*,*,#352,.T.);
#352 = EDGE_CURVE('',#353,#308,#355,.T.);
#353 = VERTEX_POINT('',#354);
#354 = CARTESIAN_POINT('',(0.3,0.,0.35));
#355 = CIRCLE('',#356,0.6);
#356 = AXIS2_PLACEMENT_3D('',#357,#358,#359);
#357 = CARTESIAN_POINT('',(0.9,1.102182119233E-16,0.35));
#358 = DIRECTION('',(0.,1.,-0.));
#359 = DIRECTION('',(-1.,0.,4.93432455389E-16));
#360 = ORIENTED_EDGE('',*,*,#307,.T.);
#361 = ORIENTED_EDGE('',*,*,#352,.F.);
#362 = ORIENTED_EDGE('',*,*,#363,.T.);
#363 = EDGE_CURVE('',#353,#353,#364,.T.);
#364 = CIRCLE('',#365,0.3);
#365 = AXIS2_PLACEMENT_3D('',#366,#367,#368);
#366 = CARTESIAN_POINT('',(0.,0.,0.35));
#367 = DIRECTION('',(0.,0.,1.));
#368 = DIRECTION('',(1.,0.,-0.));
#369 = TOROIDAL_SURFACE('',#370,0.9,0.3);
#370 = AXIS2_PLACEMENT_3D('',#371,#372,#373);
#371 = CARTESIAN_POINT('',(0.9,0.,0.35));
#372 = DIRECTION('',(0.,1.,0.));
#373 = DIRECTION('',(-1.,0.,4.93432455389E-16));
#374 = ADVANCED_FACE('',(#375),#394,.T.);
#375 = FACE_BOUND('',#376,.T.);
#376 = EDGE_LOOP('',(#377,#378,#386,#393));
#377 = ORIENTED_EDGE('',*,*,#332,.T.);
#378 = ORIENTED_EDGE('',*,*,#379,.T.);
#379 = EDGE_CURVE('',#333,#380,#382,.T.);
#380 = VERTEX_POINT('',#381);
#381 = CARTESIAN_POINT('',(7.605,1.25,1.25));
#382 = LINE('',#383,#384);
#383 = CARTESIAN_POINT('',(6.655,1.25,1.25));
#384 = VECTOR('',#385,1.);
#385 = DIRECTION('',(1.,0.,0.));
#386 = ORIENTED_EDGE('',*,*,#387,.F.);
#387 = EDGE_CURVE('',#380,#380,#388,.T.);
#388 = CIRCLE('',#389,1.25);
#389 = AXIS2_PLACEMENT_3D('',#390,#391,#392);
#390 = CARTESIAN_POINT('',(7.605,0.,1.25));
#391 = DIRECTION('',(1.,0.,0.));
#392 = DIRECTION('',(-0.,1.,0.));
#393 = ORIENTED_EDGE('',*,*,#379,.F.);
#394 = CYLINDRICAL_SURFACE('',#395,1.25);
#395 = AXIS2_PLACEMENT_3D('',#396,#397,#398);
#396 = CARTESIAN_POINT('',(6.655,0.,1.25));
#397 = DIRECTION('',(-1.,-0.,-0.));
#398 = DIRECTION('',(0.,1.,0.));
#399 = ADVANCED_FACE('',(#400),#419,.T.);
#400 = FACE_BOUND('',#401,.T.);
#401 = EDGE_LOOP('',(#402,#410,#411,#412));
#402 = ORIENTED_EDGE('',*,*,#403,.T.);
#403 = EDGE_CURVE('',#404,#353,#406,.T.);
#404 = VERTEX_POINT('',#405);
#405 = CARTESIAN_POINT('',(0.3,-7.347880794884E-17,-3.));
#406 = LINE('',#407,#408);
#407 = CARTESIAN_POINT('',(0.3,0.,-3.));
#408 = VECTOR('',#409,1.);
#409 = DIRECTION('',(0.,0.,1.));
#410 = ORIENTED_EDGE('',*,*,#363,.F.);
#411 = ORIENTED_EDGE('',*,*,#403,.F.);
#412 = ORIENTED_EDGE('',*,*,#413,.T.);
#413 = EDGE_CURVE('',#404,#404,#414,.T.);
#414 = CIRCLE('',#415,0.3);
#415 = AXIS2_PLACEMENT_3D('',#416,#417,#418);
#416 = CARTESIAN_POINT('',(0.,0.,-3.));
#417 = DIRECTION('',(0.,0.,1.));
#418 = DIRECTION('',(1.,0.,-0.));
#419 = CYLINDRICAL_SURFACE('',#420,0.3);
#420 = AXIS2_PLACEMENT_3D('',#421,#422,#423);
#421 = CARTESIAN_POINT('',(0.,0.,-3.));
#422 = DIRECTION('',(0.,0.,1.));
#423 = DIRECTION('',(1.,0.,-0.));
#424 = ADVANCED_FACE('',(#425),#445,.T.);
#425 = FACE_BOUND('',#426,.T.);
#426 = EDGE_LOOP('',(#427,#436,#437,#438));
#427 = ORIENTED_EDGE('',*,*,#428,.F.);
#428 = EDGE_CURVE('',#380,#429,#431,.T.);
#429 = VERTEX_POINT('',#430);
#430 = CARTESIAN_POINT('',(8.23,0.625,1.25));
#431 = CIRCLE('',#432,0.625);
#432 = AXIS2_PLACEMENT_3D('',#433,#434,#435);
#433 = CARTESIAN_POINT('',(7.605,0.625,1.25));
#434 = DIRECTION('',(0.,0.,-1.));
#435 = DIRECTION('',(0.,1.,0.));
#436 = ORIENTED_EDGE('',*,*,#387,.T.);
#437 = ORIENTED_EDGE('',*,*,#428,.T.);
#438 = ORIENTED_EDGE('',*,*,#439,.F.);
#439 = EDGE_CURVE('',#429,#429,#440,.T.);
#440 = CIRCLE('',#441,0.625);
#441 = AXIS2_PLACEMENT_3D('',#442,#443,#444);
#442 = CARTESIAN_POINT('',(8.23,0.,1.25));
#443 = DIRECTION('',(1.,0.,0.));
#444 = DIRECTION('',(-0.,1.,0.));
#445 = TOROIDAL_SURFACE('',#446,0.625,0.625);
#446 = AXIS2_PLACEMENT_3D('',#447,#448,#449);
#447 = CARTESIAN_POINT('',(7.605,0.,1.25));
#448 = DIRECTION('',(1.,0.,0.));
#449 = DIRECTION('',(-0.,1.,0.));
#450 = ADVANCED_FACE('',(#451),#454,.T.);
#451 = FACE_BOUND('',#452,.F.);
#452 = EDGE_LOOP('',(#453));
#453 = ORIENTED_EDGE('',*,*,#413,.T.);
#454 = PLANE('',#455);
#455 = AXIS2_PLACEMENT_3D('',#456,#457,#458);
#456 = CARTESIAN_POINT('',(0.3,0.,-3.));
#457 = DIRECTION('',(0.,0.,-1.));
#458 = DIRECTION('',(-1.,0.,0.));
#459 = ADVANCED_FACE('',(#460,#463),#474,.F.);
#460 = FACE_BOUND('',#461,.F.);
#461 = EDGE_LOOP('',(#462));
#462 = ORIENTED_EDGE('',*,*,#439,.F.);
#463 = FACE_BOUND('',#464,.F.);
#464 = EDGE_LOOP('',(#465));
#465 = ORIENTED_EDGE('',*,*,#466,.T.);
#466 = EDGE_CURVE('',#467,#467,#469,.T.);
#467 = VERTEX_POINT('',#468);
#468 = CARTESIAN_POINT('',(8.23,0.,0.95));
#469 = CIRCLE('',#470,0.3);
#470 = AXIS2_PLACEMENT_3D('',#471,#472,#473);
#471 = CARTESIAN_POINT('',(8.23,0.,1.25));
#472 = DIRECTION('',(1.,-0.,0.));
#473 = DIRECTION('',(0.,0.,-1.));
#474 = PLANE('',#475);
#475 = AXIS2_PLACEMENT_3D('',#476,#477,#478);
#476 = CARTESIAN_POINT('',(8.23,1.25,1.25));
#477 = DIRECTION('',(-1.,0.,0.));
#478 = DIRECTION('',(0.,0.,-1.));
#479 = ADVANCED_FACE('',(#480),#499,.T.);
#480 = FACE_BOUND('',#481,.T.);
#481 = EDGE_LOOP('',(#482,#483,#491,#498));
#482 = ORIENTED_EDGE('',*,*,#466,.T.);
#483 = ORIENTED_EDGE('',*,*,#484,.T.);
#484 = EDGE_CURVE('',#467,#485,#487,.T.);
#485 = VERTEX_POINT('',#486);
#486 = CARTESIAN_POINT('',(9.26,0.,0.95));
#487 = LINE('',#488,#489);
#488 = CARTESIAN_POINT('',(0.9,0.,0.95));
#489 = VECTOR('',#490,1.);
#490 = DIRECTION('',(1.,0.,0.));
#491 = ORIENTED_EDGE('',*,*,#492,.F.);
#492 = EDGE_CURVE('',#485,#485,#493,.T.);
#493 = CIRCLE('',#494,0.3);
#494 = AXIS2_PLACEMENT_3D('',#495,#496,#497);
#495 = CARTESIAN_POINT('',(9.26,0.,1.25));
#496 = DIRECTION('',(1.,-0.,0.));
#497 = DIRECTION('',(0.,0.,-1.));
#498 = ORIENTED_EDGE('',*,*,#484,.F.);
#499 = CYLINDRICAL_SURFACE('',#500,0.3);
#500 = AXIS2_PLACEMENT_3D('',#501,#502,#503);
#501 = CARTESIAN_POINT('',(0.9,0.,1.25));
#502 = DIRECTION('',(1.,0.,0.));
#503 = DIRECTION('',(0.,0.,-1.));
#504 = ADVANCED_FACE('',(#505),#525,.T.);
#505 = FACE_BOUND('',#506,.T.);
#506 = EDGE_LOOP('',(#507,#516,#523,#524));
#507 = ORIENTED_EDGE('',*,*,#508,.T.);
#508 = EDGE_CURVE('',#485,#509,#511,.T.);
#509 = VERTEX_POINT('',#510);
#510 = CARTESIAN_POINT('',(9.86,0.,0.35));
#511 = CIRCLE('',#512,0.6);
#512 = AXIS2_PLACEMENT_3D('',#513,#514,#515);
#513 = CARTESIAN_POINT('',(9.26,1.102182119233E-16,0.35));
#514 = DIRECTION('',(0.,1.,0.));
#515 = DIRECTION('',(0.,-0.,1.));
#516 = ORIENTED_EDGE('',*,*,#517,.T.);
#517 = EDGE_CURVE('',#509,#509,#518,.T.);
#518 = CIRCLE('',#519,0.3);
#519 = AXIS2_PLACEMENT_3D('',#520,#521,#522);
#520 = CARTESIAN_POINT('',(10.16,0.,0.35));
#521 = DIRECTION('',(-5.053215498074E-16,0.,1.));
#522 = DIRECTION('',(1.,0.,5.053215498074E-16));
#523 = ORIENTED_EDGE('',*,*,#508,.F.);
#524 = ORIENTED_EDGE('',*,*,#492,.T.);
#525 = TOROIDAL_SURFACE('',#526,0.9,0.3);
#526 = AXIS2_PLACEMENT_3D('',#527,#528,#529);
#527 = CARTESIAN_POINT('',(9.26,0.,0.35));
#528 = DIRECTION('',(0.,1.,0.));
#529 = DIRECTION('',(0.,-0.,1.));
#530 = ADVANCED_FACE('',(#531),#550,.T.);
#531 = FACE_BOUND('',#532,.T.);
#532 = EDGE_LOOP('',(#533,#541,#548,#549));
#533 = ORIENTED_EDGE('',*,*,#534,.T.);
#534 = EDGE_CURVE('',#509,#535,#537,.T.);
#535 = VERTEX_POINT('',#536);
#536 = CARTESIAN_POINT('',(9.86,-7.347880794884E-17,-3.));
#537 = LINE('',#538,#539);
#538 = CARTESIAN_POINT('',(9.86,0.,0.35));
#539 = VECTOR('',#540,1.);
#540 = DIRECTION('',(0.,0.,-1.));
#541 = ORIENTED_EDGE('',*,*,#542,.F.);
#542 = EDGE_CURVE('',#535,#535,#543,.T.);
#543 = CIRCLE('',#544,0.3);
#544 = AXIS2_PLACEMENT_3D('',#545,#546,#547);
#545 = CARTESIAN_POINT('',(10.16,0.,-3.));
#546 = DIRECTION('',(0.,0.,-1.));
#547 = DIRECTION('',(-1.,0.,0.));
#548 = ORIENTED_EDGE('',*,*,#534,.F.);
#549 = ORIENTED_EDGE('',*,*,#517,.F.);
#550 = CYLINDRICAL_SURFACE('',#551,0.3);
#551 = AXIS2_PLACEMENT_3D('',#552,#553,#554);
#552 = CARTESIAN_POINT('',(10.16,0.,0.35));
#553 = DIRECTION('',(0.,0.,-1.));
#554 = DIRECTION('',(-1.,0.,0.));
#555 = ADVANCED_FACE('',(#556),#559,.F.);
#556 = FACE_BOUND('',#557,.T.);
#557 = EDGE_LOOP('',(#558));
#558 = ORIENTED_EDGE('',*,*,#542,.T.);
#559 = PLANE('',#560);
#560 = AXIS2_PLACEMENT_3D('',#561,#562,#563);
#561 = CARTESIAN_POINT('',(9.86,0.,-3.));
#562 = DIRECTION('',(0.,0.,1.));
#563 = DIRECTION('',(1.,0.,-0.));
#564 = ( GEOMETRIC_REPRESENTATION_CONTEXT(3) 
GLOBAL_UNCERTAINTY_ASSIGNED_CONTEXT((#568)) GLOBAL_UNIT_ASSIGNED_CONTEXT
((#565,#566,#567)) REPRESENTATION_CONTEXT('Context #1',
  '3D Context with UNIT and UNCERTAINTY') );
#565 = ( LENGTH_UNIT() NAMED_UNIT(*) SI_UNIT(.MILLI.,.METRE.) );
#566 = ( NAMED_UNIT(*) PLANE_ANGLE_UNIT() SI_UNIT($,.RADIAN.) );
#567 = ( NAMED_UNIT(*) SI_UNIT($,.STERADIAN.) SOLID_ANGLE_UNIT() );
#568 = UNCERTAINTY_MEASURE_WITH_UNIT(LENGTH_MEASURE(1.E-07),#565,
  'distance_accuracy_value','confusion accuracy');
#569 = CONTEXT_DEPENDENT_SHAPE_REPRESENTATION(#570,#572);
#570 = ( REPRESENTATION_RELATIONSHIP('','',#176,#10) 
REPRESENTATION_RELATIONSHIP_WITH_TRANSFORMATION(#571) 
SHAPE_REPRESENTATION_RELATIONSHIP() );
#571 = ITEM_DEFINED_TRANSFORMATION('','',#11,#15);
#572 = PRODUCT_DEFINITION_SHAPE('Placement','Placement of an item',#573
  );
#573 = NEXT_ASSEMBLY_USAGE_OCCURRENCE('1','R16','',#5,#171,$);
#574 = PRODUCT_RELATED_PRODUCT_CATEGORY('part',$,(#173));
#575 = SHAPE_DEFINITION_REPRESENTATION(#576,#582);
#576 = PRODUCT_DEFINITION_SHAPE('','',#577);
#577 = PRODUCT_DEFINITION('design','',#578,#581);
#578 = PRODUCT_DEFINITION_FORMATION('','',#579);
#579 = PRODUCT('TO-92L_Inline_Wide','TO-92L_Inline_Wide','',(#580));
#580 = PRODUCT_CONTEXT('',#2,'mechanical');
#581 = PRODUCT_DEFINITION_CONTEXT('part definition',#2,'design');
#582 = ADVANCED_BREP_SHAPE_REPRESENTATION('',(#11,#583),#1359);
#583 = MANIFOLD_SOLID_BREP('',#584);
#584 = CLOSED_SHELL('',(#585,#625,#649,#761,#771,#802,#826,#850,#867,
    #898,#954,#978,#1027,#1090,#1114,#1170,#1187,#1199,#1216,#1233,#1250
    ,#1267,#1279,#1301,#1318,#1335,#1347));
#585 = ADVANCED_FACE('',(#586),#620,.F.);
#586 = FACE_BOUND('',#587,.F.);
#587 = EDGE_LOOP('',(#588,#598,#606,#614));
#588 = ORIENTED_EDGE('',*,*,#589,.T.);
#589 = EDGE_CURVE('',#590,#592,#594,.T.);
#590 = VERTEX_POINT('',#591);
#591 = CARTESIAN_POINT('',(0.524230916003,-1.33,2.5));
#592 = VERTEX_POINT('',#593);
#593 = CARTESIAN_POINT('',(0.524230916003,-1.33,10.5));
#594 = LINE('',#595,#596);
#595 = CARTESIAN_POINT('',(0.524230916003,-1.33,2.5));
#596 = VECTOR('',#597,1.);
#597 = DIRECTION('',(0.,0.,1.));
#598 = ORIENTED_EDGE('',*,*,#599,.T.);
#599 = EDGE_CURVE('',#592,#600,#602,.T.);
#600 = VERTEX_POINT('',#601);
#601 = CARTESIAN_POINT('',(4.555769083998,-1.33,10.5));
#602 = LINE('',#603,#604);
#603 = CARTESIAN_POINT('',(0.524230916003,-1.33,10.5));
#604 = VECTOR('',#605,1.);
#605 = DIRECTION('',(1.,0.,0.));
#606 = ORIENTED_EDGE('',*,*,#607,.F.);
#607 = EDGE_CURVE('',#608,#600,#610,.T.);
#608 = VERTEX_POINT('',#609);
#609 = CARTESIAN_POINT('',(4.555769083998,-1.33,2.5));
#610 = LINE('',#611,#612);
#611 = CARTESIAN_POINT('',(4.555769083998,-1.33,2.5));
#612 = VECTOR('',#613,1.);
#613 = DIRECTION('',(0.,0.,1.));
#614 = ORIENTED_EDGE('',*,*,#615,.F.);
#615 = EDGE_CURVE('',#590,#608,#616,.T.);
#616 = LINE('',#617,#618);
#617 = CARTESIAN_POINT('',(0.524230916003,-1.33,2.5));
#618 = VECTOR('',#619,1.);
#619 = DIRECTION('',(1.,0.,0.));
#620 = PLANE('',#621);
#621 = AXIS2_PLACEMENT_3D('',#622,#623,#624);
#622 = CARTESIAN_POINT('',(0.524230916003,-1.33,2.5));
#623 = DIRECTION('',(0.,1.,0.));
#624 = DIRECTION('',(1.,0.,0.));
#625 = ADVANCED_FACE('',(#626),#644,.T.);
#626 = FACE_BOUND('',#627,.T.);
#627 = EDGE_LOOP('',(#628,#635,#636,#643));
#628 = ORIENTED_EDGE('',*,*,#629,.T.);
#629 = EDGE_CURVE('',#608,#590,#630,.T.);
#630 = CIRCLE('',#631,2.415);
#631 = AXIS2_PLACEMENT_3D('',#632,#633,#634);
#632 = CARTESIAN_POINT('',(2.54,0.,2.5));
#633 = DIRECTION('',(0.,0.,1.));
#634 = DIRECTION('',(1.,0.,-0.));
#635 = ORIENTED_EDGE('',*,*,#589,.T.);
#636 = ORIENTED_EDGE('',*,*,#637,.F.);
#637 = EDGE_CURVE('',#600,#592,#638,.T.);
#638 = CIRCLE('',#639,2.415);
#639 = AXIS2_PLACEMENT_3D('',#640,#641,#642);
#640 = CARTESIAN_POINT('',(2.54,0.,10.5));
#641 = DIRECTION('',(0.,0.,1.));
#642 = DIRECTION('',(1.,0.,-0.));
#643 = ORIENTED_EDGE('',*,*,#607,.F.);
#644 = CYLINDRICAL_SURFACE('',#645,2.415);
#645 = AXIS2_PLACEMENT_3D('',#646,#647,#648);
#646 = CARTESIAN_POINT('',(2.54,0.,2.5));
#647 = DIRECTION('',(-0.,-0.,-1.));
#648 = DIRECTION('',(1.,0.,0.));
#649 = ADVANCED_FACE('',(#650,#654,#688,#722),#756,.T.);
#650 = FACE_BOUND('',#651,.T.);
#651 = EDGE_LOOP('',(#652,#653));
#652 = ORIENTED_EDGE('',*,*,#615,.F.);
#653 = ORIENTED_EDGE('',*,*,#629,.F.);
#654 = FACE_BOUND('',#655,.T.);
#655 = EDGE_LOOP('',(#656,#666,#674,#682));
#656 = ORIENTED_EDGE('',*,*,#657,.F.);
#657 = EDGE_CURVE('',#658,#660,#662,.T.);
#658 = VERTEX_POINT('',#659);
#659 = CARTESIAN_POINT('',(2.79,0.19,2.5));
#660 = VERTEX_POINT('',#661);
#661 = CARTESIAN_POINT('',(2.79,-0.19,2.5));
#662 = LINE('',#663,#664);
#663 = CARTESIAN_POINT('',(2.79,-0.57,2.5));
#664 = VECTOR('',#665,1.);
#665 = DIRECTION('',(0.,-1.,0.));
#666 = ORIENTED_EDGE('',*,*,#667,.T.);
#667 = EDGE_CURVE('',#658,#668,#670,.T.);
#668 = VERTEX_POINT('',#669);
#669 = CARTESIAN_POINT('',(2.29,0.19,2.5));
#670 = LINE('',#671,#672);
#671 = CARTESIAN_POINT('',(1.407115458001,0.19,2.5));
#672 = VECTOR('',#673,1.);
#673 = DIRECTION('',(-1.,-0.,-0.));
#674 = ORIENTED_EDGE('',*,*,#675,.F.);
#675 = EDGE_CURVE('',#676,#668,#678,.T.);
#676 = VERTEX_POINT('',#677);
#677 = CARTESIAN_POINT('',(2.29,-0.19,2.5));
#678 = LINE('',#679,#680);
#679 = CARTESIAN_POINT('',(2.29,-0.57,2.5));
#680 = VECTOR('',#681,1.);
#681 = DIRECTION('',(0.,1.,0.));
#682 = ORIENTED_EDGE('',*,*,#683,.F.);
#683 = EDGE_CURVE('',#660,#676,#684,.T.);
#684 = LINE('',#685,#686);
#685 = CARTESIAN_POINT('',(1.407115458001,-0.19,2.5));
#686 = VECTOR('',#687,1.);
#687 = DIRECTION('',(-1.,-0.,-0.));
#688 = FACE_BOUND('',#689,.T.);
#689 = EDGE_LOOP('',(#690,#700,#708,#716));
#690 = ORIENTED_EDGE('',*,*,#691,.F.);
#691 = EDGE_CURVE('',#692,#694,#696,.T.);
#692 = VERTEX_POINT('',#693);
#693 = CARTESIAN_POINT('',(4.06,0.19,2.5));
#694 = VERTEX_POINT('',#695);
#695 = CARTESIAN_POINT('',(4.06,-0.19,2.5));
#696 = LINE('',#697,#698);
#697 = CARTESIAN_POINT('',(4.06,-0.57,2.5));
#698 = VECTOR('',#699,1.);
#699 = DIRECTION('',(0.,-1.,0.));
#700 = ORIENTED_EDGE('',*,*,#701,.T.);
#701 = EDGE_CURVE('',#692,#702,#704,.T.);
#702 = VERTEX_POINT('',#703);
#703 = CARTESIAN_POINT('',(3.56,0.19,2.5));
#704 = LINE('',#705,#706);
#705 = CARTESIAN_POINT('',(2.927115458001,0.19,2.5));
#706 = VECTOR('',#707,1.);
#707 = DIRECTION('',(-1.,-0.,-0.));
#708 = ORIENTED_EDGE('',*,*,#709,.F.);
#709 = EDGE_CURVE('',#710,#702,#712,.T.);
#710 = VERTEX_POINT('',#711);
#711 = CARTESIAN_POINT('',(3.56,-0.19,2.5));
#712 = LINE('',#713,#714);
#713 = CARTESIAN_POINT('',(3.56,-0.57,2.5));
#714 = VECTOR('',#715,1.);
#715 = DIRECTION('',(0.,1.,0.));
#716 = ORIENTED_EDGE('',*,*,#717,.F.);
#717 = EDGE_CURVE('',#694,#710,#718,.T.);
#718 = LINE('',#719,#720);
#719 = CARTESIAN_POINT('',(2.927115458001,-0.19,2.5));
#720 = VECTOR('',#721,1.);
#721 = DIRECTION('',(-1.,-0.,-0.));
#722 = FACE_BOUND('',#723,.T.);
#723 = EDGE_LOOP('',(#724,#734,#742,#750));
#724 = ORIENTED_EDGE('',*,*,#725,.F.);
#725 = EDGE_CURVE('',#726,#728,#730,.T.);
#726 = VERTEX_POINT('',#727);
#727 = CARTESIAN_POINT('',(1.52,-0.19,2.5));
#728 = VERTEX_POINT('',#729);
#729 = CARTESIAN_POINT('',(1.02,-0.19,2.5));
#730 = LINE('',#731,#732);
#731 = CARTESIAN_POINT('',(0.387115458001,-0.19,2.5));
#732 = VECTOR('',#733,1.);
#733 = DIRECTION('',(-1.,-0.,-0.));
#734 = ORIENTED_EDGE('',*,*,#735,.F.);
#735 = EDGE_CURVE('',#736,#726,#738,.T.);
#736 = VERTEX_POINT('',#737);
#737 = CARTESIAN_POINT('',(1.52,0.19,2.5));
#738 = LINE('',#739,#740);
#739 = CARTESIAN_POINT('',(1.52,-0.57,2.5));
#740 = VECTOR('',#741,1.);
#741 = DIRECTION('',(0.,-1.,0.));
#742 = ORIENTED_EDGE('',*,*,#743,.T.);
#743 = EDGE_CURVE('',#736,#744,#746,.T.);
#744 = VERTEX_POINT('',#745);
#745 = CARTESIAN_POINT('',(1.02,0.19,2.5));
#746 = LINE('',#747,#748);
#747 = CARTESIAN_POINT('',(0.387115458001,0.19,2.5));
#748 = VECTOR('',#749,1.);
#749 = DIRECTION('',(-1.,-0.,-0.));
#750 = ORIENTED_EDGE('',*,*,#751,.F.);
#751 = EDGE_CURVE('',#728,#744,#752,.T.);
#752 = LINE('',#753,#754);
#753 = CARTESIAN_POINT('',(1.02,-0.57,2.5));
#754 = VECTOR('',#755,1.);
#755 = DIRECTION('',(0.,1.,0.));
#756 = PLANE('',#757);
#757 = AXIS2_PLACEMENT_3D('',#758,#759,#760);
#758 = CARTESIAN_POINT('',(0.524230916003,-1.33,2.5));
#759 = DIRECTION('',(0.,0.,-1.));
#760 = DIRECTION('',(-1.,0.,0.));
#761 = ADVANCED_FACE('',(#762),#766,.F.);
#762 = FACE_BOUND('',#763,.T.);
#763 = EDGE_LOOP('',(#764,#765));
#764 = ORIENTED_EDGE('',*,*,#599,.T.);
#765 = ORIENTED_EDGE('',*,*,#637,.T.);
#766 = PLANE('',#767);
#767 = AXIS2_PLACEMENT_3D('',#768,#769,#770);
#768 = CARTESIAN_POINT('',(0.524230916003,-1.33,10.5));
#769 = DIRECTION('',(0.,0.,-1.));
#770 = DIRECTION('',(-1.,0.,0.));
#771 = ADVANCED_FACE('',(#772),#797,.T.);
#772 = FACE_BOUND('',#773,.T.);
#773 = EDGE_LOOP('',(#774,#782,#783,#791));
#774 = ORIENTED_EDGE('',*,*,#775,.F.);
#775 = EDGE_CURVE('',#658,#776,#778,.T.);
#776 = VERTEX_POINT('',#777);
#777 = CARTESIAN_POINT('',(2.79,0.19,-2.7));
#778 = LINE('',#779,#780);
#779 = CARTESIAN_POINT('',(2.79,0.19,2.8));
#780 = VECTOR('',#781,1.);
#781 = DIRECTION('',(0.,-6.661338147751E-16,-1.));
#782 = ORIENTED_EDGE('',*,*,#657,.T.);
#783 = ORIENTED_EDGE('',*,*,#784,.T.);
#784 = EDGE_CURVE('',#660,#785,#787,.T.);
#785 = VERTEX_POINT('',#786);
#786 = CARTESIAN_POINT('',(2.79,-0.19,-2.7));
#787 = LINE('',#788,#789);
#788 = CARTESIAN_POINT('',(2.79,-0.19,2.8));
#789 = VECTOR('',#790,1.);
#790 = DIRECTION('',(0.,-6.661338147751E-16,-1.));
#791 = ORIENTED_EDGE('',*,*,#792,.F.);
#792 = EDGE_CURVE('',#776,#785,#793,.T.);
#793 = LINE('',#794,#795);
#794 = CARTESIAN_POINT('',(2.79,0.19,-2.7));
#795 = VECTOR('',#796,1.);
#796 = DIRECTION('',(0.,-1.,4.440892098501E-16));
#797 = PLANE('',#798);
#798 = AXIS2_PLACEMENT_3D('',#799,#800,#801);
#799 = CARTESIAN_POINT('',(2.79,0.19,2.8));
#800 = DIRECTION('',(1.,0.,0.));
#801 = DIRECTION('',(0.,-6.661338147751E-16,-1.));
#802 = ADVANCED_FACE('',(#803),#821,.T.);
#803 = FACE_BOUND('',#804,.T.);
#804 = EDGE_LOOP('',(#805,#806,#814,#820));
#805 = ORIENTED_EDGE('',*,*,#683,.T.);
#806 = ORIENTED_EDGE('',*,*,#807,.F.);
#807 = EDGE_CURVE('',#808,#676,#810,.T.);
#808 = VERTEX_POINT('',#809);
#809 = CARTESIAN_POINT('',(2.29,-0.19,-2.7));
#810 = LINE('',#811,#812);
#811 = CARTESIAN_POINT('',(2.29,-0.19,-2.7));
#812 = VECTOR('',#813,1.);
#813 = DIRECTION('',(0.,6.661338147751E-16,1.));
#814 = ORIENTED_EDGE('',*,*,#815,.F.);
#815 = EDGE_CURVE('',#785,#808,#816,.T.);
#816 = LINE('',#817,#818);
#817 = CARTESIAN_POINT('',(2.79,-0.19,-2.7));
#818 = VECTOR('',#819,1.);
#819 = DIRECTION('',(-1.,0.,0.));
#820 = ORIENTED_EDGE('',*,*,#784,.F.);
#821 = PLANE('',#822);
#822 = AXIS2_PLACEMENT_3D('',#823,#824,#825);
#823 = CARTESIAN_POINT('',(2.29,-0.19,2.8));
#824 = DIRECTION('',(0.,-1.,6.661338147751E-16));
#825 = DIRECTION('',(0.,-6.661338147751E-16,-1.));
#826 = ADVANCED_FACE('',(#827),#845,.T.);
#827 = FACE_BOUND('',#828,.T.);
#828 = EDGE_LOOP('',(#829,#837,#843,#844));
#829 = ORIENTED_EDGE('',*,*,#830,.F.);
#830 = EDGE_CURVE('',#831,#668,#833,.T.);
#831 = VERTEX_POINT('',#832);
#832 = CARTESIAN_POINT('',(2.29,0.19,-2.7));
#833 = LINE('',#834,#835);
#834 = CARTESIAN_POINT('',(2.29,0.19,-2.7));
#835 = VECTOR('',#836,1.);
#836 = DIRECTION('',(0.,6.661338147751E-16,1.));
#837 = ORIENTED_EDGE('',*,*,#838,.T.);
#838 = EDGE_CURVE('',#831,#808,#839,.T.);
#839 = LINE('',#840,#841);
#840 = CARTESIAN_POINT('',(2.29,0.19,-2.7));
#841 = VECTOR('',#842,1.);
#842 = DIRECTION('',(0.,-1.,4.440892098501E-16));
#843 = ORIENTED_EDGE('',*,*,#807,.T.);
#844 = ORIENTED_EDGE('',*,*,#675,.T.);
#845 = PLANE('',#846);
#846 = AXIS2_PLACEMENT_3D('',#847,#848,#849);
#847 = CARTESIAN_POINT('',(2.29,0.19,-2.7));
#848 = DIRECTION('',(-1.,0.,0.));
#849 = DIRECTION('',(0.,6.661338147751E-16,1.));
#850 = ADVANCED_FACE('',(#851),#862,.F.);
#851 = FACE_BOUND('',#852,.F.);
#852 = EDGE_LOOP('',(#853,#854,#855,#861));
#853 = ORIENTED_EDGE('',*,*,#667,.T.);
#854 = ORIENTED_EDGE('',*,*,#830,.F.);
#855 = ORIENTED_EDGE('',*,*,#856,.F.);
#856 = EDGE_CURVE('',#776,#831,#857,.T.);
#857 = LINE('',#858,#859);
#858 = CARTESIAN_POINT('',(2.79,0.19,-2.7));
#859 = VECTOR('',#860,1.);
#860 = DIRECTION('',(-1.,0.,0.));
#861 = ORIENTED_EDGE('',*,*,#775,.F.);
#862 = PLANE('',#863);
#863 = AXIS2_PLACEMENT_3D('',#864,#865,#866);
#864 = CARTESIAN_POINT('',(2.29,0.19,2.8));
#865 = DIRECTION('',(0.,-1.,6.661338147751E-16));
#866 = DIRECTION('',(0.,-6.661338147751E-16,-1.));
#867 = ADVANCED_FACE('',(#868),#893,.T.);
#868 = FACE_BOUND('',#869,.T.);
#869 = EDGE_LOOP('',(#870,#878,#879,#887));
#870 = ORIENTED_EDGE('',*,*,#871,.F.);
#871 = EDGE_CURVE('',#692,#872,#874,.T.);
#872 = VERTEX_POINT('',#873);
#873 = CARTESIAN_POINT('',(4.06,0.19,2.16));
#874 = LINE('',#875,#876);
#875 = CARTESIAN_POINT('',(4.06,0.19,2.8));
#876 = VECTOR('',#877,1.);
#877 = DIRECTION('',(0.,-6.661338147751E-16,-1.));
#878 = ORIENTED_EDGE('',*,*,#691,.T.);
#879 = ORIENTED_EDGE('',*,*,#880,.T.);
#880 = EDGE_CURVE('',#694,#881,#883,.T.);
#881 = VERTEX_POINT('',#882);
#882 = CARTESIAN_POINT('',(4.06,-0.19,2.16));
#883 = LINE('',#884,#885);
#884 = CARTESIAN_POINT('',(4.06,-0.19,2.8));
#885 = VECTOR('',#886,1.);
#886 = DIRECTION('',(0.,-6.661338147751E-16,-1.));
#887 = ORIENTED_EDGE('',*,*,#888,.F.);
#888 = EDGE_CURVE('',#872,#881,#889,.T.);
#889 = LINE('',#890,#891);
#890 = CARTESIAN_POINT('',(4.06,0.19,2.16));
#891 = VECTOR('',#892,1.);
#892 = DIRECTION('',(0.,-1.,4.440892098501E-16));
#893 = PLANE('',#894);
#894 = AXIS2_PLACEMENT_3D('',#895,#896,#897);
#895 = CARTESIAN_POINT('',(4.06,0.19,2.8));
#896 = DIRECTION('',(1.,0.,0.));
#897 = DIRECTION('',(0.,-6.661338147751E-16,-1.));
#898 = ADVANCED_FACE('',(#899),#949,.T.);
#899 = FACE_BOUND('',#900,.T.);
#900 = EDGE_LOOP('',(#901,#911,#917,#918,#919,#927,#935,#943));
#901 = ORIENTED_EDGE('',*,*,#902,.F.);
#902 = EDGE_CURVE('',#903,#905,#907,.T.);
#903 = VERTEX_POINT('',#904);
#904 = CARTESIAN_POINT('',(5.33,-0.19,0.26));
#905 = VERTEX_POINT('',#906);
#906 = CARTESIAN_POINT('',(5.33,-0.19,-2.7));
#907 = LINE('',#908,#909);
#908 = CARTESIAN_POINT('',(5.33,-0.19,0.26));
#909 = VECTOR('',#910,1.);
#910 = DIRECTION('',(0.,-6.661338147751E-16,-1.));
#911 = ORIENTED_EDGE('',*,*,#912,.T.);
#912 = EDGE_CURVE('',#903,#881,#913,.T.);
#913 = LINE('',#914,#915);
#914 = CARTESIAN_POINT('',(5.33,-0.19,0.26));
#915 = VECTOR('',#916,1.);
#916 = DIRECTION('',(-0.555709556774,5.538080009649E-16,0.83137650226));
#917 = ORIENTED_EDGE('',*,*,#880,.F.);
#918 = ORIENTED_EDGE('',*,*,#717,.T.);
#919 = ORIENTED_EDGE('',*,*,#920,.F.);
#920 = EDGE_CURVE('',#921,#710,#923,.T.);
#921 = VERTEX_POINT('',#922);
#922 = CARTESIAN_POINT('',(3.56,-0.19,2.16));
#923 = LINE('',#924,#925);
#924 = CARTESIAN_POINT('',(3.56,-0.19,2.16));
#925 = VECTOR('',#926,1.);
#926 = DIRECTION('',(0.,6.661338147751E-16,1.));
#927 = ORIENTED_EDGE('',*,*,#928,.T.);
#928 = EDGE_CURVE('',#921,#929,#931,.T.);
#929 = VERTEX_POINT('',#930);
#930 = CARTESIAN_POINT('',(4.83,-0.19,0.26));
#931 = LINE('',#932,#933);
#932 = CARTESIAN_POINT('',(3.56,-0.19,2.16));
#933 = VECTOR('',#934,1.);
#934 = DIRECTION('',(0.555709556774,-5.538080009649E-16,-0.83137650226)
  );
#935 = ORIENTED_EDGE('',*,*,#936,.F.);
#936 = EDGE_CURVE('',#937,#929,#939,.T.);
#937 = VERTEX_POINT('',#938);
#938 = CARTESIAN_POINT('',(4.83,-0.19,-2.7));
#939 = LINE('',#940,#941);
#940 = CARTESIAN_POINT('',(4.83,-0.19,-2.7));
#941 = VECTOR('',#942,1.);
#942 = DIRECTION('',(0.,6.661338147751E-16,1.));
#943 = ORIENTED_EDGE('',*,*,#944,.F.);
#944 = EDGE_CURVE('',#905,#937,#945,.T.);
#945 = LINE('',#946,#947);
#946 = CARTESIAN_POINT('',(5.33,-0.19,-2.7));
#947 = VECTOR('',#948,1.);
#948 = DIRECTION('',(-1.,0.,0.));
#949 = PLANE('',#950);
#950 = AXIS2_PLACEMENT_3D('',#951,#952,#953);
#951 = CARTESIAN_POINT('',(5.33,-0.19,0.26));
#952 = DIRECTION('',(0.,-1.,6.661338147751E-16));
#953 = DIRECTION('',(0.,-6.661338147751E-16,-1.));
#954 = ADVANCED_FACE('',(#955),#973,.T.);
#955 = FACE_BOUND('',#956,.T.);
#956 = EDGE_LOOP('',(#957,#965,#971,#972));
#957 = ORIENTED_EDGE('',*,*,#958,.F.);
#958 = EDGE_CURVE('',#959,#702,#961,.T.);
#959 = VERTEX_POINT('',#960);
#960 = CARTESIAN_POINT('',(3.56,0.19,2.16));
#961 = LINE('',#962,#963);
#962 = CARTESIAN_POINT('',(3.56,0.19,2.16));
#963 = VECTOR('',#964,1.);
#964 = DIRECTION('',(0.,6.661338147751E-16,1.));
#965 = ORIENTED_EDGE('',*,*,#966,.T.);
#966 = EDGE_CURVE('',#959,#921,#967,.T.);
#967 = LINE('',#968,#969);
#968 = CARTESIAN_POINT('',(3.56,0.19,2.16));
#969 = VECTOR('',#970,1.);
#970 = DIRECTION('',(0.,-1.,4.440892098501E-16));
#971 = ORIENTED_EDGE('',*,*,#920,.T.);
#972 = ORIENTED_EDGE('',*,*,#709,.T.);
#973 = PLANE('',#974);
#974 = AXIS2_PLACEMENT_3D('',#975,#976,#977);
#975 = CARTESIAN_POINT('',(3.56,0.19,2.16));
#976 = DIRECTION('',(-1.,0.,0.));
#977 = DIRECTION('',(0.,6.661338147751E-16,1.));
#978 = ADVANCED_FACE('',(#979),#1022,.F.);
#979 = FACE_BOUND('',#980,.F.);
#980 = EDGE_LOOP('',(#981,#991,#997,#998,#999,#1000,#1008,#1016));
#981 = ORIENTED_EDGE('',*,*,#982,.F.);
#982 = EDGE_CURVE('',#983,#985,#987,.T.);
#983 = VERTEX_POINT('',#984);
#984 = CARTESIAN_POINT('',(5.33,0.19,0.26));
#985 = VERTEX_POINT('',#986);
#986 = CARTESIAN_POINT('',(5.33,0.19,-2.7));
#987 = LINE('',#988,#989);
#988 = CARTESIAN_POINT('',(5.33,0.19,0.26));
#989 = VECTOR('',#990,1.);
#990 = DIRECTION('',(0.,-6.661338147751E-16,-1.));
#991 = ORIENTED_EDGE('',*,*,#992,.T.);
#992 = EDGE_CURVE('',#983,#872,#993,.T.);
#993 = LINE('',#994,#995);
#994 = CARTESIAN_POINT('',(5.33,0.19,0.26));
#995 = VECTOR('',#996,1.);
#996 = DIRECTION('',(-0.555709556774,5.538080009649E-16,0.83137650226));
#997 = ORIENTED_EDGE('',*,*,#871,.F.);
#998 = ORIENTED_EDGE('',*,*,#701,.T.);
#999 = ORIENTED_EDGE('',*,*,#958,.F.);
#1000 = ORIENTED_EDGE('',*,*,#1001,.T.);
#1001 = EDGE_CURVE('',#959,#1002,#1004,.T.);
#1002 = VERTEX_POINT('',#1003);
#1003 = CARTESIAN_POINT('',(4.83,0.19,0.26));
#1004 = LINE('',#1005,#1006);
#1005 = CARTESIAN_POINT('',(3.56,0.19,2.16));
#1006 = VECTOR('',#1007,1.);
#1007 = DIRECTION('',(0.555709556774,-5.538080009649E-16,-0.83137650226)
  );
#1008 = ORIENTED_EDGE('',*,*,#1009,.F.);
#1009 = EDGE_CURVE('',#1010,#1002,#1012,.T.);
#1010 = VERTEX_POINT('',#1011);
#1011 = CARTESIAN_POINT('',(4.83,0.19,-2.7));
#1012 = LINE('',#1013,#1014);
#1013 = CARTESIAN_POINT('',(4.83,0.19,-2.7));
#1014 = VECTOR('',#1015,1.);
#1015 = DIRECTION('',(0.,6.661338147751E-16,1.));
#1016 = ORIENTED_EDGE('',*,*,#1017,.F.);
#1017 = EDGE_CURVE('',#985,#1010,#1018,.T.);
#1018 = LINE('',#1019,#1020);
#1019 = CARTESIAN_POINT('',(5.33,0.19,-2.7));
#1020 = VECTOR('',#1021,1.);
#1021 = DIRECTION('',(-1.,0.,0.));
#1022 = PLANE('',#1023);
#1023 = AXIS2_PLACEMENT_3D('',#1024,#1025,#1026);
#1024 = CARTESIAN_POINT('',(5.33,0.19,0.26));
#1025 = DIRECTION('',(0.,-1.,6.661338147751E-16));
#1026 = DIRECTION('',(0.,-6.661338147751E-16,-1.));
#1027 = ADVANCED_FACE('',(#1028),#1085,.T.);
#1028 = FACE_BOUND('',#1029,.T.);
#1029 = EDGE_LOOP('',(#1030,#1040,#1048,#1054,#1055,#1063,#1071,#1079));
#1030 = ORIENTED_EDGE('',*,*,#1031,.F.);
#1031 = EDGE_CURVE('',#1032,#1034,#1036,.T.);
#1032 = VERTEX_POINT('',#1033);
#1033 = CARTESIAN_POINT('',(0.25,-0.19,0.26));
#1034 = VERTEX_POINT('',#1035);
#1035 = CARTESIAN_POINT('',(0.25,-0.19,-2.7));
#1036 = LINE('',#1037,#1038);
#1037 = CARTESIAN_POINT('',(0.25,-0.19,0.26));
#1038 = VECTOR('',#1039,1.);
#1039 = DIRECTION('',(0.,-6.661338147751E-16,-1.));
#1040 = ORIENTED_EDGE('',*,*,#1041,.T.);
#1041 = EDGE_CURVE('',#1032,#1042,#1044,.T.);
#1042 = VERTEX_POINT('',#1043);
#1043 = CARTESIAN_POINT('',(1.52,-0.19,2.16));
#1044 = LINE('',#1045,#1046);
#1045 = CARTESIAN_POINT('',(0.25,-0.19,0.26));
#1046 = VECTOR('',#1047,1.);
#1047 = DIRECTION('',(0.555709556774,5.538080009649E-16,0.83137650226));
#1048 = ORIENTED_EDGE('',*,*,#1049,.F.);
#1049 = EDGE_CURVE('',#726,#1042,#1050,.T.);
#1050 = LINE('',#1051,#1052);
#1051 = CARTESIAN_POINT('',(1.52,-0.19,2.8));
#1052 = VECTOR('',#1053,1.);
#1053 = DIRECTION('',(0.,-6.661338147751E-16,-1.));
#1054 = ORIENTED_EDGE('',*,*,#725,.T.);
#1055 = ORIENTED_EDGE('',*,*,#1056,.F.);
#1056 = EDGE_CURVE('',#1057,#728,#1059,.T.);
#1057 = VERTEX_POINT('',#1058);
#1058 = CARTESIAN_POINT('',(1.02,-0.19,2.16));
#1059 = LINE('',#1060,#1061);
#1060 = CARTESIAN_POINT('',(1.02,-0.19,2.16));
#1061 = VECTOR('',#1062,1.);
#1062 = DIRECTION('',(0.,6.661338147751E-16,1.));
#1063 = ORIENTED_EDGE('',*,*,#1064,.F.);
#1064 = EDGE_CURVE('',#1065,#1057,#1067,.T.);
#1065 = VERTEX_POINT('',#1066);
#1066 = CARTESIAN_POINT('',(-0.25,-0.19,0.26));
#1067 = LINE('',#1068,#1069);
#1068 = CARTESIAN_POINT('',(-0.25,-0.19,0.26));
#1069 = VECTOR('',#1070,1.);
#1070 = DIRECTION('',(0.555709556774,5.538080009649E-16,0.83137650226));
#1071 = ORIENTED_EDGE('',*,*,#1072,.F.);
#1072 = EDGE_CURVE('',#1073,#1065,#1075,.T.);
#1073 = VERTEX_POINT('',#1074);
#1074 = CARTESIAN_POINT('',(-0.25,-0.19,-2.7));
#1075 = LINE('',#1076,#1077);
#1076 = CARTESIAN_POINT('',(-0.25,-0.19,-2.7));
#1077 = VECTOR('',#1078,1.);
#1078 = DIRECTION('',(0.,6.661338147751E-16,1.));
#1079 = ORIENTED_EDGE('',*,*,#1080,.F.);
#1080 = EDGE_CURVE('',#1034,#1073,#1081,.T.);
#1081 = LINE('',#1082,#1083);
#1082 = CARTESIAN_POINT('',(0.25,-0.19,-2.7));
#1083 = VECTOR('',#1084,1.);
#1084 = DIRECTION('',(-1.,0.,0.));
#1085 = PLANE('',#1086);
#1086 = AXIS2_PLACEMENT_3D('',#1087,#1088,#1089);
#1087 = CARTESIAN_POINT('',(0.25,-0.19,0.26));
#1088 = DIRECTION('',(0.,-1.,6.661338147751E-16));
#1089 = DIRECTION('',(0.,-6.661338147751E-16,-1.));
#1090 = ADVANCED_FACE('',(#1091),#1109,.T.);
#1091 = FACE_BOUND('',#1092,.T.);
#1092 = EDGE_LOOP('',(#1093,#1101,#1107,#1108));
#1093 = ORIENTED_EDGE('',*,*,#1094,.F.);
#1094 = EDGE_CURVE('',#1095,#744,#1097,.T.);
#1095 = VERTEX_POINT('',#1096);
#1096 = CARTESIAN_POINT('',(1.02,0.19,2.16));
#1097 = LINE('',#1098,#1099);
#1098 = CARTESIAN_POINT('',(1.02,0.19,2.16));
#1099 = VECTOR('',#1100,1.);
#1100 = DIRECTION('',(0.,6.661338147751E-16,1.));
#1101 = ORIENTED_EDGE('',*,*,#1102,.T.);
#1102 = EDGE_CURVE('',#1095,#1057,#1103,.T.);
#1103 = LINE('',#1104,#1105);
#1104 = CARTESIAN_POINT('',(1.02,0.19,2.16));
#1105 = VECTOR('',#1106,1.);
#1106 = DIRECTION('',(0.,-1.,4.440892098501E-16));
#1107 = ORIENTED_EDGE('',*,*,#1056,.T.);
#1108 = ORIENTED_EDGE('',*,*,#751,.T.);
#1109 = PLANE('',#1110);
#1110 = AXIS2_PLACEMENT_3D('',#1111,#1112,#1113);
#1111 = CARTESIAN_POINT('',(1.02,0.19,2.16));
#1112 = DIRECTION('',(-1.,0.,0.));
#1113 = DIRECTION('',(0.,6.661338147751E-16,1.));
#1114 = ADVANCED_FACE('',(#1115),#1165,.F.);
#1115 = FACE_BOUND('',#1116,.F.);
#1116 = EDGE_LOOP('',(#1117,#1127,#1135,#1141,#1142,#1143,#1151,#1159));
#1117 = ORIENTED_EDGE('',*,*,#1118,.F.);
#1118 = EDGE_CURVE('',#1119,#1121,#1123,.T.);
#1119 = VERTEX_POINT('',#1120);
#1120 = CARTESIAN_POINT('',(0.25,0.19,0.26));
#1121 = VERTEX_POINT('',#1122);
#1122 = CARTESIAN_POINT('',(0.25,0.19,-2.7));
#1123 = LINE('',#1124,#1125);
#1124 = CARTESIAN_POINT('',(0.25,0.19,0.26));
#1125 = VECTOR('',#1126,1.);
#1126 = DIRECTION('',(0.,-6.661338147751E-16,-1.));
#1127 = ORIENTED_EDGE('',*,*,#1128,.T.);
#1128 = EDGE_CURVE('',#1119,#1129,#1131,.T.);
#1129 = VERTEX_POINT('',#1130);
#1130 = CARTESIAN_POINT('',(1.52,0.19,2.16));
#1131 = LINE('',#1132,#1133);
#1132 = CARTESIAN_POINT('',(0.25,0.19,0.26));
#1133 = VECTOR('',#1134,1.);
#1134 = DIRECTION('',(0.555709556774,5.538080009649E-16,0.83137650226));
#1135 = ORIENTED_EDGE('',*,*,#1136,.F.);
#1136 = EDGE_CURVE('',#736,#1129,#1137,.T.);
#1137 = LINE('',#1138,#1139);
#1138 = CARTESIAN_POINT('',(1.52,0.19,2.8));
#1139 = VECTOR('',#1140,1.);
#1140 = DIRECTION('',(0.,-6.661338147751E-16,-1.));
#1141 = ORIENTED_EDGE('',*,*,#743,.T.);
#1142 = ORIENTED_EDGE('',*,*,#1094,.F.);
#1143 = ORIENTED_EDGE('',*,*,#1144,.F.);
#1144 = EDGE_CURVE('',#1145,#1095,#1147,.T.);
#1145 = VERTEX_POINT('',#1146);
#1146 = CARTESIAN_POINT('',(-0.25,0.19,0.26));
#1147 = LINE('',#1148,#1149);
#1148 = CARTESIAN_POINT('',(-0.25,0.19,0.26));
#1149 = VECTOR('',#1150,1.);
#1150 = DIRECTION('',(0.555709556774,5.538080009649E-16,0.83137650226));
#1151 = ORIENTED_EDGE('',*,*,#1152,.F.);
#1152 = EDGE_CURVE('',#1153,#1145,#1155,.T.);
#1153 = VERTEX_POINT('',#1154);
#1154 = CARTESIAN_POINT('',(-0.25,0.19,-2.7));
#1155 = LINE('',#1156,#1157);
#1156 = CARTESIAN_POINT('',(-0.25,0.19,-2.7));
#1157 = VECTOR('',#1158,1.);
#1158 = DIRECTION('',(0.,6.661338147751E-16,1.));
#1159 = ORIENTED_EDGE('',*,*,#1160,.F.);
#1160 = EDGE_CURVE('',#1121,#1153,#1161,.T.);
#1161 = LINE('',#1162,#1163);
#1162 = CARTESIAN_POINT('',(0.25,0.19,-2.7));
#1163 = VECTOR('',#1164,1.);
#1164 = DIRECTION('',(-1.,0.,0.));
#1165 = PLANE('',#1166);
#1166 = AXIS2_PLACEMENT_3D('',#1167,#1168,#1169);
#1167 = CARTESIAN_POINT('',(0.25,0.19,0.26));
#1168 = DIRECTION('',(0.,-1.,6.661338147751E-16));
#1169 = DIRECTION('',(0.,-6.661338147751E-16,-1.));
#1170 = ADVANCED_FACE('',(#1171),#1182,.T.);
#1171 = FACE_BOUND('',#1172,.T.);
#1172 = EDGE_LOOP('',(#1173,#1174,#1175,#1176));
#1173 = ORIENTED_EDGE('',*,*,#1136,.F.);
#1174 = ORIENTED_EDGE('',*,*,#735,.T.);
#1175 = ORIENTED_EDGE('',*,*,#1049,.T.);
#1176 = ORIENTED_EDGE('',*,*,#1177,.F.);
#1177 = EDGE_CURVE('',#1129,#1042,#1178,.T.);
#1178 = LINE('',#1179,#1180);
#1179 = CARTESIAN_POINT('',(1.52,0.19,2.16));
#1180 = VECTOR('',#1181,1.);
#1181 = DIRECTION('',(0.,-1.,4.440892098501E-16));
#1182 = PLANE('',#1183);
#1183 = AXIS2_PLACEMENT_3D('',#1184,#1185,#1186);
#1184 = CARTESIAN_POINT('',(1.52,0.19,2.8));
#1185 = DIRECTION('',(1.,0.,0.));
#1186 = DIRECTION('',(0.,-6.661338147751E-16,-1.));
#1187 = ADVANCED_FACE('',(#1188),#1194,.T.);
#1188 = FACE_BOUND('',#1189,.T.);
#1189 = EDGE_LOOP('',(#1190,#1191,#1192,#1193));
#1190 = ORIENTED_EDGE('',*,*,#792,.T.);
#1191 = ORIENTED_EDGE('',*,*,#815,.T.);
#1192 = ORIENTED_EDGE('',*,*,#838,.F.);
#1193 = ORIENTED_EDGE('',*,*,#856,.F.);
#1194 = PLANE('',#1195);
#1195 = AXIS2_PLACEMENT_3D('',#1196,#1197,#1198);
#1196 = CARTESIAN_POINT('',(2.79,0.19,-2.7));
#1197 = DIRECTION('',(0.,-4.440892098501E-16,-1.));
#1198 = DIRECTION('',(-1.,-0.,0.));
#1199 = ADVANCED_FACE('',(#1200),#1211,.F.);
#1200 = FACE_BOUND('',#1201,.F.);
#1201 = EDGE_LOOP('',(#1202,#1208,#1209,#1210));
#1202 = ORIENTED_EDGE('',*,*,#1203,.T.);
#1203 = EDGE_CURVE('',#983,#903,#1204,.T.);
#1204 = LINE('',#1205,#1206);
#1205 = CARTESIAN_POINT('',(5.33,0.19,0.26));
#1206 = VECTOR('',#1207,1.);
#1207 = DIRECTION('',(0.,-1.,4.440892098501E-16));
#1208 = ORIENTED_EDGE('',*,*,#912,.T.);
#1209 = ORIENTED_EDGE('',*,*,#888,.F.);
#1210 = ORIENTED_EDGE('',*,*,#992,.F.);
#1211 = PLANE('',#1212);
#1212 = AXIS2_PLACEMENT_3D('',#1213,#1214,#1215);
#1213 = CARTESIAN_POINT('',(5.33,0.19,0.26));
#1214 = DIRECTION('',(-0.83137650226,-2.467846179738E-16,-0.555709556774
    ));
#1215 = DIRECTION('',(-0.555709556774,5.538080009649E-16,0.83137650226)
  );
#1216 = ADVANCED_FACE('',(#1217),#1228,.T.);
#1217 = FACE_BOUND('',#1218,.T.);
#1218 = EDGE_LOOP('',(#1219,#1220,#1221,#1227));
#1219 = ORIENTED_EDGE('',*,*,#1203,.T.);
#1220 = ORIENTED_EDGE('',*,*,#902,.T.);
#1221 = ORIENTED_EDGE('',*,*,#1222,.F.);
#1222 = EDGE_CURVE('',#985,#905,#1223,.T.);
#1223 = LINE('',#1224,#1225);
#1224 = CARTESIAN_POINT('',(5.33,0.19,-2.7));
#1225 = VECTOR('',#1226,1.);
#1226 = DIRECTION('',(0.,-1.,4.440892098501E-16));
#1227 = ORIENTED_EDGE('',*,*,#982,.F.);
#1228 = PLANE('',#1229);
#1229 = AXIS2_PLACEMENT_3D('',#1230,#1231,#1232);
#1230 = CARTESIAN_POINT('',(5.33,0.19,0.26));
#1231 = DIRECTION('',(1.,0.,0.));
#1232 = DIRECTION('',(0.,-6.661338147751E-16,-1.));
#1233 = ADVANCED_FACE('',(#1234),#1245,.T.);
#1234 = FACE_BOUND('',#1235,.T.);
#1235 = EDGE_LOOP('',(#1236,#1237,#1238,#1244));
#1236 = ORIENTED_EDGE('',*,*,#1222,.T.);
#1237 = ORIENTED_EDGE('',*,*,#944,.T.);
#1238 = ORIENTED_EDGE('',*,*,#1239,.F.);
#1239 = EDGE_CURVE('',#1010,#937,#1240,.T.);
#1240 = LINE('',#1241,#1242);
#1241 = CARTESIAN_POINT('',(4.83,0.19,-2.7));
#1242 = VECTOR('',#1243,1.);
#1243 = DIRECTION('',(0.,-1.,4.440892098501E-16));
#1244 = ORIENTED_EDGE('',*,*,#1017,.F.);
#1245 = PLANE('',#1246);
#1246 = AXIS2_PLACEMENT_3D('',#1247,#1248,#1249);
#1247 = CARTESIAN_POINT('',(5.33,0.19,-2.7));
#1248 = DIRECTION('',(0.,-4.440892098501E-16,-1.));
#1249 = DIRECTION('',(-1.,-0.,0.));
#1250 = ADVANCED_FACE('',(#1251),#1262,.T.);
#1251 = FACE_BOUND('',#1252,.T.);
#1252 = EDGE_LOOP('',(#1253,#1254,#1255,#1261));
#1253 = ORIENTED_EDGE('',*,*,#1239,.T.);
#1254 = ORIENTED_EDGE('',*,*,#936,.T.);
#1255 = ORIENTED_EDGE('',*,*,#1256,.F.);
#1256 = EDGE_CURVE('',#1002,#929,#1257,.T.);
#1257 = LINE('',#1258,#1259);
#1258 = CARTESIAN_POINT('',(4.83,0.19,0.26));
#1259 = VECTOR('',#1260,1.);
#1260 = DIRECTION('',(0.,-1.,4.440892098501E-16));
#1261 = ORIENTED_EDGE('',*,*,#1009,.F.);
#1262 = PLANE('',#1263);
#1263 = AXIS2_PLACEMENT_3D('',#1264,#1265,#1266);
#1264 = CARTESIAN_POINT('',(4.83,0.19,-2.7));
#1265 = DIRECTION('',(-1.,0.,0.));
#1266 = DIRECTION('',(0.,6.661338147751E-16,1.));
#1267 = ADVANCED_FACE('',(#1268),#1274,.F.);
#1268 = FACE_BOUND('',#1269,.F.);
#1269 = EDGE_LOOP('',(#1270,#1271,#1272,#1273));
#1270 = ORIENTED_EDGE('',*,*,#966,.T.);
#1271 = ORIENTED_EDGE('',*,*,#928,.T.);
#1272 = ORIENTED_EDGE('',*,*,#1256,.F.);
#1273 = ORIENTED_EDGE('',*,*,#1001,.F.);
#1274 = PLANE('',#1275);
#1275 = AXIS2_PLACEMENT_3D('',#1276,#1277,#1278);
#1276 = CARTESIAN_POINT('',(3.56,0.19,2.16));
#1277 = DIRECTION('',(0.83137650226,2.467846179738E-16,0.555709556774));
#1278 = DIRECTION('',(0.555709556774,-5.538080009649E-16,-0.83137650226)
  );
#1279 = ADVANCED_FACE('',(#1280),#1296,.T.);
#1280 = FACE_BOUND('',#1281,.T.);
#1281 = EDGE_LOOP('',(#1282,#1288,#1289,#1295));
#1282 = ORIENTED_EDGE('',*,*,#1283,.T.);
#1283 = EDGE_CURVE('',#1119,#1032,#1284,.T.);
#1284 = LINE('',#1285,#1286);
#1285 = CARTESIAN_POINT('',(0.25,0.19,0.26));
#1286 = VECTOR('',#1287,1.);
#1287 = DIRECTION('',(0.,-1.,4.440892098501E-16));
#1288 = ORIENTED_EDGE('',*,*,#1031,.T.);
#1289 = ORIENTED_EDGE('',*,*,#1290,.F.);
#1290 = EDGE_CURVE('',#1121,#1034,#1291,.T.);
#1291 = LINE('',#1292,#1293);
#1292 = CARTESIAN_POINT('',(0.25,0.19,-2.7));
#1293 = VECTOR('',#1294,1.);
#1294 = DIRECTION('',(0.,-1.,4.440892098501E-16));
#1295 = ORIENTED_EDGE('',*,*,#1118,.F.);
#1296 = PLANE('',#1297);
#1297 = AXIS2_PLACEMENT_3D('',#1298,#1299,#1300);
#1298 = CARTESIAN_POINT('',(0.25,0.19,0.26));
#1299 = DIRECTION('',(1.,0.,0.));
#1300 = DIRECTION('',(0.,-6.661338147751E-16,-1.));
#1301 = ADVANCED_FACE('',(#1302),#1313,.T.);
#1302 = FACE_BOUND('',#1303,.T.);
#1303 = EDGE_LOOP('',(#1304,#1305,#1306,#1312));
#1304 = ORIENTED_EDGE('',*,*,#1290,.T.);
#1305 = ORIENTED_EDGE('',*,*,#1080,.T.);
#1306 = ORIENTED_EDGE('',*,*,#1307,.F.);
#1307 = EDGE_CURVE('',#1153,#1073,#1308,.T.);
#1308 = LINE('',#1309,#1310);
#1309 = CARTESIAN_POINT('',(-0.25,0.19,-2.7));
#1310 = VECTOR('',#1311,1.);
#1311 = DIRECTION('',(0.,-1.,4.440892098501E-16));
#1312 = ORIENTED_EDGE('',*,*,#1160,.F.);
#1313 = PLANE('',#1314);
#1314 = AXIS2_PLACEMENT_3D('',#1315,#1316,#1317);
#1315 = CARTESIAN_POINT('',(0.25,0.19,-2.7));
#1316 = DIRECTION('',(0.,-4.440892098501E-16,-1.));
#1317 = DIRECTION('',(-1.,-0.,0.));
#1318 = ADVANCED_FACE('',(#1319),#1330,.T.);
#1319 = FACE_BOUND('',#1320,.T.);
#1320 = EDGE_LOOP('',(#1321,#1322,#1323,#1329));
#1321 = ORIENTED_EDGE('',*,*,#1307,.T.);
#1322 = ORIENTED_EDGE('',*,*,#1072,.T.);
#1323 = ORIENTED_EDGE('',*,*,#1324,.F.);
#1324 = EDGE_CURVE('',#1145,#1065,#1325,.T.);
#1325 = LINE('',#1326,#1327);
#1326 = CARTESIAN_POINT('',(-0.25,0.19,0.26));
#1327 = VECTOR('',#1328,1.);
#1328 = DIRECTION('',(0.,-1.,4.440892098501E-16));
#1329 = ORIENTED_EDGE('',*,*,#1152,.F.);
#1330 = PLANE('',#1331);
#1331 = AXIS2_PLACEMENT_3D('',#1332,#1333,#1334);
#1332 = CARTESIAN_POINT('',(-0.25,0.19,-2.7));
#1333 = DIRECTION('',(-1.,0.,0.));
#1334 = DIRECTION('',(0.,6.661338147751E-16,1.));
#1335 = ADVANCED_FACE('',(#1336),#1342,.T.);
#1336 = FACE_BOUND('',#1337,.T.);
#1337 = EDGE_LOOP('',(#1338,#1339,#1340,#1341));
#1338 = ORIENTED_EDGE('',*,*,#1324,.T.);
#1339 = ORIENTED_EDGE('',*,*,#1064,.T.);
#1340 = ORIENTED_EDGE('',*,*,#1102,.F.);
#1341 = ORIENTED_EDGE('',*,*,#1144,.F.);
#1342 = PLANE('',#1343);
#1343 = AXIS2_PLACEMENT_3D('',#1344,#1345,#1346);
#1344 = CARTESIAN_POINT('',(-0.25,0.19,0.26));
#1345 = DIRECTION('',(-0.83137650226,2.467846179738E-16,0.555709556774)
  );
#1346 = DIRECTION('',(0.555709556774,5.538080009649E-16,0.83137650226));
#1347 = ADVANCED_FACE('',(#1348),#1354,.F.);
#1348 = FACE_BOUND('',#1349,.F.);
#1349 = EDGE_LOOP('',(#1350,#1351,#1352,#1353));
#1350 = ORIENTED_EDGE('',*,*,#1283,.T.);
#1351 = ORIENTED_EDGE('',*,*,#1041,.T.);
#1352 = ORIENTED_EDGE('',*,*,#1177,.F.);
#1353 = ORIENTED_EDGE('',*,*,#1128,.F.);
#1354 = PLANE('',#1355);
#1355 = AXIS2_PLACEMENT_3D('',#1356,#1357,#1358);
#1356 = CARTESIAN_POINT('',(0.25,0.19,0.26));
#1357 = DIRECTION('',(-0.83137650226,2.467846179738E-16,0.555709556774)
  );
#1358 = DIRECTION('',(0.555709556774,5.538080009649E-16,0.83137650226));
#1359 = ( GEOMETRIC_REPRESENTATION_CONTEXT(3) 
GLOBAL_UNCERTAINTY_ASSIGNED_CONTEXT((#1363)) 
GLOBAL_UNIT_ASSIGNED_CONTEXT((#1360,#1361,#1362)) REPRESENTATION_CONTEXT
('Context #1','3D Context with UNIT and UNCERTAINTY') );
#1360 = ( LENGTH_UNIT() NAMED_UNIT(*) SI_UNIT(.MILLI.,.METRE.) );
#1361 = ( NAMED_UNIT(*) PLANE_ANGLE_UNIT() SI_UNIT($,.RADIAN.) );
#1362 = ( NAMED_UNIT(*) SI_UNIT($,.STERADIAN.) SOLID_ANGLE_UNIT() );
#1363 = UNCERTAINTY_MEASURE_WITH_UNIT(LENGTH_MEASURE(1.E-07),#1360,
  'distance_accuracy_value','confusion accuracy');
#1364 = CONTEXT_DEPENDENT_SHAPE_REPRESENTATION(#1365,#1367);
#1365 = ( REPRESENTATION_RELATIONSHIP('','',#582,#10) 
REPRESENTATION_RELATIONSHIP_WITH_TRANSFORMATION(#1366) 
SHAPE_REPRESENTATION_RELATIONSHIP() );
#1366 = ITEM_DEFINED_TRANSFORMATION('','',#11,#19);
#1367 = PRODUCT_DEFINITION_SHAPE('Placement','Placement of an item',
  #1368);
#1368 = NEXT_ASSEMBLY_USAGE_OCCURRENCE('2','Q2','',#5,#577,$);
#1369 = PRODUCT_RELATED_PRODUCT_CATEGORY('part',$,(#579));
#1370 = CONTEXT_DEPENDENT_SHAPE_REPRESENTATION(#1371,#1373);
#1371 = ( REPRESENTATION_RELATIONSHIP('','',#176,#10) 
REPRESENTATION_RELATIONSHIP_WITH_TRANSFORMATION(#1372) 
SHAPE_REPRESENTATION_RELATIONSHIP() );
#1372 = ITEM_DEFINED_TRANSFORMATION('','',#11,#23);
#1373 = PRODUCT_DEFINITION_SHAPE('Placement','Placement of an item',
  #1374);
#1374 = NEXT_ASSEMBLY_USAGE_OCCURRENCE('3','R2','',#5,#171,$);
#1375 = SHAPE_DEFINITION_REPRESENTATION(#1376,#1382);
#1376 = PRODUCT_DEFINITION_SHAPE('','',#1377);
#1377 = PRODUCT_DEFINITION('design','',#1378,#1381);
#1378 = PRODUCT_DEFINITION_FORMATION('','',#1379);
#1379 = PRODUCT('D_DO-15_P15.24mm_Horizontal',
  'D_DO-15_P15.24mm_Horizontal','',(#1380));
#1380 = PRODUCT_CONTEXT('',#2,'mechanical');
#1381 = PRODUCT_DEFINITION_CONTEXT('part definition',#2,'design');
#1382 = ADVANCED_BREP_SHAPE_REPRESENTATION('',(#11,#1383),#1718);
#1383 = MANIFOLD_SOLID_BREP('',#1384);
#1384 = CLOSED_SHELL('',(#1385,#1418,#1427,#1453,#1478,#1498,#1523,#1543
    ,#1568,#1588,#1613,#1633,#1658,#1684,#1709));
#1385 = ADVANCED_FACE('',(#1386),#1413,.T.);
#1386 = FACE_BOUND('',#1387,.T.);
#1387 = EDGE_LOOP('',(#1388,#1398,#1405,#1406));
#1388 = ORIENTED_EDGE('',*,*,#1389,.T.);
#1389 = EDGE_CURVE('',#1390,#1392,#1394,.T.);
#1390 = VERTEX_POINT('',#1391);
#1391 = CARTESIAN_POINT('',(0.45,-2.212405143858E-16,-2.5));
#1392 = VERTEX_POINT('',#1393);
#1393 = CARTESIAN_POINT('',(0.45,7.549516567451E-16,1.4));
#1394 = LINE('',#1395,#1396);
#1395 = CARTESIAN_POINT('',(0.45,7.549516567451E-16,1.4));
#1396 = VECTOR('',#1397,1.);
#1397 = DIRECTION('',(0.,2.22044604925E-16,1.));
#1398 = ORIENTED_EDGE('',*,*,#1399,.F.);
#1399 = EDGE_CURVE('',#1392,#1392,#1400,.T.);
#1400 = CIRCLE('',#1401,0.45);
#1401 = AXIS2_PLACEMENT_3D('',#1402,#1403,#1404);
#1402 = CARTESIAN_POINT('',(0.,7.549516567451E-16,1.4));
#1403 = DIRECTION('',(-0.,2.22044604925E-16,1.));
#1404 = DIRECTION('',(1.,0.,0.));
#1405 = ORIENTED_EDGE('',*,*,#1389,.F.);
#1406 = ORIENTED_EDGE('',*,*,#1407,.T.);
#1407 = EDGE_CURVE('',#1390,#1390,#1408,.T.);
#1408 = CIRCLE('',#1409,0.45);
#1409 = AXIS2_PLACEMENT_3D('',#1410,#1411,#1412);
#1410 = CARTESIAN_POINT('',(0.,-1.110223024625E-16,-2.5));
#1411 = DIRECTION('',(-0.,2.22044604925E-16,1.));
#1412 = DIRECTION('',(1.,0.,0.));
#1413 = CYLINDRICAL_SURFACE('',#1414,0.45);
#1414 = AXIS2_PLACEMENT_3D('',#1415,#1416,#1417);
#1415 = CARTESIAN_POINT('',(0.,7.549516567451E-16,1.4));
#1416 = DIRECTION('',(0.,2.22044604925E-16,1.));
#1417 = DIRECTION('',(1.,0.,-0.));
#1418 = ADVANCED_FACE('',(#1419),#1422,.T.);
#1419 = FACE_BOUND('',#1420,.F.);
#1420 = EDGE_LOOP('',(#1421));
#1421 = ORIENTED_EDGE('',*,*,#1407,.T.);
#1422 = PLANE('',#1423);
#1423 = AXIS2_PLACEMENT_3D('',#1424,#1425,#1426);
#1424 = CARTESIAN_POINT('',(0.45,-1.110223024625E-16,-2.5));
#1425 = DIRECTION('',(0.,0.,-1.));
#1426 = DIRECTION('',(-1.,0.,0.));
#1427 = ADVANCED_FACE('',(#1428),#1448,.T.);
#1428 = FACE_BOUND('',#1429,.T.);
#1429 = EDGE_LOOP('',(#1430,#1439,#1446,#1447));
#1430 = ORIENTED_EDGE('',*,*,#1431,.T.);
#1431 = EDGE_CURVE('',#1392,#1432,#1434,.T.);
#1432 = VERTEX_POINT('',#1433);
#1433 = CARTESIAN_POINT('',(0.9,8.548717289614E-16,1.85));
#1434 = CIRCLE('',#1435,0.45);
#1435 = AXIS2_PLACEMENT_3D('',#1436,#1437,#1438);
#1436 = CARTESIAN_POINT('',(0.9,9.2027897463E-16,1.4));
#1437 = DIRECTION('',(0.,1.,-2.22044604925E-16));
#1438 = DIRECTION('',(1.,0.,0.));
#1439 = ORIENTED_EDGE('',*,*,#1440,.T.);
#1440 = EDGE_CURVE('',#1432,#1432,#1441,.T.);
#1441 = CIRCLE('',#1442,0.45);
#1442 = AXIS2_PLACEMENT_3D('',#1443,#1444,#1445);
#1443 = CARTESIAN_POINT('',(0.9,9.547918011776E-16,2.3));
#1444 = DIRECTION('',(-1.,-4.078893220341E-32,-1.836970198721E-16));
#1445 = DIRECTION('',(-1.836970198721E-16,2.22044604925E-16,1.));
#1446 = ORIENTED_EDGE('',*,*,#1431,.F.);
#1447 = ORIENTED_EDGE('',*,*,#1399,.T.);
#1448 = TOROIDAL_SURFACE('',#1449,0.9,0.45);
#1449 = AXIS2_PLACEMENT_3D('',#1450,#1451,#1452);
#1450 = CARTESIAN_POINT('',(0.9,7.549516567451E-16,1.4));
#1451 = DIRECTION('',(0.,1.,-2.22044604925E-16));
#1452 = DIRECTION('',(1.,0.,0.));
#1453 = ADVANCED_FACE('',(#1454),#1473,.T.);
#1454 = FACE_BOUND('',#1455,.T.);
#1455 = EDGE_LOOP('',(#1456,#1457,#1465,#1472));
#1456 = ORIENTED_EDGE('',*,*,#1440,.F.);
#1457 = ORIENTED_EDGE('',*,*,#1458,.T.);
#1458 = EDGE_CURVE('',#1432,#1459,#1461,.T.);
#1459 = VERTEX_POINT('',#1460);
#1460 = CARTESIAN_POINT('',(3.82,8.548717289614E-16,1.85));
#1461 = LINE('',#1462,#1463);
#1462 = CARTESIAN_POINT('',(0.9,8.548717289614E-16,1.85));
#1463 = VECTOR('',#1464,1.);
#1464 = DIRECTION('',(1.,0.,0.));
#1465 = ORIENTED_EDGE('',*,*,#1466,.F.);
#1466 = EDGE_CURVE('',#1459,#1459,#1467,.T.);
#1467 = CIRCLE('',#1468,0.45);
#1468 = AXIS2_PLACEMENT_3D('',#1469,#1470,#1471);
#1469 = CARTESIAN_POINT('',(3.82,9.547918011776E-16,2.3));
#1470 = DIRECTION('',(1.,0.,0.));
#1471 = DIRECTION('',(0.,-2.22044604925E-16,-1.));
#1472 = ORIENTED_EDGE('',*,*,#1458,.F.);
#1473 = CYLINDRICAL_SURFACE('',#1474,0.45);
#1474 = AXIS2_PLACEMENT_3D('',#1475,#1476,#1477);
#1475 = CARTESIAN_POINT('',(0.9,9.547918011776E-16,2.3));
#1476 = DIRECTION('',(1.,0.,0.));
#1477 = DIRECTION('',(0.,-2.22044604925E-16,-1.));
#1478 = ADVANCED_FACE('',(#1479,#1490),#1493,.F.);
#1479 = FACE_BOUND('',#1480,.T.);
#1480 = EDGE_LOOP('',(#1481));
#1481 = ORIENTED_EDGE('',*,*,#1482,.F.);
#1482 = EDGE_CURVE('',#1483,#1483,#1485,.T.);
#1483 = VERTEX_POINT('',#1484);
#1484 = CARTESIAN_POINT('',(3.82,2.731148640578E-15,4.1));
#1485 = CIRCLE('',#1486,1.8);
#1486 = AXIS2_PLACEMENT_3D('',#1487,#1488,#1489);
#1487 = CARTESIAN_POINT('',(3.82,1.021405182655E-15,2.3));
#1488 = DIRECTION('',(1.,0.,-0.));
#1489 = DIRECTION('',(0.,9.498574766237E-16,1.));
#1490 = FACE_BOUND('',#1491,.T.);
#1491 = EDGE_LOOP('',(#1492));
#1492 = ORIENTED_EDGE('',*,*,#1466,.T.);
#1493 = PLANE('',#1494);
#1494 = AXIS2_PLACEMENT_3D('',#1495,#1496,#1497);
#1495 = CARTESIAN_POINT('',(3.82,1.021405182655E-15,2.3));
#1496 = DIRECTION('',(1.,0.,0.));
#1497 = DIRECTION('',(-0.,9.498574766237E-16,1.));
#1498 = ADVANCED_FACE('',(#1499),#1518,.T.);
#1499 = FACE_BOUND('',#1500,.T.);
#1500 = EDGE_LOOP('',(#1501,#1509,#1510,#1511));
#1501 = ORIENTED_EDGE('',*,*,#1502,.F.);
#1502 = EDGE_CURVE('',#1483,#1503,#1505,.T.);
#1503 = VERTEX_POINT('',#1504);
#1504 = CARTESIAN_POINT('',(4.96,2.731148640578E-15,4.1));
#1505 = LINE('',#1506,#1507);
#1506 = CARTESIAN_POINT('',(3.82,2.731148640578E-15,4.1));
#1507 = VECTOR('',#1508,1.);
#1508 = DIRECTION('',(1.,0.,0.));
#1509 = ORIENTED_EDGE('',*,*,#1482,.T.);
#1510 = ORIENTED_EDGE('',*,*,#1502,.T.);
#1511 = ORIENTED_EDGE('',*,*,#1512,.F.);
#1512 = EDGE_CURVE('',#1503,#1503,#1513,.T.);
#1513 = CIRCLE('',#1514,1.8);
#1514 = AXIS2_PLACEMENT_3D('',#1515,#1516,#1517);
#1515 = CARTESIAN_POINT('',(4.96,1.021405182655E-15,2.3));
#1516 = DIRECTION('',(1.,0.,-0.));
#1517 = DIRECTION('',(0.,9.498574766237E-16,1.));
#1518 = CYLINDRICAL_SURFACE('',#1519,1.8);
#1519 = AXIS2_PLACEMENT_3D('',#1520,#1521,#1522);
#1520 = CARTESIAN_POINT('',(3.82,1.021405182655E-15,2.3));
#1521 = DIRECTION('',(1.,0.,0.));
#1522 = DIRECTION('',(-0.,9.498574766237E-16,1.));
#1523 = ADVANCED_FACE('',(#1524,#1535),#1538,.F.);
#1524 = FACE_BOUND('',#1525,.T.);
#1525 = EDGE_LOOP('',(#1526));
#1526 = ORIENTED_EDGE('',*,*,#1527,.F.);
#1527 = EDGE_CURVE('',#1528,#1528,#1530,.T.);
#1528 = VERTEX_POINT('',#1529);
#1529 = CARTESIAN_POINT('',(4.96,2.737809978726E-15,4.11));
#1530 = CIRCLE('',#1531,1.81);
#1531 = AXIS2_PLACEMENT_3D('',#1532,#1533,#1534);
#1532 = CARTESIAN_POINT('',(4.96,1.021405182655E-15,2.3));
#1533 = DIRECTION('',(1.,0.,-0.));
#1534 = DIRECTION('',(0.,9.482899425804E-16,1.));
#1535 = FACE_BOUND('',#1536,.T.);
#1536 = EDGE_LOOP('',(#1537));
#1537 = ORIENTED_EDGE('',*,*,#1512,.T.);
#1538 = PLANE('',#1539);
#1539 = AXIS2_PLACEMENT_3D('',#1540,#1541,#1542);
#1540 = CARTESIAN_POINT('',(4.96,1.021405182655E-15,2.3));
#1541 = DIRECTION('',(1.,0.,0.));
#1542 = DIRECTION('',(-0.,9.51442525014E-16,1.));
#1543 = ADVANCED_FACE('',(#1544),#1563,.T.);
#1544 = FACE_BOUND('',#1545,.T.);
#1545 = EDGE_LOOP('',(#1546,#1547,#1555,#1562));
#1546 = ORIENTED_EDGE('',*,*,#1527,.T.);
#1547 = ORIENTED_EDGE('',*,*,#1548,.T.);
#1548 = EDGE_CURVE('',#1528,#1549,#1551,.T.);
#1549 = VERTEX_POINT('',#1550);
#1550 = CARTESIAN_POINT('',(6.86,2.737809978726E-15,4.11));
#1551 = LINE('',#1552,#1553);
#1552 = CARTESIAN_POINT('',(4.96,2.737809978726E-15,4.11));
#1553 = VECTOR('',#1554,1.);
#1554 = DIRECTION('',(1.,0.,0.));
#1555 = ORIENTED_EDGE('',*,*,#1556,.F.);
#1556 = EDGE_CURVE('',#1549,#1549,#1557,.T.);
#1557 = CIRCLE('',#1558,1.81);
#1558 = AXIS2_PLACEMENT_3D('',#1559,#1560,#1561);
#1559 = CARTESIAN_POINT('',(6.86,1.021405182655E-15,2.3));
#1560 = DIRECTION('',(1.,0.,-0.));
#1561 = DIRECTION('',(0.,9.482899425804E-16,1.));
#1562 = ORIENTED_EDGE('',*,*,#1548,.F.);
#1563 = CYLINDRICAL_SURFACE('',#1564,1.81);
#1564 = AXIS2_PLACEMENT_3D('',#1565,#1566,#1567);
#1565 = CARTESIAN_POINT('',(4.96,1.021405182655E-15,2.3));
#1566 = DIRECTION('',(1.,0.,0.));
#1567 = DIRECTION('',(-0.,9.482899425804E-16,1.));
#1568 = ADVANCED_FACE('',(#1569,#1572),#1583,.T.);
#1569 = FACE_BOUND('',#1570,.T.);
#1570 = EDGE_LOOP('',(#1571));
#1571 = ORIENTED_EDGE('',*,*,#1556,.T.);
#1572 = FACE_BOUND('',#1573,.T.);
#1573 = EDGE_LOOP('',(#1574));
#1574 = ORIENTED_EDGE('',*,*,#1575,.F.);
#1575 = EDGE_CURVE('',#1576,#1576,#1578,.T.);
#1576 = VERTEX_POINT('',#1577);
#1577 = CARTESIAN_POINT('',(6.86,2.731148640578E-15,4.1));
#1578 = CIRCLE('',#1579,1.8);
#1579 = AXIS2_PLACEMENT_3D('',#1580,#1581,#1582);
#1580 = CARTESIAN_POINT('',(6.86,1.021405182655E-15,2.3));
#1581 = DIRECTION('',(1.,0.,-0.));
#1582 = DIRECTION('',(0.,9.498574766237E-16,1.));
#1583 = PLANE('',#1584);
#1584 = AXIS2_PLACEMENT_3D('',#1585,#1586,#1587);
#1585 = CARTESIAN_POINT('',(6.86,1.021405182655E-15,2.3));
#1586 = DIRECTION('',(1.,0.,0.));
#1587 = DIRECTION('',(-0.,9.482899425804E-16,1.));
#1588 = ADVANCED_FACE('',(#1589),#1608,.T.);
#1589 = FACE_BOUND('',#1590,.T.);
#1590 = EDGE_LOOP('',(#1591,#1592,#1600,#1607));
#1591 = ORIENTED_EDGE('',*,*,#1575,.T.);
#1592 = ORIENTED_EDGE('',*,*,#1593,.T.);
#1593 = EDGE_CURVE('',#1576,#1594,#1596,.T.);
#1594 = VERTEX_POINT('',#1595);
#1595 = CARTESIAN_POINT('',(11.42,2.731148640578E-15,4.1));
#1596 = LINE('',#1597,#1598);
#1597 = CARTESIAN_POINT('',(3.82,2.731148640578E-15,4.1));
#1598 = VECTOR('',#1599,1.);
#1599 = DIRECTION('',(1.,0.,0.));
#1600 = ORIENTED_EDGE('',*,*,#1601,.F.);
#1601 = EDGE_CURVE('',#1594,#1594,#1602,.T.);
#1602 = CIRCLE('',#1603,1.8);
#1603 = AXIS2_PLACEMENT_3D('',#1604,#1605,#1606);
#1604 = CARTESIAN_POINT('',(11.42,1.021405182655E-15,2.3));
#1605 = DIRECTION('',(1.,0.,-0.));
#1606 = DIRECTION('',(0.,9.498574766237E-16,1.));
#1607 = ORIENTED_EDGE('',*,*,#1593,.F.);
#1608 = CYLINDRICAL_SURFACE('',#1609,1.8);
#1609 = AXIS2_PLACEMENT_3D('',#1610,#1611,#1612);
#1610 = CARTESIAN_POINT('',(3.82,1.021405182655E-15,2.3));
#1611 = DIRECTION('',(1.,0.,0.));
#1612 = DIRECTION('',(-0.,9.498574766237E-16,1.));
#1613 = ADVANCED_FACE('',(#1614,#1617),#1628,.T.);
#1614 = FACE_BOUND('',#1615,.F.);
#1615 = EDGE_LOOP('',(#1616));
#1616 = ORIENTED_EDGE('',*,*,#1601,.F.);
#1617 = FACE_BOUND('',#1618,.F.);
#1618 = EDGE_LOOP('',(#1619));
#1619 = ORIENTED_EDGE('',*,*,#1620,.T.);
#1620 = EDGE_CURVE('',#1621,#1621,#1623,.T.);
#1621 = VERTEX_POINT('',#1622);
#1622 = CARTESIAN_POINT('',(11.42,8.548717289614E-16,1.85));
#1623 = CIRCLE('',#1624,0.45);
#1624 = AXIS2_PLACEMENT_3D('',#1625,#1626,#1627);
#1625 = CARTESIAN_POINT('',(11.42,9.547918011776E-16,2.3));
#1626 = DIRECTION('',(1.,0.,0.));
#1627 = DIRECTION('',(0.,-2.22044604925E-16,-1.));
#1628 = PLANE('',#1629);
#1629 = AXIS2_PLACEMENT_3D('',#1630,#1631,#1632);
#1630 = CARTESIAN_POINT('',(11.42,1.021405182655E-15,2.3));
#1631 = DIRECTION('',(1.,0.,0.));
#1632 = DIRECTION('',(-0.,9.498574766237E-16,1.));
#1633 = ADVANCED_FACE('',(#1634),#1653,.T.);
#1634 = FACE_BOUND('',#1635,.T.);
#1635 = EDGE_LOOP('',(#1636,#1637,#1645,#1652));
#1636 = ORIENTED_EDGE('',*,*,#1620,.T.);
#1637 = ORIENTED_EDGE('',*,*,#1638,.T.);
#1638 = EDGE_CURVE('',#1621,#1639,#1641,.T.);
#1639 = VERTEX_POINT('',#1640);
#1640 = CARTESIAN_POINT('',(14.34,8.548717289614E-16,1.85));
#1641 = LINE('',#1642,#1643);
#1642 = CARTESIAN_POINT('',(0.9,8.548717289614E-16,1.85));
#1643 = VECTOR('',#1644,1.);
#1644 = DIRECTION('',(1.,0.,0.));
#1645 = ORIENTED_EDGE('',*,*,#1646,.F.);
#1646 = EDGE_CURVE('',#1639,#1639,#1647,.T.);
#1647 = CIRCLE('',#1648,0.45);
#1648 = AXIS2_PLACEMENT_3D('',#1649,#1650,#1651);
#1649 = CARTESIAN_POINT('',(14.34,9.547918011776E-16,2.3));
#1650 = DIRECTION('',(1.,0.,0.));
#1651 = DIRECTION('',(0.,-2.22044604925E-16,-1.));
#1652 = ORIENTED_EDGE('',*,*,#1638,.F.);
#1653 = CYLINDRICAL_SURFACE('',#1654,0.45);
#1654 = AXIS2_PLACEMENT_3D('',#1655,#1656,#1657);
#1655 = CARTESIAN_POINT('',(0.9,9.547918011776E-16,2.3));
#1656 = DIRECTION('',(1.,0.,0.));
#1657 = DIRECTION('',(0.,-2.22044604925E-16,-1.));
#1658 = ADVANCED_FACE('',(#1659),#1679,.T.);
#1659 = FACE_BOUND('',#1660,.T.);
#1660 = EDGE_LOOP('',(#1661,#1670,#1677,#1678));
#1661 = ORIENTED_EDGE('',*,*,#1662,.T.);
#1662 = EDGE_CURVE('',#1639,#1663,#1665,.T.);
#1663 = VERTEX_POINT('',#1664);
#1664 = CARTESIAN_POINT('',(14.79,7.549516567451E-16,1.4));
#1665 = CIRCLE('',#1666,0.45);
#1666 = AXIS2_PLACEMENT_3D('',#1667,#1668,#1669);
#1667 = CARTESIAN_POINT('',(14.34,9.2027897463E-16,1.4));
#1668 = DIRECTION('',(0.,1.,-2.22044604925E-16));
#1669 = DIRECTION('',(1.,0.,0.));
#1670 = ORIENTED_EDGE('',*,*,#1671,.T.);
#1671 = EDGE_CURVE('',#1663,#1663,#1672,.T.);
#1672 = CIRCLE('',#1673,0.45);
#1673 = AXIS2_PLACEMENT_3D('',#1674,#1675,#1676);
#1674 = CARTESIAN_POINT('',(15.24,7.549516567451E-16,1.4));
#1675 = DIRECTION('',(-2.449293598295E-16,2.22044604925E-16,1.));
#1676 = DIRECTION('',(1.,5.438524293788E-32,2.449293598295E-16));
#1677 = ORIENTED_EDGE('',*,*,#1662,.F.);
#1678 = ORIENTED_EDGE('',*,*,#1646,.T.);
#1679 = TOROIDAL_SURFACE('',#1680,0.9,0.45);
#1680 = AXIS2_PLACEMENT_3D('',#1681,#1682,#1683);
#1681 = CARTESIAN_POINT('',(14.34,7.549516567451E-16,1.4));
#1682 = DIRECTION('',(0.,1.,-2.22044604925E-16));
#1683 = DIRECTION('',(1.,0.,0.));
#1684 = ADVANCED_FACE('',(#1685),#1704,.T.);
#1685 = FACE_BOUND('',#1686,.T.);
#1686 = EDGE_LOOP('',(#1687,#1695,#1702,#1703));
#1687 = ORIENTED_EDGE('',*,*,#1688,.T.);
#1688 = EDGE_CURVE('',#1663,#1689,#1691,.T.);
#1689 = VERTEX_POINT('',#1690);
#1690 = CARTESIAN_POINT('',(14.79,-2.212405143858E-16,-2.5));
#1691 = LINE('',#1692,#1693);
#1692 = CARTESIAN_POINT('',(14.79,7.549516567451E-16,1.4));
#1693 = VECTOR('',#1694,1.);
#1694 = DIRECTION('',(0.,-2.22044604925E-16,-1.));
#1695 = ORIENTED_EDGE('',*,*,#1696,.F.);
#1696 = EDGE_CURVE('',#1689,#1689,#1697,.T.);
#1697 = CIRCLE('',#1698,0.45);
#1698 = AXIS2_PLACEMENT_3D('',#1699,#1700,#1701);
#1699 = CARTESIAN_POINT('',(15.24,-1.110223024625E-16,-2.5));
#1700 = DIRECTION('',(-0.,-2.22044604925E-16,-1.));
#1701 = DIRECTION('',(-1.,0.,0.));
#1702 = ORIENTED_EDGE('',*,*,#1688,.F.);
#1703 = ORIENTED_EDGE('',*,*,#1671,.F.);
#1704 = CYLINDRICAL_SURFACE('',#1705,0.45);
#1705 = AXIS2_PLACEMENT_3D('',#1706,#1707,#1708);
#1706 = CARTESIAN_POINT('',(15.24,7.549516567451E-16,1.4));
#1707 = DIRECTION('',(0.,-2.22044604925E-16,-1.));
#1708 = DIRECTION('',(-1.,-0.,0.));
#1709 = ADVANCED_FACE('',(#1710),#1713,.F.);
#1710 = FACE_BOUND('',#1711,.T.);
#1711 = EDGE_LOOP('',(#1712));
#1712 = ORIENTED_EDGE('',*,*,#1696,.T.);
#1713 = PLANE('',#1714);
#1714 = AXIS2_PLACEMENT_3D('',#1715,#1716,#1717);
#1715 = CARTESIAN_POINT('',(14.79,-1.110223024625E-16,-2.5));
#1716 = DIRECTION('',(0.,0.,1.));
#1717 = DIRECTION('',(1.,0.,-0.));
#1718 = ( GEOMETRIC_REPRESENTATION_CONTEXT(3) 
GLOBAL_UNCERTAINTY_ASSIGNED_CONTEXT((#1722)) 
GLOBAL_UNIT_ASSIGNED_CONTEXT((#1719,#1720,#1721)) REPRESENTATION_CONTEXT
('Context #1','3D Context with UNIT and UNCERTAINTY') );
#1719 = ( LENGTH_UNIT() NAMED_UNIT(*) SI_UNIT(.MILLI.,.METRE.) );
#1720 = ( NAMED_UNIT(*) PLANE_ANGLE_UNIT() SI_UNIT($,.RADIAN.) );
#1721 = ( NAMED_UNIT(*) SI_UNIT($,.STERADIAN.) SOLID_ANGLE_UNIT() );
#1722 = UNCERTAINTY_MEASURE_WITH_UNIT(LENGTH_MEASURE(1.E-07),#1719,
  'distance_accuracy_value','confusion accuracy');
#1723 = CONTEXT_DEPENDENT_SHAPE_REPRESENTATION(#1724,#1726);
#1724 = ( REPRESENTATION_RELATIONSHIP('','',#1382,#10) 
REPRESENTATION_RELATIONSHIP_WITH_TRANSFORMATION(#1725) 
SHAPE_REPRESENTATION_RELATIONSHIP() );
#1725 = ITEM_DEFINED_TRANSFORMATION('','',#11,#27);
#1726 = PRODUCT_DEFINITION_SHAPE('Placement','Placement of an item',
  #1727);
#1727 = NEXT_ASSEMBLY_USAGE_OCCURRENCE('4','D1','',#5,#1377,$);
#1728 = PRODUCT_RELATED_PRODUCT_CATEGORY('part',$,(#1379));
#1729 = CONTEXT_DEPENDENT_SHAPE_REPRESENTATION(#1730,#1732);
#1730 = ( REPRESENTATION_RELATIONSHIP('','',#176,#10) 
REPRESENTATION_RELATIONSHIP_WITH_TRANSFORMATION(#1731) 
SHAPE_REPRESENTATION_RELATIONSHIP() );
#1731 = ITEM_DEFINED_TRANSFORMATION('','',#11,#31);
#1732 = PRODUCT_DEFINITION_SHAPE('Placement','Placement of an item',
  #1733);
#1733 = NEXT_ASSEMBLY_USAGE_OCCURRENCE('5','R8','',#5,#171,$);
#1734 = CONTEXT_DEPENDENT_SHAPE_REPRESENTATION(#1735,#1737);
#1735 = ( REPRESENTATION_RELATIONSHIP('','',#176,#10) 
REPRESENTATION_RELATIONSHIP_WITH_TRANSFORMATION(#1736) 
SHAPE_REPRESENTATION_RELATIONSHIP() );
#1736 = ITEM_DEFINED_TRANSFORMATION('','',#11,#35);
#1737 = PRODUCT_DEFINITION_SHAPE('Placement','Placement of an item',
  #1738);
#1738 = NEXT_ASSEMBLY_USAGE_OCCURRENCE('6','R17','',#5,#171,$);
#1739 = CONTEXT_DEPENDENT_SHAPE_REPRESENTATION(#1740,#1742);
#1740 = ( REPRESENTATION_RELATIONSHIP('','',#176,#10) 
REPRESENTATION_RELATIONSHIP_WITH_TRANSFORMATION(#1741) 
SHAPE_REPRESENTATION_RELATIONSHIP() );
#1741 = ITEM_DEFINED_TRANSFORMATION('','',#11,#39);
#1742 = PRODUCT_DEFINITION_SHAPE('Placement','Placement of an item',
  #1743);
#1743 = NEXT_ASSEMBLY_USAGE_OCCURRENCE('7','R0','',#5,#171,$);
#1744 = CONTEXT_DEPENDENT_SHAPE_REPRESENTATION(#1745,#1747);
#1745 = ( REPRESENTATION_RELATIONSHIP('','',#176,#10) 
REPRESENTATION_RELATIONSHIP_WITH_TRANSFORMATION(#1746) 
SHAPE_REPRESENTATION_RELATIONSHIP() );
#1746 = ITEM_DEFINED_TRANSFORMATION('','',#11,#43);
#1747 = PRODUCT_DEFINITION_SHAPE('Placement','Placement of an item',
  #1748);
#1748 = NEXT_ASSEMBLY_USAGE_OCCURRENCE('8','R1','',#5,#171,$);
#1749 = CONTEXT_DEPENDENT_SHAPE_REPRESENTATION(#1750,#1752);
#1750 = ( REPRESENTATION_RELATIONSHIP('','',#176,#10) 
REPRESENTATION_RELATIONSHIP_WITH_TRANSFORMATION(#1751) 
SHAPE_REPRESENTATION_RELATIONSHIP() );
#1751 = ITEM_DEFINED_TRANSFORMATION('','',#11,#47);
#1752 = PRODUCT_DEFINITION_SHAPE('Placement','Placement of an item',
  #1753);
#1753 = NEXT_ASSEMBLY_USAGE_OCCURRENCE('9','R14','',#5,#171,$);
#1754 = CONTEXT_DEPENDENT_SHAPE_REPRESENTATION(#1755,#1757);
#1755 = ( REPRESENTATION_RELATIONSHIP('','',#176,#10) 
REPRESENTATION_RELATIONSHIP_WITH_TRANSFORMATION(#1756) 
SHAPE_REPRESENTATION_RELATIONSHIP() );
#1756 = ITEM_DEFINED_TRANSFORMATION('','',#11,#51);
#1757 = PRODUCT_DEFINITION_SHAPE('Placement','Placement of an item',
  #1758);
#1758 = NEXT_ASSEMBLY_USAGE_OCCURRENCE('10','R13','',#5,#171,$);
#1759 = SHAPE_DEFINITION_REPRESENTATION(#1760,#1766);
#1760 = PRODUCT_DEFINITION_SHAPE('','',#1761);
#1761 = PRODUCT_DEFINITION('design','',#1762,#1765);
#1762 = PRODUCT_DEFINITION_FORMATION('','',#1763);
#1763 = PRODUCT('TO-220-3_Vertical','TO-220-3_Vertical','',(#1764));
#1764 = PRODUCT_CONTEXT('',#2,'mechanical');
#1765 = PRODUCT_DEFINITION_CONTEXT('part definition',#2,'design');
#1766 = ADVANCED_BREP_SHAPE_REPRESENTATION('',(#11,#1767),#3309);
#1767 = MANIFOLD_SOLID_BREP('',#1768);
#1768 = CLOSED_SHELL('',(#1769,#1825,#1952,#1976,#2000,#2056,#2103,#2189
    ,#2203,#2243,#2267,#2300,#2340,#2364,#2397,#2437,#2461,#2494,#2534,
    #2569,#2602,#2619,#2676,#2733,#2790,#2847,#2864,#2881,#2938,#2955,
    #2972,#3029,#3046,#3063,#3091,#3103,#3120,#3137,#3154,#3171,#3183,
    #3200,#3217,#3234,#3246,#3263,#3280,#3297));
#1769 = ADVANCED_FACE('',(#1770),#1820,.F.);
#1770 = FACE_BOUND('',#1771,.T.);
#1771 = EDGE_LOOP('',(#1772,#1782,#1790,#1798,#1806,#1814));
#1772 = ORIENTED_EDGE('',*,*,#1773,.T.);
#1773 = EDGE_CURVE('',#1774,#1776,#1778,.T.);
#1774 = VERTEX_POINT('',#1775);
#1775 = CARTESIAN_POINT('',(-2.585,2.045585922872E-16,3.685));
#1776 = VERTEX_POINT('',#1777);
#1777 = CARTESIAN_POINT('',(-2.585,-1.295,4.185));
#1778 = LINE('',#1779,#1780);
#1779 = CARTESIAN_POINT('',(-2.585,2.045585922872E-16,3.685));
#1780 = VECTOR('',#1781,1.);
#1781 = DIRECTION('',(-5.178527991556E-17,-0.932880669324,0.360185586611
    ));
#1782 = ORIENTED_EDGE('',*,*,#1783,.T.);
#1783 = EDGE_CURVE('',#1776,#1784,#1786,.T.);
#1784 = VERTEX_POINT('',#1785);
#1785 = CARTESIAN_POINT('',(-2.585,-1.295,11.875000000001));
#1786 = LINE('',#1787,#1788);
#1787 = CARTESIAN_POINT('',(-2.585,-1.295,4.185));
#1788 = VECTOR('',#1789,1.);
#1789 = DIRECTION('',(0.,5.551115123126E-17,1.));
#1790 = ORIENTED_EDGE('',*,*,#1791,.T.);
#1791 = EDGE_CURVE('',#1784,#1792,#1794,.T.);
#1792 = VERTEX_POINT('',#1793);
#1793 = CARTESIAN_POINT('',(-2.585,-0.295,12.875));
#1794 = LINE('',#1795,#1796);
#1795 = CARTESIAN_POINT('',(-2.585,-1.295,11.875000000001));
#1796 = VECTOR('',#1797,1.);
#1797 = DIRECTION('',(3.925231146711E-17,0.707106781187,0.707106781186)
  );
#1798 = ORIENTED_EDGE('',*,*,#1799,.T.);
#1799 = EDGE_CURVE('',#1792,#1800,#1802,.T.);
#1800 = VERTEX_POINT('',#1801);
#1801 = CARTESIAN_POINT('',(-2.585,3.15,12.875));
#1802 = LINE('',#1803,#1804);
#1803 = CARTESIAN_POINT('',(-2.585,-0.295,12.875));
#1804 = VECTOR('',#1805,1.);
#1805 = DIRECTION('',(5.551115123126E-17,1.,0.));
#1806 = ORIENTED_EDGE('',*,*,#1807,.T.);
#1807 = EDGE_CURVE('',#1800,#1808,#1810,.T.);
#1808 = VERTEX_POINT('',#1809);
#1809 = CARTESIAN_POINT('',(-2.585,3.15,4.185));
#1810 = LINE('',#1811,#1812);
#1811 = CARTESIAN_POINT('',(-2.585,3.15,12.875));
#1812 = VECTOR('',#1813,1.);
#1813 = DIRECTION('',(0.,-5.551115123126E-17,-1.));
#1814 = ORIENTED_EDGE('',*,*,#1815,.T.);
#1815 = EDGE_CURVE('',#1808,#1774,#1816,.T.);
#1816 = LINE('',#1817,#1818);
#1817 = CARTESIAN_POINT('',(-2.585,3.15,4.185));
#1818 = VECTOR('',#1819,1.);
#1819 = DIRECTION('',(-5.482478518197E-17,-0.987635528464,
    -0.156767544201));
#1820 = PLANE('',#1821);
#1821 = AXIS2_PLACEMENT_3D('',#1822,#1823,#1824);
#1822 = CARTESIAN_POINT('',(-2.585,2.045585922872E-16,3.685));
#1823 = DIRECTION('',(1.,0.,5.551115123126E-17));
#1824 = DIRECTION('',(-5.551115123126E-17,5.551115123126E-17,1.));
#1825 = ADVANCED_FACE('',(#1826),#1947,.T.);
#1826 = FACE_BOUND('',#1827,.T.);
#1827 = EDGE_LOOP('',(#1828,#1829,#1837,#1845,#1853,#1861,#1869,#1877,
    #1885,#1893,#1901,#1909,#1917,#1925,#1933,#1941));
#1828 = ORIENTED_EDGE('',*,*,#1773,.F.);
#1829 = ORIENTED_EDGE('',*,*,#1830,.T.);
#1830 = EDGE_CURVE('',#1774,#1831,#1833,.T.);
#1831 = VERTEX_POINT('',#1832);
#1832 = CARTESIAN_POINT('',(-0.73,2.045585922872E-16,3.685));
#1833 = LINE('',#1834,#1835);
#1834 = CARTESIAN_POINT('',(-2.585,2.045585922872E-16,3.685));
#1835 = VECTOR('',#1836,1.);
#1836 = DIRECTION('',(1.,0.,5.551115123126E-17));
#1837 = ORIENTED_EDGE('',*,*,#1838,.T.);
#1838 = EDGE_CURVE('',#1831,#1839,#1841,.T.);
#1839 = VERTEX_POINT('',#1840);
#1840 = CARTESIAN_POINT('',(-0.73,-0.11655,3.73));
#1841 = LINE('',#1842,#1843);
#1842 = CARTESIAN_POINT('',(-0.73,0.106662228694,3.643817672319));
#1843 = VECTOR('',#1844,1.);
#1844 = DIRECTION('',(0.,-0.932880669324,0.360185586611));
#1845 = ORIENTED_EDGE('',*,*,#1846,.T.);
#1846 = EDGE_CURVE('',#1839,#1847,#1849,.T.);
#1847 = VERTEX_POINT('',#1848);
#1848 = CARTESIAN_POINT('',(0.73,-0.11655,3.73));
#1849 = LINE('',#1850,#1851);
#1850 = CARTESIAN_POINT('',(-0.9275,-0.11655,3.73));
#1851 = VECTOR('',#1852,1.);
#1852 = DIRECTION('',(1.,1.43773881689E-16,-4.788632213724E-32));
#1853 = ORIENTED_EDGE('',*,*,#1854,.T.);
#1854 = EDGE_CURVE('',#1847,#1855,#1857,.T.);
#1855 = VERTEX_POINT('',#1856);
#1856 = CARTESIAN_POINT('',(0.73,2.045585922872E-16,3.685));
#1857 = LINE('',#1858,#1859);
#1858 = CARTESIAN_POINT('',(0.73,0.682499659449,3.421486617973));
#1859 = VECTOR('',#1860,1.);
#1860 = DIRECTION('',(0.,0.932880669324,-0.360185586611));
#1861 = ORIENTED_EDGE('',*,*,#1862,.T.);
#1862 = EDGE_CURVE('',#1855,#1863,#1865,.T.);
#1863 = VERTEX_POINT('',#1864);
#1864 = CARTESIAN_POINT('',(1.81,2.045585922872E-16,3.685));
#1865 = LINE('',#1866,#1867);
#1866 = CARTESIAN_POINT('',(-2.585,2.045585922872E-16,3.685));
#1867 = VECTOR('',#1868,1.);
#1868 = DIRECTION('',(1.,0.,5.551115123126E-17));
#1869 = ORIENTED_EDGE('',*,*,#1870,.T.);
#1870 = EDGE_CURVE('',#1863,#1871,#1873,.T.);
#1871 = VERTEX_POINT('',#1872);
#1872 = CARTESIAN_POINT('',(1.81,-0.11655,3.73));
#1873 = LINE('',#1874,#1875);
#1874 = CARTESIAN_POINT('',(1.81,0.106662228694,3.643817672319));
#1875 = VECTOR('',#1876,1.);
#1876 = DIRECTION('',(0.,-0.932880669324,0.360185586611));
#1877 = ORIENTED_EDGE('',*,*,#1878,.T.);
#1878 = EDGE_CURVE('',#1871,#1879,#1881,.T.);
#1879 = VERTEX_POINT('',#1880);
#1880 = CARTESIAN_POINT('',(3.27,-0.11655,3.73));
#1881 = LINE('',#1882,#1883);
#1882 = CARTESIAN_POINT('',(0.3425,-0.11655,3.73));
#1883 = VECTOR('',#1884,1.);
#1884 = DIRECTION('',(1.,1.43773881689E-16,-4.788632213724E-32));
#1885 = ORIENTED_EDGE('',*,*,#1886,.T.);
#1886 = EDGE_CURVE('',#1879,#1887,#1889,.T.);
#1887 = VERTEX_POINT('',#1888);
#1888 = CARTESIAN_POINT('',(3.27,2.045585922872E-16,3.685));
#1889 = LINE('',#1890,#1891);
#1890 = CARTESIAN_POINT('',(3.27,0.682499659449,3.421486617973));
#1891 = VECTOR('',#1892,1.);
#1892 = DIRECTION('',(0.,0.932880669324,-0.360185586611));
#1893 = ORIENTED_EDGE('',*,*,#1894,.T.);
#1894 = EDGE_CURVE('',#1887,#1895,#1897,.T.);
#1895 = VERTEX_POINT('',#1896);
#1896 = CARTESIAN_POINT('',(4.35,2.045585922872E-16,3.685));
#1897 = LINE('',#1898,#1899);
#1898 = CARTESIAN_POINT('',(-2.585,2.045585922872E-16,3.685));
#1899 = VECTOR('',#1900,1.);
#1900 = DIRECTION('',(1.,0.,5.551115123126E-17));
#1901 = ORIENTED_EDGE('',*,*,#1902,.T.);
#1902 = EDGE_CURVE('',#1895,#1903,#1905,.T.);
#1903 = VERTEX_POINT('',#1904);
#1904 = CARTESIAN_POINT('',(4.35,-0.11655,3.73));
#1905 = LINE('',#1906,#1907);
#1906 = CARTESIAN_POINT('',(4.35,0.106662228694,3.643817672319));
#1907 = VECTOR('',#1908,1.);
#1908 = DIRECTION('',(0.,-0.932880669324,0.360185586611));
#1909 = ORIENTED_EDGE('',*,*,#1910,.T.);
#1910 = EDGE_CURVE('',#1903,#1911,#1913,.T.);
#1911 = VERTEX_POINT('',#1912);
#1912 = CARTESIAN_POINT('',(5.81,-0.11655,3.73));
#1913 = LINE('',#1914,#1915);
#1914 = CARTESIAN_POINT('',(1.6125,-0.11655,3.73));
#1915 = VECTOR('',#1916,1.);
#1916 = DIRECTION('',(1.,1.43773881689E-16,-4.788632213724E-32));
#1917 = ORIENTED_EDGE('',*,*,#1918,.T.);
#1918 = EDGE_CURVE('',#1911,#1919,#1921,.T.);
#1919 = VERTEX_POINT('',#1920);
#1920 = CARTESIAN_POINT('',(5.81,2.045585922872E-16,3.685));
#1921 = LINE('',#1922,#1923);
#1922 = CARTESIAN_POINT('',(5.81,0.682499659449,3.421486617973));
#1923 = VECTOR('',#1924,1.);
#1924 = DIRECTION('',(0.,0.932880669324,-0.360185586611));
#1925 = ORIENTED_EDGE('',*,*,#1926,.T.);
#1926 = EDGE_CURVE('',#1919,#1927,#1929,.T.);
#1927 = VERTEX_POINT('',#1928);
#1928 = CARTESIAN_POINT('',(7.665,2.045585922872E-16,3.685));
#1929 = LINE('',#1930,#1931);
#1930 = CARTESIAN_POINT('',(-2.585,2.045585922872E-16,3.685));
#1931 = VECTOR('',#1932,1.);
#1932 = DIRECTION('',(1.,0.,5.551115123126E-17));
#1933 = ORIENTED_EDGE('',*,*,#1934,.T.);
#1934 = EDGE_CURVE('',#1927,#1935,#1937,.T.);
#1935 = VERTEX_POINT('',#1936);
#1936 = CARTESIAN_POINT('',(7.665,-1.295,4.185));
#1937 = LINE('',#1938,#1939);
#1938 = CARTESIAN_POINT('',(7.665,2.045585922872E-16,3.685));
#1939 = VECTOR('',#1940,1.);
#1940 = DIRECTION('',(-5.178527991556E-17,-0.932880669324,0.360185586611
    ));
#1941 = ORIENTED_EDGE('',*,*,#1942,.F.);
#1942 = EDGE_CURVE('',#1776,#1935,#1943,.T.);
#1943 = LINE('',#1944,#1945);
#1944 = CARTESIAN_POINT('',(-2.585,-1.295,4.185));
#1945 = VECTOR('',#1946,1.);
#1946 = DIRECTION('',(1.,0.,5.551115123126E-17));
#1947 = PLANE('',#1948);
#1948 = AXIS2_PLACEMENT_3D('',#1949,#1950,#1951);
#1949 = CARTESIAN_POINT('',(-2.585,2.045585922872E-16,3.685));
#1950 = DIRECTION('',(5.178527991556E-17,-0.360185586611,-0.932880669324
    ));
#1951 = DIRECTION('',(-5.178527991556E-17,-0.932880669324,0.360185586611
    ));
#1952 = ADVANCED_FACE('',(#1953),#1971,.T.);
#1953 = FACE_BOUND('',#1954,.T.);
#1954 = EDGE_LOOP('',(#1955,#1956,#1964,#1970));
#1955 = ORIENTED_EDGE('',*,*,#1942,.T.);
#1956 = ORIENTED_EDGE('',*,*,#1957,.T.);
#1957 = EDGE_CURVE('',#1935,#1958,#1960,.T.);
#1958 = VERTEX_POINT('',#1959);
#1959 = CARTESIAN_POINT('',(7.665,-1.295,11.875000000001));
#1960 = LINE('',#1961,#1962);
#1961 = CARTESIAN_POINT('',(7.665,-1.295,4.185));
#1962 = VECTOR('',#1963,1.);
#1963 = DIRECTION('',(0.,5.551115123126E-17,1.));
#1964 = ORIENTED_EDGE('',*,*,#1965,.F.);
#1965 = EDGE_CURVE('',#1784,#1958,#1966,.T.);
#1966 = LINE('',#1967,#1968);
#1967 = CARTESIAN_POINT('',(-2.585,-1.295,11.875000000001));
#1968 = VECTOR('',#1969,1.);
#1969 = DIRECTION('',(1.,0.,5.551115123126E-17));
#1970 = ORIENTED_EDGE('',*,*,#1783,.F.);
#1971 = PLANE('',#1972);
#1972 = AXIS2_PLACEMENT_3D('',#1973,#1974,#1975);
#1973 = CARTESIAN_POINT('',(-2.585,-1.295,4.185));
#1974 = DIRECTION('',(-3.08148791102E-33,-1.,5.551115123126E-17));
#1975 = DIRECTION('',(0.,5.551115123126E-17,1.));
#1976 = ADVANCED_FACE('',(#1977),#1995,.T.);
#1977 = FACE_BOUND('',#1978,.T.);
#1978 = EDGE_LOOP('',(#1979,#1980,#1988,#1994));
#1979 = ORIENTED_EDGE('',*,*,#1965,.T.);
#1980 = ORIENTED_EDGE('',*,*,#1981,.T.);
#1981 = EDGE_CURVE('',#1958,#1982,#1984,.T.);
#1982 = VERTEX_POINT('',#1983);
#1983 = CARTESIAN_POINT('',(7.665,-0.295,12.875));
#1984 = LINE('',#1985,#1986);
#1985 = CARTESIAN_POINT('',(7.665,-1.295,11.875000000001));
#1986 = VECTOR('',#1987,1.);
#1987 = DIRECTION('',(3.925231146711E-17,0.707106781187,0.707106781186)
  );
#1988 = ORIENTED_EDGE('',*,*,#1989,.F.);
#1989 = EDGE_CURVE('',#1792,#1982,#1990,.T.);
#1990 = LINE('',#1991,#1992);
#1991 = CARTESIAN_POINT('',(-2.585,-0.295,12.875));
#1992 = VECTOR('',#1993,1.);
#1993 = DIRECTION('',(1.,0.,5.551115123126E-17));
#1994 = ORIENTED_EDGE('',*,*,#1791,.F.);
#1995 = PLANE('',#1996);
#1996 = AXIS2_PLACEMENT_3D('',#1997,#1998,#1999);
#1997 = CARTESIAN_POINT('',(-2.585,-1.295,11.875000000001));
#1998 = DIRECTION('',(-3.925231146711E-17,-0.707106781186,0.707106781187
    ));
#1999 = DIRECTION('',(3.925231146711E-17,0.707106781187,0.707106781186)
  );
#2000 = ADVANCED_FACE('',(#2001),#2051,.T.);
#2001 = FACE_BOUND('',#2002,.T.);
#2002 = EDGE_LOOP('',(#2003,#2004,#2005,#2013,#2021,#2029,#2037,#2045));
#2003 = ORIENTED_EDGE('',*,*,#1799,.F.);
#2004 = ORIENTED_EDGE('',*,*,#1989,.T.);
#2005 = ORIENTED_EDGE('',*,*,#2006,.T.);
#2006 = EDGE_CURVE('',#1982,#2007,#2009,.T.);
#2007 = VERTEX_POINT('',#2008);
#2008 = CARTESIAN_POINT('',(7.665,3.15,12.875));
#2009 = LINE('',#2010,#2011);
#2010 = CARTESIAN_POINT('',(7.665,-0.295,12.875));
#2011 = VECTOR('',#2012,1.);
#2012 = DIRECTION('',(5.551115123126E-17,1.,0.));
#2013 = ORIENTED_EDGE('',*,*,#2014,.F.);
#2014 = EDGE_CURVE('',#2015,#2007,#2017,.T.);
#2015 = VERTEX_POINT('',#2016);
#2016 = CARTESIAN_POINT('',(7.655,3.15,12.875));
#2017 = LINE('',#2018,#2019);
#2018 = CARTESIAN_POINT('',(-2.585,3.15,12.875));
#2019 = VECTOR('',#2020,1.);
#2020 = DIRECTION('',(1.,0.,5.551115123126E-17));
#2021 = ORIENTED_EDGE('',*,*,#2022,.F.);
#2022 = EDGE_CURVE('',#2023,#2015,#2025,.T.);
#2023 = VERTEX_POINT('',#2024);
#2024 = CARTESIAN_POINT('',(7.655,1.89,12.875));
#2025 = LINE('',#2026,#2027);
#2026 = CARTESIAN_POINT('',(7.655,1.4325,12.875));
#2027 = VECTOR('',#2028,1.);
#2028 = DIRECTION('',(0.,1.,-3.08148791102E-33));
#2029 = ORIENTED_EDGE('',*,*,#2030,.F.);
#2030 = EDGE_CURVE('',#2031,#2023,#2033,.T.);
#2031 = VERTEX_POINT('',#2032);
#2032 = CARTESIAN_POINT('',(-2.575,1.89,12.875));
#2033 = LINE('',#2034,#2035);
#2034 = CARTESIAN_POINT('',(2.535,1.89,12.875));
#2035 = VECTOR('',#2036,1.);
#2036 = DIRECTION('',(1.,0.,5.551115123126E-17));
#2037 = ORIENTED_EDGE('',*,*,#2038,.F.);
#2038 = EDGE_CURVE('',#2039,#2031,#2041,.T.);
#2039 = VERTEX_POINT('',#2040);
#2040 = CARTESIAN_POINT('',(-2.575,3.15,12.875));
#2041 = LINE('',#2042,#2043);
#2042 = CARTESIAN_POINT('',(-2.575,0.7975,12.875));
#2043 = VECTOR('',#2044,1.);
#2044 = DIRECTION('',(0.,-1.,3.08148791102E-33));
#2045 = ORIENTED_EDGE('',*,*,#2046,.F.);
#2046 = EDGE_CURVE('',#1800,#2039,#2047,.T.);
#2047 = LINE('',#2048,#2049);
#2048 = CARTESIAN_POINT('',(-2.585,3.15,12.875));
#2049 = VECTOR('',#2050,1.);
#2050 = DIRECTION('',(1.,0.,5.551115123126E-17));
#2051 = PLANE('',#2052);
#2052 = AXIS2_PLACEMENT_3D('',#2053,#2054,#2055);
#2053 = CARTESIAN_POINT('',(-2.585,-0.295,12.875));
#2054 = DIRECTION('',(-5.551115123126E-17,3.08148791102E-33,1.));
#2055 = DIRECTION('',(5.551115123126E-17,1.,-1.820045856984E-46));
#2056 = ADVANCED_FACE('',(#2057),#2098,.T.);
#2057 = FACE_BOUND('',#2058,.T.);
#2058 = EDGE_LOOP('',(#2059,#2060,#2061,#2069,#2077,#2083,#2084,#2092));
#2059 = ORIENTED_EDGE('',*,*,#1807,.F.);
#2060 = ORIENTED_EDGE('',*,*,#2046,.T.);
#2061 = ORIENTED_EDGE('',*,*,#2062,.F.);
#2062 = EDGE_CURVE('',#2063,#2039,#2065,.T.);
#2063 = VERTEX_POINT('',#2064);
#2064 = CARTESIAN_POINT('',(-2.575,3.15,5.));
#2065 = LINE('',#2066,#2067);
#2066 = CARTESIAN_POINT('',(-2.575,3.15,8.9375));
#2067 = VECTOR('',#2068,1.);
#2068 = DIRECTION('',(0.,5.551115123126E-17,1.));
#2069 = ORIENTED_EDGE('',*,*,#2070,.T.);
#2070 = EDGE_CURVE('',#2063,#2071,#2073,.T.);
#2071 = VERTEX_POINT('',#2072);
#2072 = CARTESIAN_POINT('',(7.655,3.15,5.));
#2073 = LINE('',#2074,#2075);
#2074 = CARTESIAN_POINT('',(-2.58,3.15,5.));
#2075 = VECTOR('',#2076,1.);
#2076 = DIRECTION('',(1.,-3.08148791102E-33,0.));
#2077 = ORIENTED_EDGE('',*,*,#2078,.F.);
#2078 = EDGE_CURVE('',#2015,#2071,#2079,.T.);
#2079 = LINE('',#2080,#2081);
#2080 = CARTESIAN_POINT('',(7.655,3.15,8.9375));
#2081 = VECTOR('',#2082,1.);
#2082 = DIRECTION('',(0.,-5.551115123126E-17,-1.));
#2083 = ORIENTED_EDGE('',*,*,#2014,.T.);
#2084 = ORIENTED_EDGE('',*,*,#2085,.T.);
#2085 = EDGE_CURVE('',#2007,#2086,#2088,.T.);
#2086 = VERTEX_POINT('',#2087);
#2087 = CARTESIAN_POINT('',(7.665,3.15,4.185));
#2088 = LINE('',#2089,#2090);
#2089 = CARTESIAN_POINT('',(7.665,3.15,12.875));
#2090 = VECTOR('',#2091,1.);
#2091 = DIRECTION('',(0.,-5.551115123126E-17,-1.));
#2092 = ORIENTED_EDGE('',*,*,#2093,.F.);
#2093 = EDGE_CURVE('',#1808,#2086,#2094,.T.);
#2094 = LINE('',#2095,#2096);
#2095 = CARTESIAN_POINT('',(-2.585,3.15,4.185));
#2096 = VECTOR('',#2097,1.);
#2097 = DIRECTION('',(1.,0.,5.551115123126E-17));
#2098 = PLANE('',#2099);
#2099 = AXIS2_PLACEMENT_3D('',#2100,#2101,#2102);
#2100 = CARTESIAN_POINT('',(-2.585,3.15,12.875));
#2101 = DIRECTION('',(3.08148791102E-33,1.,-5.551115123126E-17));
#2102 = DIRECTION('',(0.,-5.551115123126E-17,-1.));
#2103 = ADVANCED_FACE('',(#2104),#2184,.T.);
#2104 = FACE_BOUND('',#2105,.T.);
#2105 = EDGE_LOOP('',(#2106,#2107,#2108,#2114,#2115,#2123,#2131,#2137,
    #2138,#2146,#2154,#2160,#2161,#2169,#2177,#2183));
#2106 = ORIENTED_EDGE('',*,*,#1815,.F.);
#2107 = ORIENTED_EDGE('',*,*,#2093,.T.);
#2108 = ORIENTED_EDGE('',*,*,#2109,.T.);
#2109 = EDGE_CURVE('',#2086,#1927,#2110,.T.);
#2110 = LINE('',#2111,#2112);
#2111 = CARTESIAN_POINT('',(7.665,3.15,4.185));
#2112 = VECTOR('',#2113,1.);
#2113 = DIRECTION('',(-5.482478518197E-17,-0.987635528464,
    -0.156767544201));
#2114 = ORIENTED_EDGE('',*,*,#1926,.F.);
#2115 = ORIENTED_EDGE('',*,*,#2116,.T.);
#2116 = EDGE_CURVE('',#1919,#2117,#2119,.T.);
#2117 = VERTEX_POINT('',#2118);
#2118 = CARTESIAN_POINT('',(5.81,0.2625,3.726666666667));
#2119 = LINE('',#2120,#2121);
#2120 = CARTESIAN_POINT('',(5.81,1.441169513394,3.913757065618));
#2121 = VECTOR('',#2122,1.);
#2122 = DIRECTION('',(0.,0.987635528464,0.156767544201));
#2123 = ORIENTED_EDGE('',*,*,#2124,.T.);
#2124 = EDGE_CURVE('',#2117,#2125,#2127,.T.);
#2125 = VERTEX_POINT('',#2126);
#2126 = CARTESIAN_POINT('',(4.35,0.2625,3.726666666667));
#2127 = LINE('',#2128,#2129);
#2128 = CARTESIAN_POINT('',(0.8825,0.2625,3.726666666667));
#2129 = VECTOR('',#2130,1.);
#2130 = DIRECTION('',(-1.,-1.848892746612E-32,-5.551115123126E-17));
#2131 = ORIENTED_EDGE('',*,*,#2132,.T.);
#2132 = EDGE_CURVE('',#2125,#1895,#2133,.T.);
#2133 = LINE('',#2134,#2135);
#2134 = CARTESIAN_POINT('',(4.35,1.706508048661,3.955874293438));
#2135 = VECTOR('',#2136,1.);
#2136 = DIRECTION('',(0.,-0.987635528464,-0.156767544201));
#2137 = ORIENTED_EDGE('',*,*,#1894,.F.);
#2138 = ORIENTED_EDGE('',*,*,#2139,.T.);
#2139 = EDGE_CURVE('',#1887,#2140,#2142,.T.);
#2140 = VERTEX_POINT('',#2141);
#2141 = CARTESIAN_POINT('',(3.27,0.2625,3.726666666667));
#2142 = LINE('',#2143,#2144);
#2143 = CARTESIAN_POINT('',(3.27,1.441169513394,3.913757065618));
#2144 = VECTOR('',#2145,1.);
#2145 = DIRECTION('',(0.,0.987635528464,0.156767544201));
#2146 = ORIENTED_EDGE('',*,*,#2147,.T.);
#2147 = EDGE_CURVE('',#2140,#2148,#2150,.T.);
#2148 = VERTEX_POINT('',#2149);
#2149 = CARTESIAN_POINT('',(1.81,0.2625,3.726666666667));
#2150 = LINE('',#2151,#2152);
#2151 = CARTESIAN_POINT('',(-0.3875,0.2625,3.726666666667));
#2152 = VECTOR('',#2153,1.);
#2153 = DIRECTION('',(-1.,-1.848892746612E-32,-5.551115123126E-17));
#2154 = ORIENTED_EDGE('',*,*,#2155,.T.);
#2155 = EDGE_CURVE('',#2148,#1863,#2156,.T.);
#2156 = LINE('',#2157,#2158);
#2157 = CARTESIAN_POINT('',(1.81,1.706508048661,3.955874293438));
#2158 = VECTOR('',#2159,1.);
#2159 = DIRECTION('',(0.,-0.987635528464,-0.156767544201));
#2160 = ORIENTED_EDGE('',*,*,#1862,.F.);
#2161 = ORIENTED_EDGE('',*,*,#2162,.T.);
#2162 = EDGE_CURVE('',#1855,#2163,#2165,.T.);
#2163 = VERTEX_POINT('',#2164);
#2164 = CARTESIAN_POINT('',(0.73,0.2625,3.726666666667));
#2165 = LINE('',#2166,#2167);
#2166 = CARTESIAN_POINT('',(0.73,1.441169513394,3.913757065618));
#2167 = VECTOR('',#2168,1.);
#2168 = DIRECTION('',(0.,0.987635528464,0.156767544201));
#2169 = ORIENTED_EDGE('',*,*,#2170,.T.);
#2170 = EDGE_CURVE('',#2163,#2171,#2173,.T.);
#2171 = VERTEX_POINT('',#2172);
#2172 = CARTESIAN_POINT('',(-0.73,0.2625,3.726666666667));
#2173 = LINE('',#2174,#2175);
#2174 = CARTESIAN_POINT('',(-1.6575,0.2625,3.726666666667));
#2175 = VECTOR('',#2176,1.);
#2176 = DIRECTION('',(-1.,-1.848892746612E-32,-5.551115123126E-17));
#2177 = ORIENTED_EDGE('',*,*,#2178,.T.);
#2178 = EDGE_CURVE('',#2171,#1831,#2179,.T.);
#2179 = LINE('',#2180,#2181);
#2180 = CARTESIAN_POINT('',(-0.73,1.706508048661,3.955874293438));
#2181 = VECTOR('',#2182,1.);
#2182 = DIRECTION('',(0.,-0.987635528464,-0.156767544201));
#2183 = ORIENTED_EDGE('',*,*,#1830,.F.);
#2184 = PLANE('',#2185);
#2185 = AXIS2_PLACEMENT_3D('',#2186,#2187,#2188);
#2186 = CARTESIAN_POINT('',(-2.585,3.15,4.185));
#2187 = DIRECTION('',(5.482478518197E-17,0.156767544201,-0.987635528464)
  );
#2188 = DIRECTION('',(-5.482478518197E-17,-0.987635528464,
    -0.156767544201));
#2189 = ADVANCED_FACE('',(#2190),#2198,.T.);
#2190 = FACE_BOUND('',#2191,.F.);
#2191 = EDGE_LOOP('',(#2192,#2193,#2194,#2195,#2196,#2197));
#2192 = ORIENTED_EDGE('',*,*,#1934,.T.);
#2193 = ORIENTED_EDGE('',*,*,#1957,.T.);
#2194 = ORIENTED_EDGE('',*,*,#1981,.T.);
#2195 = ORIENTED_EDGE('',*,*,#2006,.T.);
#2196 = ORIENTED_EDGE('',*,*,#2085,.T.);
#2197 = ORIENTED_EDGE('',*,*,#2109,.T.);
#2198 = PLANE('',#2199);
#2199 = AXIS2_PLACEMENT_3D('',#2200,#2201,#2202);
#2200 = CARTESIAN_POINT('',(7.665,2.045585922872E-16,3.685));
#2201 = DIRECTION('',(1.,0.,5.551115123126E-17));
#2202 = DIRECTION('',(-5.551115123126E-17,5.551115123126E-17,1.));
#2203 = ADVANCED_FACE('',(#2204),#2238,.F.);
#2204 = FACE_BOUND('',#2205,.F.);
#2205 = EDGE_LOOP('',(#2206,#2214,#2222,#2230,#2236,#2237));
#2206 = ORIENTED_EDGE('',*,*,#2207,.F.);
#2207 = EDGE_CURVE('',#2208,#2117,#2210,.T.);
#2208 = VERTEX_POINT('',#2209);
#2209 = CARTESIAN_POINT('',(5.81,0.2625,0.3025));
#2210 = LINE('',#2211,#2212);
#2211 = CARTESIAN_POINT('',(5.81,0.2625,0.3025));
#2212 = VECTOR('',#2213,1.);
#2213 = DIRECTION('',(0.,3.330669073875E-16,1.));
#2214 = ORIENTED_EDGE('',*,*,#2215,.T.);
#2215 = EDGE_CURVE('',#2208,#2216,#2218,.T.);
#2216 = VERTEX_POINT('',#2217);
#2217 = CARTESIAN_POINT('',(5.81,-0.2625,0.3025));
#2218 = LINE('',#2219,#2220);
#2219 = CARTESIAN_POINT('',(5.81,0.2625,0.3025));
#2220 = VECTOR('',#2221,1.);
#2221 = DIRECTION('',(0.,-1.,3.330669073875E-16));
#2222 = ORIENTED_EDGE('',*,*,#2223,.T.);
#2223 = EDGE_CURVE('',#2216,#2224,#2226,.T.);
#2224 = VERTEX_POINT('',#2225);
#2225 = CARTESIAN_POINT('',(5.81,-0.2625,3.73));
#2226 = LINE('',#2227,#2228);
#2227 = CARTESIAN_POINT('',(5.81,-0.2625,0.3025));
#2228 = VECTOR('',#2229,1.);
#2229 = DIRECTION('',(0.,3.330669073875E-16,1.));
#2230 = ORIENTED_EDGE('',*,*,#2231,.F.);
#2231 = EDGE_CURVE('',#1911,#2224,#2232,.T.);
#2232 = LINE('',#2233,#2234);
#2233 = CARTESIAN_POINT('',(5.81,0.2625,3.73));
#2234 = VECTOR('',#2235,1.);
#2235 = DIRECTION('',(0.,-1.,3.330669073875E-16));
#2236 = ORIENTED_EDGE('',*,*,#1918,.T.);
#2237 = ORIENTED_EDGE('',*,*,#2116,.T.);
#2238 = PLANE('',#2239);
#2239 = AXIS2_PLACEMENT_3D('',#2240,#2241,#2242);
#2240 = CARTESIAN_POINT('',(5.81,0.2625,0.3025));
#2241 = DIRECTION('',(-1.,0.,0.));
#2242 = DIRECTION('',(0.,3.330669073875E-16,1.));
#2243 = ADVANCED_FACE('',(#2244),#2262,.F.);
#2244 = FACE_BOUND('',#2245,.F.);
#2245 = EDGE_LOOP('',(#2246,#2247,#2248,#2256));
#2246 = ORIENTED_EDGE('',*,*,#1910,.T.);
#2247 = ORIENTED_EDGE('',*,*,#2231,.T.);
#2248 = ORIENTED_EDGE('',*,*,#2249,.T.);
#2249 = EDGE_CURVE('',#2224,#2250,#2252,.T.);
#2250 = VERTEX_POINT('',#2251);
#2251 = CARTESIAN_POINT('',(4.35,-0.2625,3.73));
#2252 = LINE('',#2253,#2254);
#2253 = CARTESIAN_POINT('',(5.81,-0.2625,3.73));
#2254 = VECTOR('',#2255,1.);
#2255 = DIRECTION('',(-1.,0.,0.));
#2256 = ORIENTED_EDGE('',*,*,#2257,.F.);
#2257 = EDGE_CURVE('',#1903,#2250,#2258,.T.);
#2258 = LINE('',#2259,#2260);
#2259 = CARTESIAN_POINT('',(4.35,0.2625,3.73));
#2260 = VECTOR('',#2261,1.);
#2261 = DIRECTION('',(0.,-1.,3.330669073875E-16));
#2262 = PLANE('',#2263);
#2263 = AXIS2_PLACEMENT_3D('',#2264,#2265,#2266);
#2264 = CARTESIAN_POINT('',(5.81,0.2625,3.73));
#2265 = DIRECTION('',(0.,-3.330669073875E-16,-1.));
#2266 = DIRECTION('',(-1.,-0.,0.));
#2267 = ADVANCED_FACE('',(#2268),#2295,.F.);
#2268 = FACE_BOUND('',#2269,.F.);
#2269 = EDGE_LOOP('',(#2270,#2271,#2272,#2280,#2288,#2294));
#2270 = ORIENTED_EDGE('',*,*,#1902,.T.);
#2271 = ORIENTED_EDGE('',*,*,#2257,.T.);
#2272 = ORIENTED_EDGE('',*,*,#2273,.T.);
#2273 = EDGE_CURVE('',#2250,#2274,#2276,.T.);
#2274 = VERTEX_POINT('',#2275);
#2275 = CARTESIAN_POINT('',(4.35,-0.2625,0.3025));
#2276 = LINE('',#2277,#2278);
#2277 = CARTESIAN_POINT('',(4.35,-0.2625,3.73));
#2278 = VECTOR('',#2279,1.);
#2279 = DIRECTION('',(0.,-3.330669073875E-16,-1.));
#2280 = ORIENTED_EDGE('',*,*,#2281,.F.);
#2281 = EDGE_CURVE('',#2282,#2274,#2284,.T.);
#2282 = VERTEX_POINT('',#2283);
#2283 = CARTESIAN_POINT('',(4.35,0.2625,0.3025));
#2284 = LINE('',#2285,#2286);
#2285 = CARTESIAN_POINT('',(4.35,0.2625,0.3025));
#2286 = VECTOR('',#2287,1.);
#2287 = DIRECTION('',(0.,-1.,3.330669073875E-16));
#2288 = ORIENTED_EDGE('',*,*,#2289,.F.);
#2289 = EDGE_CURVE('',#2125,#2282,#2290,.T.);
#2290 = LINE('',#2291,#2292);
#2291 = CARTESIAN_POINT('',(4.35,0.2625,3.73));
#2292 = VECTOR('',#2293,1.);
#2293 = DIRECTION('',(0.,-3.330669073875E-16,-1.));
#2294 = ORIENTED_EDGE('',*,*,#2132,.T.);
#2295 = PLANE('',#2296);
#2296 = AXIS2_PLACEMENT_3D('',#2297,#2298,#2299);
#2297 = CARTESIAN_POINT('',(4.35,0.2625,3.73));
#2298 = DIRECTION('',(1.,0.,0.));
#2299 = DIRECTION('',(0.,-3.330669073875E-16,-1.));
#2300 = ADVANCED_FACE('',(#2301),#2335,.F.);
#2301 = FACE_BOUND('',#2302,.F.);
#2302 = EDGE_LOOP('',(#2303,#2311,#2319,#2327,#2333,#2334));
#2303 = ORIENTED_EDGE('',*,*,#2304,.F.);
#2304 = EDGE_CURVE('',#2305,#2140,#2307,.T.);
#2305 = VERTEX_POINT('',#2306);
#2306 = CARTESIAN_POINT('',(3.27,0.2625,0.3025));
#2307 = LINE('',#2308,#2309);
#2308 = CARTESIAN_POINT('',(3.27,0.2625,0.3025));
#2309 = VECTOR('',#2310,1.);
#2310 = DIRECTION('',(0.,3.330669073875E-16,1.));
#2311 = ORIENTED_EDGE('',*,*,#2312,.T.);
#2312 = EDGE_CURVE('',#2305,#2313,#2315,.T.);
#2313 = VERTEX_POINT('',#2314);
#2314 = CARTESIAN_POINT('',(3.27,-0.2625,0.3025));
#2315 = LINE('',#2316,#2317);
#2316 = CARTESIAN_POINT('',(3.27,0.2625,0.3025));
#2317 = VECTOR('',#2318,1.);
#2318 = DIRECTION('',(0.,-1.,3.330669073875E-16));
#2319 = ORIENTED_EDGE('',*,*,#2320,.T.);
#2320 = EDGE_CURVE('',#2313,#2321,#2323,.T.);
#2321 = VERTEX_POINT('',#2322);
#2322 = CARTESIAN_POINT('',(3.27,-0.2625,3.73));
#2323 = LINE('',#2324,#2325);
#2324 = CARTESIAN_POINT('',(3.27,-0.2625,0.3025));
#2325 = VECTOR('',#2326,1.);
#2326 = DIRECTION('',(0.,3.330669073875E-16,1.));
#2327 = ORIENTED_EDGE('',*,*,#2328,.F.);
#2328 = EDGE_CURVE('',#1879,#2321,#2329,.T.);
#2329 = LINE('',#2330,#2331);
#2330 = CARTESIAN_POINT('',(3.27,0.2625,3.73));
#2331 = VECTOR('',#2332,1.);
#2332 = DIRECTION('',(0.,-1.,3.330669073875E-16));
#2333 = ORIENTED_EDGE('',*,*,#1886,.T.);
#2334 = ORIENTED_EDGE('',*,*,#2139,.T.);
#2335 = PLANE('',#2336);
#2336 = AXIS2_PLACEMENT_3D('',#2337,#2338,#2339);
#2337 = CARTESIAN_POINT('',(3.27,0.2625,0.3025));
#2338 = DIRECTION('',(-1.,0.,0.));
#2339 = DIRECTION('',(0.,3.330669073875E-16,1.));
#2340 = ADVANCED_FACE('',(#2341),#2359,.F.);
#2341 = FACE_BOUND('',#2342,.F.);
#2342 = EDGE_LOOP('',(#2343,#2344,#2345,#2353));
#2343 = ORIENTED_EDGE('',*,*,#1878,.T.);
#2344 = ORIENTED_EDGE('',*,*,#2328,.T.);
#2345 = ORIENTED_EDGE('',*,*,#2346,.T.);
#2346 = EDGE_CURVE('',#2321,#2347,#2349,.T.);
#2347 = VERTEX_POINT('',#2348);
#2348 = CARTESIAN_POINT('',(1.81,-0.2625,3.73));
#2349 = LINE('',#2350,#2351);
#2350 = CARTESIAN_POINT('',(3.27,-0.2625,3.73));
#2351 = VECTOR('',#2352,1.);
#2352 = DIRECTION('',(-1.,0.,0.));
#2353 = ORIENTED_EDGE('',*,*,#2354,.F.);
#2354 = EDGE_CURVE('',#1871,#2347,#2355,.T.);
#2355 = LINE('',#2356,#2357);
#2356 = CARTESIAN_POINT('',(1.81,0.2625,3.73));
#2357 = VECTOR('',#2358,1.);
#2358 = DIRECTION('',(0.,-1.,3.330669073875E-16));
#2359 = PLANE('',#2360);
#2360 = AXIS2_PLACEMENT_3D('',#2361,#2362,#2363);
#2361 = CARTESIAN_POINT('',(3.27,0.2625,3.73));
#2362 = DIRECTION('',(0.,-3.330669073875E-16,-1.));
#2363 = DIRECTION('',(-1.,-0.,0.));
#2364 = ADVANCED_FACE('',(#2365),#2392,.F.);
#2365 = FACE_BOUND('',#2366,.F.);
#2366 = EDGE_LOOP('',(#2367,#2368,#2369,#2377,#2385,#2391));
#2367 = ORIENTED_EDGE('',*,*,#1870,.T.);
#2368 = ORIENTED_EDGE('',*,*,#2354,.T.);
#2369 = ORIENTED_EDGE('',*,*,#2370,.T.);
#2370 = EDGE_CURVE('',#2347,#2371,#2373,.T.);
#2371 = VERTEX_POINT('',#2372);
#2372 = CARTESIAN_POINT('',(1.81,-0.2625,0.3025));
#2373 = LINE('',#2374,#2375);
#2374 = CARTESIAN_POINT('',(1.81,-0.2625,3.73));
#2375 = VECTOR('',#2376,1.);
#2376 = DIRECTION('',(0.,-3.330669073875E-16,-1.));
#2377 = ORIENTED_EDGE('',*,*,#2378,.F.);
#2378 = EDGE_CURVE('',#2379,#2371,#2381,.T.);
#2379 = VERTEX_POINT('',#2380);
#2380 = CARTESIAN_POINT('',(1.81,0.2625,0.3025));
#2381 = LINE('',#2382,#2383);
#2382 = CARTESIAN_POINT('',(1.81,0.2625,0.3025));
#2383 = VECTOR('',#2384,1.);
#2384 = DIRECTION('',(0.,-1.,3.330669073875E-16));
#2385 = ORIENTED_EDGE('',*,*,#2386,.F.);
#2386 = EDGE_CURVE('',#2148,#2379,#2387,.T.);
#2387 = LINE('',#2388,#2389);
#2388 = CARTESIAN_POINT('',(1.81,0.2625,3.73));
#2389 = VECTOR('',#2390,1.);
#2390 = DIRECTION('',(0.,-3.330669073875E-16,-1.));
#2391 = ORIENTED_EDGE('',*,*,#2155,.T.);
#2392 = PLANE('',#2393);
#2393 = AXIS2_PLACEMENT_3D('',#2394,#2395,#2396);
#2394 = CARTESIAN_POINT('',(1.81,0.2625,3.73));
#2395 = DIRECTION('',(1.,0.,0.));
#2396 = DIRECTION('',(0.,-3.330669073875E-16,-1.));
#2397 = ADVANCED_FACE('',(#2398),#2432,.F.);
#2398 = FACE_BOUND('',#2399,.F.);
#2399 = EDGE_LOOP('',(#2400,#2408,#2416,#2424,#2430,#2431));
#2400 = ORIENTED_EDGE('',*,*,#2401,.F.);
#2401 = EDGE_CURVE('',#2402,#2163,#2404,.T.);
#2402 = VERTEX_POINT('',#2403);
#2403 = CARTESIAN_POINT('',(0.73,0.2625,0.302499999998));
#2404 = LINE('',#2405,#2406);
#2405 = CARTESIAN_POINT('',(0.73,0.2625,0.302499999998));
#2406 = VECTOR('',#2407,1.);
#2407 = DIRECTION('',(0.,3.330669073875E-16,1.));
#2408 = ORIENTED_EDGE('',*,*,#2409,.T.);
#2409 = EDGE_CURVE('',#2402,#2410,#2412,.T.);
#2410 = VERTEX_POINT('',#2411);
#2411 = CARTESIAN_POINT('',(0.73,-0.2625,0.302499999998));
#2412 = LINE('',#2413,#2414);
#2413 = CARTESIAN_POINT('',(0.73,0.2625,0.302499999998));
#2414 = VECTOR('',#2415,1.);
#2415 = DIRECTION('',(0.,-1.,3.330669073875E-16));
#2416 = ORIENTED_EDGE('',*,*,#2417,.T.);
#2417 = EDGE_CURVE('',#2410,#2418,#2420,.T.);
#2418 = VERTEX_POINT('',#2419);
#2419 = CARTESIAN_POINT('',(0.73,-0.2625,3.73));
#2420 = LINE('',#2421,#2422);
#2421 = CARTESIAN_POINT('',(0.73,-0.2625,0.302499999998));
#2422 = VECTOR('',#2423,1.);
#2423 = DIRECTION('',(0.,3.330669073875E-16,1.));
#2424 = ORIENTED_EDGE('',*,*,#2425,.F.);
#2425 = EDGE_CURVE('',#1847,#2418,#2426,.T.);
#2426 = LINE('',#2427,#2428);
#2427 = CARTESIAN_POINT('',(0.73,0.2625,3.73));
#2428 = VECTOR('',#2429,1.);
#2429 = DIRECTION('',(0.,-1.,3.330669073875E-16));
#2430 = ORIENTED_EDGE('',*,*,#1854,.T.);
#2431 = ORIENTED_EDGE('',*,*,#2162,.T.);
#2432 = PLANE('',#2433);
#2433 = AXIS2_PLACEMENT_3D('',#2434,#2435,#2436);
#2434 = CARTESIAN_POINT('',(0.73,0.2625,0.302499999998));
#2435 = DIRECTION('',(-1.,0.,0.));
#2436 = DIRECTION('',(0.,3.330669073875E-16,1.));
#2437 = ADVANCED_FACE('',(#2438),#2456,.F.);
#2438 = FACE_BOUND('',#2439,.F.);
#2439 = EDGE_LOOP('',(#2440,#2441,#2442,#2450));
#2440 = ORIENTED_EDGE('',*,*,#1846,.T.);
#2441 = ORIENTED_EDGE('',*,*,#2425,.T.);
#2442 = ORIENTED_EDGE('',*,*,#2443,.T.);
#2443 = EDGE_CURVE('',#2418,#2444,#2446,.T.);
#2444 = VERTEX_POINT('',#2445);
#2445 = CARTESIAN_POINT('',(-0.73,-0.2625,3.73));
#2446 = LINE('',#2447,#2448);
#2447 = CARTESIAN_POINT('',(0.73,-0.2625,3.73));
#2448 = VECTOR('',#2449,1.);
#2449 = DIRECTION('',(-1.,0.,0.));
#2450 = ORIENTED_EDGE('',*,*,#2451,.F.);
#2451 = EDGE_CURVE('',#1839,#2444,#2452,.T.);
#2452 = LINE('',#2453,#2454);
#2453 = CARTESIAN_POINT('',(-0.73,0.2625,3.73));
#2454 = VECTOR('',#2455,1.);
#2455 = DIRECTION('',(0.,-1.,3.330669073875E-16));
#2456 = PLANE('',#2457);
#2457 = AXIS2_PLACEMENT_3D('',#2458,#2459,#2460);
#2458 = CARTESIAN_POINT('',(0.73,0.2625,3.73));
#2459 = DIRECTION('',(0.,-3.330669073875E-16,-1.));
#2460 = DIRECTION('',(-1.,-0.,0.));
#2461 = ADVANCED_FACE('',(#2462),#2489,.F.);
#2462 = FACE_BOUND('',#2463,.F.);
#2463 = EDGE_LOOP('',(#2464,#2465,#2466,#2474,#2482,#2488));
#2464 = ORIENTED_EDGE('',*,*,#1838,.T.);
#2465 = ORIENTED_EDGE('',*,*,#2451,.T.);
#2466 = ORIENTED_EDGE('',*,*,#2467,.T.);
#2467 = EDGE_CURVE('',#2444,#2468,#2470,.T.);
#2468 = VERTEX_POINT('',#2469);
#2469 = CARTESIAN_POINT('',(-0.73,-0.2625,0.302499999998));
#2470 = LINE('',#2471,#2472);
#2471 = CARTESIAN_POINT('',(-0.73,-0.2625,3.73));
#2472 = VECTOR('',#2473,1.);
#2473 = DIRECTION('',(0.,-3.330669073875E-16,-1.));
#2474 = ORIENTED_EDGE('',*,*,#2475,.F.);
#2475 = EDGE_CURVE('',#2476,#2468,#2478,.T.);
#2476 = VERTEX_POINT('',#2477);
#2477 = CARTESIAN_POINT('',(-0.73,0.2625,0.302499999998));
#2478 = LINE('',#2479,#2480);
#2479 = CARTESIAN_POINT('',(-0.73,0.2625,0.302499999998));
#2480 = VECTOR('',#2481,1.);
#2481 = DIRECTION('',(0.,-1.,3.330669073875E-16));
#2482 = ORIENTED_EDGE('',*,*,#2483,.F.);
#2483 = EDGE_CURVE('',#2171,#2476,#2484,.T.);
#2484 = LINE('',#2485,#2486);
#2485 = CARTESIAN_POINT('',(-0.73,0.2625,3.73));
#2486 = VECTOR('',#2487,1.);
#2487 = DIRECTION('',(0.,-3.330669073875E-16,-1.));
#2488 = ORIENTED_EDGE('',*,*,#2178,.T.);
#2489 = PLANE('',#2490);
#2490 = AXIS2_PLACEMENT_3D('',#2491,#2492,#2493);
#2491 = CARTESIAN_POINT('',(-0.73,0.2625,3.73));
#2492 = DIRECTION('',(1.,0.,0.));
#2493 = DIRECTION('',(0.,-3.330669073875E-16,-1.));
#2494 = ADVANCED_FACE('',(#2495),#2529,.T.);
#2495 = FACE_BOUND('',#2496,.T.);
#2496 = EDGE_LOOP('',(#2497,#2498,#2506,#2514,#2522,#2528));
#2497 = ORIENTED_EDGE('',*,*,#2038,.T.);
#2498 = ORIENTED_EDGE('',*,*,#2499,.T.);
#2499 = EDGE_CURVE('',#2031,#2500,#2502,.T.);
#2500 = VERTEX_POINT('',#2501);
#2501 = CARTESIAN_POINT('',(-2.575,1.89,18.775));
#2502 = LINE('',#2503,#2504);
#2503 = CARTESIAN_POINT('',(-2.575,1.89,5.));
#2504 = VECTOR('',#2505,1.);
#2505 = DIRECTION('',(0.,0.,1.));
#2506 = ORIENTED_EDGE('',*,*,#2507,.T.);
#2507 = EDGE_CURVE('',#2500,#2508,#2510,.T.);
#2508 = VERTEX_POINT('',#2509);
#2509 = CARTESIAN_POINT('',(-2.575,3.16,18.775));
#2510 = LINE('',#2511,#2512);
#2511 = CARTESIAN_POINT('',(-2.575,1.89,18.775));
#2512 = VECTOR('',#2513,1.);
#2513 = DIRECTION('',(0.,1.,0.));
#2514 = ORIENTED_EDGE('',*,*,#2515,.F.);
#2515 = EDGE_CURVE('',#2516,#2508,#2518,.T.);
#2516 = VERTEX_POINT('',#2517);
#2517 = CARTESIAN_POINT('',(-2.575,3.16,5.));
#2518 = LINE('',#2519,#2520);
#2519 = CARTESIAN_POINT('',(-2.575,3.16,5.));
#2520 = VECTOR('',#2521,1.);
#2521 = DIRECTION('',(0.,0.,1.));
#2522 = ORIENTED_EDGE('',*,*,#2523,.F.);
#2523 = EDGE_CURVE('',#2063,#2516,#2524,.T.);
#2524 = LINE('',#2525,#2526);
#2525 = CARTESIAN_POINT('',(-2.575,1.89,5.));
#2526 = VECTOR('',#2527,1.);
#2527 = DIRECTION('',(0.,1.,0.));
#2528 = ORIENTED_EDGE('',*,*,#2062,.T.);
#2529 = PLANE('',#2530);
#2530 = AXIS2_PLACEMENT_3D('',#2531,#2532,#2533);
#2531 = CARTESIAN_POINT('',(-2.575,1.89,5.));
#2532 = DIRECTION('',(-1.,0.,0.));
#2533 = DIRECTION('',(0.,1.,0.));
#2534 = ADVANCED_FACE('',(#2535,#2553),#2564,.T.);
#2535 = FACE_BOUND('',#2536,.T.);
#2536 = EDGE_LOOP('',(#2537,#2538,#2546,#2552));
#2537 = ORIENTED_EDGE('',*,*,#2030,.T.);
#2538 = ORIENTED_EDGE('',*,*,#2539,.T.);
#2539 = EDGE_CURVE('',#2023,#2540,#2542,.T.);
#2540 = VERTEX_POINT('',#2541);
#2541 = CARTESIAN_POINT('',(7.655,1.89,18.775));
#2542 = LINE('',#2543,#2544);
#2543 = CARTESIAN_POINT('',(7.655,1.89,5.));
#2544 = VECTOR('',#2545,1.);
#2545 = DIRECTION('',(0.,0.,1.));
#2546 = ORIENTED_EDGE('',*,*,#2547,.T.);
#2547 = EDGE_CURVE('',#2540,#2500,#2548,.T.);
#2548 = LINE('',#2549,#2550);
#2549 = CARTESIAN_POINT('',(7.655,1.89,18.775));
#2550 = VECTOR('',#2551,1.);
#2551 = DIRECTION('',(-1.,0.,0.));
#2552 = ORIENTED_EDGE('',*,*,#2499,.F.);
#2553 = FACE_BOUND('',#2554,.T.);
#2554 = EDGE_LOOP('',(#2555));
#2555 = ORIENTED_EDGE('',*,*,#2556,.F.);
#2556 = EDGE_CURVE('',#2557,#2557,#2559,.T.);
#2557 = VERTEX_POINT('',#2558);
#2558 = CARTESIAN_POINT('',(4.4075,1.89,16.005));
#2559 = CIRCLE('',#2560,1.8675);
#2560 = AXIS2_PLACEMENT_3D('',#2561,#2562,#2563);
#2561 = CARTESIAN_POINT('',(2.54,1.89,16.005));
#2562 = DIRECTION('',(0.,-1.,2.22044604925E-16));
#2563 = DIRECTION('',(1.,0.,0.));
#2564 = PLANE('',#2565);
#2565 = AXIS2_PLACEMENT_3D('',#2566,#2567,#2568);
#2566 = CARTESIAN_POINT('',(7.655,1.89,5.));
#2567 = DIRECTION('',(0.,-1.,0.));
#2568 = DIRECTION('',(-1.,0.,0.));
#2569 = ADVANCED_FACE('',(#2570),#2597,.T.);
#2570 = FACE_BOUND('',#2571,.T.);
#2571 = EDGE_LOOP('',(#2572,#2580,#2588,#2594,#2595,#2596));
#2572 = ORIENTED_EDGE('',*,*,#2573,.F.);
#2573 = EDGE_CURVE('',#2574,#2071,#2576,.T.);
#2574 = VERTEX_POINT('',#2575);
#2575 = CARTESIAN_POINT('',(7.655,3.16,5.));
#2576 = LINE('',#2577,#2578);
#2577 = CARTESIAN_POINT('',(7.655,3.16,5.));
#2578 = VECTOR('',#2579,1.);
#2579 = DIRECTION('',(0.,-1.,0.));
#2580 = ORIENTED_EDGE('',*,*,#2581,.T.);
#2581 = EDGE_CURVE('',#2574,#2582,#2584,.T.);
#2582 = VERTEX_POINT('',#2583);
#2583 = CARTESIAN_POINT('',(7.655,3.16,18.775));
#2584 = LINE('',#2585,#2586);
#2585 = CARTESIAN_POINT('',(7.655,3.16,5.));
#2586 = VECTOR('',#2587,1.);
#2587 = DIRECTION('',(0.,0.,1.));
#2588 = ORIENTED_EDGE('',*,*,#2589,.T.);
#2589 = EDGE_CURVE('',#2582,#2540,#2590,.T.);
#2590 = LINE('',#2591,#2592);
#2591 = CARTESIAN_POINT('',(7.655,3.16,18.775));
#2592 = VECTOR('',#2593,1.);
#2593 = DIRECTION('',(0.,-1.,0.));
#2594 = ORIENTED_EDGE('',*,*,#2539,.F.);
#2595 = ORIENTED_EDGE('',*,*,#2022,.T.);
#2596 = ORIENTED_EDGE('',*,*,#2078,.T.);
#2597 = PLANE('',#2598);
#2598 = AXIS2_PLACEMENT_3D('',#2599,#2600,#2601);
#2599 = CARTESIAN_POINT('',(7.655,3.16,5.));
#2600 = DIRECTION('',(1.,0.,0.));
#2601 = DIRECTION('',(0.,-1.,0.));
#2602 = ADVANCED_FACE('',(#2603),#2614,.F.);
#2603 = FACE_BOUND('',#2604,.F.);
#2604 = EDGE_LOOP('',(#2605,#2611,#2612,#2613));
#2605 = ORIENTED_EDGE('',*,*,#2606,.F.);
#2606 = EDGE_CURVE('',#2516,#2574,#2607,.T.);
#2607 = LINE('',#2608,#2609);
#2608 = CARTESIAN_POINT('',(-2.575,3.16,5.));
#2609 = VECTOR('',#2610,1.);
#2610 = DIRECTION('',(1.,0.,0.));
#2611 = ORIENTED_EDGE('',*,*,#2523,.F.);
#2612 = ORIENTED_EDGE('',*,*,#2070,.T.);
#2613 = ORIENTED_EDGE('',*,*,#2573,.F.);
#2614 = PLANE('',#2615);
#2615 = AXIS2_PLACEMENT_3D('',#2616,#2617,#2618);
#2616 = CARTESIAN_POINT('',(-2.575,3.16,5.));
#2617 = DIRECTION('',(0.,0.,1.));
#2618 = DIRECTION('',(1.,0.,-0.));
#2619 = ADVANCED_FACE('',(#2620),#2671,.F.);
#2620 = FACE_BOUND('',#2621,.F.);
#2621 = EDGE_LOOP('',(#2622,#2623,#2631,#2639,#2647,#2655,#2663,#2669,
    #2670));
#2622 = ORIENTED_EDGE('',*,*,#2483,.T.);
#2623 = ORIENTED_EDGE('',*,*,#2624,.T.);
#2624 = EDGE_CURVE('',#2476,#2625,#2627,.T.);
#2625 = VERTEX_POINT('',#2626);
#2626 = CARTESIAN_POINT('',(-0.4275,0.2625,-8.743006318923E-17));
#2627 = LINE('',#2628,#2629);
#2628 = CARTESIAN_POINT('',(-0.73,0.2625,0.302499999998));
#2629 = VECTOR('',#2630,1.);
#2630 = DIRECTION('',(0.707106781188,-2.355138688019E-16,-0.707106781185
    ));
#2631 = ORIENTED_EDGE('',*,*,#2632,.T.);
#2632 = EDGE_CURVE('',#2625,#2633,#2635,.T.);
#2633 = VERTEX_POINT('',#2634);
#2634 = CARTESIAN_POINT('',(-0.4275,0.2625,-9.009548279765));
#2635 = LINE('',#2636,#2637);
#2636 = CARTESIAN_POINT('',(-0.4275,0.2625,-8.743006318923E-17));
#2637 = VECTOR('',#2638,1.);
#2638 = DIRECTION('',(-6.161368972952E-18,-3.330669073875E-16,-1.));
#2639 = ORIENTED_EDGE('',*,*,#2640,.T.);
#2640 = EDGE_CURVE('',#2633,#2641,#2643,.T.);
#2641 = VERTEX_POINT('',#2642);
#2642 = CARTESIAN_POINT('',(0.,0.2625,-9.75));
#2643 = LINE('',#2644,#2645);
#2644 = CARTESIAN_POINT('',(-0.4275,0.2625,-9.009548279765));
#2645 = VECTOR('',#2646,1.);
#2646 = DIRECTION('',(0.5,-2.884444029576E-16,-0.866025403784));
#2647 = ORIENTED_EDGE('',*,*,#2648,.T.);
#2648 = EDGE_CURVE('',#2641,#2649,#2651,.T.);
#2649 = VERTEX_POINT('',#2650);
#2650 = CARTESIAN_POINT('',(0.4275,0.2625,-9.009548279765));
#2651 = LINE('',#2652,#2653);
#2652 = CARTESIAN_POINT('',(0.,0.2625,-9.75));
#2653 = VECTOR('',#2654,1.);
#2654 = DIRECTION('',(0.5,2.884444029576E-16,0.866025403784));
#2655 = ORIENTED_EDGE('',*,*,#2656,.T.);
#2656 = EDGE_CURVE('',#2649,#2657,#2659,.T.);
#2657 = VERTEX_POINT('',#2658);
#2658 = CARTESIAN_POINT('',(0.4275,0.2625,-8.743006318923E-17));
#2659 = LINE('',#2660,#2661);
#2660 = CARTESIAN_POINT('',(0.4275,0.2625,-9.009548279765));
#2661 = VECTOR('',#2662,1.);
#2662 = DIRECTION('',(0.,3.330669073875E-16,1.));
#2663 = ORIENTED_EDGE('',*,*,#2664,.T.);
#2664 = EDGE_CURVE('',#2657,#2402,#2665,.T.);
#2665 = LINE('',#2666,#2667);
#2666 = CARTESIAN_POINT('',(0.4275,0.2625,-8.743006318923E-17));
#2667 = VECTOR('',#2668,1.);
#2668 = DIRECTION('',(0.707106781188,2.355138688019E-16,0.707106781185)
  );
#2669 = ORIENTED_EDGE('',*,*,#2401,.T.);
#2670 = ORIENTED_EDGE('',*,*,#2170,.T.);
#2671 = PLANE('',#2672);
#2672 = AXIS2_PLACEMENT_3D('',#2673,#2674,#2675);
#2673 = CARTESIAN_POINT('',(-0.73,0.2625,0.302499999998));
#2674 = DIRECTION('',(0.,-1.,3.330669073875E-16));
#2675 = DIRECTION('',(0.,-3.330669073875E-16,-1.));
#2676 = ADVANCED_FACE('',(#2677),#2728,.F.);
#2677 = FACE_BOUND('',#2678,.F.);
#2678 = EDGE_LOOP('',(#2679,#2680,#2688,#2696,#2704,#2712,#2720,#2726,
    #2727));
#2679 = ORIENTED_EDGE('',*,*,#2386,.T.);
#2680 = ORIENTED_EDGE('',*,*,#2681,.T.);
#2681 = EDGE_CURVE('',#2379,#2682,#2684,.T.);
#2682 = VERTEX_POINT('',#2683);
#2683 = CARTESIAN_POINT('',(2.1125,0.2625,-8.743006318923E-17));
#2684 = LINE('',#2685,#2686);
#2685 = CARTESIAN_POINT('',(1.81,0.2625,0.3025));
#2686 = VECTOR('',#2687,1.);
#2687 = DIRECTION('',(0.707106781187,-2.355138688025E-16,-0.707106781186
    ));
#2688 = ORIENTED_EDGE('',*,*,#2689,.T.);
#2689 = EDGE_CURVE('',#2682,#2690,#2692,.T.);
#2690 = VERTEX_POINT('',#2691);
#2691 = CARTESIAN_POINT('',(2.1125,0.2625,-9.009548279765));
#2692 = LINE('',#2693,#2694);
#2693 = CARTESIAN_POINT('',(2.1125,0.2625,-8.743006318923E-17));
#2694 = VECTOR('',#2695,1.);
#2695 = DIRECTION('',(0.,-3.330669073875E-16,-1.));
#2696 = ORIENTED_EDGE('',*,*,#2697,.T.);
#2697 = EDGE_CURVE('',#2690,#2698,#2700,.T.);
#2698 = VERTEX_POINT('',#2699);
#2699 = CARTESIAN_POINT('',(2.54,0.2625,-9.75));
#2700 = LINE('',#2701,#2702);
#2701 = CARTESIAN_POINT('',(2.1125,0.2625,-9.009548279765));
#2702 = VECTOR('',#2703,1.);
#2703 = DIRECTION('',(0.5,-2.884444029576E-16,-0.866025403784));
#2704 = ORIENTED_EDGE('',*,*,#2705,.T.);
#2705 = EDGE_CURVE('',#2698,#2706,#2708,.T.);
#2706 = VERTEX_POINT('',#2707);
#2707 = CARTESIAN_POINT('',(2.9675,0.2625,-9.009548279765));
#2708 = LINE('',#2709,#2710);
#2709 = CARTESIAN_POINT('',(2.54,0.2625,-9.75));
#2710 = VECTOR('',#2711,1.);
#2711 = DIRECTION('',(0.5,2.884444029576E-16,0.866025403784));
#2712 = ORIENTED_EDGE('',*,*,#2713,.T.);
#2713 = EDGE_CURVE('',#2706,#2714,#2716,.T.);
#2714 = VERTEX_POINT('',#2715);
#2715 = CARTESIAN_POINT('',(2.9675,0.2625,-8.743006318923E-17));
#2716 = LINE('',#2717,#2718);
#2717 = CARTESIAN_POINT('',(2.9675,0.2625,-9.009548279765));
#2718 = VECTOR('',#2719,1.);
#2719 = DIRECTION('',(0.,3.330669073875E-16,1.));
#2720 = ORIENTED_EDGE('',*,*,#2721,.T.);
#2721 = EDGE_CURVE('',#2714,#2305,#2722,.T.);
#2722 = LINE('',#2723,#2724);
#2723 = CARTESIAN_POINT('',(2.9675,0.2625,-8.743006318923E-17));
#2724 = VECTOR('',#2725,1.);
#2725 = DIRECTION('',(0.707106781187,2.355138688025E-16,0.707106781186)
  );
#2726 = ORIENTED_EDGE('',*,*,#2304,.T.);
#2727 = ORIENTED_EDGE('',*,*,#2147,.T.);
#2728 = PLANE('',#2729);
#2729 = AXIS2_PLACEMENT_3D('',#2730,#2731,#2732);
#2730 = CARTESIAN_POINT('',(1.81,0.2625,0.3025));
#2731 = DIRECTION('',(0.,-1.,3.330669073875E-16));
#2732 = DIRECTION('',(0.,-3.330669073875E-16,-1.));
#2733 = ADVANCED_FACE('',(#2734),#2785,.F.);
#2734 = FACE_BOUND('',#2735,.F.);
#2735 = EDGE_LOOP('',(#2736,#2737,#2745,#2753,#2761,#2769,#2777,#2783,
    #2784));
#2736 = ORIENTED_EDGE('',*,*,#2289,.T.);
#2737 = ORIENTED_EDGE('',*,*,#2738,.T.);
#2738 = EDGE_CURVE('',#2282,#2739,#2741,.T.);
#2739 = VERTEX_POINT('',#2740);
#2740 = CARTESIAN_POINT('',(4.6525,0.2625,-8.743006318923E-17));
#2741 = LINE('',#2742,#2743);
#2742 = CARTESIAN_POINT('',(4.35,0.2625,0.3025));
#2743 = VECTOR('',#2744,1.);
#2744 = DIRECTION('',(0.707106781187,-2.355138688025E-16,-0.707106781186
    ));
#2745 = ORIENTED_EDGE('',*,*,#2746,.T.);
#2746 = EDGE_CURVE('',#2739,#2747,#2749,.T.);
#2747 = VERTEX_POINT('',#2748);
#2748 = CARTESIAN_POINT('',(4.6525,0.2625,-9.009548279765));
#2749 = LINE('',#2750,#2751);
#2750 = CARTESIAN_POINT('',(4.6525,0.2625,-8.743006318923E-17));
#2751 = VECTOR('',#2752,1.);
#2752 = DIRECTION('',(0.,-3.330669073875E-16,-1.));
#2753 = ORIENTED_EDGE('',*,*,#2754,.T.);
#2754 = EDGE_CURVE('',#2747,#2755,#2757,.T.);
#2755 = VERTEX_POINT('',#2756);
#2756 = CARTESIAN_POINT('',(5.08,0.2625,-9.75));
#2757 = LINE('',#2758,#2759);
#2758 = CARTESIAN_POINT('',(4.6525,0.2625,-9.009548279765));
#2759 = VECTOR('',#2760,1.);
#2760 = DIRECTION('',(0.5,-2.884444029576E-16,-0.866025403784));
#2761 = ORIENTED_EDGE('',*,*,#2762,.T.);
#2762 = EDGE_CURVE('',#2755,#2763,#2765,.T.);
#2763 = VERTEX_POINT('',#2764);
#2764 = CARTESIAN_POINT('',(5.5075,0.2625,-9.009548279765));
#2765 = LINE('',#2766,#2767);
#2766 = CARTESIAN_POINT('',(5.08,0.2625,-9.75));
#2767 = VECTOR('',#2768,1.);
#2768 = DIRECTION('',(0.5,2.884444029576E-16,0.866025403784));
#2769 = ORIENTED_EDGE('',*,*,#2770,.T.);
#2770 = EDGE_CURVE('',#2763,#2771,#2773,.T.);
#2771 = VERTEX_POINT('',#2772);
#2772 = CARTESIAN_POINT('',(5.5075,0.2625,-8.743006318923E-17));
#2773 = LINE('',#2774,#2775);
#2774 = CARTESIAN_POINT('',(5.5075,0.2625,-9.009548279765));
#2775 = VECTOR('',#2776,1.);
#2776 = DIRECTION('',(0.,3.330669073875E-16,1.));
#2777 = ORIENTED_EDGE('',*,*,#2778,.T.);
#2778 = EDGE_CURVE('',#2771,#2208,#2779,.T.);
#2779 = LINE('',#2780,#2781);
#2780 = CARTESIAN_POINT('',(5.5075,0.2625,-8.743006318923E-17));
#2781 = VECTOR('',#2782,1.);
#2782 = DIRECTION('',(0.707106781187,2.355138688025E-16,0.707106781186)
  );
#2783 = ORIENTED_EDGE('',*,*,#2207,.T.);
#2784 = ORIENTED_EDGE('',*,*,#2124,.T.);
#2785 = PLANE('',#2786);
#2786 = AXIS2_PLACEMENT_3D('',#2787,#2788,#2789);
#2787 = CARTESIAN_POINT('',(4.35,0.2625,0.3025));
#2788 = DIRECTION('',(0.,-1.,3.330669073875E-16));
#2789 = DIRECTION('',(0.,-3.330669073875E-16,-1.));
#2790 = ADVANCED_FACE('',(#2791),#2842,.T.);
#2791 = FACE_BOUND('',#2792,.T.);
#2792 = EDGE_LOOP('',(#2793,#2801,#2809,#2817,#2825,#2833,#2839,#2840,
    #2841));
#2793 = ORIENTED_EDGE('',*,*,#2794,.T.);
#2794 = EDGE_CURVE('',#2274,#2795,#2797,.T.);
#2795 = VERTEX_POINT('',#2796);
#2796 = CARTESIAN_POINT('',(4.6525,-0.2625,8.743006318923E-17));
#2797 = LINE('',#2798,#2799);
#2798 = CARTESIAN_POINT('',(4.35,-0.2625,0.3025));
#2799 = VECTOR('',#2800,1.);
#2800 = DIRECTION('',(0.707106781187,-2.355138688025E-16,-0.707106781186
    ));
#2801 = ORIENTED_EDGE('',*,*,#2802,.T.);
#2802 = EDGE_CURVE('',#2795,#2803,#2805,.T.);
#2803 = VERTEX_POINT('',#2804);
#2804 = CARTESIAN_POINT('',(4.6525,-0.2625,-9.009548279765));
#2805 = LINE('',#2806,#2807);
#2806 = CARTESIAN_POINT('',(4.6525,-0.2625,8.743006318923E-17));
#2807 = VECTOR('',#2808,1.);
#2808 = DIRECTION('',(0.,-3.330669073875E-16,-1.));
#2809 = ORIENTED_EDGE('',*,*,#2810,.T.);
#2810 = EDGE_CURVE('',#2803,#2811,#2813,.T.);
#2811 = VERTEX_POINT('',#2812);
#2812 = CARTESIAN_POINT('',(5.08,-0.2625,-9.75));
#2813 = LINE('',#2814,#2815);
#2814 = CARTESIAN_POINT('',(4.6525,-0.2625,-9.009548279765));
#2815 = VECTOR('',#2816,1.);
#2816 = DIRECTION('',(0.5,-2.884444029576E-16,-0.866025403784));
#2817 = ORIENTED_EDGE('',*,*,#2818,.T.);
#2818 = EDGE_CURVE('',#2811,#2819,#2821,.T.);
#2819 = VERTEX_POINT('',#2820);
#2820 = CARTESIAN_POINT('',(5.5075,-0.2625,-9.009548279765));
#2821 = LINE('',#2822,#2823);
#2822 = CARTESIAN_POINT('',(5.08,-0.2625,-9.75));
#2823 = VECTOR('',#2824,1.);
#2824 = DIRECTION('',(0.5,2.884444029576E-16,0.866025403784));
#2825 = ORIENTED_EDGE('',*,*,#2826,.T.);
#2826 = EDGE_CURVE('',#2819,#2827,#2829,.T.);
#2827 = VERTEX_POINT('',#2828);
#2828 = CARTESIAN_POINT('',(5.5075,-0.2625,8.743006318923E-17));
#2829 = LINE('',#2830,#2831);
#2830 = CARTESIAN_POINT('',(5.5075,-0.2625,-9.009548279765));
#2831 = VECTOR('',#2832,1.);
#2832 = DIRECTION('',(0.,3.330669073875E-16,1.));
#2833 = ORIENTED_EDGE('',*,*,#2834,.T.);
#2834 = EDGE_CURVE('',#2827,#2216,#2835,.T.);
#2835 = LINE('',#2836,#2837);
#2836 = CARTESIAN_POINT('',(5.5075,-0.2625,8.743006318923E-17));
#2837 = VECTOR('',#2838,1.);
#2838 = DIRECTION('',(0.707106781187,2.355138688025E-16,0.707106781186)
  );
#2839 = ORIENTED_EDGE('',*,*,#2223,.T.);
#2840 = ORIENTED_EDGE('',*,*,#2249,.T.);
#2841 = ORIENTED_EDGE('',*,*,#2273,.T.);
#2842 = PLANE('',#2843);
#2843 = AXIS2_PLACEMENT_3D('',#2844,#2845,#2846);
#2844 = CARTESIAN_POINT('',(4.35,-0.2625,0.3025));
#2845 = DIRECTION('',(0.,-1.,3.330669073875E-16));
#2846 = DIRECTION('',(0.,-3.330669073875E-16,-1.));
#2847 = ADVANCED_FACE('',(#2848),#2859,.F.);
#2848 = FACE_BOUND('',#2849,.F.);
#2849 = EDGE_LOOP('',(#2850,#2856,#2857,#2858));
#2850 = ORIENTED_EDGE('',*,*,#2851,.T.);
#2851 = EDGE_CURVE('',#2771,#2827,#2852,.T.);
#2852 = LINE('',#2853,#2854);
#2853 = CARTESIAN_POINT('',(5.5075,0.2625,-8.743006318923E-17));
#2854 = VECTOR('',#2855,1.);
#2855 = DIRECTION('',(0.,-1.,3.330669073875E-16));
#2856 = ORIENTED_EDGE('',*,*,#2834,.T.);
#2857 = ORIENTED_EDGE('',*,*,#2215,.F.);
#2858 = ORIENTED_EDGE('',*,*,#2778,.F.);
#2859 = PLANE('',#2860);
#2860 = AXIS2_PLACEMENT_3D('',#2861,#2862,#2863);
#2861 = CARTESIAN_POINT('',(5.5075,0.2625,-8.743006318923E-17));
#2862 = DIRECTION('',(-0.707106781186,2.355138688026E-16,0.707106781187)
  );
#2863 = DIRECTION('',(0.707106781187,2.355138688025E-16,0.707106781186)
  );
#2864 = ADVANCED_FACE('',(#2865),#2876,.F.);
#2865 = FACE_BOUND('',#2866,.F.);
#2866 = EDGE_LOOP('',(#2867,#2868,#2869,#2875));
#2867 = ORIENTED_EDGE('',*,*,#2281,.T.);
#2868 = ORIENTED_EDGE('',*,*,#2794,.T.);
#2869 = ORIENTED_EDGE('',*,*,#2870,.F.);
#2870 = EDGE_CURVE('',#2739,#2795,#2871,.T.);
#2871 = LINE('',#2872,#2873);
#2872 = CARTESIAN_POINT('',(4.6525,0.2625,-8.743006318923E-17));
#2873 = VECTOR('',#2874,1.);
#2874 = DIRECTION('',(0.,-1.,3.330669073875E-16));
#2875 = ORIENTED_EDGE('',*,*,#2738,.F.);
#2876 = PLANE('',#2877);
#2877 = AXIS2_PLACEMENT_3D('',#2878,#2879,#2880);
#2878 = CARTESIAN_POINT('',(4.35,0.2625,0.3025));
#2879 = DIRECTION('',(0.707106781186,2.355138688026E-16,0.707106781187)
  );
#2880 = DIRECTION('',(0.707106781187,-2.355138688025E-16,-0.707106781186
    ));
#2881 = ADVANCED_FACE('',(#2882),#2933,.T.);
#2882 = FACE_BOUND('',#2883,.T.);
#2883 = EDGE_LOOP('',(#2884,#2892,#2900,#2908,#2916,#2924,#2930,#2931,
    #2932));
#2884 = ORIENTED_EDGE('',*,*,#2885,.T.);
#2885 = EDGE_CURVE('',#2371,#2886,#2888,.T.);
#2886 = VERTEX_POINT('',#2887);
#2887 = CARTESIAN_POINT('',(2.1125,-0.2625,8.743006318923E-17));
#2888 = LINE('',#2889,#2890);
#2889 = CARTESIAN_POINT('',(1.81,-0.2625,0.3025));
#2890 = VECTOR('',#2891,1.);
#2891 = DIRECTION('',(0.707106781187,-2.355138688025E-16,-0.707106781186
    ));
#2892 = ORIENTED_EDGE('',*,*,#2893,.T.);
#2893 = EDGE_CURVE('',#2886,#2894,#2896,.T.);
#2894 = VERTEX_POINT('',#2895);
#2895 = CARTESIAN_POINT('',(2.1125,-0.2625,-9.009548279765));
#2896 = LINE('',#2897,#2898);
#2897 = CARTESIAN_POINT('',(2.1125,-0.2625,8.743006318923E-17));
#2898 = VECTOR('',#2899,1.);
#2899 = DIRECTION('',(0.,-3.330669073875E-16,-1.));
#2900 = ORIENTED_EDGE('',*,*,#2901,.T.);
#2901 = EDGE_CURVE('',#2894,#2902,#2904,.T.);
#2902 = VERTEX_POINT('',#2903);
#2903 = CARTESIAN_POINT('',(2.54,-0.2625,-9.75));
#2904 = LINE('',#2905,#2906);
#2905 = CARTESIAN_POINT('',(2.1125,-0.2625,-9.009548279765));
#2906 = VECTOR('',#2907,1.);
#2907 = DIRECTION('',(0.5,-2.884444029576E-16,-0.866025403784));
#2908 = ORIENTED_EDGE('',*,*,#2909,.T.);
#2909 = EDGE_CURVE('',#2902,#2910,#2912,.T.);
#2910 = VERTEX_POINT('',#2911);
#2911 = CARTESIAN_POINT('',(2.9675,-0.2625,-9.009548279765));
#2912 = LINE('',#2913,#2914);
#2913 = CARTESIAN_POINT('',(2.54,-0.2625,-9.75));
#2914 = VECTOR('',#2915,1.);
#2915 = DIRECTION('',(0.5,2.884444029576E-16,0.866025403784));
#2916 = ORIENTED_EDGE('',*,*,#2917,.T.);
#2917 = EDGE_CURVE('',#2910,#2918,#2920,.T.);
#2918 = VERTEX_POINT('',#2919);
#2919 = CARTESIAN_POINT('',(2.9675,-0.2625,8.743006318923E-17));
#2920 = LINE('',#2921,#2922);
#2921 = CARTESIAN_POINT('',(2.9675,-0.2625,-9.009548279765));
#2922 = VECTOR('',#2923,1.);
#2923 = DIRECTION('',(0.,3.330669073875E-16,1.));
#2924 = ORIENTED_EDGE('',*,*,#2925,.T.);
#2925 = EDGE_CURVE('',#2918,#2313,#2926,.T.);
#2926 = LINE('',#2927,#2928);
#2927 = CARTESIAN_POINT('',(2.9675,-0.2625,8.743006318923E-17));
#2928 = VECTOR('',#2929,1.);
#2929 = DIRECTION('',(0.707106781187,2.355138688025E-16,0.707106781186)
  );
#2930 = ORIENTED_EDGE('',*,*,#2320,.T.);
#2931 = ORIENTED_EDGE('',*,*,#2346,.T.);
#2932 = ORIENTED_EDGE('',*,*,#2370,.T.);
#2933 = PLANE('',#2934);
#2934 = AXIS2_PLACEMENT_3D('',#2935,#2936,#2937);
#2935 = CARTESIAN_POINT('',(1.81,-0.2625,0.3025));
#2936 = DIRECTION('',(0.,-1.,3.330669073875E-16));
#2937 = DIRECTION('',(0.,-3.330669073875E-16,-1.));
#2938 = ADVANCED_FACE('',(#2939),#2950,.F.);
#2939 = FACE_BOUND('',#2940,.F.);
#2940 = EDGE_LOOP('',(#2941,#2947,#2948,#2949));
#2941 = ORIENTED_EDGE('',*,*,#2942,.T.);
#2942 = EDGE_CURVE('',#2714,#2918,#2943,.T.);
#2943 = LINE('',#2944,#2945);
#2944 = CARTESIAN_POINT('',(2.9675,0.2625,-8.743006318923E-17));
#2945 = VECTOR('',#2946,1.);
#2946 = DIRECTION('',(0.,-1.,3.330669073875E-16));
#2947 = ORIENTED_EDGE('',*,*,#2925,.T.);
#2948 = ORIENTED_EDGE('',*,*,#2312,.F.);
#2949 = ORIENTED_EDGE('',*,*,#2721,.F.);
#2950 = PLANE('',#2951);
#2951 = AXIS2_PLACEMENT_3D('',#2952,#2953,#2954);
#2952 = CARTESIAN_POINT('',(2.9675,0.2625,-8.743006318923E-17));
#2953 = DIRECTION('',(-0.707106781186,2.355138688026E-16,0.707106781187)
  );
#2954 = DIRECTION('',(0.707106781187,2.355138688025E-16,0.707106781186)
  );
#2955 = ADVANCED_FACE('',(#2956),#2967,.F.);
#2956 = FACE_BOUND('',#2957,.F.);
#2957 = EDGE_LOOP('',(#2958,#2959,#2960,#2966));
#2958 = ORIENTED_EDGE('',*,*,#2378,.T.);
#2959 = ORIENTED_EDGE('',*,*,#2885,.T.);
#2960 = ORIENTED_EDGE('',*,*,#2961,.F.);
#2961 = EDGE_CURVE('',#2682,#2886,#2962,.T.);
#2962 = LINE('',#2963,#2964);
#2963 = CARTESIAN_POINT('',(2.1125,0.2625,-8.743006318923E-17));
#2964 = VECTOR('',#2965,1.);
#2965 = DIRECTION('',(0.,-1.,3.330669073875E-16));
#2966 = ORIENTED_EDGE('',*,*,#2681,.F.);
#2967 = PLANE('',#2968);
#2968 = AXIS2_PLACEMENT_3D('',#2969,#2970,#2971);
#2969 = CARTESIAN_POINT('',(1.81,0.2625,0.3025));
#2970 = DIRECTION('',(0.707106781186,2.355138688026E-16,0.707106781187)
  );
#2971 = DIRECTION('',(0.707106781187,-2.355138688025E-16,-0.707106781186
    ));
#2972 = ADVANCED_FACE('',(#2973),#3024,.T.);
#2973 = FACE_BOUND('',#2974,.T.);
#2974 = EDGE_LOOP('',(#2975,#2983,#2991,#2999,#3007,#3015,#3021,#3022,
    #3023));
#2975 = ORIENTED_EDGE('',*,*,#2976,.T.);
#2976 = EDGE_CURVE('',#2468,#2977,#2979,.T.);
#2977 = VERTEX_POINT('',#2978);
#2978 = CARTESIAN_POINT('',(-0.4275,-0.2625,8.743006318923E-17));
#2979 = LINE('',#2980,#2981);
#2980 = CARTESIAN_POINT('',(-0.73,-0.2625,0.302499999998));
#2981 = VECTOR('',#2982,1.);
#2982 = DIRECTION('',(0.707106781188,-2.355138688019E-16,-0.707106781185
    ));
#2983 = ORIENTED_EDGE('',*,*,#2984,.T.);
#2984 = EDGE_CURVE('',#2977,#2985,#2987,.T.);
#2985 = VERTEX_POINT('',#2986);
#2986 = CARTESIAN_POINT('',(-0.4275,-0.2625,-9.009548279765));
#2987 = LINE('',#2988,#2989);
#2988 = CARTESIAN_POINT('',(-0.4275,-0.2625,8.743006318923E-17));
#2989 = VECTOR('',#2990,1.);
#2990 = DIRECTION('',(-6.161368972952E-18,-3.330669073875E-16,-1.));
#2991 = ORIENTED_EDGE('',*,*,#2992,.T.);
#2992 = EDGE_CURVE('',#2985,#2993,#2995,.T.);
#2993 = VERTEX_POINT('',#2994);
#2994 = CARTESIAN_POINT('',(0.,-0.2625,-9.75));
#2995 = LINE('',#2996,#2997);
#2996 = CARTESIAN_POINT('',(-0.4275,-0.2625,-9.009548279765));
#2997 = VECTOR('',#2998,1.);
#2998 = DIRECTION('',(0.5,-2.884444029576E-16,-0.866025403784));
#2999 = ORIENTED_EDGE('',*,*,#3000,.T.);
#3000 = EDGE_CURVE('',#2993,#3001,#3003,.T.);
#3001 = VERTEX_POINT('',#3002);
#3002 = CARTESIAN_POINT('',(0.4275,-0.2625,-9.009548279765));
#3003 = LINE('',#3004,#3005);
#3004 = CARTESIAN_POINT('',(0.,-0.2625,-9.75));
#3005 = VECTOR('',#3006,1.);
#3006 = DIRECTION('',(0.5,2.884444029576E-16,0.866025403784));
#3007 = ORIENTED_EDGE('',*,*,#3008,.T.);
#3008 = EDGE_CURVE('',#3001,#3009,#3011,.T.);
#3009 = VERTEX_POINT('',#3010);
#3010 = CARTESIAN_POINT('',(0.4275,-0.2625,8.743006318923E-17));
#3011 = LINE('',#3012,#3013);
#3012 = CARTESIAN_POINT('',(0.4275,-0.2625,-9.009548279765));
#3013 = VECTOR('',#3014,1.);
#3014 = DIRECTION('',(0.,3.330669073875E-16,1.));
#3015 = ORIENTED_EDGE('',*,*,#3016,.T.);
#3016 = EDGE_CURVE('',#3009,#2410,#3017,.T.);
#3017 = LINE('',#3018,#3019);
#3018 = CARTESIAN_POINT('',(0.4275,-0.2625,8.743006318923E-17));
#3019 = VECTOR('',#3020,1.);
#3020 = DIRECTION('',(0.707106781188,2.355138688019E-16,0.707106781185)
  );
#3021 = ORIENTED_EDGE('',*,*,#2417,.T.);
#3022 = ORIENTED_EDGE('',*,*,#2443,.T.);
#3023 = ORIENTED_EDGE('',*,*,#2467,.T.);
#3024 = PLANE('',#3025);
#3025 = AXIS2_PLACEMENT_3D('',#3026,#3027,#3028);
#3026 = CARTESIAN_POINT('',(-0.73,-0.2625,0.302499999998));
#3027 = DIRECTION('',(0.,-1.,3.330669073875E-16));
#3028 = DIRECTION('',(0.,-3.330669073875E-16,-1.));
#3029 = ADVANCED_FACE('',(#3030),#3041,.F.);
#3030 = FACE_BOUND('',#3031,.F.);
#3031 = EDGE_LOOP('',(#3032,#3038,#3039,#3040));
#3032 = ORIENTED_EDGE('',*,*,#3033,.T.);
#3033 = EDGE_CURVE('',#2657,#3009,#3034,.T.);
#3034 = LINE('',#3035,#3036);
#3035 = CARTESIAN_POINT('',(0.4275,0.2625,-8.743006318923E-17));
#3036 = VECTOR('',#3037,1.);
#3037 = DIRECTION('',(0.,-1.,3.330669073875E-16));
#3038 = ORIENTED_EDGE('',*,*,#3016,.T.);
#3039 = ORIENTED_EDGE('',*,*,#2409,.F.);
#3040 = ORIENTED_EDGE('',*,*,#2664,.F.);
#3041 = PLANE('',#3042);
#3042 = AXIS2_PLACEMENT_3D('',#3043,#3044,#3045);
#3043 = CARTESIAN_POINT('',(0.4275,0.2625,-8.743006318923E-17));
#3044 = DIRECTION('',(-0.707106781185,2.355138688032E-16,0.707106781188)
  );
#3045 = DIRECTION('',(0.707106781188,2.355138688019E-16,0.707106781185)
  );
#3046 = ADVANCED_FACE('',(#3047),#3058,.F.);
#3047 = FACE_BOUND('',#3048,.F.);
#3048 = EDGE_LOOP('',(#3049,#3050,#3051,#3057));
#3049 = ORIENTED_EDGE('',*,*,#2475,.T.);
#3050 = ORIENTED_EDGE('',*,*,#2976,.T.);
#3051 = ORIENTED_EDGE('',*,*,#3052,.F.);
#3052 = EDGE_CURVE('',#2625,#2977,#3053,.T.);
#3053 = LINE('',#3054,#3055);
#3054 = CARTESIAN_POINT('',(-0.4275,0.2625,-8.743006318923E-17));
#3055 = VECTOR('',#3056,1.);
#3056 = DIRECTION('',(0.,-1.,3.330669073875E-16));
#3057 = ORIENTED_EDGE('',*,*,#2624,.F.);
#3058 = PLANE('',#3059);
#3059 = AXIS2_PLACEMENT_3D('',#3060,#3061,#3062);
#3060 = CARTESIAN_POINT('',(-0.73,0.2625,0.302499999998));
#3061 = DIRECTION('',(0.707106781185,2.355138688032E-16,0.707106781188)
  );
#3062 = DIRECTION('',(0.707106781188,-2.355138688019E-16,-0.707106781185
    ));
#3063 = ADVANCED_FACE('',(#3064,#3075),#3086,.T.);
#3064 = FACE_BOUND('',#3065,.T.);
#3065 = EDGE_LOOP('',(#3066,#3067,#3073,#3074));
#3066 = ORIENTED_EDGE('',*,*,#2515,.T.);
#3067 = ORIENTED_EDGE('',*,*,#3068,.T.);
#3068 = EDGE_CURVE('',#2508,#2582,#3069,.T.);
#3069 = LINE('',#3070,#3071);
#3070 = CARTESIAN_POINT('',(-2.575,3.16,18.775));
#3071 = VECTOR('',#3072,1.);
#3072 = DIRECTION('',(1.,0.,0.));
#3073 = ORIENTED_EDGE('',*,*,#2581,.F.);
#3074 = ORIENTED_EDGE('',*,*,#2606,.F.);
#3075 = FACE_BOUND('',#3076,.T.);
#3076 = EDGE_LOOP('',(#3077));
#3077 = ORIENTED_EDGE('',*,*,#3078,.T.);
#3078 = EDGE_CURVE('',#3079,#3079,#3081,.T.);
#3079 = VERTEX_POINT('',#3080);
#3080 = CARTESIAN_POINT('',(4.4075,3.16,16.005));
#3081 = CIRCLE('',#3082,1.8675);
#3082 = AXIS2_PLACEMENT_3D('',#3083,#3084,#3085);
#3083 = CARTESIAN_POINT('',(2.54,3.16,16.005));
#3084 = DIRECTION('',(0.,-1.,2.22044604925E-16));
#3085 = DIRECTION('',(1.,0.,0.));
#3086 = PLANE('',#3087);
#3087 = AXIS2_PLACEMENT_3D('',#3088,#3089,#3090);
#3088 = CARTESIAN_POINT('',(-2.575,3.16,5.));
#3089 = DIRECTION('',(0.,1.,0.));
#3090 = DIRECTION('',(1.,0.,0.));
#3091 = ADVANCED_FACE('',(#3092),#3098,.T.);
#3092 = FACE_BOUND('',#3093,.F.);
#3093 = EDGE_LOOP('',(#3094,#3095,#3096,#3097));
#3094 = ORIENTED_EDGE('',*,*,#3068,.T.);
#3095 = ORIENTED_EDGE('',*,*,#2589,.T.);
#3096 = ORIENTED_EDGE('',*,*,#2547,.T.);
#3097 = ORIENTED_EDGE('',*,*,#2507,.T.);
#3098 = PLANE('',#3099);
#3099 = AXIS2_PLACEMENT_3D('',#3100,#3101,#3102);
#3100 = CARTESIAN_POINT('',(-2.575,3.16,18.775));
#3101 = DIRECTION('',(0.,0.,1.));
#3102 = DIRECTION('',(1.,0.,-0.));
#3103 = ADVANCED_FACE('',(#3104),#3115,.F.);
#3104 = FACE_BOUND('',#3105,.F.);
#3105 = EDGE_LOOP('',(#3106,#3107,#3113,#3114));
#3106 = ORIENTED_EDGE('',*,*,#2556,.F.);
#3107 = ORIENTED_EDGE('',*,*,#3108,.T.);
#3108 = EDGE_CURVE('',#2557,#3079,#3109,.T.);
#3109 = LINE('',#3110,#3111);
#3110 = CARTESIAN_POINT('',(4.4075,1.89,16.005));
#3111 = VECTOR('',#3112,1.);
#3112 = DIRECTION('',(0.,1.,-2.22044604925E-16));
#3113 = ORIENTED_EDGE('',*,*,#3078,.T.);
#3114 = ORIENTED_EDGE('',*,*,#3108,.F.);
#3115 = CYLINDRICAL_SURFACE('',#3116,1.8675);
#3116 = AXIS2_PLACEMENT_3D('',#3117,#3118,#3119);
#3117 = CARTESIAN_POINT('',(2.54,1.89,16.005));
#3118 = DIRECTION('',(0.,-1.,2.22044604925E-16));
#3119 = DIRECTION('',(1.,0.,0.));
#3120 = ADVANCED_FACE('',(#3121),#3132,.F.);
#3121 = FACE_BOUND('',#3122,.F.);
#3122 = EDGE_LOOP('',(#3123,#3129,#3130,#3131));
#3123 = ORIENTED_EDGE('',*,*,#3124,.T.);
#3124 = EDGE_CURVE('',#2649,#3001,#3125,.T.);
#3125 = LINE('',#3126,#3127);
#3126 = CARTESIAN_POINT('',(0.4275,0.2625,-9.009548279765));
#3127 = VECTOR('',#3128,1.);
#3128 = DIRECTION('',(0.,-1.,3.330669073875E-16));
#3129 = ORIENTED_EDGE('',*,*,#3008,.T.);
#3130 = ORIENTED_EDGE('',*,*,#3033,.F.);
#3131 = ORIENTED_EDGE('',*,*,#2656,.F.);
#3132 = PLANE('',#3133);
#3133 = AXIS2_PLACEMENT_3D('',#3134,#3135,#3136);
#3134 = CARTESIAN_POINT('',(0.4275,0.2625,-9.009548279765));
#3135 = DIRECTION('',(-1.,0.,0.));
#3136 = DIRECTION('',(0.,3.330669073875E-16,1.));
#3137 = ADVANCED_FACE('',(#3138),#3149,.F.);
#3138 = FACE_BOUND('',#3139,.F.);
#3139 = EDGE_LOOP('',(#3140,#3146,#3147,#3148));
#3140 = ORIENTED_EDGE('',*,*,#3141,.T.);
#3141 = EDGE_CURVE('',#2641,#2993,#3142,.T.);
#3142 = LINE('',#3143,#3144);
#3143 = CARTESIAN_POINT('',(0.,0.2625,-9.75));
#3144 = VECTOR('',#3145,1.);
#3145 = DIRECTION('',(0.,-1.,3.330669073875E-16));
#3146 = ORIENTED_EDGE('',*,*,#3000,.T.);
#3147 = ORIENTED_EDGE('',*,*,#3124,.F.);
#3148 = ORIENTED_EDGE('',*,*,#2648,.F.);
#3149 = PLANE('',#3150);
#3150 = AXIS2_PLACEMENT_3D('',#3151,#3152,#3153);
#3151 = CARTESIAN_POINT('',(0.,0.2625,-9.75));
#3152 = DIRECTION('',(-0.866025403784,1.66533453694E-16,0.5));
#3153 = DIRECTION('',(0.5,2.884444029576E-16,0.866025403784));
#3154 = ADVANCED_FACE('',(#3155),#3166,.F.);
#3155 = FACE_BOUND('',#3156,.F.);
#3156 = EDGE_LOOP('',(#3157,#3163,#3164,#3165));
#3157 = ORIENTED_EDGE('',*,*,#3158,.T.);
#3158 = EDGE_CURVE('',#2633,#2985,#3159,.T.);
#3159 = LINE('',#3160,#3161);
#3160 = CARTESIAN_POINT('',(-0.4275,0.2625,-9.009548279765));
#3161 = VECTOR('',#3162,1.);
#3162 = DIRECTION('',(0.,-1.,3.330669073875E-16));
#3163 = ORIENTED_EDGE('',*,*,#2992,.T.);
#3164 = ORIENTED_EDGE('',*,*,#3141,.F.);
#3165 = ORIENTED_EDGE('',*,*,#2640,.F.);
#3166 = PLANE('',#3167);
#3167 = AXIS2_PLACEMENT_3D('',#3168,#3169,#3170);
#3168 = CARTESIAN_POINT('',(-0.4275,0.2625,-9.009548279765));
#3169 = DIRECTION('',(0.866025403784,1.66533453694E-16,0.5));
#3170 = DIRECTION('',(0.5,-2.884444029576E-16,-0.866025403784));
#3171 = ADVANCED_FACE('',(#3172),#3178,.F.);
#3172 = FACE_BOUND('',#3173,.F.);
#3173 = EDGE_LOOP('',(#3174,#3175,#3176,#3177));
#3174 = ORIENTED_EDGE('',*,*,#3052,.T.);
#3175 = ORIENTED_EDGE('',*,*,#2984,.T.);
#3176 = ORIENTED_EDGE('',*,*,#3158,.F.);
#3177 = ORIENTED_EDGE('',*,*,#2632,.F.);
#3178 = PLANE('',#3179);
#3179 = AXIS2_PLACEMENT_3D('',#3180,#3181,#3182);
#3180 = CARTESIAN_POINT('',(-0.4275,0.2625,-8.743006318923E-17));
#3181 = DIRECTION('',(1.,-2.052148109095E-33,-6.161368972952E-18));
#3182 = DIRECTION('',(-6.161368972952E-18,-3.330669073875E-16,-1.));
#3183 = ADVANCED_FACE('',(#3184),#3195,.F.);
#3184 = FACE_BOUND('',#3185,.F.);
#3185 = EDGE_LOOP('',(#3186,#3192,#3193,#3194));
#3186 = ORIENTED_EDGE('',*,*,#3187,.T.);
#3187 = EDGE_CURVE('',#2706,#2910,#3188,.T.);
#3188 = LINE('',#3189,#3190);
#3189 = CARTESIAN_POINT('',(2.9675,0.2625,-9.009548279765));
#3190 = VECTOR('',#3191,1.);
#3191 = DIRECTION('',(0.,-1.,3.330669073875E-16));
#3192 = ORIENTED_EDGE('',*,*,#2917,.T.);
#3193 = ORIENTED_EDGE('',*,*,#2942,.F.);
#3194 = ORIENTED_EDGE('',*,*,#2713,.F.);
#3195 = PLANE('',#3196);
#3196 = AXIS2_PLACEMENT_3D('',#3197,#3198,#3199);
#3197 = CARTESIAN_POINT('',(2.9675,0.2625,-9.009548279765));
#3198 = DIRECTION('',(-1.,0.,0.));
#3199 = DIRECTION('',(0.,3.330669073875E-16,1.));
#3200 = ADVANCED_FACE('',(#3201),#3212,.F.);
#3201 = FACE_BOUND('',#3202,.F.);
#3202 = EDGE_LOOP('',(#3203,#3209,#3210,#3211));
#3203 = ORIENTED_EDGE('',*,*,#3204,.T.);
#3204 = EDGE_CURVE('',#2698,#2902,#3205,.T.);
#3205 = LINE('',#3206,#3207);
#3206 = CARTESIAN_POINT('',(2.54,0.2625,-9.75));
#3207 = VECTOR('',#3208,1.);
#3208 = DIRECTION('',(0.,-1.,3.330669073875E-16));
#3209 = ORIENTED_EDGE('',*,*,#2909,.T.);
#3210 = ORIENTED_EDGE('',*,*,#3187,.F.);
#3211 = ORIENTED_EDGE('',*,*,#2705,.F.);
#3212 = PLANE('',#3213);
#3213 = AXIS2_PLACEMENT_3D('',#3214,#3215,#3216);
#3214 = CARTESIAN_POINT('',(2.54,0.2625,-9.75));
#3215 = DIRECTION('',(-0.866025403784,1.66533453694E-16,0.5));
#3216 = DIRECTION('',(0.5,2.884444029576E-16,0.866025403784));
#3217 = ADVANCED_FACE('',(#3218),#3229,.F.);
#3218 = FACE_BOUND('',#3219,.F.);
#3219 = EDGE_LOOP('',(#3220,#3226,#3227,#3228));
#3220 = ORIENTED_EDGE('',*,*,#3221,.T.);
#3221 = EDGE_CURVE('',#2690,#2894,#3222,.T.);
#3222 = LINE('',#3223,#3224);
#3223 = CARTESIAN_POINT('',(2.1125,0.2625,-9.009548279765));
#3224 = VECTOR('',#3225,1.);
#3225 = DIRECTION('',(0.,-1.,3.330669073875E-16));
#3226 = ORIENTED_EDGE('',*,*,#2901,.T.);
#3227 = ORIENTED_EDGE('',*,*,#3204,.F.);
#3228 = ORIENTED_EDGE('',*,*,#2697,.F.);
#3229 = PLANE('',#3230);
#3230 = AXIS2_PLACEMENT_3D('',#3231,#3232,#3233);
#3231 = CARTESIAN_POINT('',(2.1125,0.2625,-9.009548279765));
#3232 = DIRECTION('',(0.866025403784,1.66533453694E-16,0.5));
#3233 = DIRECTION('',(0.5,-2.884444029576E-16,-0.866025403784));
#3234 = ADVANCED_FACE('',(#3235),#3241,.F.);
#3235 = FACE_BOUND('',#3236,.F.);
#3236 = EDGE_LOOP('',(#3237,#3238,#3239,#3240));
#3237 = ORIENTED_EDGE('',*,*,#2961,.T.);
#3238 = ORIENTED_EDGE('',*,*,#2893,.T.);
#3239 = ORIENTED_EDGE('',*,*,#3221,.F.);
#3240 = ORIENTED_EDGE('',*,*,#2689,.F.);
#3241 = PLANE('',#3242);
#3242 = AXIS2_PLACEMENT_3D('',#3243,#3244,#3245);
#3243 = CARTESIAN_POINT('',(2.1125,0.2625,-8.743006318923E-17));
#3244 = DIRECTION('',(1.,0.,0.));
#3245 = DIRECTION('',(0.,-3.330669073875E-16,-1.));
#3246 = ADVANCED_FACE('',(#3247),#3258,.F.);
#3247 = FACE_BOUND('',#3248,.F.);
#3248 = EDGE_LOOP('',(#3249,#3255,#3256,#3257));
#3249 = ORIENTED_EDGE('',*,*,#3250,.T.);
#3250 = EDGE_CURVE('',#2763,#2819,#3251,.T.);
#3251 = LINE('',#3252,#3253);
#3252 = CARTESIAN_POINT('',(5.5075,0.2625,-9.009548279765));
#3253 = VECTOR('',#3254,1.);
#3254 = DIRECTION('',(0.,-1.,3.330669073875E-16));
#3255 = ORIENTED_EDGE('',*,*,#2826,.T.);
#3256 = ORIENTED_EDGE('',*,*,#2851,.F.);
#3257 = ORIENTED_EDGE('',*,*,#2770,.F.);
#3258 = PLANE('',#3259);
#3259 = AXIS2_PLACEMENT_3D('',#3260,#3261,#3262);
#3260 = CARTESIAN_POINT('',(5.5075,0.2625,-9.009548279765));
#3261 = DIRECTION('',(-1.,0.,0.));
#3262 = DIRECTION('',(0.,3.330669073875E-16,1.));
#3263 = ADVANCED_FACE('',(#3264),#3275,.F.);
#3264 = FACE_BOUND('',#3265,.F.);
#3265 = EDGE_LOOP('',(#3266,#3272,#3273,#3274));
#3266 = ORIENTED_EDGE('',*,*,#3267,.T.);
#3267 = EDGE_CURVE('',#2755,#2811,#3268,.T.);
#3268 = LINE('',#3269,#3270);
#3269 = CARTESIAN_POINT('',(5.08,0.2625,-9.75));
#3270 = VECTOR('',#3271,1.);
#3271 = DIRECTION('',(0.,-1.,3.330669073875E-16));
#3272 = ORIENTED_EDGE('',*,*,#2818,.T.);
#3273 = ORIENTED_EDGE('',*,*,#3250,.F.);
#3274 = ORIENTED_EDGE('',*,*,#2762,.F.);
#3275 = PLANE('',#3276);
#3276 = AXIS2_PLACEMENT_3D('',#3277,#3278,#3279);
#3277 = CARTESIAN_POINT('',(5.08,0.2625,-9.75));
#3278 = DIRECTION('',(-0.866025403784,1.66533453694E-16,0.5));
#3279 = DIRECTION('',(0.5,2.884444029576E-16,0.866025403784));
#3280 = ADVANCED_FACE('',(#3281),#3292,.F.);
#3281 = FACE_BOUND('',#3282,.F.);
#3282 = EDGE_LOOP('',(#3283,#3289,#3290,#3291));
#3283 = ORIENTED_EDGE('',*,*,#3284,.T.);
#3284 = EDGE_CURVE('',#2747,#2803,#3285,.T.);
#3285 = LINE('',#3286,#3287);
#3286 = CARTESIAN_POINT('',(4.6525,0.2625,-9.009548279765));
#3287 = VECTOR('',#3288,1.);
#3288 = DIRECTION('',(0.,-1.,3.330669073875E-16));
#3289 = ORIENTED_EDGE('',*,*,#2810,.T.);
#3290 = ORIENTED_EDGE('',*,*,#3267,.F.);
#3291 = ORIENTED_EDGE('',*,*,#2754,.F.);
#3292 = PLANE('',#3293);
#3293 = AXIS2_PLACEMENT_3D('',#3294,#3295,#3296);
#3294 = CARTESIAN_POINT('',(4.6525,0.2625,-9.009548279765));
#3295 = DIRECTION('',(0.866025403784,1.66533453694E-16,0.5));
#3296 = DIRECTION('',(0.5,-2.884444029576E-16,-0.866025403784));
#3297 = ADVANCED_FACE('',(#3298),#3304,.F.);
#3298 = FACE_BOUND('',#3299,.F.);
#3299 = EDGE_LOOP('',(#3300,#3301,#3302,#3303));
#3300 = ORIENTED_EDGE('',*,*,#2870,.T.);
#3301 = ORIENTED_EDGE('',*,*,#2802,.T.);
#3302 = ORIENTED_EDGE('',*,*,#3284,.F.);
#3303 = ORIENTED_EDGE('',*,*,#2746,.F.);
#3304 = PLANE('',#3305);
#3305 = AXIS2_PLACEMENT_3D('',#3306,#3307,#3308);
#3306 = CARTESIAN_POINT('',(4.6525,0.2625,-8.743006318923E-17));
#3307 = DIRECTION('',(1.,0.,0.));
#3308 = DIRECTION('',(0.,-3.330669073875E-16,-1.));
#3309 = ( GEOMETRIC_REPRESENTATION_CONTEXT(3) 
GLOBAL_UNCERTAINTY_ASSIGNED_CONTEXT((#3313)) 
GLOBAL_UNIT_ASSIGNED_CONTEXT((#3310,#3311,#3312)) REPRESENTATION_CONTEXT
('Context #1','3D Context with UNIT and UNCERTAINTY') );
#3310 = ( LENGTH_UNIT() NAMED_UNIT(*) SI_UNIT(.MILLI.,.METRE.) );
#3311 = ( NAMED_UNIT(*) PLANE_ANGLE_UNIT() SI_UNIT($,.RADIAN.) );
#3312 = ( NAMED_UNIT(*) SI_UNIT($,.STERADIAN.) SOLID_ANGLE_UNIT() );
#3313 = UNCERTAINTY_MEASURE_WITH_UNIT(LENGTH_MEASURE(1.E-07),#3310,
  'distance_accuracy_value','confusion accuracy');
#3314 = CONTEXT_DEPENDENT_SHAPE_REPRESENTATION(#3315,#3317);
#3315 = ( REPRESENTATION_RELATIONSHIP('','',#1766,#10) 
REPRESENTATION_RELATIONSHIP_WITH_TRANSFORMATION(#3316) 
SHAPE_REPRESENTATION_RELATIONSHIP() );
#3316 = ITEM_DEFINED_TRANSFORMATION('','',#11,#55);
#3317 = PRODUCT_DEFINITION_SHAPE('Placement','Placement of an item',
  #3318);
#3318 = NEXT_ASSEMBLY_USAGE_OCCURRENCE('11','U1','',#5,#1761,$);
#3319 = PRODUCT_RELATED_PRODUCT_CATEGORY('part',$,(#1763));
#3320 = CONTEXT_DEPENDENT_SHAPE_REPRESENTATION(#3321,#3323);
#3321 = ( REPRESENTATION_RELATIONSHIP('','',#176,#10) 
REPRESENTATION_RELATIONSHIP_WITH_TRANSFORMATION(#3322) 
SHAPE_REPRESENTATION_RELATIONSHIP() );
#3322 = ITEM_DEFINED_TRANSFORMATION('','',#11,#59);
#3323 = PRODUCT_DEFINITION_SHAPE('Placement','Placement of an item',
  #3324);
#3324 = NEXT_ASSEMBLY_USAGE_OCCURRENCE('12','R9','',#5,#171,$);
#3325 = CONTEXT_DEPENDENT_SHAPE_REPRESENTATION(#3326,#3328);
#3326 = ( REPRESENTATION_RELATIONSHIP('','',#1382,#10) 
REPRESENTATION_RELATIONSHIP_WITH_TRANSFORMATION(#3327) 
SHAPE_REPRESENTATION_RELATIONSHIP() );
#3327 = ITEM_DEFINED_TRANSFORMATION('','',#11,#63);
#3328 = PRODUCT_DEFINITION_SHAPE('Placement','Placement of an item',
  #3329);
#3329 = NEXT_ASSEMBLY_USAGE_OCCURRENCE('13','D14','',#5,#1377,$);
#3330 = SHAPE_DEFINITION_REPRESENTATION(#3331,#3337);
#3331 = PRODUCT_DEFINITION_SHAPE('','',#3332);
#3332 = PRODUCT_DEFINITION('design','',#3333,#3336);
#3333 = PRODUCT_DEFINITION_FORMATION('','',#3334);
#3334 = PRODUCT('LED_D5.0mm','LED_D5.0mm','',(#3335));
#3335 = PRODUCT_CONTEXT('',#2,'mechanical');
#3336 = PRODUCT_DEFINITION_CONTEXT('part definition',#2,'design');
#3337 = ADVANCED_BREP_SHAPE_REPRESENTATION('',(#11,#3338),#3763);
#3338 = MANIFOLD_SOLID_BREP('',#3339);
#3339 = CLOSED_SHELL('',(#3340,#3367,#3392,#3420,#3452,#3469,#3547,#3578
    ,#3602,#3626,#3643,#3674,#3698,#3722,#3739,#3751));
#3340 = ADVANCED_FACE('',(#3341),#3362,.T.);
#3341 = FACE_BOUND('',#3342,.T.);
#3342 = EDGE_LOOP('',(#3343,#3354,#3355));
#3343 = ORIENTED_EDGE('',*,*,#3344,.T.);
#3344 = EDGE_CURVE('',#3345,#3347,#3349,.T.);
#3345 = VERTEX_POINT('',#3346);
#3346 = CARTESIAN_POINT('',(3.72,6.095124405192E-15,9.15));
#3347 = VERTEX_POINT('',#3348);
#3348 = CARTESIAN_POINT('',(1.27,7.727152251391E-15,11.6));
#3349 = CIRCLE('',#3350,2.45);
#3350 = AXIS2_PLACEMENT_3D('',#3351,#3352,#3353);
#3351 = CARTESIAN_POINT('',(1.27,6.095124405192E-15,9.15));
#3352 = DIRECTION('',(0.,-1.,6.661338147751E-16));
#3353 = DIRECTION('',(1.,0.,0.));
#3354 = ORIENTED_EDGE('',*,*,#3344,.F.);
#3355 = ORIENTED_EDGE('',*,*,#3356,.F.);
#3356 = EDGE_CURVE('',#3345,#3345,#3357,.T.);
#3357 = CIRCLE('',#3358,2.45);
#3358 = AXIS2_PLACEMENT_3D('',#3359,#3360,#3361);
#3359 = CARTESIAN_POINT('',(1.27,4.063416270128E-15,9.15));
#3360 = DIRECTION('',(-4.379057701015E-47,-4.440892098501E-16,-1.));
#3361 = DIRECTION('',(1.,8.292686265567E-16,-3.68269249121E-31));
#3362 = SPHERICAL_SURFACE('',#3363,2.45);
#3363 = AXIS2_PLACEMENT_3D('',#3364,#3365,#3366);
#3364 = CARTESIAN_POINT('',(1.27,6.095124405192E-15,9.15));
#3365 = DIRECTION('',(0.,4.440892098501E-16,1.));
#3366 = DIRECTION('',(1.,1.394807543452E-15,-6.194189798646E-31));
#3367 = ADVANCED_FACE('',(#3368),#3387,.T.);
#3368 = FACE_BOUND('',#3369,.T.);
#3369 = EDGE_LOOP('',(#3370,#3378,#3379,#3380));
#3370 = ORIENTED_EDGE('',*,*,#3371,.F.);
#3371 = EDGE_CURVE('',#3345,#3372,#3374,.T.);
#3372 = VERTEX_POINT('',#3373);
#3373 = CARTESIAN_POINT('',(3.72,2.6645352591E-15,4.));
#3374 = LINE('',#3375,#3376);
#3375 = CARTESIAN_POINT('',(3.72,6.095124405192E-15,9.15));
#3376 = VECTOR('',#3377,1.);
#3377 = DIRECTION('',(0.,-6.661338147751E-16,-1.));
#3378 = ORIENTED_EDGE('',*,*,#3356,.T.);
#3379 = ORIENTED_EDGE('',*,*,#3371,.T.);
#3380 = ORIENTED_EDGE('',*,*,#3381,.F.);
#3381 = EDGE_CURVE('',#3372,#3372,#3382,.T.);
#3382 = CIRCLE('',#3383,2.45);
#3383 = AXIS2_PLACEMENT_3D('',#3384,#3385,#3386);
#3384 = CARTESIAN_POINT('',(1.27,1.7763568394E-15,4.));
#3385 = DIRECTION('',(-2.189528850508E-47,-4.440892098501E-16,-1.));
#3386 = DIRECTION('',(1.,3.625218039592E-16,-1.609920214737E-31));
#3387 = CYLINDRICAL_SURFACE('',#3388,2.45);
#3388 = AXIS2_PLACEMENT_3D('',#3389,#3390,#3391);
#3389 = CARTESIAN_POINT('',(1.27,4.063416270128E-15,9.15));
#3390 = DIRECTION('',(0.,-4.440892098501E-16,-1.));
#3391 = DIRECTION('',(1.,8.292686265567E-16,-3.68269249121E-31));
#3392 = ADVANCED_FACE('',(#3393,#3412),#3415,.F.);
#3393 = FACE_BOUND('',#3394,.F.);
#3394 = EDGE_LOOP('',(#3395,#3406));
#3395 = ORIENTED_EDGE('',*,*,#3396,.F.);
#3396 = EDGE_CURVE('',#3397,#3399,#3401,.T.);
#3397 = VERTEX_POINT('',#3398);
#3398 = CARTESIAN_POINT('',(-1.229999999999,-1.46969384567,4.));
#3399 = VERTEX_POINT('',#3400);
#3400 = CARTESIAN_POINT('',(-1.23,1.469693845669,4.));
#3401 = CIRCLE('',#3402,2.9);
#3402 = AXIS2_PLACEMENT_3D('',#3403,#3404,#3405);
#3403 = CARTESIAN_POINT('',(1.27,0.,4.));
#3404 = DIRECTION('',(0.,0.,1.));
#3405 = DIRECTION('',(1.,0.,-0.));
#3406 = ORIENTED_EDGE('',*,*,#3407,.T.);
#3407 = EDGE_CURVE('',#3397,#3399,#3408,.T.);
#3408 = LINE('',#3409,#3410);
#3409 = CARTESIAN_POINT('',(-1.229999999999,-1.46969384567,4.));
#3410 = VECTOR('',#3411,1.);
#3411 = DIRECTION('',(0.,1.,0.));
#3412 = FACE_BOUND('',#3413,.F.);
#3413 = EDGE_LOOP('',(#3414));
#3414 = ORIENTED_EDGE('',*,*,#3381,.F.);
#3415 = PLANE('',#3416);
#3416 = AXIS2_PLACEMENT_3D('',#3417,#3418,#3419);
#3417 = CARTESIAN_POINT('',(-1.229999999999,-1.469693845671,4.));
#3418 = DIRECTION('',(0.,0.,-1.));
#3419 = DIRECTION('',(-1.,0.,0.));
#3420 = ADVANCED_FACE('',(#3421),#3447,.T.);
#3421 = FACE_BOUND('',#3422,.T.);
#3422 = EDGE_LOOP('',(#3423,#3434,#3440,#3441));
#3423 = ORIENTED_EDGE('',*,*,#3424,.T.);
#3424 = EDGE_CURVE('',#3425,#3427,#3429,.T.);
#3425 = VERTEX_POINT('',#3426);
#3426 = CARTESIAN_POINT('',(-1.229999999999,-1.46969384567,3.));
#3427 = VERTEX_POINT('',#3428);
#3428 = CARTESIAN_POINT('',(-1.23,1.469693845669,3.));
#3429 = CIRCLE('',#3430,2.9);
#3430 = AXIS2_PLACEMENT_3D('',#3431,#3432,#3433);
#3431 = CARTESIAN_POINT('',(1.27,0.,3.));
#3432 = DIRECTION('',(0.,0.,1.));
#3433 = DIRECTION('',(1.,0.,-0.));
#3434 = ORIENTED_EDGE('',*,*,#3435,.T.);
#3435 = EDGE_CURVE('',#3427,#3399,#3436,.T.);
#3436 = LINE('',#3437,#3438);
#3437 = CARTESIAN_POINT('',(-1.23,1.469693845669,3.));
#3438 = VECTOR('',#3439,1.);
#3439 = DIRECTION('',(0.,0.,1.));
#3440 = ORIENTED_EDGE('',*,*,#3396,.F.);
#3441 = ORIENTED_EDGE('',*,*,#3442,.F.);
#3442 = EDGE_CURVE('',#3425,#3397,#3443,.T.);
#3443 = LINE('',#3444,#3445);
#3444 = CARTESIAN_POINT('',(-1.229999999999,-1.46969384567,3.));
#3445 = VECTOR('',#3446,1.);
#3446 = DIRECTION('',(0.,0.,1.));
#3447 = CYLINDRICAL_SURFACE('',#3448,2.9);
#3448 = AXIS2_PLACEMENT_3D('',#3449,#3450,#3451);
#3449 = CARTESIAN_POINT('',(1.27,0.,3.));
#3450 = DIRECTION('',(-0.,-0.,-1.));
#3451 = DIRECTION('',(1.,0.,0.));
#3452 = ADVANCED_FACE('',(#3453),#3464,.T.);
#3453 = FACE_BOUND('',#3454,.T.);
#3454 = EDGE_LOOP('',(#3455,#3456,#3457,#3458));
#3455 = ORIENTED_EDGE('',*,*,#3442,.T.);
#3456 = ORIENTED_EDGE('',*,*,#3407,.T.);
#3457 = ORIENTED_EDGE('',*,*,#3435,.F.);
#3458 = ORIENTED_EDGE('',*,*,#3459,.F.);
#3459 = EDGE_CURVE('',#3425,#3427,#3460,.T.);
#3460 = LINE('',#3461,#3462);
#3461 = CARTESIAN_POINT('',(-1.229999999999,-1.46969384567,3.));
#3462 = VECTOR('',#3463,1.);
#3463 = DIRECTION('',(0.,1.,0.));
#3464 = PLANE('',#3465);
#3465 = AXIS2_PLACEMENT_3D('',#3466,#3467,#3468);
#3466 = CARTESIAN_POINT('',(-1.229999999999,-1.46969384567,3.));
#3467 = DIRECTION('',(-1.,0.,0.));
#3468 = DIRECTION('',(0.,1.,0.));
#3469 = ADVANCED_FACE('',(#3470,#3474,#3508),#3542,.T.);
#3470 = FACE_BOUND('',#3471,.T.);
#3471 = EDGE_LOOP('',(#3472,#3473));
#3472 = ORIENTED_EDGE('',*,*,#3424,.F.);
#3473 = ORIENTED_EDGE('',*,*,#3459,.T.);
#3474 = FACE_BOUND('',#3475,.T.);
#3475 = EDGE_LOOP('',(#3476,#3486,#3494,#3502));
#3476 = ORIENTED_EDGE('',*,*,#3477,.T.);
#3477 = EDGE_CURVE('',#3478,#3480,#3482,.T.);
#3478 = VERTEX_POINT('',#3479);
#3479 = CARTESIAN_POINT('',(-0.2,-0.2,3.));
#3480 = VERTEX_POINT('',#3481);
#3481 = CARTESIAN_POINT('',(0.2,-0.2,3.));
#3482 = LINE('',#3483,#3484);
#3483 = CARTESIAN_POINT('',(-0.515,-0.2,3.));
#3484 = VECTOR('',#3485,1.);
#3485 = DIRECTION('',(1.,0.,0.));
#3486 = ORIENTED_EDGE('',*,*,#3487,.T.);
#3487 = EDGE_CURVE('',#3480,#3488,#3490,.T.);
#3488 = VERTEX_POINT('',#3489);
#3489 = CARTESIAN_POINT('',(0.2,0.2,3.));
#3490 = LINE('',#3491,#3492);
#3491 = CARTESIAN_POINT('',(0.2,-0.634846922835,3.));
#3492 = VECTOR('',#3493,1.);
#3493 = DIRECTION('',(0.,1.,0.));
#3494 = ORIENTED_EDGE('',*,*,#3495,.T.);
#3495 = EDGE_CURVE('',#3488,#3496,#3498,.T.);
#3496 = VERTEX_POINT('',#3497);
#3497 = CARTESIAN_POINT('',(-0.2,0.2,3.));
#3498 = LINE('',#3499,#3500);
#3499 = CARTESIAN_POINT('',(-0.715,0.2,3.));
#3500 = VECTOR('',#3501,1.);
#3501 = DIRECTION('',(-1.,-0.,-0.));
#3502 = ORIENTED_EDGE('',*,*,#3503,.T.);
#3503 = EDGE_CURVE('',#3496,#3478,#3504,.T.);
#3504 = LINE('',#3505,#3506);
#3505 = CARTESIAN_POINT('',(-0.2,-0.834846922835,3.));
#3506 = VECTOR('',#3507,1.);
#3507 = DIRECTION('',(0.,-1.,0.));
#3508 = FACE_BOUND('',#3509,.T.);
#3509 = EDGE_LOOP('',(#3510,#3520,#3528,#3536));
#3510 = ORIENTED_EDGE('',*,*,#3511,.T.);
#3511 = EDGE_CURVE('',#3512,#3514,#3516,.T.);
#3512 = VERTEX_POINT('',#3513);
#3513 = CARTESIAN_POINT('',(2.34,0.2,3.));
#3514 = VERTEX_POINT('',#3515);
#3515 = CARTESIAN_POINT('',(2.34,-0.2,3.));
#3516 = LINE('',#3517,#3518);
#3517 = CARTESIAN_POINT('',(2.34,-0.834846922835,3.));
#3518 = VECTOR('',#3519,1.);
#3519 = DIRECTION('',(0.,-1.,0.));
#3520 = ORIENTED_EDGE('',*,*,#3521,.T.);
#3521 = EDGE_CURVE('',#3514,#3522,#3524,.T.);
#3522 = VERTEX_POINT('',#3523);
#3523 = CARTESIAN_POINT('',(2.74,-0.2,3.));
#3524 = LINE('',#3525,#3526);
#3525 = CARTESIAN_POINT('',(0.755,-0.2,3.));
#3526 = VECTOR('',#3527,1.);
#3527 = DIRECTION('',(1.,0.,0.));
#3528 = ORIENTED_EDGE('',*,*,#3529,.T.);
#3529 = EDGE_CURVE('',#3522,#3530,#3532,.T.);
#3530 = VERTEX_POINT('',#3531);
#3531 = CARTESIAN_POINT('',(2.74,0.2,3.));
#3532 = LINE('',#3533,#3534);
#3533 = CARTESIAN_POINT('',(2.74,-0.634846922835,3.));
#3534 = VECTOR('',#3535,1.);
#3535 = DIRECTION('',(0.,1.,0.));
#3536 = ORIENTED_EDGE('',*,*,#3537,.T.);
#3537 = EDGE_CURVE('',#3530,#3512,#3538,.T.);
#3538 = LINE('',#3539,#3540);
#3539 = CARTESIAN_POINT('',(0.555,0.2,3.));
#3540 = VECTOR('',#3541,1.);
#3541 = DIRECTION('',(-1.,-0.,-0.));
#3542 = PLANE('',#3543);
#3543 = AXIS2_PLACEMENT_3D('',#3544,#3545,#3546);
#3544 = CARTESIAN_POINT('',(-1.229999999999,-1.469693845671,3.));
#3545 = DIRECTION('',(0.,0.,-1.));
#3546 = DIRECTION('',(-1.,0.,0.));
#3547 = ADVANCED_FACE('',(#3548),#3573,.F.);
#3548 = FACE_BOUND('',#3549,.F.);
#3549 = EDGE_LOOP('',(#3550,#3551,#3559,#3567));
#3550 = ORIENTED_EDGE('',*,*,#3477,.T.);
#3551 = ORIENTED_EDGE('',*,*,#3552,.T.);
#3552 = EDGE_CURVE('',#3480,#3553,#3555,.T.);
#3553 = VERTEX_POINT('',#3554);
#3554 = CARTESIAN_POINT('',(0.2,-0.2,-2.5));
#3555 = LINE('',#3556,#3557);
#3556 = CARTESIAN_POINT('',(0.2,-0.2,3.5));
#3557 = VECTOR('',#3558,1.);
#3558 = DIRECTION('',(-0.,-0.,-1.));
#3559 = ORIENTED_EDGE('',*,*,#3560,.T.);
#3560 = EDGE_CURVE('',#3553,#3561,#3563,.T.);
#3561 = VERTEX_POINT('',#3562);
#3562 = CARTESIAN_POINT('',(-0.2,-0.2,-2.5));
#3563 = LINE('',#3564,#3565);
#3564 = CARTESIAN_POINT('',(0.2,-0.2,-2.5));
#3565 = VECTOR('',#3566,1.);
#3566 = DIRECTION('',(-1.,0.,0.));
#3567 = ORIENTED_EDGE('',*,*,#3568,.F.);
#3568 = EDGE_CURVE('',#3478,#3561,#3569,.T.);
#3569 = LINE('',#3570,#3571);
#3570 = CARTESIAN_POINT('',(-0.2,-0.2,3.5));
#3571 = VECTOR('',#3572,1.);
#3572 = DIRECTION('',(-0.,-0.,-1.));
#3573 = PLANE('',#3574);
#3574 = AXIS2_PLACEMENT_3D('',#3575,#3576,#3577);
#3575 = CARTESIAN_POINT('',(0.2,-0.2,3.5));
#3576 = DIRECTION('',(0.,1.,0.));
#3577 = DIRECTION('',(-1.,0.,0.));
#3578 = ADVANCED_FACE('',(#3579),#3597,.F.);
#3579 = FACE_BOUND('',#3580,.F.);
#3580 = EDGE_LOOP('',(#3581,#3582,#3583,#3591));
#3581 = ORIENTED_EDGE('',*,*,#3503,.T.);
#3582 = ORIENTED_EDGE('',*,*,#3568,.T.);
#3583 = ORIENTED_EDGE('',*,*,#3584,.T.);
#3584 = EDGE_CURVE('',#3561,#3585,#3587,.T.);
#3585 = VERTEX_POINT('',#3586);
#3586 = CARTESIAN_POINT('',(-0.2,0.2,-2.5));
#3587 = LINE('',#3588,#3589);
#3588 = CARTESIAN_POINT('',(-0.2,-0.2,-2.5));
#3589 = VECTOR('',#3590,1.);
#3590 = DIRECTION('',(0.,1.,0.));
#3591 = ORIENTED_EDGE('',*,*,#3592,.F.);
#3592 = EDGE_CURVE('',#3496,#3585,#3593,.T.);
#3593 = LINE('',#3594,#3595);
#3594 = CARTESIAN_POINT('',(-0.2,0.2,3.5));
#3595 = VECTOR('',#3596,1.);
#3596 = DIRECTION('',(-0.,-0.,-1.));
#3597 = PLANE('',#3598);
#3598 = AXIS2_PLACEMENT_3D('',#3599,#3600,#3601);
#3599 = CARTESIAN_POINT('',(-0.2,-0.2,3.5));
#3600 = DIRECTION('',(1.,0.,0.));
#3601 = DIRECTION('',(-0.,1.,0.));
#3602 = ADVANCED_FACE('',(#3603),#3621,.F.);
#3603 = FACE_BOUND('',#3604,.F.);
#3604 = EDGE_LOOP('',(#3605,#3606,#3607,#3615));
#3605 = ORIENTED_EDGE('',*,*,#3495,.T.);
#3606 = ORIENTED_EDGE('',*,*,#3592,.T.);
#3607 = ORIENTED_EDGE('',*,*,#3608,.T.);
#3608 = EDGE_CURVE('',#3585,#3609,#3611,.T.);
#3609 = VERTEX_POINT('',#3610);
#3610 = CARTESIAN_POINT('',(0.2,0.2,-2.5));
#3611 = LINE('',#3612,#3613);
#3612 = CARTESIAN_POINT('',(-0.2,0.2,-2.5));
#3613 = VECTOR('',#3614,1.);
#3614 = DIRECTION('',(1.,0.,0.));
#3615 = ORIENTED_EDGE('',*,*,#3616,.F.);
#3616 = EDGE_CURVE('',#3488,#3609,#3617,.T.);
#3617 = LINE('',#3618,#3619);
#3618 = CARTESIAN_POINT('',(0.2,0.2,3.5));
#3619 = VECTOR('',#3620,1.);
#3620 = DIRECTION('',(-0.,-0.,-1.));
#3621 = PLANE('',#3622);
#3622 = AXIS2_PLACEMENT_3D('',#3623,#3624,#3625);
#3623 = CARTESIAN_POINT('',(-0.2,0.2,3.5));
#3624 = DIRECTION('',(0.,-1.,0.));
#3625 = DIRECTION('',(1.,0.,0.));
#3626 = ADVANCED_FACE('',(#3627),#3638,.F.);
#3627 = FACE_BOUND('',#3628,.F.);
#3628 = EDGE_LOOP('',(#3629,#3630,#3631,#3637));
#3629 = ORIENTED_EDGE('',*,*,#3487,.T.);
#3630 = ORIENTED_EDGE('',*,*,#3616,.T.);
#3631 = ORIENTED_EDGE('',*,*,#3632,.T.);
#3632 = EDGE_CURVE('',#3609,#3553,#3633,.T.);
#3633 = LINE('',#3634,#3635);
#3634 = CARTESIAN_POINT('',(0.2,0.2,-2.5));
#3635 = VECTOR('',#3636,1.);
#3636 = DIRECTION('',(0.,-1.,0.));
#3637 = ORIENTED_EDGE('',*,*,#3552,.F.);
#3638 = PLANE('',#3639);
#3639 = AXIS2_PLACEMENT_3D('',#3640,#3641,#3642);
#3640 = CARTESIAN_POINT('',(0.2,0.2,3.5));
#3641 = DIRECTION('',(-1.,0.,0.));
#3642 = DIRECTION('',(0.,-1.,0.));
#3643 = ADVANCED_FACE('',(#3644),#3669,.F.);
#3644 = FACE_BOUND('',#3645,.F.);
#3645 = EDGE_LOOP('',(#3646,#3647,#3655,#3663));
#3646 = ORIENTED_EDGE('',*,*,#3511,.T.);
#3647 = ORIENTED_EDGE('',*,*,#3648,.T.);
#3648 = EDGE_CURVE('',#3514,#3649,#3651,.T.);
#3649 = VERTEX_POINT('',#3650);
#3650 = CARTESIAN_POINT('',(2.34,-0.2,-2.5));
#3651 = LINE('',#3652,#3653);
#3652 = CARTESIAN_POINT('',(2.34,-0.2,3.5));
#3653 = VECTOR('',#3654,1.);
#3654 = DIRECTION('',(-0.,-0.,-1.));
#3655 = ORIENTED_EDGE('',*,*,#3656,.T.);
#3656 = EDGE_CURVE('',#3649,#3657,#3659,.T.);
#3657 = VERTEX_POINT('',#3658);
#3658 = CARTESIAN_POINT('',(2.34,0.2,-2.5));
#3659 = LINE('',#3660,#3661);
#3660 = CARTESIAN_POINT('',(2.34,-0.2,-2.5));
#3661 = VECTOR('',#3662,1.);
#3662 = DIRECTION('',(0.,1.,0.));
#3663 = ORIENTED_EDGE('',*,*,#3664,.F.);
#3664 = EDGE_CURVE('',#3512,#3657,#3665,.T.);
#3665 = LINE('',#3666,#3667);
#3666 = CARTESIAN_POINT('',(2.34,0.2,3.5));
#3667 = VECTOR('',#3668,1.);
#3668 = DIRECTION('',(-0.,-0.,-1.));
#3669 = PLANE('',#3670);
#3670 = AXIS2_PLACEMENT_3D('',#3671,#3672,#3673);
#3671 = CARTESIAN_POINT('',(2.34,-0.2,3.5));
#3672 = DIRECTION('',(1.,0.,0.));
#3673 = DIRECTION('',(-0.,1.,0.));
#3674 = ADVANCED_FACE('',(#3675),#3693,.F.);
#3675 = FACE_BOUND('',#3676,.F.);
#3676 = EDGE_LOOP('',(#3677,#3678,#3679,#3687));
#3677 = ORIENTED_EDGE('',*,*,#3537,.T.);
#3678 = ORIENTED_EDGE('',*,*,#3664,.T.);
#3679 = ORIENTED_EDGE('',*,*,#3680,.T.);
#3680 = EDGE_CURVE('',#3657,#3681,#3683,.T.);
#3681 = VERTEX_POINT('',#3682);
#3682 = CARTESIAN_POINT('',(2.74,0.2,-2.5));
#3683 = LINE('',#3684,#3685);
#3684 = CARTESIAN_POINT('',(2.34,0.2,-2.5));
#3685 = VECTOR('',#3686,1.);
#3686 = DIRECTION('',(1.,0.,0.));
#3687 = ORIENTED_EDGE('',*,*,#3688,.F.);
#3688 = EDGE_CURVE('',#3530,#3681,#3689,.T.);
#3689 = LINE('',#3690,#3691);
#3690 = CARTESIAN_POINT('',(2.74,0.2,3.5));
#3691 = VECTOR('',#3692,1.);
#3692 = DIRECTION('',(-0.,-0.,-1.));
#3693 = PLANE('',#3694);
#3694 = AXIS2_PLACEMENT_3D('',#3695,#3696,#3697);
#3695 = CARTESIAN_POINT('',(2.34,0.2,3.5));
#3696 = DIRECTION('',(0.,-1.,0.));
#3697 = DIRECTION('',(1.,0.,0.));
#3698 = ADVANCED_FACE('',(#3699),#3717,.F.);
#3699 = FACE_BOUND('',#3700,.F.);
#3700 = EDGE_LOOP('',(#3701,#3702,#3703,#3711));
#3701 = ORIENTED_EDGE('',*,*,#3529,.T.);
#3702 = ORIENTED_EDGE('',*,*,#3688,.T.);
#3703 = ORIENTED_EDGE('',*,*,#3704,.T.);
#3704 = EDGE_CURVE('',#3681,#3705,#3707,.T.);
#3705 = VERTEX_POINT('',#3706);
#3706 = CARTESIAN_POINT('',(2.74,-0.2,-2.5));
#3707 = LINE('',#3708,#3709);
#3708 = CARTESIAN_POINT('',(2.74,0.2,-2.5));
#3709 = VECTOR('',#3710,1.);
#3710 = DIRECTION('',(0.,-1.,0.));
#3711 = ORIENTED_EDGE('',*,*,#3712,.F.);
#3712 = EDGE_CURVE('',#3522,#3705,#3713,.T.);
#3713 = LINE('',#3714,#3715);
#3714 = CARTESIAN_POINT('',(2.74,-0.2,3.5));
#3715 = VECTOR('',#3716,1.);
#3716 = DIRECTION('',(-0.,-0.,-1.));
#3717 = PLANE('',#3718);
#3718 = AXIS2_PLACEMENT_3D('',#3719,#3720,#3721);
#3719 = CARTESIAN_POINT('',(2.74,0.2,3.5));
#3720 = DIRECTION('',(-1.,0.,0.));
#3721 = DIRECTION('',(0.,-1.,0.));
#3722 = ADVANCED_FACE('',(#3723),#3734,.F.);
#3723 = FACE_BOUND('',#3724,.F.);
#3724 = EDGE_LOOP('',(#3725,#3726,#3727,#3733));
#3725 = ORIENTED_EDGE('',*,*,#3521,.T.);
#3726 = ORIENTED_EDGE('',*,*,#3712,.T.);
#3727 = ORIENTED_EDGE('',*,*,#3728,.T.);
#3728 = EDGE_CURVE('',#3705,#3649,#3729,.T.);
#3729 = LINE('',#3730,#3731);
#3730 = CARTESIAN_POINT('',(2.74,-0.2,-2.5));
#3731 = VECTOR('',#3732,1.);
#3732 = DIRECTION('',(-1.,0.,0.));
#3733 = ORIENTED_EDGE('',*,*,#3648,.F.);
#3734 = PLANE('',#3735);
#3735 = AXIS2_PLACEMENT_3D('',#3736,#3737,#3738);
#3736 = CARTESIAN_POINT('',(2.74,-0.2,3.5));
#3737 = DIRECTION('',(0.,1.,0.));
#3738 = DIRECTION('',(-1.,0.,0.));
#3739 = ADVANCED_FACE('',(#3740),#3746,.F.);
#3740 = FACE_BOUND('',#3741,.T.);
#3741 = EDGE_LOOP('',(#3742,#3743,#3744,#3745));
#3742 = ORIENTED_EDGE('',*,*,#3608,.T.);
#3743 = ORIENTED_EDGE('',*,*,#3632,.T.);
#3744 = ORIENTED_EDGE('',*,*,#3560,.T.);
#3745 = ORIENTED_EDGE('',*,*,#3584,.T.);
#3746 = PLANE('',#3747);
#3747 = AXIS2_PLACEMENT_3D('',#3748,#3749,#3750);
#3748 = CARTESIAN_POINT('',(-0.2,0.2,-2.5));
#3749 = DIRECTION('',(0.,0.,1.));
#3750 = DIRECTION('',(1.,0.,-0.));
#3751 = ADVANCED_FACE('',(#3752),#3758,.F.);
#3752 = FACE_BOUND('',#3753,.T.);
#3753 = EDGE_LOOP('',(#3754,#3755,#3756,#3757));
#3754 = ORIENTED_EDGE('',*,*,#3680,.T.);
#3755 = ORIENTED_EDGE('',*,*,#3704,.T.);
#3756 = ORIENTED_EDGE('',*,*,#3728,.T.);
#3757 = ORIENTED_EDGE('',*,*,#3656,.T.);
#3758 = PLANE('',#3759);
#3759 = AXIS2_PLACEMENT_3D('',#3760,#3761,#3762);
#3760 = CARTESIAN_POINT('',(2.34,0.2,-2.5));
#3761 = DIRECTION('',(0.,0.,1.));
#3762 = DIRECTION('',(1.,0.,-0.));
#3763 = ( GEOMETRIC_REPRESENTATION_CONTEXT(3) 
GLOBAL_UNCERTAINTY_ASSIGNED_CONTEXT((#3767)) 
GLOBAL_UNIT_ASSIGNED_CONTEXT((#3764,#3765,#3766)) REPRESENTATION_CONTEXT
('Context #1','3D Context with UNIT and UNCERTAINTY') );
#3764 = ( LENGTH_UNIT() NAMED_UNIT(*) SI_UNIT(.MILLI.,.METRE.) );
#3765 = ( NAMED_UNIT(*) PLANE_ANGLE_UNIT() SI_UNIT($,.RADIAN.) );
#3766 = ( NAMED_UNIT(*) SI_UNIT($,.STERADIAN.) SOLID_ANGLE_UNIT() );
#3767 = UNCERTAINTY_MEASURE_WITH_UNIT(LENGTH_MEASURE(1.E-07),#3764,
  'distance_accuracy_value','confusion accuracy');
#3768 = CONTEXT_DEPENDENT_SHAPE_REPRESENTATION(#3769,#3771);
#3769 = ( REPRESENTATION_RELATIONSHIP('','',#3337,#10) 
REPRESENTATION_RELATIONSHIP_WITH_TRANSFORMATION(#3770) 
SHAPE_REPRESENTATION_RELATIONSHIP() );
#3770 = ITEM_DEFINED_TRANSFORMATION('','',#11,#67);
#3771 = PRODUCT_DEFINITION_SHAPE('Placement','Placement of an item',
  #3772);
#3772 = NEXT_ASSEMBLY_USAGE_OCCURRENCE('14','D3','',#5,#3332,$);
#3773 = PRODUCT_RELATED_PRODUCT_CATEGORY('part',$,(#3334));
#3774 = SHAPE_DEFINITION_REPRESENTATION(#3775,#3781);
#3775 = PRODUCT_DEFINITION_SHAPE('','',#3776);
#3776 = PRODUCT_DEFINITION('design','',#3777,#3780);
#3777 = PRODUCT_DEFINITION_FORMATION('','',#3778);
#3778 = PRODUCT('DIP-4_W7.62mm','DIP-4_W7.62mm','',(#3779));
#3779 = PRODUCT_CONTEXT('',#2,'mechanical');
#3780 = PRODUCT_DEFINITION_CONTEXT('part definition',#2,'design');
#3781 = ADVANCED_BREP_SHAPE_REPRESENTATION('',(#11,#3782),#6438);
#3782 = MANIFOLD_SOLID_BREP('',#3783);
#3783 = CLOSED_SHELL('',(#3784,#3824,#3885,#3908,#3963,#3980,#4010,#4040
    ,#4071,#4102,#4133,#4156,#4180,#4210,#4241,#4272,#4303,#4320,#4350,
    #4408,#4466,#4496,#4554,#4571,#4596,#4646,#4677,#4700,#4724,#4782,
    #4840,#4870,#4928,#4945,#5003,#5020,#5051,#5068,#5111,#5130,#5179,
    #5203,#5250,#5262,#5281,#5298,#5347,#5371,#5413,#5430,#5447,#5796,
    #5833,#5852,#5901,#5925,#5972,#5984,#6038,#6062,#6104,#6123,#6135,
    #6152,#6169,#6186,#6215,#6232,#6249,#6261,#6278,#6295,#6307,#6335,
    #6346,#6363,#6380,#6392,#6409,#6426));
#3784 = ADVANCED_FACE('',(#3785),#3819,.T.);
#3785 = FACE_BOUND('',#3786,.F.);
#3786 = EDGE_LOOP('',(#3787,#3797,#3805,#3813));
#3787 = ORIENTED_EDGE('',*,*,#3788,.T.);
#3788 = EDGE_CURVE('',#3789,#3791,#3793,.T.);
#3789 = VERTEX_POINT('',#3790);
#3790 = CARTESIAN_POINT('',(6.661276356577,-3.411276356577,0.38));
#3791 = VERTEX_POINT('',#3792);
#3792 = CARTESIAN_POINT('',(6.661276356577,0.871276356577,0.38));
#3793 = LINE('',#3794,#3795);
#3794 = CARTESIAN_POINT('',(6.661276356577,-3.411276356577,0.38));
#3795 = VECTOR('',#3796,1.);
#3796 = DIRECTION('',(-4.440892098501E-16,1.,0.));
#3797 = ORIENTED_EDGE('',*,*,#3798,.T.);
#3798 = EDGE_CURVE('',#3791,#3799,#3801,.T.);
#3799 = VERTEX_POINT('',#3800);
#3800 = CARTESIAN_POINT('',(0.958723643423,0.871276356577,0.38));
#3801 = LINE('',#3802,#3803);
#3802 = CARTESIAN_POINT('',(6.661276356577,0.871276356577,0.38));
#3803 = VECTOR('',#3804,1.);
#3804 = DIRECTION('',(-1.,-4.440892098501E-16,0.));
#3805 = ORIENTED_EDGE('',*,*,#3806,.T.);
#3806 = EDGE_CURVE('',#3799,#3807,#3809,.T.);
#3807 = VERTEX_POINT('',#3808);
#3808 = CARTESIAN_POINT('',(0.958723643423,-3.411276356577,0.38));
#3809 = LINE('',#3810,#3811);
#3810 = CARTESIAN_POINT('',(0.958723643423,0.871276356577,0.38));
#3811 = VECTOR('',#3812,1.);
#3812 = DIRECTION('',(4.440892098501E-16,-1.,0.));
#3813 = ORIENTED_EDGE('',*,*,#3814,.T.);
#3814 = EDGE_CURVE('',#3807,#3789,#3815,.T.);
#3815 = LINE('',#3816,#3817);
#3816 = CARTESIAN_POINT('',(0.958723643423,-3.411276356577,0.38));
#3817 = VECTOR('',#3818,1.);
#3818 = DIRECTION('',(1.,4.440892098501E-16,0.));
#3819 = PLANE('',#3820);
#3820 = AXIS2_PLACEMENT_3D('',#3821,#3822,#3823);
#3821 = CARTESIAN_POINT('',(6.661276356577,-3.411276356577,0.38));
#3822 = DIRECTION('',(-0.,0.,-1.));
#3823 = DIRECTION('',(-0.799620355025,0.600505859947,0.));
#3824 = ADVANCED_FACE('',(#3825),#3880,.T.);
#3825 = FACE_BOUND('',#3826,.T.);
#3826 = EDGE_LOOP('',(#3827,#3828,#3835,#3843,#3851,#3859,#3867,#3875));
#3827 = ORIENTED_EDGE('',*,*,#3788,.T.);
#3828 = ORIENTED_EDGE('',*,*,#3829,.T.);
#3829 = EDGE_CURVE('',#3791,#3830,#3832,.T.);
#3830 = VERTEX_POINT('',#3831);
#3831 = CARTESIAN_POINT('',(6.985,1.195,1.903));
#3832 = B_SPLINE_CURVE_WITH_KNOTS('',1,(#3833,#3834),.UNSPECIFIED.,.F.,
  .F.,(2,2),(0.,1.),.PIECEWISE_BEZIER_KNOTS.);
#3833 = CARTESIAN_POINT('',(6.661276356577,0.871276356577,0.38));
#3834 = CARTESIAN_POINT('',(6.985,1.195,1.903));
#3835 = ORIENTED_EDGE('',*,*,#3836,.F.);
#3836 = EDGE_CURVE('',#3837,#3830,#3839,.T.);
#3837 = VERTEX_POINT('',#3838);
#3838 = CARTESIAN_POINT('',(6.985,0.2285,1.903));
#3839 = LINE('',#3840,#3841);
#3840 = CARTESIAN_POINT('',(6.985,-3.735,1.903));
#3841 = VECTOR('',#3842,1.);
#3842 = DIRECTION('',(-4.440892098501E-16,1.,0.));
#3843 = ORIENTED_EDGE('',*,*,#3844,.F.);
#3844 = EDGE_CURVE('',#3845,#3837,#3847,.T.);
#3845 = VERTEX_POINT('',#3846);
#3846 = CARTESIAN_POINT('',(6.985,-0.762,1.903));
#3847 = LINE('',#3848,#3849);
#3848 = CARTESIAN_POINT('',(6.985,-3.735,1.903));
#3849 = VECTOR('',#3850,1.);
#3850 = DIRECTION('',(-4.440892098501E-16,1.,0.));
#3851 = ORIENTED_EDGE('',*,*,#3852,.F.);
#3852 = EDGE_CURVE('',#3853,#3845,#3855,.T.);
#3853 = VERTEX_POINT('',#3854);
#3854 = CARTESIAN_POINT('',(6.985,-1.778,1.903));
#3855 = LINE('',#3856,#3857);
#3856 = CARTESIAN_POINT('',(6.985,-3.735,1.903));
#3857 = VECTOR('',#3858,1.);
#3858 = DIRECTION('',(-4.440892098501E-16,1.,0.));
#3859 = ORIENTED_EDGE('',*,*,#3860,.F.);
#3860 = EDGE_CURVE('',#3861,#3853,#3863,.T.);
#3861 = VERTEX_POINT('',#3862);
#3862 = CARTESIAN_POINT('',(6.985,-2.7685,1.903));
#3863 = LINE('',#3864,#3865);
#3864 = CARTESIAN_POINT('',(6.985,-3.735,1.903));
#3865 = VECTOR('',#3866,1.);
#3866 = DIRECTION('',(-4.440892098501E-16,1.,0.));
#3867 = ORIENTED_EDGE('',*,*,#3868,.F.);
#3868 = EDGE_CURVE('',#3869,#3861,#3871,.T.);
#3869 = VERTEX_POINT('',#3870);
#3870 = CARTESIAN_POINT('',(6.985,-3.735,1.903));
#3871 = LINE('',#3872,#3873);
#3872 = CARTESIAN_POINT('',(6.985,-3.735,1.903));
#3873 = VECTOR('',#3874,1.);
#3874 = DIRECTION('',(-4.440892098501E-16,1.,0.));
#3875 = ORIENTED_EDGE('',*,*,#3876,.F.);
#3876 = EDGE_CURVE('',#3789,#3869,#3877,.T.);
#3877 = B_SPLINE_CURVE_WITH_KNOTS('',1,(#3878,#3879),.UNSPECIFIED.,.F.,
  .F.,(2,2),(0.,1.),.PIECEWISE_BEZIER_KNOTS.);
#3878 = CARTESIAN_POINT('',(6.661276356577,-3.411276356577,0.38));
#3879 = CARTESIAN_POINT('',(6.985,-3.735,1.903));
#3880 = B_SPLINE_SURFACE_WITH_KNOTS('',1,1,(
    (#3881,#3882)
    ,(#3883,#3884
    )),.UNSPECIFIED.,.F.,.F.,.F.,(2,2),(2,2),(0.,4.93),(0.,1.),
  .PIECEWISE_BEZIER_KNOTS.);
#3881 = CARTESIAN_POINT('',(6.661276356577,-3.411276356577,0.38));
#3882 = CARTESIAN_POINT('',(6.985,-3.735,1.903));
#3883 = CARTESIAN_POINT('',(6.661276356577,0.871276356577,0.38));
#3884 = CARTESIAN_POINT('',(6.985,1.195,1.903));
#3885 = ADVANCED_FACE('',(#3886),#3903,.T.);
#3886 = FACE_BOUND('',#3887,.T.);
#3887 = EDGE_LOOP('',(#3888,#3889,#3896,#3902));
#3888 = ORIENTED_EDGE('',*,*,#3798,.T.);
#3889 = ORIENTED_EDGE('',*,*,#3890,.T.);
#3890 = EDGE_CURVE('',#3799,#3891,#3893,.T.);
#3891 = VERTEX_POINT('',#3892);
#3892 = CARTESIAN_POINT('',(0.635,1.195,1.903));
#3893 = B_SPLINE_CURVE_WITH_KNOTS('',1,(#3894,#3895),.UNSPECIFIED.,.F.,
  .F.,(2,2),(0.,1.),.PIECEWISE_BEZIER_KNOTS.);
#3894 = CARTESIAN_POINT('',(0.958723643423,0.871276356577,0.38));
#3895 = CARTESIAN_POINT('',(0.635,1.195,1.903));
#3896 = ORIENTED_EDGE('',*,*,#3897,.F.);
#3897 = EDGE_CURVE('',#3830,#3891,#3898,.T.);
#3898 = LINE('',#3899,#3900);
#3899 = CARTESIAN_POINT('',(6.985,1.195,1.903));
#3900 = VECTOR('',#3901,1.);
#3901 = DIRECTION('',(-1.,-4.440892098501E-16,0.));
#3902 = ORIENTED_EDGE('',*,*,#3829,.F.);
#3903 = B_SPLINE_SURFACE_WITH_KNOTS('',1,1,(
    (#3904,#3905)
    ,(#3906,#3907
    )),.UNSPECIFIED.,.F.,.F.,.F.,(2,2),(2,2),(0.,6.35),(0.,1.),
  .PIECEWISE_BEZIER_KNOTS.);
#3904 = CARTESIAN_POINT('',(6.661276356577,0.871276356577,0.38));
#3905 = CARTESIAN_POINT('',(6.985,1.195,1.903));
#3906 = CARTESIAN_POINT('',(0.958723643423,0.871276356577,0.38));
#3907 = CARTESIAN_POINT('',(0.635,1.195,1.903));
#3908 = ADVANCED_FACE('',(#3909),#3958,.T.);
#3909 = FACE_BOUND('',#3910,.T.);
#3910 = EDGE_LOOP('',(#3911,#3912,#3919,#3927,#3935,#3943,#3951,#3957));
#3911 = ORIENTED_EDGE('',*,*,#3806,.T.);
#3912 = ORIENTED_EDGE('',*,*,#3913,.T.);
#3913 = EDGE_CURVE('',#3807,#3914,#3916,.T.);
#3914 = VERTEX_POINT('',#3915);
#3915 = CARTESIAN_POINT('',(0.635,-3.735,1.903));
#3916 = B_SPLINE_CURVE_WITH_KNOTS('',1,(#3917,#3918),.UNSPECIFIED.,.F.,
  .F.,(2,2),(0.,1.),.PIECEWISE_BEZIER_KNOTS.);
#3917 = CARTESIAN_POINT('',(0.958723643423,-3.411276356577,0.38));
#3918 = CARTESIAN_POINT('',(0.635,-3.735,1.903));
#3919 = ORIENTED_EDGE('',*,*,#3920,.F.);
#3920 = EDGE_CURVE('',#3921,#3914,#3923,.T.);
#3921 = VERTEX_POINT('',#3922);
#3922 = CARTESIAN_POINT('',(0.635,-2.7685,1.903));
#3923 = LINE('',#3924,#3925);
#3924 = CARTESIAN_POINT('',(0.635,1.195,1.903));
#3925 = VECTOR('',#3926,1.);
#3926 = DIRECTION('',(4.440892098501E-16,-1.,0.));
#3927 = ORIENTED_EDGE('',*,*,#3928,.F.);
#3928 = EDGE_CURVE('',#3929,#3921,#3931,.T.);
#3929 = VERTEX_POINT('',#3930);
#3930 = CARTESIAN_POINT('',(0.635,-1.778,1.903));
#3931 = LINE('',#3932,#3933);
#3932 = CARTESIAN_POINT('',(0.635,1.195,1.903));
#3933 = VECTOR('',#3934,1.);
#3934 = DIRECTION('',(4.440892098501E-16,-1.,0.));
#3935 = ORIENTED_EDGE('',*,*,#3936,.F.);
#3936 = EDGE_CURVE('',#3937,#3929,#3939,.T.);
#3937 = VERTEX_POINT('',#3938);
#3938 = CARTESIAN_POINT('',(0.635,-0.762,1.903));
#3939 = LINE('',#3940,#3941);
#3940 = CARTESIAN_POINT('',(0.635,1.195,1.903));
#3941 = VECTOR('',#3942,1.);
#3942 = DIRECTION('',(4.440892098501E-16,-1.,0.));
#3943 = ORIENTED_EDGE('',*,*,#3944,.F.);
#3944 = EDGE_CURVE('',#3945,#3937,#3947,.T.);
#3945 = VERTEX_POINT('',#3946);
#3946 = CARTESIAN_POINT('',(0.635,0.2285,1.903));
#3947 = LINE('',#3948,#3949);
#3948 = CARTESIAN_POINT('',(0.635,1.195,1.903));
#3949 = VECTOR('',#3950,1.);
#3950 = DIRECTION('',(4.440892098501E-16,-1.,0.));
#3951 = ORIENTED_EDGE('',*,*,#3952,.F.);
#3952 = EDGE_CURVE('',#3891,#3945,#3953,.T.);
#3953 = LINE('',#3954,#3955);
#3954 = CARTESIAN_POINT('',(0.635,1.195,1.903));
#3955 = VECTOR('',#3956,1.);
#3956 = DIRECTION('',(4.440892098501E-16,-1.,0.));
#3957 = ORIENTED_EDGE('',*,*,#3890,.F.);
#3958 = B_SPLINE_SURFACE_WITH_KNOTS('',1,1,(
    (#3959,#3960)
    ,(#3961,#3962
    )),.UNSPECIFIED.,.F.,.F.,.F.,(2,2),(2,2),(0.,4.93),(0.,1.),
  .PIECEWISE_BEZIER_KNOTS.);
#3959 = CARTESIAN_POINT('',(0.958723643423,0.871276356577,0.38));
#3960 = CARTESIAN_POINT('',(0.635,1.195,1.903));
#3961 = CARTESIAN_POINT('',(0.958723643423,-3.411276356577,0.38));
#3962 = CARTESIAN_POINT('',(0.635,-3.735,1.903));
#3963 = ADVANCED_FACE('',(#3964),#3975,.T.);
#3964 = FACE_BOUND('',#3965,.T.);
#3965 = EDGE_LOOP('',(#3966,#3967,#3968,#3974));
#3966 = ORIENTED_EDGE('',*,*,#3814,.T.);
#3967 = ORIENTED_EDGE('',*,*,#3876,.T.);
#3968 = ORIENTED_EDGE('',*,*,#3969,.F.);
#3969 = EDGE_CURVE('',#3914,#3869,#3970,.T.);
#3970 = LINE('',#3971,#3972);
#3971 = CARTESIAN_POINT('',(0.635,-3.735,1.903));
#3972 = VECTOR('',#3973,1.);
#3973 = DIRECTION('',(1.,4.440892098501E-16,0.));
#3974 = ORIENTED_EDGE('',*,*,#3913,.F.);
#3975 = B_SPLINE_SURFACE_WITH_KNOTS('',1,1,(
    (#3976,#3977)
    ,(#3978,#3979
    )),.UNSPECIFIED.,.F.,.F.,.F.,(2,2),(2,2),(0.,6.35),(0.,1.),
  .PIECEWISE_BEZIER_KNOTS.);
#3976 = CARTESIAN_POINT('',(0.958723643423,-3.411276356577,0.38));
#3977 = CARTESIAN_POINT('',(0.635,-3.735,1.903));
#3978 = CARTESIAN_POINT('',(6.661276356577,-3.411276356577,0.38));
#3979 = CARTESIAN_POINT('',(6.985,-3.735,1.903));
#3980 = ADVANCED_FACE('',(#3981),#4005,.T.);
#3981 = FACE_BOUND('',#3982,.T.);
#3982 = EDGE_LOOP('',(#3983,#3990,#3991,#3999));
#3983 = ORIENTED_EDGE('',*,*,#3984,.F.);
#3984 = EDGE_CURVE('',#3869,#3985,#3987,.T.);
#3985 = VERTEX_POINT('',#3986);
#3986 = CARTESIAN_POINT('',(6.985,-3.735,2.157));
#3987 = B_SPLINE_CURVE_WITH_KNOTS('',1,(#3988,#3989),.UNSPECIFIED.,.F.,
  .F.,(2,2),(0.,1.),.PIECEWISE_BEZIER_KNOTS.);
#3988 = CARTESIAN_POINT('',(6.985,-3.735,1.903));
#3989 = CARTESIAN_POINT('',(6.985,-3.735,2.157));
#3990 = ORIENTED_EDGE('',*,*,#3868,.T.);
#3991 = ORIENTED_EDGE('',*,*,#3992,.T.);
#3992 = EDGE_CURVE('',#3861,#3993,#3995,.T.);
#3993 = VERTEX_POINT('',#3994);
#3994 = CARTESIAN_POINT('',(6.985,-2.7685,2.157));
#3995 = LINE('',#3996,#3997);
#3996 = CARTESIAN_POINT('',(6.985,-2.7685,1.9665));
#3997 = VECTOR('',#3998,1.);
#3998 = DIRECTION('',(0.,0.,1.));
#3999 = ORIENTED_EDGE('',*,*,#4000,.F.);
#4000 = EDGE_CURVE('',#3985,#3993,#4001,.T.);
#4001 = LINE('',#4002,#4003);
#4002 = CARTESIAN_POINT('',(6.985,-3.735,2.157));
#4003 = VECTOR('',#4004,1.);
#4004 = DIRECTION('',(-4.440892098501E-16,1.,0.));
#4005 = PLANE('',#4006);
#4006 = AXIS2_PLACEMENT_3D('',#4007,#4008,#4009);
#4007 = CARTESIAN_POINT('',(6.985,-3.735,2.157));
#4008 = DIRECTION('',(1.,4.440892098501E-16,0.));
#4009 = DIRECTION('',(-4.440892098501E-16,1.,0.));
#4010 = ADVANCED_FACE('',(#4011),#4035,.T.);
#4011 = FACE_BOUND('',#4012,.T.);
#4012 = EDGE_LOOP('',(#4013,#4021,#4022,#4029));
#4013 = ORIENTED_EDGE('',*,*,#4014,.T.);
#4014 = EDGE_CURVE('',#4015,#3837,#4017,.T.);
#4015 = VERTEX_POINT('',#4016);
#4016 = CARTESIAN_POINT('',(6.985,0.2285,2.157));
#4017 = LINE('',#4018,#4019);
#4018 = CARTESIAN_POINT('',(6.985,0.2285,2.157));
#4019 = VECTOR('',#4020,1.);
#4020 = DIRECTION('',(5.176252658931E-31,-1.165588477297E-15,-1.));
#4021 = ORIENTED_EDGE('',*,*,#3836,.T.);
#4022 = ORIENTED_EDGE('',*,*,#4023,.T.);
#4023 = EDGE_CURVE('',#3830,#4024,#4026,.T.);
#4024 = VERTEX_POINT('',#4025);
#4025 = CARTESIAN_POINT('',(6.985,1.195,2.157));
#4026 = B_SPLINE_CURVE_WITH_KNOTS('',1,(#4027,#4028),.UNSPECIFIED.,.F.,
  .F.,(2,2),(0.,1.),.PIECEWISE_BEZIER_KNOTS.);
#4027 = CARTESIAN_POINT('',(6.985,1.195,1.903));
#4028 = CARTESIAN_POINT('',(6.985,1.195,2.157));
#4029 = ORIENTED_EDGE('',*,*,#4030,.F.);
#4030 = EDGE_CURVE('',#4015,#4024,#4031,.T.);
#4031 = LINE('',#4032,#4033);
#4032 = CARTESIAN_POINT('',(6.985,-3.735,2.157));
#4033 = VECTOR('',#4034,1.);
#4034 = DIRECTION('',(-4.440892098501E-16,1.,0.));
#4035 = PLANE('',#4036);
#4036 = AXIS2_PLACEMENT_3D('',#4037,#4038,#4039);
#4037 = CARTESIAN_POINT('',(6.985,-3.735,2.157));
#4038 = DIRECTION('',(1.,4.440892098501E-16,0.));
#4039 = DIRECTION('',(-4.440892098501E-16,1.,0.));
#4040 = ADVANCED_FACE('',(#4041),#4066,.F.);
#4041 = FACE_BOUND('',#4042,.F.);
#4042 = EDGE_LOOP('',(#4043,#4051,#4052,#4060));
#4043 = ORIENTED_EDGE('',*,*,#4044,.F.);
#4044 = EDGE_CURVE('',#3853,#4045,#4047,.T.);
#4045 = VERTEX_POINT('',#4046);
#4046 = CARTESIAN_POINT('',(7.366,-1.778,1.903));
#4047 = LINE('',#4048,#4049);
#4048 = CARTESIAN_POINT('',(3.81,-1.778,1.903));
#4049 = VECTOR('',#4050,1.);
#4050 = DIRECTION('',(1.,3.216245299353E-16,0.));
#4051 = ORIENTED_EDGE('',*,*,#3860,.F.);
#4052 = ORIENTED_EDGE('',*,*,#4053,.F.);
#4053 = EDGE_CURVE('',#4054,#3861,#4056,.T.);
#4054 = VERTEX_POINT('',#4055);
#4055 = CARTESIAN_POINT('',(7.366,-2.7685,1.903));
#4056 = LINE('',#4057,#4058);
#4057 = CARTESIAN_POINT('',(7.747,-2.7685,1.903));
#4058 = VECTOR('',#4059,1.);
#4059 = DIRECTION('',(-1.,-3.216245299353E-16,0.));
#4060 = ORIENTED_EDGE('',*,*,#4061,.T.);
#4061 = EDGE_CURVE('',#4054,#4045,#4062,.T.);
#4062 = LINE('',#4063,#4064);
#4063 = CARTESIAN_POINT('',(7.366,-2.7685,1.903));
#4064 = VECTOR('',#4065,1.);
#4065 = DIRECTION('',(-3.216245299353E-16,1.,0.));
#4066 = PLANE('',#4067);
#4067 = AXIS2_PLACEMENT_3D('',#4068,#4069,#4070);
#4068 = CARTESIAN_POINT('',(0.254,-1.778,1.903));
#4069 = DIRECTION('',(0.,0.,1.));
#4070 = DIRECTION('',(-4.440892098501E-16,1.,0.));
#4071 = ADVANCED_FACE('',(#4072),#4097,.F.);
#4072 = FACE_BOUND('',#4073,.F.);
#4073 = EDGE_LOOP('',(#4074,#4082,#4083,#4091));
#4074 = ORIENTED_EDGE('',*,*,#4075,.F.);
#4075 = EDGE_CURVE('',#3837,#4076,#4078,.T.);
#4076 = VERTEX_POINT('',#4077);
#4077 = CARTESIAN_POINT('',(7.366,0.2285,1.903));
#4078 = LINE('',#4079,#4080);
#4079 = CARTESIAN_POINT('',(3.81,0.2285,1.903));
#4080 = VECTOR('',#4081,1.);
#4081 = DIRECTION('',(1.,3.216245299353E-16,0.));
#4082 = ORIENTED_EDGE('',*,*,#3844,.F.);
#4083 = ORIENTED_EDGE('',*,*,#4084,.F.);
#4084 = EDGE_CURVE('',#4085,#3845,#4087,.T.);
#4085 = VERTEX_POINT('',#4086);
#4086 = CARTESIAN_POINT('',(7.366,-0.762,1.903));
#4087 = LINE('',#4088,#4089);
#4088 = CARTESIAN_POINT('',(7.747,-0.762,1.903));
#4089 = VECTOR('',#4090,1.);
#4090 = DIRECTION('',(-1.,-3.216245299353E-16,0.));
#4091 = ORIENTED_EDGE('',*,*,#4092,.F.);
#4092 = EDGE_CURVE('',#4076,#4085,#4093,.T.);
#4093 = LINE('',#4094,#4095);
#4094 = CARTESIAN_POINT('',(7.366,0.2285,1.903));
#4095 = VECTOR('',#4096,1.);
#4096 = DIRECTION('',(3.216245299353E-16,-1.,0.));
#4097 = PLANE('',#4098);
#4098 = AXIS2_PLACEMENT_3D('',#4099,#4100,#4101);
#4099 = CARTESIAN_POINT('',(0.254,0.2285,1.903));
#4100 = DIRECTION('',(0.,0.,1.));
#4101 = DIRECTION('',(-4.440892098501E-16,1.,0.));
#4102 = ADVANCED_FACE('',(#4103),#4128,.T.);
#4103 = FACE_BOUND('',#4104,.T.);
#4104 = EDGE_LOOP('',(#4105,#4113,#4114,#4122));
#4105 = ORIENTED_EDGE('',*,*,#4106,.T.);
#4106 = EDGE_CURVE('',#4107,#3853,#4109,.T.);
#4107 = VERTEX_POINT('',#4108);
#4108 = CARTESIAN_POINT('',(6.985,-1.778,2.157));
#4109 = LINE('',#4110,#4111);
#4110 = CARTESIAN_POINT('',(6.985,-1.778,2.157));
#4111 = VECTOR('',#4112,1.);
#4112 = DIRECTION('',(5.795411374783E-30,-1.305010625397E-14,-1.));
#4113 = ORIENTED_EDGE('',*,*,#3852,.T.);
#4114 = ORIENTED_EDGE('',*,*,#4115,.F.);
#4115 = EDGE_CURVE('',#4116,#3845,#4118,.T.);
#4116 = VERTEX_POINT('',#4117);
#4117 = CARTESIAN_POINT('',(6.985,-0.762,2.157));
#4118 = LINE('',#4119,#4120);
#4119 = CARTESIAN_POINT('',(6.985,-0.762,1.0785));
#4120 = VECTOR('',#4121,1.);
#4121 = DIRECTION('',(0.,0.,-1.));
#4122 = ORIENTED_EDGE('',*,*,#4123,.F.);
#4123 = EDGE_CURVE('',#4107,#4116,#4124,.T.);
#4124 = LINE('',#4125,#4126);
#4125 = CARTESIAN_POINT('',(6.985,-3.735,2.157));
#4126 = VECTOR('',#4127,1.);
#4127 = DIRECTION('',(-4.440892098501E-16,1.,0.));
#4128 = PLANE('',#4129);
#4129 = AXIS2_PLACEMENT_3D('',#4130,#4131,#4132);
#4130 = CARTESIAN_POINT('',(6.985,-3.735,2.157));
#4131 = DIRECTION('',(1.,4.440892098501E-16,0.));
#4132 = DIRECTION('',(-4.440892098501E-16,1.,0.));
#4133 = ADVANCED_FACE('',(#4134),#4151,.T.);
#4134 = FACE_BOUND('',#4135,.T.);
#4135 = EDGE_LOOP('',(#4136,#4137,#4144,#4150));
#4136 = ORIENTED_EDGE('',*,*,#3897,.T.);
#4137 = ORIENTED_EDGE('',*,*,#4138,.T.);
#4138 = EDGE_CURVE('',#3891,#4139,#4141,.T.);
#4139 = VERTEX_POINT('',#4140);
#4140 = CARTESIAN_POINT('',(0.635,1.195,2.157));
#4141 = B_SPLINE_CURVE_WITH_KNOTS('',1,(#4142,#4143),.UNSPECIFIED.,.F.,
  .F.,(2,2),(0.,1.),.PIECEWISE_BEZIER_KNOTS.);
#4142 = CARTESIAN_POINT('',(0.635,1.195,1.903));
#4143 = CARTESIAN_POINT('',(0.635,1.195,2.157));
#4144 = ORIENTED_EDGE('',*,*,#4145,.F.);
#4145 = EDGE_CURVE('',#4024,#4139,#4146,.T.);
#4146 = LINE('',#4147,#4148);
#4147 = CARTESIAN_POINT('',(6.985,1.195,2.157));
#4148 = VECTOR('',#4149,1.);
#4149 = DIRECTION('',(-1.,-4.440892098501E-16,0.));
#4150 = ORIENTED_EDGE('',*,*,#4023,.F.);
#4151 = PLANE('',#4152);
#4152 = AXIS2_PLACEMENT_3D('',#4153,#4154,#4155);
#4153 = CARTESIAN_POINT('',(6.985,1.195,2.157));
#4154 = DIRECTION('',(-4.440892098501E-16,1.,0.));
#4155 = DIRECTION('',(-1.,-4.440892098501E-16,0.));
#4156 = ADVANCED_FACE('',(#4157),#4175,.T.);
#4157 = FACE_BOUND('',#4158,.T.);
#4158 = EDGE_LOOP('',(#4159,#4160,#4161,#4169));
#4159 = ORIENTED_EDGE('',*,*,#4138,.F.);
#4160 = ORIENTED_EDGE('',*,*,#3952,.T.);
#4161 = ORIENTED_EDGE('',*,*,#4162,.T.);
#4162 = EDGE_CURVE('',#3945,#4163,#4165,.T.);
#4163 = VERTEX_POINT('',#4164);
#4164 = CARTESIAN_POINT('',(0.635,0.2285,2.157));
#4165 = LINE('',#4166,#4167);
#4166 = CARTESIAN_POINT('',(0.635,0.2285,2.157));
#4167 = VECTOR('',#4168,1.);
#4168 = DIRECTION('',(-5.176252658931E-31,1.165588477297E-15,1.));
#4169 = ORIENTED_EDGE('',*,*,#4170,.F.);
#4170 = EDGE_CURVE('',#4139,#4163,#4171,.T.);
#4171 = LINE('',#4172,#4173);
#4172 = CARTESIAN_POINT('',(0.635,1.195,2.157));
#4173 = VECTOR('',#4174,1.);
#4174 = DIRECTION('',(4.440892098501E-16,-1.,0.));
#4175 = PLANE('',#4176);
#4176 = AXIS2_PLACEMENT_3D('',#4177,#4178,#4179);
#4177 = CARTESIAN_POINT('',(0.635,1.195,2.157));
#4178 = DIRECTION('',(-1.,-4.440892098501E-16,0.));
#4179 = DIRECTION('',(4.440892098501E-16,-1.,0.));
#4180 = ADVANCED_FACE('',(#4181),#4205,.T.);
#4181 = FACE_BOUND('',#4182,.T.);
#4182 = EDGE_LOOP('',(#4183,#4191,#4192,#4199));
#4183 = ORIENTED_EDGE('',*,*,#4184,.T.);
#4184 = EDGE_CURVE('',#4185,#3921,#4187,.T.);
#4185 = VERTEX_POINT('',#4186);
#4186 = CARTESIAN_POINT('',(0.635,-2.7685,2.157));
#4187 = LINE('',#4188,#4189);
#4188 = CARTESIAN_POINT('',(0.635,-2.7685,1.9665));
#4189 = VECTOR('',#4190,1.);
#4190 = DIRECTION('',(0.,0.,-1.));
#4191 = ORIENTED_EDGE('',*,*,#3920,.T.);
#4192 = ORIENTED_EDGE('',*,*,#4193,.T.);
#4193 = EDGE_CURVE('',#3914,#4194,#4196,.T.);
#4194 = VERTEX_POINT('',#4195);
#4195 = CARTESIAN_POINT('',(0.635,-3.735,2.157));
#4196 = B_SPLINE_CURVE_WITH_KNOTS('',1,(#4197,#4198),.UNSPECIFIED.,.F.,
  .F.,(2,2),(0.,1.),.PIECEWISE_BEZIER_KNOTS.);
#4197 = CARTESIAN_POINT('',(0.635,-3.735,1.903));
#4198 = CARTESIAN_POINT('',(0.635,-3.735,2.157));
#4199 = ORIENTED_EDGE('',*,*,#4200,.F.);
#4200 = EDGE_CURVE('',#4185,#4194,#4201,.T.);
#4201 = LINE('',#4202,#4203);
#4202 = CARTESIAN_POINT('',(0.635,1.195,2.157));
#4203 = VECTOR('',#4204,1.);
#4204 = DIRECTION('',(4.440892098501E-16,-1.,0.));
#4205 = PLANE('',#4206);
#4206 = AXIS2_PLACEMENT_3D('',#4207,#4208,#4209);
#4207 = CARTESIAN_POINT('',(0.635,1.195,2.157));
#4208 = DIRECTION('',(-1.,-4.440892098501E-16,0.));
#4209 = DIRECTION('',(4.440892098501E-16,-1.,0.));
#4210 = ADVANCED_FACE('',(#4211),#4236,.F.);
#4211 = FACE_BOUND('',#4212,.F.);
#4212 = EDGE_LOOP('',(#4213,#4221,#4229,#4235));
#4213 = ORIENTED_EDGE('',*,*,#4214,.F.);
#4214 = EDGE_CURVE('',#4215,#3945,#4217,.T.);
#4215 = VERTEX_POINT('',#4216);
#4216 = CARTESIAN_POINT('',(0.254,0.2285,1.903));
#4217 = LINE('',#4218,#4219);
#4218 = CARTESIAN_POINT('',(-0.127,0.2285,1.903));
#4219 = VECTOR('',#4220,1.);
#4220 = DIRECTION('',(1.,4.440892098501E-16,0.));
#4221 = ORIENTED_EDGE('',*,*,#4222,.T.);
#4222 = EDGE_CURVE('',#4215,#4223,#4225,.T.);
#4223 = VERTEX_POINT('',#4224);
#4224 = CARTESIAN_POINT('',(0.254,-0.762,1.903));
#4225 = LINE('',#4226,#4227);
#4226 = CARTESIAN_POINT('',(0.254,0.2285,1.903));
#4227 = VECTOR('',#4228,1.);
#4228 = DIRECTION('',(4.440892098501E-16,-1.,0.));
#4229 = ORIENTED_EDGE('',*,*,#4230,.F.);
#4230 = EDGE_CURVE('',#3937,#4223,#4231,.T.);
#4231 = LINE('',#4232,#4233);
#4232 = CARTESIAN_POINT('',(3.81,-0.762,1.903));
#4233 = VECTOR('',#4234,1.);
#4234 = DIRECTION('',(-1.,-4.440892098501E-16,0.));
#4235 = ORIENTED_EDGE('',*,*,#3944,.F.);
#4236 = PLANE('',#4237);
#4237 = AXIS2_PLACEMENT_3D('',#4238,#4239,#4240);
#4238 = CARTESIAN_POINT('',(0.254,0.2285,1.903));
#4239 = DIRECTION('',(0.,0.,1.));
#4240 = DIRECTION('',(-4.440892098501E-16,1.,0.));
#4241 = ADVANCED_FACE('',(#4242),#4267,.F.);
#4242 = FACE_BOUND('',#4243,.F.);
#4243 = EDGE_LOOP('',(#4244,#4252,#4260,#4266));
#4244 = ORIENTED_EDGE('',*,*,#4245,.F.);
#4245 = EDGE_CURVE('',#4246,#3929,#4248,.T.);
#4246 = VERTEX_POINT('',#4247);
#4247 = CARTESIAN_POINT('',(0.254,-1.778,1.903));
#4248 = LINE('',#4249,#4250);
#4249 = CARTESIAN_POINT('',(-0.127,-1.778,1.903));
#4250 = VECTOR('',#4251,1.);
#4251 = DIRECTION('',(1.,4.440892098501E-16,0.));
#4252 = ORIENTED_EDGE('',*,*,#4253,.F.);
#4253 = EDGE_CURVE('',#4254,#4246,#4256,.T.);
#4254 = VERTEX_POINT('',#4255);
#4255 = CARTESIAN_POINT('',(0.254,-2.7685,1.903));
#4256 = LINE('',#4257,#4258);
#4257 = CARTESIAN_POINT('',(0.254,-2.7685,1.903));
#4258 = VECTOR('',#4259,1.);
#4259 = DIRECTION('',(-4.440892098501E-16,1.,0.));
#4260 = ORIENTED_EDGE('',*,*,#4261,.F.);
#4261 = EDGE_CURVE('',#3921,#4254,#4262,.T.);
#4262 = LINE('',#4263,#4264);
#4263 = CARTESIAN_POINT('',(3.81,-2.7685,1.903));
#4264 = VECTOR('',#4265,1.);
#4265 = DIRECTION('',(-1.,-4.440892098501E-16,0.));
#4266 = ORIENTED_EDGE('',*,*,#3928,.F.);
#4267 = PLANE('',#4268);
#4268 = AXIS2_PLACEMENT_3D('',#4269,#4270,#4271);
#4269 = CARTESIAN_POINT('',(0.254,-1.778,1.903));
#4270 = DIRECTION('',(0.,0.,1.));
#4271 = DIRECTION('',(-4.440892098501E-16,1.,0.));
#4272 = ADVANCED_FACE('',(#4273),#4298,.T.);
#4273 = FACE_BOUND('',#4274,.T.);
#4274 = EDGE_LOOP('',(#4275,#4283,#4284,#4292));
#4275 = ORIENTED_EDGE('',*,*,#4276,.F.);
#4276 = EDGE_CURVE('',#3937,#4277,#4279,.T.);
#4277 = VERTEX_POINT('',#4278);
#4278 = CARTESIAN_POINT('',(0.635,-0.762,2.157));
#4279 = LINE('',#4280,#4281);
#4280 = CARTESIAN_POINT('',(0.635,-0.762,1.0785));
#4281 = VECTOR('',#4282,1.);
#4282 = DIRECTION('',(0.,0.,1.));
#4283 = ORIENTED_EDGE('',*,*,#3936,.T.);
#4284 = ORIENTED_EDGE('',*,*,#4285,.T.);
#4285 = EDGE_CURVE('',#3929,#4286,#4288,.T.);
#4286 = VERTEX_POINT('',#4287);
#4287 = CARTESIAN_POINT('',(0.635,-1.778,2.157));
#4288 = LINE('',#4289,#4290);
#4289 = CARTESIAN_POINT('',(0.635,-1.778,2.157));
#4290 = VECTOR('',#4291,1.);
#4291 = DIRECTION('',(-5.795411374783E-30,1.305010625397E-14,1.));
#4292 = ORIENTED_EDGE('',*,*,#4293,.F.);
#4293 = EDGE_CURVE('',#4277,#4286,#4294,.T.);
#4294 = LINE('',#4295,#4296);
#4295 = CARTESIAN_POINT('',(0.635,1.195,2.157));
#4296 = VECTOR('',#4297,1.);
#4297 = DIRECTION('',(4.440892098501E-16,-1.,0.));
#4298 = PLANE('',#4299);
#4299 = AXIS2_PLACEMENT_3D('',#4300,#4301,#4302);
#4300 = CARTESIAN_POINT('',(0.635,1.195,2.157));
#4301 = DIRECTION('',(-1.,-4.440892098501E-16,0.));
#4302 = DIRECTION('',(4.440892098501E-16,-1.,0.));
#4303 = ADVANCED_FACE('',(#4304),#4315,.T.);
#4304 = FACE_BOUND('',#4305,.T.);
#4305 = EDGE_LOOP('',(#4306,#4307,#4308,#4314));
#4306 = ORIENTED_EDGE('',*,*,#3969,.T.);
#4307 = ORIENTED_EDGE('',*,*,#3984,.T.);
#4308 = ORIENTED_EDGE('',*,*,#4309,.F.);
#4309 = EDGE_CURVE('',#4194,#3985,#4310,.T.);
#4310 = LINE('',#4311,#4312);
#4311 = CARTESIAN_POINT('',(0.635,-3.735,2.157));
#4312 = VECTOR('',#4313,1.);
#4313 = DIRECTION('',(1.,4.440892098501E-16,0.));
#4314 = ORIENTED_EDGE('',*,*,#4193,.F.);
#4315 = PLANE('',#4316);
#4316 = AXIS2_PLACEMENT_3D('',#4317,#4318,#4319);
#4317 = CARTESIAN_POINT('',(0.635,-3.735,2.157));
#4318 = DIRECTION('',(4.440892098501E-16,-1.,0.));
#4319 = DIRECTION('',(1.,4.440892098501E-16,0.));
#4320 = ADVANCED_FACE('',(#4321),#4345,.T.);
#4321 = FACE_BOUND('',#4322,.T.);
#4322 = EDGE_LOOP('',(#4323,#4330,#4331,#4339));
#4323 = ORIENTED_EDGE('',*,*,#4324,.F.);
#4324 = EDGE_CURVE('',#3985,#4325,#4327,.T.);
#4325 = VERTEX_POINT('',#4326);
#4326 = CARTESIAN_POINT('',(6.91,-3.66,2.157));
#4327 = B_SPLINE_CURVE_WITH_KNOTS('',1,(#4328,#4329),.UNSPECIFIED.,.F.,
  .F.,(2,2),(0.,1.),.PIECEWISE_BEZIER_KNOTS.);
#4328 = CARTESIAN_POINT('',(6.985,-3.735,2.157));
#4329 = CARTESIAN_POINT('',(6.91,-3.66,2.157));
#4330 = ORIENTED_EDGE('',*,*,#4000,.T.);
#4331 = ORIENTED_EDGE('',*,*,#4332,.T.);
#4332 = EDGE_CURVE('',#3993,#4333,#4335,.T.);
#4333 = VERTEX_POINT('',#4334);
#4334 = CARTESIAN_POINT('',(6.91,-2.7685,2.157));
#4335 = LINE('',#4336,#4337);
#4336 = CARTESIAN_POINT('',(7.747,-2.7685,2.157));
#4337 = VECTOR('',#4338,1.);
#4338 = DIRECTION('',(-1.,-3.216245299353E-16,0.));
#4339 = ORIENTED_EDGE('',*,*,#4340,.F.);
#4340 = EDGE_CURVE('',#4325,#4333,#4341,.T.);
#4341 = LINE('',#4342,#4343);
#4342 = CARTESIAN_POINT('',(6.91,-3.66,2.157));
#4343 = VECTOR('',#4344,1.);
#4344 = DIRECTION('',(-4.440892098501E-16,1.,0.));
#4345 = B_SPLINE_SURFACE_WITH_KNOTS('',1,1,(
    (#4346,#4347)
    ,(#4348,#4349
    )),.UNSPECIFIED.,.F.,.F.,.F.,(2,2),(2,2),(0.,4.93),(0.,1.),
  .PIECEWISE_BEZIER_KNOTS.);
#4346 = CARTESIAN_POINT('',(6.985,-3.735,2.157));
#4347 = CARTESIAN_POINT('',(6.91,-3.66,2.157));
#4348 = CARTESIAN_POINT('',(6.985,1.195,2.157));
#4349 = CARTESIAN_POINT('',(6.91,1.12,2.157));
#4350 = ADVANCED_FACE('',(#4351),#4403,.F.);
#4351 = FACE_BOUND('',#4352,.F.);
#4352 = EDGE_LOOP('',(#4353,#4354,#4355,#4363,#4372,#4380,#4388,#4396));
#4353 = ORIENTED_EDGE('',*,*,#4053,.T.);
#4354 = ORIENTED_EDGE('',*,*,#3992,.T.);
#4355 = ORIENTED_EDGE('',*,*,#4356,.F.);
#4356 = EDGE_CURVE('',#4357,#3993,#4359,.T.);
#4357 = VERTEX_POINT('',#4358);
#4358 = CARTESIAN_POINT('',(7.366,-2.7685,2.157));
#4359 = LINE('',#4360,#4361);
#4360 = CARTESIAN_POINT('',(7.747,-2.7685,2.157));
#4361 = VECTOR('',#4362,1.);
#4362 = DIRECTION('',(-1.,-3.216245299353E-16,0.));
#4363 = ORIENTED_EDGE('',*,*,#4364,.T.);
#4364 = EDGE_CURVE('',#4357,#4365,#4367,.T.);
#4365 = VERTEX_POINT('',#4366);
#4366 = CARTESIAN_POINT('',(7.747,-2.7685,1.776));
#4367 = CIRCLE('',#4368,0.381);
#4368 = AXIS2_PLACEMENT_3D('',#4369,#4370,#4371);
#4369 = CARTESIAN_POINT('',(7.366,-2.7685,1.776));
#4370 = DIRECTION('',(-3.216245299353E-16,1.,0.));
#4371 = DIRECTION('',(0.,0.,1.));
#4372 = ORIENTED_EDGE('',*,*,#4373,.T.);
#4373 = EDGE_CURVE('',#4365,#4374,#4376,.T.);
#4374 = VERTEX_POINT('',#4375);
#4375 = CARTESIAN_POINT('',(7.747,-2.7685,-2.843));
#4376 = LINE('',#4377,#4378);
#4377 = CARTESIAN_POINT('',(7.747,-2.7685,2.157));
#4378 = VECTOR('',#4379,1.);
#4379 = DIRECTION('',(0.,0.,-1.));
#4380 = ORIENTED_EDGE('',*,*,#4381,.T.);
#4381 = EDGE_CURVE('',#4374,#4382,#4384,.T.);
#4382 = VERTEX_POINT('',#4383);
#4383 = CARTESIAN_POINT('',(7.493,-2.7685,-2.843));
#4384 = LINE('',#4385,#4386);
#4385 = CARTESIAN_POINT('',(7.747,-2.7685,-2.843));
#4386 = VECTOR('',#4387,1.);
#4387 = DIRECTION('',(-1.,-3.216245299353E-16,0.));
#4388 = ORIENTED_EDGE('',*,*,#4389,.F.);
#4389 = EDGE_CURVE('',#4390,#4382,#4392,.T.);
#4390 = VERTEX_POINT('',#4391);
#4391 = CARTESIAN_POINT('',(7.493,-2.7685,1.776));
#4392 = LINE('',#4393,#4394);
#4393 = CARTESIAN_POINT('',(7.493,-2.7685,2.157));
#4394 = VECTOR('',#4395,1.);
#4395 = DIRECTION('',(0.,0.,-1.));
#4396 = ORIENTED_EDGE('',*,*,#4397,.T.);
#4397 = EDGE_CURVE('',#4390,#4054,#4398,.T.);
#4398 = CIRCLE('',#4399,0.127);
#4399 = AXIS2_PLACEMENT_3D('',#4400,#4401,#4402);
#4400 = CARTESIAN_POINT('',(7.366,-2.7685,1.776));
#4401 = DIRECTION('',(3.216245299353E-16,-1.,0.));
#4402 = DIRECTION('',(0.,0.,-1.));
#4403 = PLANE('',#4404);
#4404 = AXIS2_PLACEMENT_3D('',#4405,#4406,#4407);
#4405 = CARTESIAN_POINT('',(-0.127,-2.7685,1.776));
#4406 = DIRECTION('',(-4.440892098501E-16,1.,0.));
#4407 = DIRECTION('',(0.,0.,1.));
#4408 = ADVANCED_FACE('',(#4409),#4461,.F.);
#4409 = FACE_BOUND('',#4410,.F.);
#4410 = EDGE_LOOP('',(#4411,#4412,#4413,#4422,#4430,#4438,#4446,#4455));
#4411 = ORIENTED_EDGE('',*,*,#4014,.T.);
#4412 = ORIENTED_EDGE('',*,*,#4075,.T.);
#4413 = ORIENTED_EDGE('',*,*,#4414,.F.);
#4414 = EDGE_CURVE('',#4415,#4076,#4417,.T.);
#4415 = VERTEX_POINT('',#4416);
#4416 = CARTESIAN_POINT('',(7.493,0.2285,1.776));
#4417 = CIRCLE('',#4418,0.127);
#4418 = AXIS2_PLACEMENT_3D('',#4419,#4420,#4421);
#4419 = CARTESIAN_POINT('',(7.366,0.2285,1.776));
#4420 = DIRECTION('',(3.216245299353E-16,-1.,0.));
#4421 = DIRECTION('',(0.,0.,1.));
#4422 = ORIENTED_EDGE('',*,*,#4423,.T.);
#4423 = EDGE_CURVE('',#4415,#4424,#4426,.T.);
#4424 = VERTEX_POINT('',#4425);
#4425 = CARTESIAN_POINT('',(7.493,0.2285,-2.843));
#4426 = LINE('',#4427,#4428);
#4427 = CARTESIAN_POINT('',(7.493,0.2285,2.157));
#4428 = VECTOR('',#4429,1.);
#4429 = DIRECTION('',(0.,0.,-1.));
#4430 = ORIENTED_EDGE('',*,*,#4431,.F.);
#4431 = EDGE_CURVE('',#4432,#4424,#4434,.T.);
#4432 = VERTEX_POINT('',#4433);
#4433 = CARTESIAN_POINT('',(7.747,0.2285,-2.843));
#4434 = LINE('',#4435,#4436);
#4435 = CARTESIAN_POINT('',(7.747,0.2285,-2.843));
#4436 = VECTOR('',#4437,1.);
#4437 = DIRECTION('',(-1.,-3.216245299353E-16,0.));
#4438 = ORIENTED_EDGE('',*,*,#4439,.F.);
#4439 = EDGE_CURVE('',#4440,#4432,#4442,.T.);
#4440 = VERTEX_POINT('',#4441);
#4441 = CARTESIAN_POINT('',(7.747,0.2285,1.776));
#4442 = LINE('',#4443,#4444);
#4443 = CARTESIAN_POINT('',(7.747,0.2285,2.157));
#4444 = VECTOR('',#4445,1.);
#4445 = DIRECTION('',(0.,0.,-1.));
#4446 = ORIENTED_EDGE('',*,*,#4447,.T.);
#4447 = EDGE_CURVE('',#4440,#4448,#4450,.T.);
#4448 = VERTEX_POINT('',#4449);
#4449 = CARTESIAN_POINT('',(7.366,0.2285,2.157));
#4450 = CIRCLE('',#4451,0.381);
#4451 = AXIS2_PLACEMENT_3D('',#4452,#4453,#4454);
#4452 = CARTESIAN_POINT('',(7.366,0.2285,1.776));
#4453 = DIRECTION('',(3.216245299353E-16,-1.,0.));
#4454 = DIRECTION('',(0.,0.,1.));
#4455 = ORIENTED_EDGE('',*,*,#4456,.F.);
#4456 = EDGE_CURVE('',#4015,#4448,#4457,.T.);
#4457 = LINE('',#4458,#4459);
#4458 = CARTESIAN_POINT('',(3.81,0.2285,2.157));
#4459 = VECTOR('',#4460,1.);
#4460 = DIRECTION('',(1.,3.216245299353E-16,0.));
#4461 = PLANE('',#4462);
#4462 = AXIS2_PLACEMENT_3D('',#4463,#4464,#4465);
#4463 = CARTESIAN_POINT('',(0.254,0.2285,2.157));
#4464 = DIRECTION('',(4.440892098501E-16,-1.,1.165588477297E-15));
#4465 = DIRECTION('',(5.176252658931E-31,-1.165588477297E-15,-1.));
#4466 = ADVANCED_FACE('',(#4467),#4491,.T.);
#4467 = FACE_BOUND('',#4468,.T.);
#4468 = EDGE_LOOP('',(#4469,#4477,#4478,#4485));
#4469 = ORIENTED_EDGE('',*,*,#4470,.T.);
#4470 = EDGE_CURVE('',#4471,#4015,#4473,.T.);
#4471 = VERTEX_POINT('',#4472);
#4472 = CARTESIAN_POINT('',(6.91,0.2285,2.157));
#4473 = LINE('',#4474,#4475);
#4474 = CARTESIAN_POINT('',(3.81,0.2285,2.157));
#4475 = VECTOR('',#4476,1.);
#4476 = DIRECTION('',(1.,3.216245299353E-16,0.));
#4477 = ORIENTED_EDGE('',*,*,#4030,.T.);
#4478 = ORIENTED_EDGE('',*,*,#4479,.T.);
#4479 = EDGE_CURVE('',#4024,#4480,#4482,.T.);
#4480 = VERTEX_POINT('',#4481);
#4481 = CARTESIAN_POINT('',(6.91,1.12,2.157));
#4482 = B_SPLINE_CURVE_WITH_KNOTS('',1,(#4483,#4484),.UNSPECIFIED.,.F.,
  .F.,(2,2),(0.,1.),.PIECEWISE_BEZIER_KNOTS.);
#4483 = CARTESIAN_POINT('',(6.985,1.195,2.157));
#4484 = CARTESIAN_POINT('',(6.91,1.12,2.157));
#4485 = ORIENTED_EDGE('',*,*,#4486,.F.);
#4486 = EDGE_CURVE('',#4471,#4480,#4487,.T.);
#4487 = LINE('',#4488,#4489);
#4488 = CARTESIAN_POINT('',(6.91,-3.66,2.157));
#4489 = VECTOR('',#4490,1.);
#4490 = DIRECTION('',(-4.440892098501E-16,1.,0.));
#4491 = B_SPLINE_SURFACE_WITH_KNOTS('',1,1,(
    (#4492,#4493)
    ,(#4494,#4495
    )),.UNSPECIFIED.,.F.,.F.,.F.,(2,2),(2,2),(0.,4.93),(0.,1.),
  .PIECEWISE_BEZIER_KNOTS.);
#4492 = CARTESIAN_POINT('',(6.985,-3.735,2.157));
#4493 = CARTESIAN_POINT('',(6.91,-3.66,2.157));
#4494 = CARTESIAN_POINT('',(6.985,1.195,2.157));
#4495 = CARTESIAN_POINT('',(6.91,1.12,2.157));
#4496 = ADVANCED_FACE('',(#4497),#4549,.F.);
#4497 = FACE_BOUND('',#4498,.F.);
#4498 = EDGE_LOOP('',(#4499,#4500,#4501,#4510,#4518,#4526,#4534,#4543));
#4499 = ORIENTED_EDGE('',*,*,#4106,.T.);
#4500 = ORIENTED_EDGE('',*,*,#4044,.T.);
#4501 = ORIENTED_EDGE('',*,*,#4502,.F.);
#4502 = EDGE_CURVE('',#4503,#4045,#4505,.T.);
#4503 = VERTEX_POINT('',#4504);
#4504 = CARTESIAN_POINT('',(7.493,-1.778,1.776));
#4505 = CIRCLE('',#4506,0.127);
#4506 = AXIS2_PLACEMENT_3D('',#4507,#4508,#4509);
#4507 = CARTESIAN_POINT('',(7.366,-1.778,1.776));
#4508 = DIRECTION('',(3.216245299353E-16,-1.,0.));
#4509 = DIRECTION('',(0.,0.,-1.));
#4510 = ORIENTED_EDGE('',*,*,#4511,.F.);
#4511 = EDGE_CURVE('',#4512,#4503,#4514,.T.);
#4512 = VERTEX_POINT('',#4513);
#4513 = CARTESIAN_POINT('',(7.493,-1.778,0.));
#4514 = LINE('',#4515,#4516);
#4515 = CARTESIAN_POINT('',(7.493,-1.778,0.));
#4516 = VECTOR('',#4517,1.);
#4517 = DIRECTION('',(0.,0.,1.));
#4518 = ORIENTED_EDGE('',*,*,#4519,.F.);
#4519 = EDGE_CURVE('',#4520,#4512,#4522,.T.);
#4520 = VERTEX_POINT('',#4521);
#4521 = CARTESIAN_POINT('',(7.747,-1.778,0.));
#4522 = LINE('',#4523,#4524);
#4523 = CARTESIAN_POINT('',(7.747,-1.778,0.));
#4524 = VECTOR('',#4525,1.);
#4525 = DIRECTION('',(-1.,-3.216245299353E-16,0.));
#4526 = ORIENTED_EDGE('',*,*,#4527,.T.);
#4527 = EDGE_CURVE('',#4520,#4528,#4530,.T.);
#4528 = VERTEX_POINT('',#4529);
#4529 = CARTESIAN_POINT('',(7.747,-1.778,1.776));
#4530 = LINE('',#4531,#4532);
#4531 = CARTESIAN_POINT('',(7.747,-1.778,0.));
#4532 = VECTOR('',#4533,1.);
#4533 = DIRECTION('',(0.,0.,1.));
#4534 = ORIENTED_EDGE('',*,*,#4535,.F.);
#4535 = EDGE_CURVE('',#4536,#4528,#4538,.T.);
#4536 = VERTEX_POINT('',#4537);
#4537 = CARTESIAN_POINT('',(7.366,-1.778,2.157));
#4538 = CIRCLE('',#4539,0.381);
#4539 = AXIS2_PLACEMENT_3D('',#4540,#4541,#4542);
#4540 = CARTESIAN_POINT('',(7.366,-1.778,1.776));
#4541 = DIRECTION('',(-3.216245299353E-16,1.,0.));
#4542 = DIRECTION('',(0.,0.,1.));
#4543 = ORIENTED_EDGE('',*,*,#4544,.F.);
#4544 = EDGE_CURVE('',#4107,#4536,#4545,.T.);
#4545 = LINE('',#4546,#4547);
#4546 = CARTESIAN_POINT('',(3.81,-1.778,2.157));
#4547 = VECTOR('',#4548,1.);
#4548 = DIRECTION('',(1.,3.216245299353E-16,0.));
#4549 = PLANE('',#4550);
#4550 = AXIS2_PLACEMENT_3D('',#4551,#4552,#4553);
#4551 = CARTESIAN_POINT('',(0.254,-1.778,2.157));
#4552 = DIRECTION('',(4.440892098501E-16,-1.,1.305010625397E-14));
#4553 = DIRECTION('',(5.795411374783E-30,-1.305010625397E-14,-1.));
#4554 = ADVANCED_FACE('',(#4555),#4566,.F.);
#4555 = FACE_BOUND('',#4556,.F.);
#4556 = EDGE_LOOP('',(#4557,#4563,#4564,#4565));
#4557 = ORIENTED_EDGE('',*,*,#4558,.T.);
#4558 = EDGE_CURVE('',#4390,#4503,#4559,.T.);
#4559 = LINE('',#4560,#4561);
#4560 = CARTESIAN_POINT('',(7.493,-2.7685,1.776));
#4561 = VECTOR('',#4562,1.);
#4562 = DIRECTION('',(-3.216245299353E-16,1.,0.));
#4563 = ORIENTED_EDGE('',*,*,#4502,.T.);
#4564 = ORIENTED_EDGE('',*,*,#4061,.F.);
#4565 = ORIENTED_EDGE('',*,*,#4397,.F.);
#4566 = CYLINDRICAL_SURFACE('',#4567,0.127);
#4567 = AXIS2_PLACEMENT_3D('',#4568,#4569,#4570);
#4568 = CARTESIAN_POINT('',(7.366,-2.7685,1.776));
#4569 = DIRECTION('',(-3.216245299353E-16,1.,0.));
#4570 = DIRECTION('',(1.,3.216245299353E-16,0.));
#4571 = ADVANCED_FACE('',(#4572),#4591,.F.);
#4572 = FACE_BOUND('',#4573,.F.);
#4573 = EDGE_LOOP('',(#4574,#4575,#4576,#4585));
#4574 = ORIENTED_EDGE('',*,*,#4414,.T.);
#4575 = ORIENTED_EDGE('',*,*,#4092,.T.);
#4576 = ORIENTED_EDGE('',*,*,#4577,.F.);
#4577 = EDGE_CURVE('',#4578,#4085,#4580,.T.);
#4578 = VERTEX_POINT('',#4579);
#4579 = CARTESIAN_POINT('',(7.493,-0.762,1.776));
#4580 = CIRCLE('',#4581,0.127);
#4581 = AXIS2_PLACEMENT_3D('',#4582,#4583,#4584);
#4582 = CARTESIAN_POINT('',(7.366,-0.762,1.776));
#4583 = DIRECTION('',(3.216245299353E-16,-1.,0.));
#4584 = DIRECTION('',(0.,0.,1.));
#4585 = ORIENTED_EDGE('',*,*,#4586,.F.);
#4586 = EDGE_CURVE('',#4415,#4578,#4587,.T.);
#4587 = LINE('',#4588,#4589);
#4588 = CARTESIAN_POINT('',(7.493,0.2285,1.776));
#4589 = VECTOR('',#4590,1.);
#4590 = DIRECTION('',(3.216245299353E-16,-1.,0.));
#4591 = CYLINDRICAL_SURFACE('',#4592,0.127);
#4592 = AXIS2_PLACEMENT_3D('',#4593,#4594,#4595);
#4593 = CARTESIAN_POINT('',(7.366,0.2285,1.776));
#4594 = DIRECTION('',(3.216245299353E-16,-1.,0.));
#4595 = DIRECTION('',(1.,3.216245299353E-16,0.));
#4596 = ADVANCED_FACE('',(#4597),#4641,.T.);
#4597 = FACE_BOUND('',#4598,.T.);
#4598 = EDGE_LOOP('',(#4599,#4600,#4601,#4602,#4610,#4618,#4626,#4635));
#4599 = ORIENTED_EDGE('',*,*,#4115,.T.);
#4600 = ORIENTED_EDGE('',*,*,#4084,.F.);
#4601 = ORIENTED_EDGE('',*,*,#4577,.F.);
#4602 = ORIENTED_EDGE('',*,*,#4603,.F.);
#4603 = EDGE_CURVE('',#4604,#4578,#4606,.T.);
#4604 = VERTEX_POINT('',#4605);
#4605 = CARTESIAN_POINT('',(7.493,-0.762,0.));
#4606 = LINE('',#4607,#4608);
#4607 = CARTESIAN_POINT('',(7.493,-0.762,0.));
#4608 = VECTOR('',#4609,1.);
#4609 = DIRECTION('',(0.,0.,1.));
#4610 = ORIENTED_EDGE('',*,*,#4611,.F.);
#4611 = EDGE_CURVE('',#4612,#4604,#4614,.T.);
#4612 = VERTEX_POINT('',#4613);
#4613 = CARTESIAN_POINT('',(7.747,-0.762,0.));
#4614 = LINE('',#4615,#4616);
#4615 = CARTESIAN_POINT('',(7.747,-0.762,0.));
#4616 = VECTOR('',#4617,1.);
#4617 = DIRECTION('',(-1.,-3.216245299353E-16,0.));
#4618 = ORIENTED_EDGE('',*,*,#4619,.T.);
#4619 = EDGE_CURVE('',#4612,#4620,#4622,.T.);
#4620 = VERTEX_POINT('',#4621);
#4621 = CARTESIAN_POINT('',(7.747,-0.762,1.776));
#4622 = LINE('',#4623,#4624);
#4623 = CARTESIAN_POINT('',(7.747,-0.762,0.));
#4624 = VECTOR('',#4625,1.);
#4625 = DIRECTION('',(0.,0.,1.));
#4626 = ORIENTED_EDGE('',*,*,#4627,.T.);
#4627 = EDGE_CURVE('',#4620,#4628,#4630,.T.);
#4628 = VERTEX_POINT('',#4629);
#4629 = CARTESIAN_POINT('',(7.366,-0.762,2.157));
#4630 = CIRCLE('',#4631,0.381);
#4631 = AXIS2_PLACEMENT_3D('',#4632,#4633,#4634);
#4632 = CARTESIAN_POINT('',(7.366,-0.762,1.776));
#4633 = DIRECTION('',(3.216245299353E-16,-1.,0.));
#4634 = DIRECTION('',(0.,0.,1.));
#4635 = ORIENTED_EDGE('',*,*,#4636,.T.);
#4636 = EDGE_CURVE('',#4628,#4116,#4637,.T.);
#4637 = LINE('',#4638,#4639);
#4638 = CARTESIAN_POINT('',(7.747,-0.762,2.157));
#4639 = VECTOR('',#4640,1.);
#4640 = DIRECTION('',(-1.,-3.216245299353E-16,0.));
#4641 = PLANE('',#4642);
#4642 = AXIS2_PLACEMENT_3D('',#4643,#4644,#4645);
#4643 = CARTESIAN_POINT('',(-0.127,-0.762,0.));
#4644 = DIRECTION('',(4.440892098501E-16,-1.,0.));
#4645 = DIRECTION('',(0.,-0.,-1.));
#4646 = ADVANCED_FACE('',(#4647),#4672,.T.);
#4647 = FACE_BOUND('',#4648,.T.);
#4648 = EDGE_LOOP('',(#4649,#4657,#4658,#4666));
#4649 = ORIENTED_EDGE('',*,*,#4650,.T.);
#4650 = EDGE_CURVE('',#4651,#4107,#4653,.T.);
#4651 = VERTEX_POINT('',#4652);
#4652 = CARTESIAN_POINT('',(6.91,-1.778,2.157));
#4653 = LINE('',#4654,#4655);
#4654 = CARTESIAN_POINT('',(3.81,-1.778,2.157));
#4655 = VECTOR('',#4656,1.);
#4656 = DIRECTION('',(1.,3.216245299353E-16,0.));
#4657 = ORIENTED_EDGE('',*,*,#4123,.T.);
#4658 = ORIENTED_EDGE('',*,*,#4659,.T.);
#4659 = EDGE_CURVE('',#4116,#4660,#4662,.T.);
#4660 = VERTEX_POINT('',#4661);
#4661 = CARTESIAN_POINT('',(6.91,-0.762,2.157));
#4662 = LINE('',#4663,#4664);
#4663 = CARTESIAN_POINT('',(7.747,-0.762,2.157));
#4664 = VECTOR('',#4665,1.);
#4665 = DIRECTION('',(-1.,-3.216245299353E-16,0.));
#4666 = ORIENTED_EDGE('',*,*,#4667,.F.);
#4667 = EDGE_CURVE('',#4651,#4660,#4668,.T.);
#4668 = LINE('',#4669,#4670);
#4669 = CARTESIAN_POINT('',(6.91,-3.66,2.157));
#4670 = VECTOR('',#4671,1.);
#4671 = DIRECTION('',(-4.440892098501E-16,1.,0.));
#4672 = B_SPLINE_SURFACE_WITH_KNOTS('',1,1,(
    (#4673,#4674)
    ,(#4675,#4676
    )),.UNSPECIFIED.,.F.,.F.,.F.,(2,2),(2,2),(0.,4.93),(0.,1.),
  .PIECEWISE_BEZIER_KNOTS.);
#4673 = CARTESIAN_POINT('',(6.985,-3.735,2.157));
#4674 = CARTESIAN_POINT('',(6.91,-3.66,2.157));
#4675 = CARTESIAN_POINT('',(6.985,1.195,2.157));
#4676 = CARTESIAN_POINT('',(6.91,1.12,2.157));
#4677 = ADVANCED_FACE('',(#4678),#4695,.T.);
#4678 = FACE_BOUND('',#4679,.T.);
#4679 = EDGE_LOOP('',(#4680,#4681,#4688,#4694));
#4680 = ORIENTED_EDGE('',*,*,#4145,.T.);
#4681 = ORIENTED_EDGE('',*,*,#4682,.T.);
#4682 = EDGE_CURVE('',#4139,#4683,#4685,.T.);
#4683 = VERTEX_POINT('',#4684);
#4684 = CARTESIAN_POINT('',(0.71,1.12,2.157));
#4685 = B_SPLINE_CURVE_WITH_KNOTS('',1,(#4686,#4687),.UNSPECIFIED.,.F.,
  .F.,(2,2),(0.,1.),.PIECEWISE_BEZIER_KNOTS.);
#4686 = CARTESIAN_POINT('',(0.635,1.195,2.157));
#4687 = CARTESIAN_POINT('',(0.71,1.12,2.157));
#4688 = ORIENTED_EDGE('',*,*,#4689,.F.);
#4689 = EDGE_CURVE('',#4480,#4683,#4690,.T.);
#4690 = LINE('',#4691,#4692);
#4691 = CARTESIAN_POINT('',(6.91,1.12,2.157));
#4692 = VECTOR('',#4693,1.);
#4693 = DIRECTION('',(-1.,-4.440892098501E-16,0.));
#4694 = ORIENTED_EDGE('',*,*,#4479,.F.);
#4695 = B_SPLINE_SURFACE_WITH_KNOTS('',1,1,(
    (#4696,#4697)
    ,(#4698,#4699
    )),.UNSPECIFIED.,.F.,.F.,.F.,(2,2),(2,2),(0.,6.35),(0.,1.),
  .PIECEWISE_BEZIER_KNOTS.);
#4696 = CARTESIAN_POINT('',(6.985,1.195,2.157));
#4697 = CARTESIAN_POINT('',(6.91,1.12,2.157));
#4698 = CARTESIAN_POINT('',(0.635,1.195,2.157));
#4699 = CARTESIAN_POINT('',(0.71,1.12,2.157));
#4700 = ADVANCED_FACE('',(#4701),#4719,.T.);
#4701 = FACE_BOUND('',#4702,.T.);
#4702 = EDGE_LOOP('',(#4703,#4704,#4705,#4713));
#4703 = ORIENTED_EDGE('',*,*,#4682,.F.);
#4704 = ORIENTED_EDGE('',*,*,#4170,.T.);
#4705 = ORIENTED_EDGE('',*,*,#4706,.T.);
#4706 = EDGE_CURVE('',#4163,#4707,#4709,.T.);
#4707 = VERTEX_POINT('',#4708);
#4708 = CARTESIAN_POINT('',(0.71,0.2285,2.157));
#4709 = LINE('',#4710,#4711);
#4710 = CARTESIAN_POINT('',(-0.127,0.2285,2.157));
#4711 = VECTOR('',#4712,1.);
#4712 = DIRECTION('',(1.,4.440892098501E-16,0.));
#4713 = ORIENTED_EDGE('',*,*,#4714,.F.);
#4714 = EDGE_CURVE('',#4683,#4707,#4715,.T.);
#4715 = LINE('',#4716,#4717);
#4716 = CARTESIAN_POINT('',(0.71,1.12,2.157));
#4717 = VECTOR('',#4718,1.);
#4718 = DIRECTION('',(4.440892098501E-16,-1.,0.));
#4719 = B_SPLINE_SURFACE_WITH_KNOTS('',1,1,(
    (#4720,#4721)
    ,(#4722,#4723
    )),.UNSPECIFIED.,.F.,.F.,.F.,(2,2),(2,2),(0.,4.93),(0.,1.),
  .PIECEWISE_BEZIER_KNOTS.);
#4720 = CARTESIAN_POINT('',(0.635,1.195,2.157));
#4721 = CARTESIAN_POINT('',(0.71,1.12,2.157));
#4722 = CARTESIAN_POINT('',(0.635,-3.735,2.157));
#4723 = CARTESIAN_POINT('',(0.71,-3.66,2.157));
#4724 = ADVANCED_FACE('',(#4725),#4777,.F.);
#4725 = FACE_BOUND('',#4726,.F.);
#4726 = EDGE_LOOP('',(#4727,#4735,#4744,#4752,#4760,#4768,#4775,#4776));
#4727 = ORIENTED_EDGE('',*,*,#4728,.F.);
#4728 = EDGE_CURVE('',#4729,#4163,#4731,.T.);
#4729 = VERTEX_POINT('',#4730);
#4730 = CARTESIAN_POINT('',(0.254,0.2285,2.157));
#4731 = LINE('',#4732,#4733);
#4732 = CARTESIAN_POINT('',(-0.127,0.2285,2.157));
#4733 = VECTOR('',#4734,1.);
#4734 = DIRECTION('',(1.,4.440892098501E-16,0.));
#4735 = ORIENTED_EDGE('',*,*,#4736,.T.);
#4736 = EDGE_CURVE('',#4729,#4737,#4739,.T.);
#4737 = VERTEX_POINT('',#4738);
#4738 = CARTESIAN_POINT('',(-0.127,0.2285,1.776));
#4739 = CIRCLE('',#4740,0.381);
#4740 = AXIS2_PLACEMENT_3D('',#4741,#4742,#4743);
#4741 = CARTESIAN_POINT('',(0.254,0.2285,1.776));
#4742 = DIRECTION('',(4.440892098501E-16,-1.,0.));
#4743 = DIRECTION('',(0.,0.,1.));
#4744 = ORIENTED_EDGE('',*,*,#4745,.T.);
#4745 = EDGE_CURVE('',#4737,#4746,#4748,.T.);
#4746 = VERTEX_POINT('',#4747);
#4747 = CARTESIAN_POINT('',(-0.127,0.2285,-2.843));
#4748 = LINE('',#4749,#4750);
#4749 = CARTESIAN_POINT('',(-0.127,0.2285,2.157));
#4750 = VECTOR('',#4751,1.);
#4751 = DIRECTION('',(-0.,0.,-1.));
#4752 = ORIENTED_EDGE('',*,*,#4753,.T.);
#4753 = EDGE_CURVE('',#4746,#4754,#4756,.T.);
#4754 = VERTEX_POINT('',#4755);
#4755 = CARTESIAN_POINT('',(0.127,0.2285,-2.843));
#4756 = LINE('',#4757,#4758);
#4757 = CARTESIAN_POINT('',(-0.127,0.2285,-2.843));
#4758 = VECTOR('',#4759,1.);
#4759 = DIRECTION('',(1.,4.440892098501E-16,0.));
#4760 = ORIENTED_EDGE('',*,*,#4761,.F.);
#4761 = EDGE_CURVE('',#4762,#4754,#4764,.T.);
#4762 = VERTEX_POINT('',#4763);
#4763 = CARTESIAN_POINT('',(0.127,0.2285,1.776));
#4764 = LINE('',#4765,#4766);
#4765 = CARTESIAN_POINT('',(0.127,0.2285,2.157));
#4766 = VECTOR('',#4767,1.);
#4767 = DIRECTION('',(-0.,0.,-1.));
#4768 = ORIENTED_EDGE('',*,*,#4769,.T.);
#4769 = EDGE_CURVE('',#4762,#4215,#4770,.T.);
#4770 = CIRCLE('',#4771,0.127);
#4771 = AXIS2_PLACEMENT_3D('',#4772,#4773,#4774);
#4772 = CARTESIAN_POINT('',(0.254,0.2285,1.776));
#4773 = DIRECTION('',(-4.440892098501E-16,1.,0.));
#4774 = DIRECTION('',(0.,0.,-1.));
#4775 = ORIENTED_EDGE('',*,*,#4214,.T.);
#4776 = ORIENTED_EDGE('',*,*,#4162,.T.);
#4777 = PLANE('',#4778);
#4778 = AXIS2_PLACEMENT_3D('',#4779,#4780,#4781);
#4779 = CARTESIAN_POINT('',(0.254,0.2285,2.157));
#4780 = DIRECTION('',(4.440892098501E-16,-1.,1.165588477297E-15));
#4781 = DIRECTION('',(5.176252658931E-31,-1.165588477297E-15,-1.));
#4782 = ADVANCED_FACE('',(#4783),#4835,.F.);
#4783 = FACE_BOUND('',#4784,.F.);
#4784 = EDGE_LOOP('',(#4785,#4795,#4804,#4810,#4811,#4812,#4821,#4829));
#4785 = ORIENTED_EDGE('',*,*,#4786,.F.);
#4786 = EDGE_CURVE('',#4787,#4789,#4791,.T.);
#4787 = VERTEX_POINT('',#4788);
#4788 = CARTESIAN_POINT('',(-0.127,-2.7685,1.776));
#4789 = VERTEX_POINT('',#4790);
#4790 = CARTESIAN_POINT('',(-0.127,-2.7685,-2.843));
#4791 = LINE('',#4792,#4793);
#4792 = CARTESIAN_POINT('',(-0.127,-2.7685,2.157));
#4793 = VECTOR('',#4794,1.);
#4794 = DIRECTION('',(-0.,0.,-1.));
#4795 = ORIENTED_EDGE('',*,*,#4796,.T.);
#4796 = EDGE_CURVE('',#4787,#4797,#4799,.T.);
#4797 = VERTEX_POINT('',#4798);
#4798 = CARTESIAN_POINT('',(0.254,-2.7685,2.157));
#4799 = CIRCLE('',#4800,0.381);
#4800 = AXIS2_PLACEMENT_3D('',#4801,#4802,#4803);
#4801 = CARTESIAN_POINT('',(0.254,-2.7685,1.776));
#4802 = DIRECTION('',(-4.440892098501E-16,1.,0.));
#4803 = DIRECTION('',(0.,0.,1.));
#4804 = ORIENTED_EDGE('',*,*,#4805,.F.);
#4805 = EDGE_CURVE('',#4185,#4797,#4806,.T.);
#4806 = LINE('',#4807,#4808);
#4807 = CARTESIAN_POINT('',(3.81,-2.7685,2.157));
#4808 = VECTOR('',#4809,1.);
#4809 = DIRECTION('',(-1.,-4.440892098501E-16,0.));
#4810 = ORIENTED_EDGE('',*,*,#4184,.T.);
#4811 = ORIENTED_EDGE('',*,*,#4261,.T.);
#4812 = ORIENTED_EDGE('',*,*,#4813,.F.);
#4813 = EDGE_CURVE('',#4814,#4254,#4816,.T.);
#4814 = VERTEX_POINT('',#4815);
#4815 = CARTESIAN_POINT('',(0.127,-2.7685,1.776));
#4816 = CIRCLE('',#4817,0.127);
#4817 = AXIS2_PLACEMENT_3D('',#4818,#4819,#4820);
#4818 = CARTESIAN_POINT('',(0.254,-2.7685,1.776));
#4819 = DIRECTION('',(-4.440892098501E-16,1.,0.));
#4820 = DIRECTION('',(0.,0.,1.));
#4821 = ORIENTED_EDGE('',*,*,#4822,.T.);
#4822 = EDGE_CURVE('',#4814,#4823,#4825,.T.);
#4823 = VERTEX_POINT('',#4824);
#4824 = CARTESIAN_POINT('',(0.127,-2.7685,-2.843));
#4825 = LINE('',#4826,#4827);
#4826 = CARTESIAN_POINT('',(0.127,-2.7685,2.157));
#4827 = VECTOR('',#4828,1.);
#4828 = DIRECTION('',(-0.,0.,-1.));
#4829 = ORIENTED_EDGE('',*,*,#4830,.F.);
#4830 = EDGE_CURVE('',#4789,#4823,#4831,.T.);
#4831 = LINE('',#4832,#4833);
#4832 = CARTESIAN_POINT('',(-0.127,-2.7685,-2.843));
#4833 = VECTOR('',#4834,1.);
#4834 = DIRECTION('',(1.,4.440892098501E-16,0.));
#4835 = PLANE('',#4836);
#4836 = AXIS2_PLACEMENT_3D('',#4837,#4838,#4839);
#4837 = CARTESIAN_POINT('',(-0.127,-2.7685,1.776));
#4838 = DIRECTION('',(-4.440892098501E-16,1.,0.));
#4839 = DIRECTION('',(0.,0.,1.));
#4840 = ADVANCED_FACE('',(#4841),#4865,.T.);
#4841 = FACE_BOUND('',#4842,.T.);
#4842 = EDGE_LOOP('',(#4843,#4851,#4852,#4859));
#4843 = ORIENTED_EDGE('',*,*,#4844,.T.);
#4844 = EDGE_CURVE('',#4845,#4185,#4847,.T.);
#4845 = VERTEX_POINT('',#4846);
#4846 = CARTESIAN_POINT('',(0.71,-2.7685,2.157));
#4847 = LINE('',#4848,#4849);
#4848 = CARTESIAN_POINT('',(3.81,-2.7685,2.157));
#4849 = VECTOR('',#4850,1.);
#4850 = DIRECTION('',(-1.,-4.440892098501E-16,0.));
#4851 = ORIENTED_EDGE('',*,*,#4200,.T.);
#4852 = ORIENTED_EDGE('',*,*,#4853,.T.);
#4853 = EDGE_CURVE('',#4194,#4854,#4856,.T.);
#4854 = VERTEX_POINT('',#4855);
#4855 = CARTESIAN_POINT('',(0.71,-3.66,2.157));
#4856 = B_SPLINE_CURVE_WITH_KNOTS('',1,(#4857,#4858),.UNSPECIFIED.,.F.,
  .F.,(2,2),(0.,1.),.PIECEWISE_BEZIER_KNOTS.);
#4857 = CARTESIAN_POINT('',(0.635,-3.735,2.157));
#4858 = CARTESIAN_POINT('',(0.71,-3.66,2.157));
#4859 = ORIENTED_EDGE('',*,*,#4860,.F.);
#4860 = EDGE_CURVE('',#4845,#4854,#4861,.T.);
#4861 = LINE('',#4862,#4863);
#4862 = CARTESIAN_POINT('',(0.71,1.12,2.157));
#4863 = VECTOR('',#4864,1.);
#4864 = DIRECTION('',(4.440892098501E-16,-1.,0.));
#4865 = B_SPLINE_SURFACE_WITH_KNOTS('',1,1,(
    (#4866,#4867)
    ,(#4868,#4869
    )),.UNSPECIFIED.,.F.,.F.,.F.,(2,2),(2,2),(0.,4.93),(0.,1.),
  .PIECEWISE_BEZIER_KNOTS.);
#4866 = CARTESIAN_POINT('',(0.635,1.195,2.157));
#4867 = CARTESIAN_POINT('',(0.71,1.12,2.157));
#4868 = CARTESIAN_POINT('',(0.635,-3.735,2.157));
#4869 = CARTESIAN_POINT('',(0.71,-3.66,2.157));
#4870 = ADVANCED_FACE('',(#4871),#4923,.T.);
#4871 = FACE_BOUND('',#4872,.T.);
#4872 = EDGE_LOOP('',(#4873,#4884,#4892,#4900,#4908,#4915,#4916,#4917));
#4873 = ORIENTED_EDGE('',*,*,#4874,.T.);
#4874 = EDGE_CURVE('',#4875,#4877,#4879,.T.);
#4875 = VERTEX_POINT('',#4876);
#4876 = CARTESIAN_POINT('',(0.254,-0.762,2.157));
#4877 = VERTEX_POINT('',#4878);
#4878 = CARTESIAN_POINT('',(-0.127,-0.762,1.776));
#4879 = CIRCLE('',#4880,0.381);
#4880 = AXIS2_PLACEMENT_3D('',#4881,#4882,#4883);
#4881 = CARTESIAN_POINT('',(0.254,-0.762,1.776));
#4882 = DIRECTION('',(4.440892098501E-16,-1.,0.));
#4883 = DIRECTION('',(0.,0.,1.));
#4884 = ORIENTED_EDGE('',*,*,#4885,.F.);
#4885 = EDGE_CURVE('',#4886,#4877,#4888,.T.);
#4886 = VERTEX_POINT('',#4887);
#4887 = CARTESIAN_POINT('',(-0.127,-0.762,0.));
#4888 = LINE('',#4889,#4890);
#4889 = CARTESIAN_POINT('',(-0.127,-0.762,0.));
#4890 = VECTOR('',#4891,1.);
#4891 = DIRECTION('',(0.,0.,1.));
#4892 = ORIENTED_EDGE('',*,*,#4893,.T.);
#4893 = EDGE_CURVE('',#4886,#4894,#4896,.T.);
#4894 = VERTEX_POINT('',#4895);
#4895 = CARTESIAN_POINT('',(0.127,-0.762,0.));
#4896 = LINE('',#4897,#4898);
#4897 = CARTESIAN_POINT('',(-0.127,-0.762,0.));
#4898 = VECTOR('',#4899,1.);
#4899 = DIRECTION('',(1.,4.440892098501E-16,0.));
#4900 = ORIENTED_EDGE('',*,*,#4901,.T.);
#4901 = EDGE_CURVE('',#4894,#4902,#4904,.T.);
#4902 = VERTEX_POINT('',#4903);
#4903 = CARTESIAN_POINT('',(0.127,-0.762,1.776));
#4904 = LINE('',#4905,#4906);
#4905 = CARTESIAN_POINT('',(0.127,-0.762,0.));
#4906 = VECTOR('',#4907,1.);
#4907 = DIRECTION('',(0.,0.,1.));
#4908 = ORIENTED_EDGE('',*,*,#4909,.T.);
#4909 = EDGE_CURVE('',#4902,#4223,#4910,.T.);
#4910 = CIRCLE('',#4911,0.127);
#4911 = AXIS2_PLACEMENT_3D('',#4912,#4913,#4914);
#4912 = CARTESIAN_POINT('',(0.254,-0.762,1.776));
#4913 = DIRECTION('',(-4.440892098501E-16,1.,0.));
#4914 = DIRECTION('',(0.,0.,-1.));
#4915 = ORIENTED_EDGE('',*,*,#4230,.F.);
#4916 = ORIENTED_EDGE('',*,*,#4276,.T.);
#4917 = ORIENTED_EDGE('',*,*,#4918,.T.);
#4918 = EDGE_CURVE('',#4277,#4875,#4919,.T.);
#4919 = LINE('',#4920,#4921);
#4920 = CARTESIAN_POINT('',(3.81,-0.762,2.157));
#4921 = VECTOR('',#4922,1.);
#4922 = DIRECTION('',(-1.,-4.440892098501E-16,0.));
#4923 = PLANE('',#4924);
#4924 = AXIS2_PLACEMENT_3D('',#4925,#4926,#4927);
#4925 = CARTESIAN_POINT('',(-0.127,-0.762,0.));
#4926 = DIRECTION('',(4.440892098501E-16,-1.,0.));
#4927 = DIRECTION('',(0.,-0.,-1.));
#4928 = ADVANCED_FACE('',(#4929),#4940,.F.);
#4929 = FACE_BOUND('',#4930,.F.);
#4930 = EDGE_LOOP('',(#4931,#4937,#4938,#4939));
#4931 = ORIENTED_EDGE('',*,*,#4932,.T.);
#4932 = EDGE_CURVE('',#4762,#4902,#4933,.T.);
#4933 = LINE('',#4934,#4935);
#4934 = CARTESIAN_POINT('',(0.127,0.2285,1.776));
#4935 = VECTOR('',#4936,1.);
#4936 = DIRECTION('',(4.440892098501E-16,-1.,0.));
#4937 = ORIENTED_EDGE('',*,*,#4909,.T.);
#4938 = ORIENTED_EDGE('',*,*,#4222,.F.);
#4939 = ORIENTED_EDGE('',*,*,#4769,.F.);
#4940 = CYLINDRICAL_SURFACE('',#4941,0.127);
#4941 = AXIS2_PLACEMENT_3D('',#4942,#4943,#4944);
#4942 = CARTESIAN_POINT('',(0.254,0.2285,1.776));
#4943 = DIRECTION('',(4.440892098501E-16,-1.,0.));
#4944 = DIRECTION('',(-1.,-4.440892098501E-16,0.));
#4945 = ADVANCED_FACE('',(#4946),#4998,.F.);
#4946 = FACE_BOUND('',#4947,.F.);
#4947 = EDGE_LOOP('',(#4948,#4956,#4965,#4973,#4981,#4989,#4996,#4997));
#4948 = ORIENTED_EDGE('',*,*,#4949,.F.);
#4949 = EDGE_CURVE('',#4950,#4286,#4952,.T.);
#4950 = VERTEX_POINT('',#4951);
#4951 = CARTESIAN_POINT('',(0.254,-1.778,2.157));
#4952 = LINE('',#4953,#4954);
#4953 = CARTESIAN_POINT('',(-0.127,-1.778,2.157));
#4954 = VECTOR('',#4955,1.);
#4955 = DIRECTION('',(1.,4.440892098501E-16,0.));
#4956 = ORIENTED_EDGE('',*,*,#4957,.F.);
#4957 = EDGE_CURVE('',#4958,#4950,#4960,.T.);
#4958 = VERTEX_POINT('',#4959);
#4959 = CARTESIAN_POINT('',(-0.127,-1.778,1.776));
#4960 = CIRCLE('',#4961,0.381);
#4961 = AXIS2_PLACEMENT_3D('',#4962,#4963,#4964);
#4962 = CARTESIAN_POINT('',(0.254,-1.778,1.776));
#4963 = DIRECTION('',(-4.440892098501E-16,1.,0.));
#4964 = DIRECTION('',(0.,0.,1.));
#4965 = ORIENTED_EDGE('',*,*,#4966,.F.);
#4966 = EDGE_CURVE('',#4967,#4958,#4969,.T.);
#4967 = VERTEX_POINT('',#4968);
#4968 = CARTESIAN_POINT('',(-0.127,-1.778,0.));
#4969 = LINE('',#4970,#4971);
#4970 = CARTESIAN_POINT('',(-0.127,-1.778,0.));
#4971 = VECTOR('',#4972,1.);
#4972 = DIRECTION('',(0.,0.,1.));
#4973 = ORIENTED_EDGE('',*,*,#4974,.T.);
#4974 = EDGE_CURVE('',#4967,#4975,#4977,.T.);
#4975 = VERTEX_POINT('',#4976);
#4976 = CARTESIAN_POINT('',(0.127,-1.778,0.));
#4977 = LINE('',#4978,#4979);
#4978 = CARTESIAN_POINT('',(-0.127,-1.778,0.));
#4979 = VECTOR('',#4980,1.);
#4980 = DIRECTION('',(1.,4.440892098501E-16,0.));
#4981 = ORIENTED_EDGE('',*,*,#4982,.T.);
#4982 = EDGE_CURVE('',#4975,#4983,#4985,.T.);
#4983 = VERTEX_POINT('',#4984);
#4984 = CARTESIAN_POINT('',(0.127,-1.778,1.776));
#4985 = LINE('',#4986,#4987);
#4986 = CARTESIAN_POINT('',(0.127,-1.778,0.));
#4987 = VECTOR('',#4988,1.);
#4988 = DIRECTION('',(0.,0.,1.));
#4989 = ORIENTED_EDGE('',*,*,#4990,.T.);
#4990 = EDGE_CURVE('',#4983,#4246,#4991,.T.);
#4991 = CIRCLE('',#4992,0.127);
#4992 = AXIS2_PLACEMENT_3D('',#4993,#4994,#4995);
#4993 = CARTESIAN_POINT('',(0.254,-1.778,1.776));
#4994 = DIRECTION('',(-4.440892098501E-16,1.,0.));
#4995 = DIRECTION('',(0.,0.,1.));
#4996 = ORIENTED_EDGE('',*,*,#4245,.T.);
#4997 = ORIENTED_EDGE('',*,*,#4285,.T.);
#4998 = PLANE('',#4999);
#4999 = AXIS2_PLACEMENT_3D('',#5000,#5001,#5002);
#5000 = CARTESIAN_POINT('',(0.254,-1.778,2.157));
#5001 = DIRECTION('',(4.440892098501E-16,-1.,1.305010625397E-14));
#5002 = DIRECTION('',(5.795411374783E-30,-1.305010625397E-14,-1.));
#5003 = ADVANCED_FACE('',(#5004),#5015,.F.);
#5004 = FACE_BOUND('',#5005,.F.);
#5005 = EDGE_LOOP('',(#5006,#5007,#5008,#5009));
#5006 = ORIENTED_EDGE('',*,*,#4813,.T.);
#5007 = ORIENTED_EDGE('',*,*,#4253,.T.);
#5008 = ORIENTED_EDGE('',*,*,#4990,.F.);
#5009 = ORIENTED_EDGE('',*,*,#5010,.F.);
#5010 = EDGE_CURVE('',#4814,#4983,#5011,.T.);
#5011 = LINE('',#5012,#5013);
#5012 = CARTESIAN_POINT('',(0.127,-2.7685,1.776));
#5013 = VECTOR('',#5014,1.);
#5014 = DIRECTION('',(-4.440892098501E-16,1.,0.));
#5015 = CYLINDRICAL_SURFACE('',#5016,0.127);
#5016 = AXIS2_PLACEMENT_3D('',#5017,#5018,#5019);
#5017 = CARTESIAN_POINT('',(0.254,-2.7685,1.776));
#5018 = DIRECTION('',(-4.440892098501E-16,1.,0.));
#5019 = DIRECTION('',(-1.,-4.440892098501E-16,0.));
#5020 = ADVANCED_FACE('',(#5021),#5046,.T.);
#5021 = FACE_BOUND('',#5022,.T.);
#5022 = EDGE_LOOP('',(#5023,#5031,#5032,#5040));
#5023 = ORIENTED_EDGE('',*,*,#5024,.T.);
#5024 = EDGE_CURVE('',#5025,#4277,#5027,.T.);
#5025 = VERTEX_POINT('',#5026);
#5026 = CARTESIAN_POINT('',(0.71,-0.762,2.157));
#5027 = LINE('',#5028,#5029);
#5028 = CARTESIAN_POINT('',(3.81,-0.762,2.157));
#5029 = VECTOR('',#5030,1.);
#5030 = DIRECTION('',(-1.,-4.440892098501E-16,0.));
#5031 = ORIENTED_EDGE('',*,*,#4293,.T.);
#5032 = ORIENTED_EDGE('',*,*,#5033,.T.);
#5033 = EDGE_CURVE('',#4286,#5034,#5036,.T.);
#5034 = VERTEX_POINT('',#5035);
#5035 = CARTESIAN_POINT('',(0.71,-1.778,2.157));
#5036 = LINE('',#5037,#5038);
#5037 = CARTESIAN_POINT('',(-0.127,-1.778,2.157));
#5038 = VECTOR('',#5039,1.);
#5039 = DIRECTION('',(1.,4.440892098501E-16,0.));
#5040 = ORIENTED_EDGE('',*,*,#5041,.F.);
#5041 = EDGE_CURVE('',#5025,#5034,#5042,.T.);
#5042 = LINE('',#5043,#5044);
#5043 = CARTESIAN_POINT('',(0.71,1.12,2.157));
#5044 = VECTOR('',#5045,1.);
#5045 = DIRECTION('',(4.440892098501E-16,-1.,0.));
#5046 = B_SPLINE_SURFACE_WITH_KNOTS('',1,1,(
    (#5047,#5048)
    ,(#5049,#5050
    )),.UNSPECIFIED.,.F.,.F.,.F.,(2,2),(2,2),(0.,4.93),(0.,1.),
  .PIECEWISE_BEZIER_KNOTS.);
#5047 = CARTESIAN_POINT('',(0.635,1.195,2.157));
#5048 = CARTESIAN_POINT('',(0.71,1.12,2.157));
#5049 = CARTESIAN_POINT('',(0.635,-3.735,2.157));
#5050 = CARTESIAN_POINT('',(0.71,-3.66,2.157));
#5051 = ADVANCED_FACE('',(#5052),#5063,.T.);
#5052 = FACE_BOUND('',#5053,.T.);
#5053 = EDGE_LOOP('',(#5054,#5055,#5056,#5062));
#5054 = ORIENTED_EDGE('',*,*,#4309,.T.);
#5055 = ORIENTED_EDGE('',*,*,#4324,.T.);
#5056 = ORIENTED_EDGE('',*,*,#5057,.F.);
#5057 = EDGE_CURVE('',#4854,#4325,#5058,.T.);
#5058 = LINE('',#5059,#5060);
#5059 = CARTESIAN_POINT('',(0.71,-3.66,2.157));
#5060 = VECTOR('',#5061,1.);
#5061 = DIRECTION('',(1.,4.440892098501E-16,0.));
#5062 = ORIENTED_EDGE('',*,*,#4853,.F.);
#5063 = B_SPLINE_SURFACE_WITH_KNOTS('',1,1,(
    (#5064,#5065)
    ,(#5066,#5067
    )),.UNSPECIFIED.,.F.,.F.,.F.,(2,2),(2,2),(0.,6.35),(0.,1.),
  .PIECEWISE_BEZIER_KNOTS.);
#5064 = CARTESIAN_POINT('',(0.635,-3.735,2.157));
#5065 = CARTESIAN_POINT('',(0.71,-3.66,2.157));
#5066 = CARTESIAN_POINT('',(6.985,-3.735,2.157));
#5067 = CARTESIAN_POINT('',(6.91,-3.66,2.157));
#5068 = ADVANCED_FACE('',(#5069),#5106,.T.);
#5069 = FACE_BOUND('',#5070,.T.);
#5070 = EDGE_LOOP('',(#5071,#5072,#5078,#5079,#5085,#5086,#5093,#5101));
#5071 = ORIENTED_EDGE('',*,*,#4340,.T.);
#5072 = ORIENTED_EDGE('',*,*,#5073,.T.);
#5073 = EDGE_CURVE('',#4333,#4651,#5074,.T.);
#5074 = LINE('',#5075,#5076);
#5075 = CARTESIAN_POINT('',(6.91,-3.66,2.157));
#5076 = VECTOR('',#5077,1.);
#5077 = DIRECTION('',(-4.440892098501E-16,1.,0.));
#5078 = ORIENTED_EDGE('',*,*,#4667,.T.);
#5079 = ORIENTED_EDGE('',*,*,#5080,.T.);
#5080 = EDGE_CURVE('',#4660,#4471,#5081,.T.);
#5081 = LINE('',#5082,#5083);
#5082 = CARTESIAN_POINT('',(6.91,-3.66,2.157));
#5083 = VECTOR('',#5084,1.);
#5084 = DIRECTION('',(-4.440892098501E-16,1.,0.));
#5085 = ORIENTED_EDGE('',*,*,#4486,.T.);
#5086 = ORIENTED_EDGE('',*,*,#5087,.T.);
#5087 = EDGE_CURVE('',#4480,#5088,#5090,.T.);
#5088 = VERTEX_POINT('',#5089);
#5089 = CARTESIAN_POINT('',(6.586276356577,0.796276356577,3.68));
#5090 = B_SPLINE_CURVE_WITH_KNOTS('',1,(#5091,#5092),.UNSPECIFIED.,.F.,
  .F.,(2,2),(0.,1.),.PIECEWISE_BEZIER_KNOTS.);
#5091 = CARTESIAN_POINT('',(6.91,1.12,2.157));
#5092 = CARTESIAN_POINT('',(6.586276356577,0.796276356577,3.68));
#5093 = ORIENTED_EDGE('',*,*,#5094,.F.);
#5094 = EDGE_CURVE('',#5095,#5088,#5097,.T.);
#5095 = VERTEX_POINT('',#5096);
#5096 = CARTESIAN_POINT('',(6.586276356577,-3.336276356577,3.68));
#5097 = LINE('',#5098,#5099);
#5098 = CARTESIAN_POINT('',(6.586276356577,-3.336276356577,3.68));
#5099 = VECTOR('',#5100,1.);
#5100 = DIRECTION('',(-4.440892098501E-16,1.,0.));
#5101 = ORIENTED_EDGE('',*,*,#5102,.F.);
#5102 = EDGE_CURVE('',#4325,#5095,#5103,.T.);
#5103 = B_SPLINE_CURVE_WITH_KNOTS('',1,(#5104,#5105),.UNSPECIFIED.,.F.,
  .F.,(2,2),(0.,1.),.PIECEWISE_BEZIER_KNOTS.);
#5104 = CARTESIAN_POINT('',(6.91,-3.66,2.157));
#5105 = CARTESIAN_POINT('',(6.586276356577,-3.336276356577,3.68));
#5106 = B_SPLINE_SURFACE_WITH_KNOTS('',1,1,(
    (#5107,#5108)
    ,(#5109,#5110
    )),.UNSPECIFIED.,.F.,.F.,.F.,(2,2),(2,2),(0.,4.78),(0.,1.),
  .PIECEWISE_BEZIER_KNOTS.);
#5107 = CARTESIAN_POINT('',(6.91,-3.66,2.157));
#5108 = CARTESIAN_POINT('',(6.586276356577,-3.336276356577,3.68));
#5109 = CARTESIAN_POINT('',(6.91,1.12,2.157));
#5110 = CARTESIAN_POINT('',(6.586276356577,0.796276356577,3.68));
#5111 = ADVANCED_FACE('',(#5112),#5125,.T.);
#5112 = FACE_BOUND('',#5113,.T.);
#5113 = EDGE_LOOP('',(#5114,#5115,#5116,#5117,#5123,#5124));
#5114 = ORIENTED_EDGE('',*,*,#5073,.F.);
#5115 = ORIENTED_EDGE('',*,*,#4332,.F.);
#5116 = ORIENTED_EDGE('',*,*,#4356,.F.);
#5117 = ORIENTED_EDGE('',*,*,#5118,.F.);
#5118 = EDGE_CURVE('',#4536,#4357,#5119,.T.);
#5119 = LINE('',#5120,#5121);
#5120 = CARTESIAN_POINT('',(7.366,-1.778,2.157));
#5121 = VECTOR('',#5122,1.);
#5122 = DIRECTION('',(3.216245299353E-16,-1.,0.));
#5123 = ORIENTED_EDGE('',*,*,#4544,.F.);
#5124 = ORIENTED_EDGE('',*,*,#4650,.F.);
#5125 = PLANE('',#5126);
#5126 = AXIS2_PLACEMENT_3D('',#5127,#5128,#5129);
#5127 = CARTESIAN_POINT('',(3.81,-2.7685,2.157));
#5128 = DIRECTION('',(0.,0.,1.));
#5129 = DIRECTION('',(-4.440892098501E-16,1.,0.));
#5130 = ADVANCED_FACE('',(#5131),#5174,.T.);
#5131 = FACE_BOUND('',#5132,.T.);
#5132 = EDGE_LOOP('',(#5133,#5134,#5135,#5136,#5144,#5152,#5160,#5168));
#5133 = ORIENTED_EDGE('',*,*,#4389,.F.);
#5134 = ORIENTED_EDGE('',*,*,#4558,.T.);
#5135 = ORIENTED_EDGE('',*,*,#4511,.F.);
#5136 = ORIENTED_EDGE('',*,*,#5137,.F.);
#5137 = EDGE_CURVE('',#5138,#4512,#5140,.T.);
#5138 = VERTEX_POINT('',#5139);
#5139 = CARTESIAN_POINT('',(7.493,-2.3115,0.));
#5140 = LINE('',#5141,#5142);
#5141 = CARTESIAN_POINT('',(7.493,-2.3115,0.));
#5142 = VECTOR('',#5143,1.);
#5143 = DIRECTION('',(-3.216245299353E-16,1.,0.));
#5144 = ORIENTED_EDGE('',*,*,#5145,.F.);
#5145 = EDGE_CURVE('',#5146,#5138,#5148,.T.);
#5146 = VERTEX_POINT('',#5147);
#5147 = CARTESIAN_POINT('',(7.493,-2.3115,-2.843));
#5148 = LINE('',#5149,#5150);
#5149 = CARTESIAN_POINT('',(7.493,-2.3115,-2.843));
#5150 = VECTOR('',#5151,1.);
#5151 = DIRECTION('',(0.,0.,1.));
#5152 = ORIENTED_EDGE('',*,*,#5153,.F.);
#5153 = EDGE_CURVE('',#5154,#5146,#5156,.T.);
#5154 = VERTEX_POINT('',#5155);
#5155 = CARTESIAN_POINT('',(7.493,-2.42575,-3.3));
#5156 = LINE('',#5157,#5158);
#5157 = CARTESIAN_POINT('',(7.493,-2.42575,-3.3));
#5158 = VECTOR('',#5159,1.);
#5159 = DIRECTION('',(-7.800540639491E-17,0.242535625036,0.970142500145)
  );
#5160 = ORIENTED_EDGE('',*,*,#5161,.F.);
#5161 = EDGE_CURVE('',#5162,#5154,#5164,.T.);
#5162 = VERTEX_POINT('',#5163);
#5163 = CARTESIAN_POINT('',(7.493,-2.65425,-3.3));
#5164 = LINE('',#5165,#5166);
#5165 = CARTESIAN_POINT('',(7.493,-2.65425,-3.3));
#5166 = VECTOR('',#5167,1.);
#5167 = DIRECTION('',(-3.216245299353E-16,1.,0.));
#5168 = ORIENTED_EDGE('',*,*,#5169,.F.);
#5169 = EDGE_CURVE('',#4382,#5162,#5170,.T.);
#5170 = LINE('',#5171,#5172);
#5171 = CARTESIAN_POINT('',(7.493,-2.7685,-2.843));
#5172 = VECTOR('',#5173,1.);
#5173 = DIRECTION('',(-7.800540639491E-17,0.242535625036,-0.970142500145
    ));
#5174 = PLANE('',#5175);
#5175 = AXIS2_PLACEMENT_3D('',#5176,#5177,#5178);
#5176 = CARTESIAN_POINT('',(7.493,-2.7685,2.157));
#5177 = DIRECTION('',(-1.,-3.216245299353E-16,0.));
#5178 = DIRECTION('',(-0.,0.,-1.));
#5179 = ADVANCED_FACE('',(#5180),#5198,.T.);
#5180 = FACE_BOUND('',#5181,.T.);
#5181 = EDGE_LOOP('',(#5182,#5183,#5184,#5192));
#5182 = ORIENTED_EDGE('',*,*,#4381,.T.);
#5183 = ORIENTED_EDGE('',*,*,#5169,.T.);
#5184 = ORIENTED_EDGE('',*,*,#5185,.F.);
#5185 = EDGE_CURVE('',#5186,#5162,#5188,.T.);
#5186 = VERTEX_POINT('',#5187);
#5187 = CARTESIAN_POINT('',(7.747,-2.65425,-3.3));
#5188 = LINE('',#5189,#5190);
#5189 = CARTESIAN_POINT('',(7.747,-2.65425,-3.3));
#5190 = VECTOR('',#5191,1.);
#5191 = DIRECTION('',(-1.,-3.216245299353E-16,0.));
#5192 = ORIENTED_EDGE('',*,*,#5193,.F.);
#5193 = EDGE_CURVE('',#4374,#5186,#5194,.T.);
#5194 = LINE('',#5195,#5196);
#5195 = CARTESIAN_POINT('',(7.747,-2.7685,-2.843));
#5196 = VECTOR('',#5197,1.);
#5197 = DIRECTION('',(-7.800540639491E-17,0.242535625036,-0.970142500145
    ));
#5198 = PLANE('',#5199);
#5199 = AXIS2_PLACEMENT_3D('',#5200,#5201,#5202);
#5200 = CARTESIAN_POINT('',(7.747,-2.7685,-2.843));
#5201 = DIRECTION('',(3.120216255796E-16,-0.970142500145,-0.242535625036
    ));
#5202 = DIRECTION('',(-7.800540639491E-17,0.242535625036,-0.970142500145
    ));
#5203 = ADVANCED_FACE('',(#5204),#5245,.F.);
#5204 = FACE_BOUND('',#5205,.F.);
#5205 = EDGE_LOOP('',(#5206,#5207,#5213,#5214,#5222,#5230,#5238,#5244));
#5206 = ORIENTED_EDGE('',*,*,#4373,.F.);
#5207 = ORIENTED_EDGE('',*,*,#5208,.F.);
#5208 = EDGE_CURVE('',#4528,#4365,#5209,.T.);
#5209 = LINE('',#5210,#5211);
#5210 = CARTESIAN_POINT('',(7.747,-1.778,1.776));
#5211 = VECTOR('',#5212,1.);
#5212 = DIRECTION('',(3.216245299353E-16,-1.,0.));
#5213 = ORIENTED_EDGE('',*,*,#4527,.F.);
#5214 = ORIENTED_EDGE('',*,*,#5215,.F.);
#5215 = EDGE_CURVE('',#5216,#4520,#5218,.T.);
#5216 = VERTEX_POINT('',#5217);
#5217 = CARTESIAN_POINT('',(7.747,-2.3115,0.));
#5218 = LINE('',#5219,#5220);
#5219 = CARTESIAN_POINT('',(7.747,-2.3115,0.));
#5220 = VECTOR('',#5221,1.);
#5221 = DIRECTION('',(-3.216245299353E-16,1.,0.));
#5222 = ORIENTED_EDGE('',*,*,#5223,.F.);
#5223 = EDGE_CURVE('',#5224,#5216,#5226,.T.);
#5224 = VERTEX_POINT('',#5225);
#5225 = CARTESIAN_POINT('',(7.747,-2.3115,-2.843));
#5226 = LINE('',#5227,#5228);
#5227 = CARTESIAN_POINT('',(7.747,-2.3115,-2.843));
#5228 = VECTOR('',#5229,1.);
#5229 = DIRECTION('',(0.,0.,1.));
#5230 = ORIENTED_EDGE('',*,*,#5231,.F.);
#5231 = EDGE_CURVE('',#5232,#5224,#5234,.T.);
#5232 = VERTEX_POINT('',#5233);
#5233 = CARTESIAN_POINT('',(7.747,-2.42575,-3.3));
#5234 = LINE('',#5235,#5236);
#5235 = CARTESIAN_POINT('',(7.747,-2.42575,-3.3));
#5236 = VECTOR('',#5237,1.);
#5237 = DIRECTION('',(-7.800540639491E-17,0.242535625036,0.970142500145)
  );
#5238 = ORIENTED_EDGE('',*,*,#5239,.F.);
#5239 = EDGE_CURVE('',#5186,#5232,#5240,.T.);
#5240 = LINE('',#5241,#5242);
#5241 = CARTESIAN_POINT('',(7.747,-2.65425,-3.3));
#5242 = VECTOR('',#5243,1.);
#5243 = DIRECTION('',(-3.216245299353E-16,1.,0.));
#5244 = ORIENTED_EDGE('',*,*,#5193,.F.);
#5245 = PLANE('',#5246);
#5246 = AXIS2_PLACEMENT_3D('',#5247,#5248,#5249);
#5247 = CARTESIAN_POINT('',(7.747,-2.7685,2.157));
#5248 = DIRECTION('',(-1.,-3.216245299353E-16,0.));
#5249 = DIRECTION('',(-0.,0.,-1.));
#5250 = ADVANCED_FACE('',(#5251),#5257,.T.);
#5251 = FACE_BOUND('',#5252,.T.);
#5252 = EDGE_LOOP('',(#5253,#5254,#5255,#5256));
#5253 = ORIENTED_EDGE('',*,*,#5118,.T.);
#5254 = ORIENTED_EDGE('',*,*,#4364,.T.);
#5255 = ORIENTED_EDGE('',*,*,#5208,.F.);
#5256 = ORIENTED_EDGE('',*,*,#4535,.F.);
#5257 = CYLINDRICAL_SURFACE('',#5258,0.381);
#5258 = AXIS2_PLACEMENT_3D('',#5259,#5260,#5261);
#5259 = CARTESIAN_POINT('',(7.366,-1.778,1.776));
#5260 = DIRECTION('',(3.216245299353E-16,-1.,0.));
#5261 = DIRECTION('',(0.,0.,1.));
#5262 = ADVANCED_FACE('',(#5263),#5276,.T.);
#5263 = FACE_BOUND('',#5264,.T.);
#5264 = EDGE_LOOP('',(#5265,#5266,#5267,#5268,#5274,#5275));
#5265 = ORIENTED_EDGE('',*,*,#5080,.F.);
#5266 = ORIENTED_EDGE('',*,*,#4659,.F.);
#5267 = ORIENTED_EDGE('',*,*,#4636,.F.);
#5268 = ORIENTED_EDGE('',*,*,#5269,.F.);
#5269 = EDGE_CURVE('',#4448,#4628,#5270,.T.);
#5270 = LINE('',#5271,#5272);
#5271 = CARTESIAN_POINT('',(7.366,0.2285,2.157));
#5272 = VECTOR('',#5273,1.);
#5273 = DIRECTION('',(3.216245299353E-16,-1.,0.));
#5274 = ORIENTED_EDGE('',*,*,#4456,.F.);
#5275 = ORIENTED_EDGE('',*,*,#4470,.F.);
#5276 = PLANE('',#5277);
#5277 = AXIS2_PLACEMENT_3D('',#5278,#5279,#5280);
#5278 = CARTESIAN_POINT('',(3.81,-0.762,2.157));
#5279 = DIRECTION('',(0.,0.,1.));
#5280 = DIRECTION('',(-4.440892098501E-16,1.,0.));
#5281 = ADVANCED_FACE('',(#5282),#5293,.T.);
#5282 = FACE_BOUND('',#5283,.T.);
#5283 = EDGE_LOOP('',(#5284,#5285,#5286,#5287));
#5284 = ORIENTED_EDGE('',*,*,#4447,.T.);
#5285 = ORIENTED_EDGE('',*,*,#5269,.T.);
#5286 = ORIENTED_EDGE('',*,*,#4627,.F.);
#5287 = ORIENTED_EDGE('',*,*,#5288,.F.);
#5288 = EDGE_CURVE('',#4440,#4620,#5289,.T.);
#5289 = LINE('',#5290,#5291);
#5290 = CARTESIAN_POINT('',(7.747,0.2285,1.776));
#5291 = VECTOR('',#5292,1.);
#5292 = DIRECTION('',(3.216245299353E-16,-1.,0.));
#5293 = CYLINDRICAL_SURFACE('',#5294,0.381);
#5294 = AXIS2_PLACEMENT_3D('',#5295,#5296,#5297);
#5295 = CARTESIAN_POINT('',(7.366,0.2285,1.776));
#5296 = DIRECTION('',(3.216245299353E-16,-1.,0.));
#5297 = DIRECTION('',(1.,3.216245299353E-16,0.));
#5298 = ADVANCED_FACE('',(#5299),#5342,.T.);
#5299 = FACE_BOUND('',#5300,.T.);
#5300 = EDGE_LOOP('',(#5301,#5302,#5303,#5304,#5312,#5320,#5328,#5336));
#5301 = ORIENTED_EDGE('',*,*,#4439,.F.);
#5302 = ORIENTED_EDGE('',*,*,#5288,.T.);
#5303 = ORIENTED_EDGE('',*,*,#4619,.F.);
#5304 = ORIENTED_EDGE('',*,*,#5305,.F.);
#5305 = EDGE_CURVE('',#5306,#4612,#5308,.T.);
#5306 = VERTEX_POINT('',#5307);
#5307 = CARTESIAN_POINT('',(7.747,-0.2285,0.));
#5308 = LINE('',#5309,#5310);
#5309 = CARTESIAN_POINT('',(7.747,-0.2285,0.));
#5310 = VECTOR('',#5311,1.);
#5311 = DIRECTION('',(3.216245299353E-16,-1.,0.));
#5312 = ORIENTED_EDGE('',*,*,#5313,.F.);
#5313 = EDGE_CURVE('',#5314,#5306,#5316,.T.);
#5314 = VERTEX_POINT('',#5315);
#5315 = CARTESIAN_POINT('',(7.747,-0.2285,-2.843));
#5316 = LINE('',#5317,#5318);
#5317 = CARTESIAN_POINT('',(7.747,-0.2285,-2.843));
#5318 = VECTOR('',#5319,1.);
#5319 = DIRECTION('',(0.,0.,1.));
#5320 = ORIENTED_EDGE('',*,*,#5321,.F.);
#5321 = EDGE_CURVE('',#5322,#5314,#5324,.T.);
#5322 = VERTEX_POINT('',#5323);
#5323 = CARTESIAN_POINT('',(7.747,-0.11425,-3.3));
#5324 = LINE('',#5325,#5326);
#5325 = CARTESIAN_POINT('',(7.747,-0.11425,-3.3));
#5326 = VECTOR('',#5327,1.);
#5327 = DIRECTION('',(7.800540639491E-17,-0.242535625036,0.970142500145)
  );
#5328 = ORIENTED_EDGE('',*,*,#5329,.F.);
#5329 = EDGE_CURVE('',#5330,#5322,#5332,.T.);
#5330 = VERTEX_POINT('',#5331);
#5331 = CARTESIAN_POINT('',(7.747,0.11425,-3.3));
#5332 = LINE('',#5333,#5334);
#5333 = CARTESIAN_POINT('',(7.747,0.11425,-3.3));
#5334 = VECTOR('',#5335,1.);
#5335 = DIRECTION('',(3.216245299353E-16,-1.,0.));
#5336 = ORIENTED_EDGE('',*,*,#5337,.F.);
#5337 = EDGE_CURVE('',#4432,#5330,#5338,.T.);
#5338 = LINE('',#5339,#5340);
#5339 = CARTESIAN_POINT('',(7.747,0.2285,-2.843));
#5340 = VECTOR('',#5341,1.);
#5341 = DIRECTION('',(7.800540639491E-17,-0.242535625036,-0.970142500145
    ));
#5342 = PLANE('',#5343);
#5343 = AXIS2_PLACEMENT_3D('',#5344,#5345,#5346);
#5344 = CARTESIAN_POINT('',(7.747,0.2285,2.157));
#5345 = DIRECTION('',(1.,3.216245299353E-16,0.));
#5346 = DIRECTION('',(0.,-0.,1.));
#5347 = ADVANCED_FACE('',(#5348),#5366,.F.);
#5348 = FACE_BOUND('',#5349,.F.);
#5349 = EDGE_LOOP('',(#5350,#5351,#5359,#5365));
#5350 = ORIENTED_EDGE('',*,*,#4431,.T.);
#5351 = ORIENTED_EDGE('',*,*,#5352,.T.);
#5352 = EDGE_CURVE('',#4424,#5353,#5355,.T.);
#5353 = VERTEX_POINT('',#5354);
#5354 = CARTESIAN_POINT('',(7.493,0.11425,-3.3));
#5355 = LINE('',#5356,#5357);
#5356 = CARTESIAN_POINT('',(7.493,0.2285,-2.843));
#5357 = VECTOR('',#5358,1.);
#5358 = DIRECTION('',(7.800540639491E-17,-0.242535625036,-0.970142500145
    ));
#5359 = ORIENTED_EDGE('',*,*,#5360,.F.);
#5360 = EDGE_CURVE('',#5330,#5353,#5361,.T.);
#5361 = LINE('',#5362,#5363);
#5362 = CARTESIAN_POINT('',(7.747,0.11425,-3.3));
#5363 = VECTOR('',#5364,1.);
#5364 = DIRECTION('',(-1.,-3.216245299353E-16,0.));
#5365 = ORIENTED_EDGE('',*,*,#5337,.F.);
#5366 = PLANE('',#5367);
#5367 = AXIS2_PLACEMENT_3D('',#5368,#5369,#5370);
#5368 = CARTESIAN_POINT('',(7.747,0.2285,-2.843));
#5369 = DIRECTION('',(3.120216255796E-16,-0.970142500145,0.242535625036)
  );
#5370 = DIRECTION('',(7.800540639491E-17,-0.242535625036,-0.970142500145
    ));
#5371 = ADVANCED_FACE('',(#5372),#5408,.F.);
#5372 = FACE_BOUND('',#5373,.F.);
#5373 = EDGE_LOOP('',(#5374,#5375,#5376,#5377,#5385,#5393,#5401,#5407));
#5374 = ORIENTED_EDGE('',*,*,#4423,.F.);
#5375 = ORIENTED_EDGE('',*,*,#4586,.T.);
#5376 = ORIENTED_EDGE('',*,*,#4603,.F.);
#5377 = ORIENTED_EDGE('',*,*,#5378,.F.);
#5378 = EDGE_CURVE('',#5379,#4604,#5381,.T.);
#5379 = VERTEX_POINT('',#5380);
#5380 = CARTESIAN_POINT('',(7.493,-0.2285,0.));
#5381 = LINE('',#5382,#5383);
#5382 = CARTESIAN_POINT('',(7.493,-0.2285,0.));
#5383 = VECTOR('',#5384,1.);
#5384 = DIRECTION('',(3.216245299353E-16,-1.,0.));
#5385 = ORIENTED_EDGE('',*,*,#5386,.F.);
#5386 = EDGE_CURVE('',#5387,#5379,#5389,.T.);
#5387 = VERTEX_POINT('',#5388);
#5388 = CARTESIAN_POINT('',(7.493,-0.2285,-2.843));
#5389 = LINE('',#5390,#5391);
#5390 = CARTESIAN_POINT('',(7.493,-0.2285,-2.843));
#5391 = VECTOR('',#5392,1.);
#5392 = DIRECTION('',(0.,0.,1.));
#5393 = ORIENTED_EDGE('',*,*,#5394,.F.);
#5394 = EDGE_CURVE('',#5395,#5387,#5397,.T.);
#5395 = VERTEX_POINT('',#5396);
#5396 = CARTESIAN_POINT('',(7.493,-0.11425,-3.3));
#5397 = LINE('',#5398,#5399);
#5398 = CARTESIAN_POINT('',(7.493,-0.11425,-3.3));
#5399 = VECTOR('',#5400,1.);
#5400 = DIRECTION('',(7.800540639491E-17,-0.242535625036,0.970142500145)
  );
#5401 = ORIENTED_EDGE('',*,*,#5402,.F.);
#5402 = EDGE_CURVE('',#5353,#5395,#5403,.T.);
#5403 = LINE('',#5404,#5405);
#5404 = CARTESIAN_POINT('',(7.493,0.11425,-3.3));
#5405 = VECTOR('',#5406,1.);
#5406 = DIRECTION('',(3.216245299353E-16,-1.,0.));
#5407 = ORIENTED_EDGE('',*,*,#5352,.F.);
#5408 = PLANE('',#5409);
#5409 = AXIS2_PLACEMENT_3D('',#5410,#5411,#5412);
#5410 = CARTESIAN_POINT('',(7.493,0.2285,2.157));
#5411 = DIRECTION('',(1.,3.216245299353E-16,0.));
#5412 = DIRECTION('',(0.,-0.,1.));
#5413 = ADVANCED_FACE('',(#5414),#5425,.T.);
#5414 = FACE_BOUND('',#5415,.T.);
#5415 = EDGE_LOOP('',(#5416,#5422,#5423,#5424));
#5416 = ORIENTED_EDGE('',*,*,#5417,.T.);
#5417 = EDGE_CURVE('',#5216,#5138,#5418,.T.);
#5418 = LINE('',#5419,#5420);
#5419 = CARTESIAN_POINT('',(7.747,-2.3115,0.));
#5420 = VECTOR('',#5421,1.);
#5421 = DIRECTION('',(-1.,-3.216245299353E-16,0.));
#5422 = ORIENTED_EDGE('',*,*,#5137,.T.);
#5423 = ORIENTED_EDGE('',*,*,#4519,.F.);
#5424 = ORIENTED_EDGE('',*,*,#5215,.F.);
#5425 = PLANE('',#5426);
#5426 = AXIS2_PLACEMENT_3D('',#5427,#5428,#5429);
#5427 = CARTESIAN_POINT('',(7.747,-2.3115,0.));
#5428 = DIRECTION('',(-0.,0.,-1.));
#5429 = DIRECTION('',(-3.216245299353E-16,1.,0.));
#5430 = ADVANCED_FACE('',(#5431),#5442,.F.);
#5431 = FACE_BOUND('',#5432,.F.);
#5432 = EDGE_LOOP('',(#5433,#5439,#5440,#5441));
#5433 = ORIENTED_EDGE('',*,*,#5434,.T.);
#5434 = EDGE_CURVE('',#5306,#5379,#5435,.T.);
#5435 = LINE('',#5436,#5437);
#5436 = CARTESIAN_POINT('',(7.747,-0.2285,0.));
#5437 = VECTOR('',#5438,1.);
#5438 = DIRECTION('',(-1.,-3.216245299353E-16,0.));
#5439 = ORIENTED_EDGE('',*,*,#5378,.T.);
#5440 = ORIENTED_EDGE('',*,*,#4611,.F.);
#5441 = ORIENTED_EDGE('',*,*,#5305,.F.);
#5442 = PLANE('',#5443);
#5443 = AXIS2_PLACEMENT_3D('',#5444,#5445,#5446);
#5444 = CARTESIAN_POINT('',(7.747,-0.2285,0.));
#5445 = DIRECTION('',(0.,0.,1.));
#5446 = DIRECTION('',(3.216245299353E-16,-1.,0.));
#5447 = ADVANCED_FACE('',(#5448),#5791,.T.);
#5448 = FACE_BOUND('',#5449,.T.);
#5449 = EDGE_LOOP('',(#5450,#5451,#5452,#5459,#5467,#5573,#5679,#5785));
#5450 = ORIENTED_EDGE('',*,*,#5087,.F.);
#5451 = ORIENTED_EDGE('',*,*,#4689,.T.);
#5452 = ORIENTED_EDGE('',*,*,#5453,.T.);
#5453 = EDGE_CURVE('',#4683,#5454,#5456,.T.);
#5454 = VERTEX_POINT('',#5455);
#5455 = CARTESIAN_POINT('',(1.033723643423,0.796276356577,3.68));
#5456 = B_SPLINE_CURVE_WITH_KNOTS('',1,(#5457,#5458),.UNSPECIFIED.,.F.,
  .F.,(2,2),(0.,1.),.PIECEWISE_BEZIER_KNOTS.);
#5457 = CARTESIAN_POINT('',(0.71,1.12,2.157));
#5458 = CARTESIAN_POINT('',(1.033723643423,0.796276356577,3.68));
#5459 = ORIENTED_EDGE('',*,*,#5460,.F.);
#5460 = EDGE_CURVE('',#5461,#5454,#5463,.T.);
#5461 = VERTEX_POINT('',#5462);
#5462 = CARTESIAN_POINT('',(3.06375942217,0.796276356577,3.68));
#5463 = LINE('',#5464,#5465);
#5464 = CARTESIAN_POINT('',(6.586276356577,0.796276356577,3.68));
#5465 = VECTOR('',#5466,1.);
#5466 = DIRECTION('',(-1.,-4.440892098501E-16,0.));
#5467 = ORIENTED_EDGE('',*,*,#5468,.F.);
#5468 = EDGE_CURVE('',#5469,#5461,#5471,.T.);
#5469 = VERTEX_POINT('',#5470);
#5470 = CARTESIAN_POINT('',(3.060652504409,0.902554637412,3.18));
#5471 = B_SPLINE_CURVE_WITH_KNOTS('',4,(#5472,#5473,#5474,#5475,#5476,
    #5477,#5478,#5479,#5480,#5481,#5482,#5483,#5484,#5485,#5486,#5487,
    #5488,#5489,#5490,#5491,#5492,#5493,#5494,#5495,#5496,#5497,#5498,
    #5499,#5500,#5501,#5502,#5503,#5504,#5505,#5506,#5507,#5508,#5509,
    #5510,#5511,#5512,#5513,#5514,#5515,#5516,#5517,#5518,#5519,#5520,
    #5521,#5522,#5523,#5524,#5525,#5526,#5527,#5528,#5529,#5530,#5531,
    #5532,#5533,#5534,#5535,#5536,#5537,#5538,#5539,#5540,#5541,#5542,
    #5543,#5544,#5545,#5546,#5547,#5548,#5549,#5550,#5551,#5552,#5553,
    #5554,#5555,#5556,#5557,#5558,#5559,#5560,#5561,#5562,#5563,#5564,
    #5565,#5566,#5567,#5568,#5569,#5570,#5571,#5572),.UNSPECIFIED.,.F.,
  .F.,(5,3,3,3,3,3,3,3,3,3,3,3,3,3,3,3,3,3,3,3,3,3,3,3,3,3,3,3,3,3,3,3,3
    ,5),(0.,3.832661857541E-02,7.588616027404E-02,0.112697851853,
    0.148780767068,0.184153940431,0.218836486671,0.252847727222,
    0.286207325059,0.318935429062,0.351052828922,0.382581121221,
    0.413542886787,0.443961878574,0.473863218121,0.503273596997,
    0.532221477518,0.560737284349,0.588853575633,0.61660517913,
    0.644029276192,0.671165414826,0.69805543375,0.723856466376,
    0.750392376563,0.776817491055,0.80317991565,0.829528157022,
    0.855910545381,0.882374672274,0.908966882882,0.935731854039,
    0.962712277262,1.),.UNSPECIFIED.);
#5472 = CARTESIAN_POINT('',(3.102443253723,1.12,2.157));
#5473 = CARTESIAN_POINT('',(3.10159836505,1.117596502417,2.168307567096)
  );
#5474 = CARTESIAN_POINT('',(3.100760043871,1.115176893235,2.179690933308
    ));
#5475 = CARTESIAN_POINT('',(3.099928470497,1.112740885558,2.191151448372
    ));
#5476 = CARTESIAN_POINT('',(3.098295716868,1.107884563992,2.213998645033
    ));
#5477 = CARTESIAN_POINT('',(3.097494261506,1.105464911842,2.225382213394
    ));
#5478 = CARTESIAN_POINT('',(3.096699660478,1.103028942322,2.236842548942
    ));
#5479 = CARTESIAN_POINT('',(3.095140251405,1.098172618361,2.259689756871
    ));
#5480 = CARTESIAN_POINT('',(3.094375165256,1.095752918822,2.271073548177
    ));
#5481 = CARTESIAN_POINT('',(3.093617046982,1.09331699024,2.282533691129)
  );
#5482 = CARTESIAN_POINT('',(3.092130026932,1.088460661398,2.305380922018
    ));
#5483 = CARTESIAN_POINT('',(3.091400843964,1.086040908555,2.316764964101
    ));
#5484 = CARTESIAN_POINT('',(3.090678749632,1.08360502492,2.328224895597)
  );
#5485 = CARTESIAN_POINT('',(3.089263222812,1.078748688464,2.351072162308
    ));
#5486 = CARTESIAN_POINT('',(3.088569506013,1.076328874704,2.362456490983
    ));
#5487 = CARTESIAN_POINT('',(3.087883006017,1.073893041415,2.373916185615
    ));
#5488 = CARTESIAN_POINT('',(3.08653813337,1.069036694321,2.396763502377)
  );
#5489 = CARTESIAN_POINT('',(3.085879473324,1.066616810106,2.408148162516
    ));
#5490 = CARTESIAN_POINT('',(3.085228165819,1.064181034144,2.419607587444
    ));
#5491 = CARTESIAN_POINT('',(3.083953162281,1.059324673051,2.442454970066
    ));
#5492 = CARTESIAN_POINT('',(3.08332917589,1.056904706661,2.453840016811)
  );
#5493 = CARTESIAN_POINT('',(3.08271268547,1.054468996804,2.465299130741)
  );
#5494 = CARTESIAN_POINT('',(3.081506817467,1.04961261797,2.488146596824)
  );
#5495 = CARTESIAN_POINT('',(3.080917146787,1.047192555215,2.499532096932
    ));
#5496 = CARTESIAN_POINT('',(3.080335123266,1.044756922283,2.510990848958
    ));
#5497 = CARTESIAN_POINT('',(3.079197706436,1.039900521543,2.533838418102
    ));
#5498 = CARTESIAN_POINT('',(3.078642017638,1.037480345451,2.545224451414
    ));
#5499 = CARTESIAN_POINT('',(3.078094134929,1.035044802583,2.556682779723
    ));
#5500 = CARTESIAN_POINT('',(3.07702453204,1.03018837531,2.579530473698)
  );
#5501 = CARTESIAN_POINT('',(3.07650251448,1.027768065798,2.590917134701)
  );
#5502 = CARTESIAN_POINT('',(3.075988469554,1.025332628757,2.602374965137
    ));
#5503 = CARTESIAN_POINT('',(3.074986088616,1.020476169835,2.625222808007
    ));
#5504 = CARTESIAN_POINT('',(3.074497454016,1.018055703366,2.636610207432
    ));
#5505 = CARTESIAN_POINT('',(3.074016965933,1.015620390865,2.64806745195)
  );
#5506 = CARTESIAN_POINT('',(3.073081258485,1.010763894688,2.670915470094
    ));
#5507 = CARTESIAN_POINT('',(3.072625740214,1.008343243943,2.682303736473
    ));
#5508 = CARTESIAN_POINT('',(3.072178549227,1.005908077994,2.693760291517
    ));
#5509 = CARTESIAN_POINT('',(3.071309008778,1.001051538489,2.716608513501
    ));
#5510 = CARTESIAN_POINT('',(3.070886361242,0.998630672067,2.727997794563
    ));
#5511 = CARTESIAN_POINT('',(3.070472227939,0.996195678326,2.739453539431
    ));
#5512 = CARTESIAN_POINT('',(3.069668388574,0.991339089031,2.762301995656
    ));
#5513 = CARTESIAN_POINT('',(3.069278386703,0.988917971229,2.773692459367
    ));
#5514 = CARTESIAN_POINT('',(3.068897091202,0.986483179322,2.785147254684
    ));
#5515 = CARTESIAN_POINT('',(3.068158526316,0.981626533526,2.807995976726
    ));
#5516 = CARTESIAN_POINT('',(3.067800965147,0.979205124242,2.81938781175)
  );
#5517 = CARTESIAN_POINT('',(3.067452306324,0.976770568034,2.83084149819)
  );
#5518 = CARTESIAN_POINT('',(3.066778627491,0.971913859003,2.85369051773)
  );
#5519 = CARTESIAN_POINT('',(3.066453321841,0.969492113826,2.865083933008
    ));
#5520 = CARTESIAN_POINT('',(3.066137116583,0.967057831594,2.876536330492
    ));
#5521 = CARTESIAN_POINT('',(3.065527972543,0.962201052905,2.899385677745
    ));
#5522 = CARTESIAN_POINT('',(3.065234756765,0.959778923466,2.910780900835
    ));
#5523 = CARTESIAN_POINT('',(3.064950839246,0.957344957907,2.922231808488
    ));
#5524 = CARTESIAN_POINT('',(3.064405914993,0.952488103904,2.945081510067
    ));
#5525 = CARTESIAN_POINT('',(3.064144642791,0.950065538575,2.956478783859
    ));
#5526 = CARTESIAN_POINT('',(3.063892863774,0.947631936579,2.967927981082
    ));
#5527 = CARTESIAN_POINT('',(3.063411879734,0.942775002947,2.99077805729)
  );
#5528 = CARTESIAN_POINT('',(3.063182424021,0.940351947956,3.002177634756
    ));
#5529 = CARTESIAN_POINT('',(3.062962650185,0.937918760056,3.01362488381)
  );
#5530 = CARTESIAN_POINT('',(3.062545361468,0.933061744495,3.036475345463
    ));
#5531 = CARTESIAN_POINT('',(3.062347614228,0.930638145511,3.047877482217
    ));
#5532 = CARTESIAN_POINT('',(3.062159727543,0.928205424932,3.059322532699
    ));
#5533 = CARTESIAN_POINT('',(3.061805923247,0.923348327874,3.082173377761
    ));
#5534 = CARTESIAN_POINT('',(3.06163979537,0.920924132049,3.093578322432)
  );
#5535 = CARTESIAN_POINT('',(3.061483692536,0.918491933287,3.105020917961
    ));
#5536 = CARTESIAN_POINT('',(3.061193195095,0.913634758563,3.127872128414
    ));
#5537 = CARTESIAN_POINT('',(3.061058616139,0.911209916965,3.139280111208
    ));
#5538 = CARTESIAN_POINT('',(3.060934208127,0.908778293878,3.150719998397
    ));
#5539 = CARTESIAN_POINT('',(3.060710635538,0.904001445917,3.173193301142
    ));
#5540 = CARTESIAN_POINT('',(3.060610652449,0.901656709793,3.184224417312
    ));
#5541 = CARTESIAN_POINT('',(3.060520286222,0.899306845248,3.195279660803
    ));
#5542 = CARTESIAN_POINT('',(3.060356690777,0.894531015986,3.217748170946
    ));
#5543 = CARTESIAN_POINT('',(3.060284022745,0.892104789354,3.229162669811
    ));
#5544 = CARTESIAN_POINT('',(3.060221741893,0.889674441603,3.240596557019
    ));
#5545 = CARTESIAN_POINT('',(3.060118326142,0.884817097121,3.26344856612)
  );
#5546 = CARTESIAN_POINT('',(3.060077103863,0.882390127828,3.274866558929
    ));
#5547 = CARTESIAN_POINT('',(3.060046335552,0.879960487816,3.286297116485
    ));
#5548 = CARTESIAN_POINT('',(3.060005839486,0.875103118425,3.309149242777
    ));
#5549 = CARTESIAN_POINT('',(3.059996061896,0.872675397106,3.320570773588
    ));
#5550 = CARTESIAN_POINT('',(3.059996772537,0.870246491538,3.331997875857
    ));
#5551 = CARTESIAN_POINT('',(3.060019176318,0.86538911742,3.354850024389)
  );
#5552 = CARTESIAN_POINT('',(3.060040858167,0.862960648212,3.366275073744
    ));
#5553 = CARTESIAN_POINT('',(3.060073028876,0.860532491387,3.37769865345)
  );
#5554 = CARTESIAN_POINT('',(3.060158343526,0.855675133035,3.400550727806
    ));
#5555 = CARTESIAN_POINT('',(3.060211514682,0.853245933163,3.411979214666
    ));
#5556 = CARTESIAN_POINT('',(3.060275141935,0.850818526053,3.423399267246
    ));
#5557 = CARTESIAN_POINT('',(3.060423409398,0.845961202735,3.446251176778
    ));
#5558 = CARTESIAN_POINT('',(3.060508114269,0.843531301133,3.457682965016
    ));
#5559 = CARTESIAN_POINT('',(3.06060321063,0.841104631472,3.469099548169)
  );
#5560 = CARTESIAN_POINT('',(3.060814503999,0.836247359896,3.491951214278
    ));
#5561 = CARTESIAN_POINT('',(3.060930801132,0.833816795086,3.503386122664
    ));
#5562 = CARTESIAN_POINT('',(3.061057395988,0.831390838462,3.514799351241
    ));
#5563 = CARTESIAN_POINT('',(3.061331819874,0.826533631832,3.537650711804
    ));
#5564 = CARTESIAN_POINT('',(3.06147978178,0.824102449372,3.549088526007)
  );
#5565 = CARTESIAN_POINT('',(3.061637921998,0.821677171116,3.560498563111
    ));
#5566 = CARTESIAN_POINT('',(3.061975613012,0.816820038677,3.583349574633
    ));
#5567 = CARTESIAN_POINT('',(3.062155326198,0.814388288514,3.594790059667
    ));
#5568 = CARTESIAN_POINT('',(3.062345076673,0.811963646102,3.606197105365
    ));
#5569 = CARTESIAN_POINT('',(3.062820569592,0.806206135645,3.633284062415
    ));
#5570 = CARTESIAN_POINT('',(3.063115291368,0.802880166482,3.64893151708)
  );
#5571 = CARTESIAN_POINT('',(3.063428406313,0.79956992391,3.664504983956)
  );
#5572 = CARTESIAN_POINT('',(3.06375942217,0.796276356577,3.68));
#5573 = ORIENTED_EDGE('',*,*,#5574,.T.);
#5574 = EDGE_CURVE('',#5469,#5575,#5577,.T.);
#5575 = VERTEX_POINT('',#5576);
#5576 = CARTESIAN_POINT('',(4.559347495591,0.902554637412,3.18));
#5577 = B_SPLINE_CURVE_WITH_KNOTS('',4,(#5578,#5579,#5580,#5581,#5582,
    #5583,#5584,#5585,#5586,#5587,#5588,#5589,#5590,#5591,#5592,#5593,
    #5594,#5595,#5596,#5597,#5598,#5599,#5600,#5601,#5602,#5603,#5604,
    #5605,#5606,#5607,#5608,#5609,#5610,#5611,#5612,#5613,#5614,#5615,
    #5616,#5617,#5618,#5619,#5620,#5621,#5622,#5623,#5624,#5625,#5626,
    #5627,#5628,#5629,#5630,#5631,#5632,#5633,#5634,#5635,#5636,#5637,
    #5638,#5639,#5640,#5641,#5642,#5643,#5644,#5645,#5646,#5647,#5648,
    #5649,#5650,#5651,#5652,#5653,#5654,#5655,#5656,#5657,#5658,#5659,
    #5660,#5661,#5662,#5663,#5664,#5665,#5666,#5667,#5668,#5669,#5670,
    #5671,#5672,#5673,#5674,#5675,#5676,#5677,#5678),.UNSPECIFIED.,.F.,
  .F.,(5,3,3,3,3,3,3,3,3,3,3,3,3,3,3,3,3,3,3,3,3,3,3,3,3,3,3,3,3,3,3,3,3
    ,5),(0.,3.000000000004E-02,6.000000000006E-02,9.000000000005E-02,
    0.12,0.15,0.18,0.21,0.24,0.27,0.3,0.33,0.36,0.389,0.419,0.449,0.479,
    0.509,0.539,0.569,0.599,0.629,0.658,0.688,0.718,0.748,0.778,0.808,
    0.838,0.868,0.898,0.928,0.958,1.),.UNSPECIFIED.);
#5578 = CARTESIAN_POINT('',(0.927445362588,0.902554637412,3.18));
#5579 = CARTESIAN_POINT('',(0.97068368215,0.902554637412,3.18));
#5580 = CARTESIAN_POINT('',(1.013922001711,0.902554637412,3.18));
#5581 = CARTESIAN_POINT('',(1.057160321272,0.902554637412,3.18));
#5582 = CARTESIAN_POINT('',(1.143636960394,0.902554637412,3.18));
#5583 = CARTESIAN_POINT('',(1.186875279956,0.902554637412,3.18));
#5584 = CARTESIAN_POINT('',(1.230113599517,0.902554637412,3.18));
#5585 = CARTESIAN_POINT('',(1.316590238639,0.902554637412,3.18));
#5586 = CARTESIAN_POINT('',(1.3598285582,0.902554637412,3.18));
#5587 = CARTESIAN_POINT('',(1.403066877761,0.902554637412,3.18));
#5588 = CARTESIAN_POINT('',(1.489543516884,0.902554637412,3.18));
#5589 = CARTESIAN_POINT('',(1.532781836445,0.902554637412,3.18));
#5590 = CARTESIAN_POINT('',(1.576020156006,0.902554637412,3.18));
#5591 = CARTESIAN_POINT('',(1.662496795128,0.902554637412,3.18));
#5592 = CARTESIAN_POINT('',(1.70573511469,0.902554637412,3.18));
#5593 = CARTESIAN_POINT('',(1.748973434251,0.902554637412,3.18));
#5594 = CARTESIAN_POINT('',(1.835450073373,0.902554637412,3.18));
#5595 = CARTESIAN_POINT('',(1.878688392934,0.902554637412,3.18));
#5596 = CARTESIAN_POINT('',(1.921926712495,0.902554637412,3.18));
#5597 = CARTESIAN_POINT('',(2.008403351618,0.902554637412,3.18));
#5598 = CARTESIAN_POINT('',(2.051641671179,0.902554637412,3.18));
#5599 = CARTESIAN_POINT('',(2.09487999074,0.902554637412,3.18));
#5600 = CARTESIAN_POINT('',(2.181356629862,0.902554637412,3.18));
#5601 = CARTESIAN_POINT('',(2.224594949424,0.902554637412,3.18));
#5602 = CARTESIAN_POINT('',(2.267833268985,0.902554637412,3.18));
#5603 = CARTESIAN_POINT('',(2.354309908107,0.902554637412,3.18));
#5604 = CARTESIAN_POINT('',(2.397548227668,0.902554637412,3.18));
#5605 = CARTESIAN_POINT('',(2.440786547229,0.902554637412,3.18));
#5606 = CARTESIAN_POINT('',(2.527263186352,0.902554637412,3.18));
#5607 = CARTESIAN_POINT('',(2.570501505913,0.902554637412,3.18));
#5608 = CARTESIAN_POINT('',(2.613739825474,0.902554637412,3.18));
#5609 = CARTESIAN_POINT('',(2.700216464596,0.902554637412,3.18));
#5610 = CARTESIAN_POINT('',(2.743454784158,0.902554637412,3.18));
#5611 = CARTESIAN_POINT('',(2.786693103719,0.902554637412,3.18));
#5612 = CARTESIAN_POINT('',(2.873169742841,0.902554637412,3.18));
#5613 = CARTESIAN_POINT('',(2.916408062402,0.902554637412,3.18));
#5614 = CARTESIAN_POINT('',(2.959646381964,0.902554637412,3.18));
#5615 = CARTESIAN_POINT('',(3.044681743767,0.902554637412,3.18));
#5616 = CARTESIAN_POINT('',(3.08647878601,0.902554637412,3.18));
#5617 = CARTESIAN_POINT('',(3.128275828252,0.902554637412,3.18));
#5618 = CARTESIAN_POINT('',(3.213311190056,0.902554637412,3.18));
#5619 = CARTESIAN_POINT('',(3.256549509617,0.902554637412,3.18));
#5620 = CARTESIAN_POINT('',(3.299787829178,0.902554637412,3.18));
#5621 = CARTESIAN_POINT('',(3.3862644683,0.902554637412,3.18));
#5622 = CARTESIAN_POINT('',(3.429502787862,0.902554637412,3.18));
#5623 = CARTESIAN_POINT('',(3.472741107423,0.902554637412,3.18));
#5624 = CARTESIAN_POINT('',(3.559217746545,0.902554637412,3.18));
#5625 = CARTESIAN_POINT('',(3.602456066106,0.902554637412,3.18));
#5626 = CARTESIAN_POINT('',(3.645694385667,0.902554637412,3.18));
#5627 = CARTESIAN_POINT('',(3.73217102479,0.902554637412,3.18));
#5628 = CARTESIAN_POINT('',(3.775409344351,0.902554637412,3.18));
#5629 = CARTESIAN_POINT('',(3.818647663912,0.902554637412,3.18));
#5630 = CARTESIAN_POINT('',(3.905124303035,0.902554637412,3.18));
#5631 = CARTESIAN_POINT('',(3.948362622596,0.902554637412,3.18));
#5632 = CARTESIAN_POINT('',(3.991600942157,0.902554637412,3.18));
#5633 = CARTESIAN_POINT('',(4.078077581279,0.902554637412,3.18));
#5634 = CARTESIAN_POINT('',(4.12131590084,0.902554637412,3.18));
#5635 = CARTESIAN_POINT('',(4.164554220402,0.902554637412,3.18));
#5636 = CARTESIAN_POINT('',(4.251030859524,0.902554637412,3.18));
#5637 = CARTESIAN_POINT('',(4.294269179085,0.902554637412,3.18));
#5638 = CARTESIAN_POINT('',(4.337507498646,0.902554637412,3.18));
#5639 = CARTESIAN_POINT('',(4.423984137769,0.902554637412,3.18));
#5640 = CARTESIAN_POINT('',(4.46722245733,0.902554637412,3.18));
#5641 = CARTESIAN_POINT('',(4.510460776891,0.902554637412,3.18));
#5642 = CARTESIAN_POINT('',(4.595496138695,0.902554637412,3.18));
#5643 = CARTESIAN_POINT('',(4.637293180937,0.902554637412,3.18));
#5644 = CARTESIAN_POINT('',(4.67909022318,0.902554637412,3.18));
#5645 = CARTESIAN_POINT('',(4.764125584983,0.902554637412,3.18));
#5646 = CARTESIAN_POINT('',(4.807363904544,0.902554637412,3.18));
#5647 = CARTESIAN_POINT('',(4.850602224106,0.902554637412,3.18));
#5648 = CARTESIAN_POINT('',(4.937078863228,0.902554637412,3.18));
#5649 = CARTESIAN_POINT('',(4.980317182789,0.902554637412,3.18));
#5650 = CARTESIAN_POINT('',(5.02355550235,0.902554637412,3.18));
#5651 = CARTESIAN_POINT('',(5.110032141473,0.902554637412,3.18));
#5652 = CARTESIAN_POINT('',(5.153270461034,0.902554637412,3.18));
#5653 = CARTESIAN_POINT('',(5.196508780595,0.902554637412,3.18));
#5654 = CARTESIAN_POINT('',(5.282985419717,0.902554637412,3.18));
#5655 = CARTESIAN_POINT('',(5.326223739278,0.902554637412,3.18));
#5656 = CARTESIAN_POINT('',(5.36946205884,0.902554637412,3.18));
#5657 = CARTESIAN_POINT('',(5.455938697962,0.902554637412,3.18));
#5658 = CARTESIAN_POINT('',(5.499177017523,0.902554637412,3.18));
#5659 = CARTESIAN_POINT('',(5.542415337084,0.902554637412,3.18));
#5660 = CARTESIAN_POINT('',(5.628891976207,0.902554637412,3.18));
#5661 = CARTESIAN_POINT('',(5.672130295768,0.902554637412,3.18));
#5662 = CARTESIAN_POINT('',(5.715368615329,0.902554637412,3.18));
#5663 = CARTESIAN_POINT('',(5.801845254451,0.902554637412,3.18));
#5664 = CARTESIAN_POINT('',(5.845083574013,0.902554637412,3.18));
#5665 = CARTESIAN_POINT('',(5.888321893574,0.902554637412,3.18));
#5666 = CARTESIAN_POINT('',(5.974798532696,0.902554637412,3.18));
#5667 = CARTESIAN_POINT('',(6.018036852257,0.902554637412,3.18));
#5668 = CARTESIAN_POINT('',(6.061275171818,0.902554637412,3.18));
#5669 = CARTESIAN_POINT('',(6.147751810941,0.902554637412,3.18));
#5670 = CARTESIAN_POINT('',(6.190990130502,0.902554637412,3.18));
#5671 = CARTESIAN_POINT('',(6.234228450063,0.902554637412,3.18));
#5672 = CARTESIAN_POINT('',(6.320705089185,0.902554637412,3.18));
#5673 = CARTESIAN_POINT('',(6.363943408747,0.902554637412,3.18));
#5674 = CARTESIAN_POINT('',(6.407181728308,0.902554637412,3.18));
#5675 = CARTESIAN_POINT('',(6.510953695255,0.902554637412,3.18));
#5676 = CARTESIAN_POINT('',(6.57148734264,0.902554637412,3.18));
#5677 = CARTESIAN_POINT('',(6.632020990026,0.902554637412,3.18));
#5678 = CARTESIAN_POINT('',(6.692554637412,0.902554637412,3.18));
#5679 = ORIENTED_EDGE('',*,*,#5680,.T.);
#5680 = EDGE_CURVE('',#5575,#5681,#5683,.T.);
#5681 = VERTEX_POINT('',#5682);
#5682 = CARTESIAN_POINT('',(4.55624057783,0.796276356577,3.68));
#5683 = B_SPLINE_CURVE_WITH_KNOTS('',4,(#5684,#5685,#5686,#5687,#5688,
    #5689,#5690,#5691,#5692,#5693,#5694,#5695,#5696,#5697,#5698,#5699,
    #5700,#5701,#5702,#5703,#5704,#5705,#5706,#5707,#5708,#5709,#5710,
    #5711,#5712,#5713,#5714,#5715,#5716,#5717,#5718,#5719,#5720,#5721,
    #5722,#5723,#5724,#5725,#5726,#5727,#5728,#5729,#5730,#5731,#5732,
    #5733,#5734,#5735,#5736,#5737,#5738,#5739,#5740,#5741,#5742,#5743,
    #5744,#5745,#5746,#5747,#5748,#5749,#5750,#5751,#5752,#5753,#5754,
    #5755,#5756,#5757,#5758,#5759,#5760,#5761,#5762,#5763,#5764,#5765,
    #5766,#5767,#5768,#5769,#5770,#5771,#5772,#5773,#5774,#5775,#5776,
    #5777,#5778,#5779,#5780,#5781,#5782,#5783,#5784),.UNSPECIFIED.,.F.,
  .F.,(5,3,3,3,3,3,3,3,3,3,3,3,3,3,3,3,3,3,3,3,3,3,3,3,3,3,3,3,3,3,3,3,3
    ,5),(0.,3.832661857544E-02,7.588616027409E-02,0.112697851853,
    0.148780767068,0.184153940431,0.218836486671,0.252847727222,
    0.286207325059,0.318935429062,0.351052828922,0.382581121222,
    0.413542886787,0.443961878574,0.473863218121,0.503273596997,
    0.532221477518,0.560737284349,0.588853575633,0.61660517913,
    0.644029276192,0.671165414826,0.69805543375,0.723856466376,
    0.750392376564,0.776817491055,0.803179915651,0.829528157022,
    0.855910545381,0.882374672274,0.908966882882,0.935731854039,
    0.962712277262,1.),.UNSPECIFIED.);
#5684 = CARTESIAN_POINT('',(4.517556746277,1.12,2.157));
#5685 = CARTESIAN_POINT('',(4.51840163495,1.117596502417,2.168307567096)
  );
#5686 = CARTESIAN_POINT('',(4.519239956129,1.115176893235,2.179690933308
    ));
#5687 = CARTESIAN_POINT('',(4.520071529503,1.112740885558,2.191151448372
    ));
#5688 = CARTESIAN_POINT('',(4.521704283132,1.107884563992,2.213998645033
    ));
#5689 = CARTESIAN_POINT('',(4.522505738494,1.105464911842,2.225382213394
    ));
#5690 = CARTESIAN_POINT('',(4.523300339522,1.103028942322,2.236842548942
    ));
#5691 = CARTESIAN_POINT('',(4.524859748595,1.098172618361,2.259689756871
    ));
#5692 = CARTESIAN_POINT('',(4.525624834744,1.095752918822,2.271073548177
    ));
#5693 = CARTESIAN_POINT('',(4.526382953018,1.09331699024,2.282533691129)
  );
#5694 = CARTESIAN_POINT('',(4.527869973068,1.088460661398,2.305380922018
    ));
#5695 = CARTESIAN_POINT('',(4.528599156036,1.086040908555,2.316764964101
    ));
#5696 = CARTESIAN_POINT('',(4.529321250368,1.08360502492,2.328224895597)
  );
#5697 = CARTESIAN_POINT('',(4.530736777188,1.078748688464,2.351072162308
    ));
#5698 = CARTESIAN_POINT('',(4.531430493987,1.076328874704,2.362456490983
    ));
#5699 = CARTESIAN_POINT('',(4.532116993983,1.073893041415,2.373916185615
    ));
#5700 = CARTESIAN_POINT('',(4.53346186663,1.069036694321,2.396763502377)
  );
#5701 = CARTESIAN_POINT('',(4.534120526676,1.066616810106,2.408148162516
    ));
#5702 = CARTESIAN_POINT('',(4.534771834181,1.064181034144,2.419607587444
    ));
#5703 = CARTESIAN_POINT('',(4.536046837719,1.059324673051,2.442454970066
    ));
#5704 = CARTESIAN_POINT('',(4.53667082411,1.056904706661,2.453840016811)
  );
#5705 = CARTESIAN_POINT('',(4.53728731453,1.054468996804,2.465299130741)
  );
#5706 = CARTESIAN_POINT('',(4.538493182533,1.04961261797,2.488146596824)
  );
#5707 = CARTESIAN_POINT('',(4.539082853213,1.047192555215,2.499532096932
    ));
#5708 = CARTESIAN_POINT('',(4.539664876734,1.044756922283,2.510990848958
    ));
#5709 = CARTESIAN_POINT('',(4.540802293564,1.039900521543,2.533838418102
    ));
#5710 = CARTESIAN_POINT('',(4.541357982362,1.037480345451,2.545224451414
    ));
#5711 = CARTESIAN_POINT('',(4.541905865071,1.035044802583,2.556682779723
    ));
#5712 = CARTESIAN_POINT('',(4.54297546796,1.03018837531,2.579530473698)
  );
#5713 = CARTESIAN_POINT('',(4.54349748552,1.027768065798,2.590917134701)
  );
#5714 = CARTESIAN_POINT('',(4.544011530446,1.025332628757,2.602374965137
    ));
#5715 = CARTESIAN_POINT('',(4.545013911384,1.020476169835,2.625222808007
    ));
#5716 = CARTESIAN_POINT('',(4.545502545984,1.018055703366,2.636610207432
    ));
#5717 = CARTESIAN_POINT('',(4.545983034067,1.015620390865,2.64806745195)
  );
#5718 = CARTESIAN_POINT('',(4.546918741515,1.010763894688,2.670915470094
    ));
#5719 = CARTESIAN_POINT('',(4.547374259786,1.008343243943,2.682303736473
    ));
#5720 = CARTESIAN_POINT('',(4.547821450773,1.005908077994,2.693760291517
    ));
#5721 = CARTESIAN_POINT('',(4.548690991222,1.001051538489,2.716608513501
    ));
#5722 = CARTESIAN_POINT('',(4.549113638758,0.998630672067,2.727997794563
    ));
#5723 = CARTESIAN_POINT('',(4.549527772061,0.996195678326,2.739453539431
    ));
#5724 = CARTESIAN_POINT('',(4.550331611426,0.991339089031,2.762301995656
    ));
#5725 = CARTESIAN_POINT('',(4.550721613297,0.988917971229,2.773692459367
    ));
#5726 = CARTESIAN_POINT('',(4.551102908798,0.986483179322,2.785147254684
    ));
#5727 = CARTESIAN_POINT('',(4.551841473684,0.981626533526,2.807995976726
    ));
#5728 = CARTESIAN_POINT('',(4.552199034853,0.979205124242,2.81938781175)
  );
#5729 = CARTESIAN_POINT('',(4.552547693676,0.976770568034,2.83084149819)
  );
#5730 = CARTESIAN_POINT('',(4.553221372509,0.971913859003,2.85369051773)
  );
#5731 = CARTESIAN_POINT('',(4.553546678159,0.969492113826,2.865083933008
    ));
#5732 = CARTESIAN_POINT('',(4.553862883417,0.967057831594,2.876536330492
    ));
#5733 = CARTESIAN_POINT('',(4.554472027457,0.962201052906,2.899385677745
    ));
#5734 = CARTESIAN_POINT('',(4.554765243235,0.959778923466,2.910780900835
    ));
#5735 = CARTESIAN_POINT('',(4.555049160754,0.957344957907,2.922231808487
    ));
#5736 = CARTESIAN_POINT('',(4.555594085007,0.952488103904,2.945081510067
    ));
#5737 = CARTESIAN_POINT('',(4.555855357209,0.950065538575,2.956478783859
    ));
#5738 = CARTESIAN_POINT('',(4.556107136226,0.947631936579,2.967927981082
    ));
#5739 = CARTESIAN_POINT('',(4.556588120266,0.942775002947,2.99077805729)
  );
#5740 = CARTESIAN_POINT('',(4.556817575979,0.940351947956,3.002177634756
    ));
#5741 = CARTESIAN_POINT('',(4.557037349815,0.937918760056,3.01362488381)
  );
#5742 = CARTESIAN_POINT('',(4.557454638532,0.933061744495,3.036475345463
    ));
#5743 = CARTESIAN_POINT('',(4.557652385772,0.930638145511,3.047877482217
    ));
#5744 = CARTESIAN_POINT('',(4.557840272457,0.928205424932,3.059322532699
    ));
#5745 = CARTESIAN_POINT('',(4.558194076753,0.923348327874,3.082173377761
    ));
#5746 = CARTESIAN_POINT('',(4.55836020463,0.920924132049,3.093578322432)
  );
#5747 = CARTESIAN_POINT('',(4.558516307464,0.918491933287,3.105020917961
    ));
#5748 = CARTESIAN_POINT('',(4.558806804905,0.913634758563,3.127872128414
    ));
#5749 = CARTESIAN_POINT('',(4.558941383861,0.911209916965,3.139280111208
    ));
#5750 = CARTESIAN_POINT('',(4.559065791873,0.908778293878,3.150719998397
    ));
#5751 = CARTESIAN_POINT('',(4.559289364462,0.904001445917,3.173193301142
    ));
#5752 = CARTESIAN_POINT('',(4.559389347551,0.901656709793,3.184224417312
    ));
#5753 = CARTESIAN_POINT('',(4.559479713778,0.899306845248,3.195279660803
    ));
#5754 = CARTESIAN_POINT('',(4.559643309223,0.894531015986,3.217748170946
    ));
#5755 = CARTESIAN_POINT('',(4.559715977255,0.892104789354,3.229162669811
    ));
#5756 = CARTESIAN_POINT('',(4.559778258107,0.889674441603,3.240596557019
    ));
#5757 = CARTESIAN_POINT('',(4.559881673858,0.884817097121,3.26344856612)
  );
#5758 = CARTESIAN_POINT('',(4.559922896137,0.882390127828,3.274866558929
    ));
#5759 = CARTESIAN_POINT('',(4.559953664448,0.879960487816,3.286297116485
    ));
#5760 = CARTESIAN_POINT('',(4.559994160514,0.875103118425,3.309149242777
    ));
#5761 = CARTESIAN_POINT('',(4.560003938104,0.872675397106,3.320570773588
    ));
#5762 = CARTESIAN_POINT('',(4.560003227463,0.870246491538,3.331997875857
    ));
#5763 = CARTESIAN_POINT('',(4.559980823682,0.86538911742,3.354850024389)
  );
#5764 = CARTESIAN_POINT('',(4.559959141833,0.862960648212,3.366275073744
    ));
#5765 = CARTESIAN_POINT('',(4.559926971124,0.860532491387,3.37769865345)
  );
#5766 = CARTESIAN_POINT('',(4.559841656474,0.855675133035,3.400550727806
    ));
#5767 = CARTESIAN_POINT('',(4.559788485318,0.853245933163,3.411979214666
    ));
#5768 = CARTESIAN_POINT('',(4.559724858065,0.850818526053,3.423399267246
    ));
#5769 = CARTESIAN_POINT('',(4.559576590602,0.845961202735,3.446251176778
    ));
#5770 = CARTESIAN_POINT('',(4.559491885731,0.843531301133,3.457682965016
    ));
#5771 = CARTESIAN_POINT('',(4.55939678937,0.841104631472,3.469099548169)
  );
#5772 = CARTESIAN_POINT('',(4.559185496001,0.836247359896,3.491951214278
    ));
#5773 = CARTESIAN_POINT('',(4.559069198868,0.833816795086,3.503386122664
    ));
#5774 = CARTESIAN_POINT('',(4.558942604012,0.831390838462,3.514799351241
    ));
#5775 = CARTESIAN_POINT('',(4.558668180126,0.826533631832,3.537650711804
    ));
#5776 = CARTESIAN_POINT('',(4.55852021822,0.824102449372,3.549088526007)
  );
#5777 = CARTESIAN_POINT('',(4.558362078002,0.821677171116,3.560498563111
    ));
#5778 = CARTESIAN_POINT('',(4.558024386988,0.816820038677,3.583349574633
    ));
#5779 = CARTESIAN_POINT('',(4.557844673802,0.814388288514,3.594790059667
    ));
#5780 = CARTESIAN_POINT('',(4.557654923327,0.811963646102,3.606197105365
    ));
#5781 = CARTESIAN_POINT('',(4.557179430408,0.806206135645,3.633284062415
    ));
#5782 = CARTESIAN_POINT('',(4.556884708632,0.802880166482,3.64893151708)
  );
#5783 = CARTESIAN_POINT('',(4.556571593687,0.79956992391,3.664504983956)
  );
#5784 = CARTESIAN_POINT('',(4.55624057783,0.796276356577,3.68));
#5785 = ORIENTED_EDGE('',*,*,#5786,.F.);
#5786 = EDGE_CURVE('',#5088,#5681,#5787,.T.);
#5787 = LINE('',#5788,#5789);
#5788 = CARTESIAN_POINT('',(6.586276356577,0.796276356577,3.68));
#5789 = VECTOR('',#5790,1.);
#5790 = DIRECTION('',(-1.,-4.440892098501E-16,0.));
#5791 = B_SPLINE_SURFACE_WITH_KNOTS('',1,1,(
    (#5792,#5793)
    ,(#5794,#5795
    )),.UNSPECIFIED.,.F.,.F.,.F.,(2,2),(2,2),(0.,6.2),(0.,1.),
  .PIECEWISE_BEZIER_KNOTS.);
#5792 = CARTESIAN_POINT('',(6.91,1.12,2.157));
#5793 = CARTESIAN_POINT('',(6.586276356577,0.796276356577,3.68));
#5794 = CARTESIAN_POINT('',(0.71,1.12,2.157));
#5795 = CARTESIAN_POINT('',(1.033723643423,0.796276356577,3.68));
#5796 = ADVANCED_FACE('',(#5797),#5828,.T.);
#5797 = FACE_BOUND('',#5798,.T.);
#5798 = EDGE_LOOP('',(#5799,#5800,#5806,#5807,#5813,#5814,#5821,#5827));
#5799 = ORIENTED_EDGE('',*,*,#4714,.T.);
#5800 = ORIENTED_EDGE('',*,*,#5801,.T.);
#5801 = EDGE_CURVE('',#4707,#5025,#5802,.T.);
#5802 = LINE('',#5803,#5804);
#5803 = CARTESIAN_POINT('',(0.71,1.12,2.157));
#5804 = VECTOR('',#5805,1.);
#5805 = DIRECTION('',(4.440892098501E-16,-1.,0.));
#5806 = ORIENTED_EDGE('',*,*,#5041,.T.);
#5807 = ORIENTED_EDGE('',*,*,#5808,.T.);
#5808 = EDGE_CURVE('',#5034,#4845,#5809,.T.);
#5809 = LINE('',#5810,#5811);
#5810 = CARTESIAN_POINT('',(0.71,1.12,2.157));
#5811 = VECTOR('',#5812,1.);
#5812 = DIRECTION('',(4.440892098501E-16,-1.,0.));
#5813 = ORIENTED_EDGE('',*,*,#4860,.T.);
#5814 = ORIENTED_EDGE('',*,*,#5815,.T.);
#5815 = EDGE_CURVE('',#4854,#5816,#5818,.T.);
#5816 = VERTEX_POINT('',#5817);
#5817 = CARTESIAN_POINT('',(1.033723643423,-3.336276356577,3.68));
#5818 = B_SPLINE_CURVE_WITH_KNOTS('',1,(#5819,#5820),.UNSPECIFIED.,.F.,
  .F.,(2,2),(0.,1.),.PIECEWISE_BEZIER_KNOTS.);
#5819 = CARTESIAN_POINT('',(0.71,-3.66,2.157));
#5820 = CARTESIAN_POINT('',(1.033723643423,-3.336276356577,3.68));
#5821 = ORIENTED_EDGE('',*,*,#5822,.F.);
#5822 = EDGE_CURVE('',#5454,#5816,#5823,.T.);
#5823 = LINE('',#5824,#5825);
#5824 = CARTESIAN_POINT('',(1.033723643423,0.796276356577,3.68));
#5825 = VECTOR('',#5826,1.);
#5826 = DIRECTION('',(4.440892098501E-16,-1.,0.));
#5827 = ORIENTED_EDGE('',*,*,#5453,.F.);
#5828 = B_SPLINE_SURFACE_WITH_KNOTS('',1,1,(
    (#5829,#5830)
    ,(#5831,#5832
    )),.UNSPECIFIED.,.F.,.F.,.F.,(2,2),(2,2),(0.,4.78),(0.,1.),
  .PIECEWISE_BEZIER_KNOTS.);
#5829 = CARTESIAN_POINT('',(0.71,1.12,2.157));
#5830 = CARTESIAN_POINT('',(1.033723643423,0.796276356577,3.68));
#5831 = CARTESIAN_POINT('',(0.71,-3.66,2.157));
#5832 = CARTESIAN_POINT('',(1.033723643423,-3.336276356577,3.68));
#5833 = ADVANCED_FACE('',(#5834),#5847,.T.);
#5834 = FACE_BOUND('',#5835,.T.);
#5835 = EDGE_LOOP('',(#5836,#5837,#5838,#5839,#5840,#5846));
#5836 = ORIENTED_EDGE('',*,*,#5024,.F.);
#5837 = ORIENTED_EDGE('',*,*,#5801,.F.);
#5838 = ORIENTED_EDGE('',*,*,#4706,.F.);
#5839 = ORIENTED_EDGE('',*,*,#4728,.F.);
#5840 = ORIENTED_EDGE('',*,*,#5841,.F.);
#5841 = EDGE_CURVE('',#4875,#4729,#5842,.T.);
#5842 = LINE('',#5843,#5844);
#5843 = CARTESIAN_POINT('',(0.254,-0.762,2.157));
#5844 = VECTOR('',#5845,1.);
#5845 = DIRECTION('',(-4.440892098501E-16,1.,0.));
#5846 = ORIENTED_EDGE('',*,*,#4918,.F.);
#5847 = PLANE('',#5848);
#5848 = AXIS2_PLACEMENT_3D('',#5849,#5850,#5851);
#5849 = CARTESIAN_POINT('',(3.81,-0.762,2.157));
#5850 = DIRECTION('',(0.,0.,1.));
#5851 = DIRECTION('',(-4.440892098501E-16,1.,0.));
#5852 = ADVANCED_FACE('',(#5853),#5896,.T.);
#5853 = FACE_BOUND('',#5854,.T.);
#5854 = EDGE_LOOP('',(#5855,#5856,#5857,#5858,#5866,#5874,#5882,#5890));
#5855 = ORIENTED_EDGE('',*,*,#4761,.F.);
#5856 = ORIENTED_EDGE('',*,*,#4932,.T.);
#5857 = ORIENTED_EDGE('',*,*,#4901,.F.);
#5858 = ORIENTED_EDGE('',*,*,#5859,.F.);
#5859 = EDGE_CURVE('',#5860,#4894,#5862,.T.);
#5860 = VERTEX_POINT('',#5861);
#5861 = CARTESIAN_POINT('',(0.127,-0.2285,0.));
#5862 = LINE('',#5863,#5864);
#5863 = CARTESIAN_POINT('',(0.127,-0.2285,0.));
#5864 = VECTOR('',#5865,1.);
#5865 = DIRECTION('',(4.440892098501E-16,-1.,0.));
#5866 = ORIENTED_EDGE('',*,*,#5867,.F.);
#5867 = EDGE_CURVE('',#5868,#5860,#5870,.T.);
#5868 = VERTEX_POINT('',#5869);
#5869 = CARTESIAN_POINT('',(0.127,-0.2285,-2.843));
#5870 = LINE('',#5871,#5872);
#5871 = CARTESIAN_POINT('',(0.127,-0.2285,-2.843));
#5872 = VECTOR('',#5873,1.);
#5873 = DIRECTION('',(0.,0.,1.));
#5874 = ORIENTED_EDGE('',*,*,#5875,.F.);
#5875 = EDGE_CURVE('',#5876,#5868,#5878,.T.);
#5876 = VERTEX_POINT('',#5877);
#5877 = CARTESIAN_POINT('',(0.127,-0.11425,-3.3));
#5878 = LINE('',#5879,#5880);
#5879 = CARTESIAN_POINT('',(0.127,-0.11425,-3.3));
#5880 = VECTOR('',#5881,1.);
#5881 = DIRECTION('',(1.077074540829E-16,-0.242535625036,0.970142500145)
  );
#5882 = ORIENTED_EDGE('',*,*,#5883,.F.);
#5883 = EDGE_CURVE('',#5884,#5876,#5886,.T.);
#5884 = VERTEX_POINT('',#5885);
#5885 = CARTESIAN_POINT('',(0.127,0.11425,-3.3));
#5886 = LINE('',#5887,#5888);
#5887 = CARTESIAN_POINT('',(0.127,0.11425,-3.3));
#5888 = VECTOR('',#5889,1.);
#5889 = DIRECTION('',(4.440892098501E-16,-1.,0.));
#5890 = ORIENTED_EDGE('',*,*,#5891,.F.);
#5891 = EDGE_CURVE('',#4754,#5884,#5892,.T.);
#5892 = LINE('',#5893,#5894);
#5893 = CARTESIAN_POINT('',(0.127,0.2285,-2.843));
#5894 = VECTOR('',#5895,1.);
#5895 = DIRECTION('',(1.077074540829E-16,-0.242535625036,-0.970142500145
    ));
#5896 = PLANE('',#5897);
#5897 = AXIS2_PLACEMENT_3D('',#5898,#5899,#5900);
#5898 = CARTESIAN_POINT('',(0.127,0.2285,2.157));
#5899 = DIRECTION('',(1.,4.440892098501E-16,0.));
#5900 = DIRECTION('',(0.,0.,-1.));
#5901 = ADVANCED_FACE('',(#5902),#5920,.T.);
#5902 = FACE_BOUND('',#5903,.T.);
#5903 = EDGE_LOOP('',(#5904,#5905,#5906,#5914));
#5904 = ORIENTED_EDGE('',*,*,#4753,.T.);
#5905 = ORIENTED_EDGE('',*,*,#5891,.T.);
#5906 = ORIENTED_EDGE('',*,*,#5907,.F.);
#5907 = EDGE_CURVE('',#5908,#5884,#5910,.T.);
#5908 = VERTEX_POINT('',#5909);
#5909 = CARTESIAN_POINT('',(-0.127,0.11425,-3.3));
#5910 = LINE('',#5911,#5912);
#5911 = CARTESIAN_POINT('',(-0.127,0.11425,-3.3));
#5912 = VECTOR('',#5913,1.);
#5913 = DIRECTION('',(1.,4.440892098501E-16,0.));
#5914 = ORIENTED_EDGE('',*,*,#5915,.F.);
#5915 = EDGE_CURVE('',#4746,#5908,#5916,.T.);
#5916 = LINE('',#5917,#5918);
#5917 = CARTESIAN_POINT('',(-0.127,0.2285,-2.843));
#5918 = VECTOR('',#5919,1.);
#5919 = DIRECTION('',(1.077074540829E-16,-0.242535625036,-0.970142500145
    ));
#5920 = PLANE('',#5921);
#5921 = AXIS2_PLACEMENT_3D('',#5922,#5923,#5924);
#5922 = CARTESIAN_POINT('',(-0.127,0.2285,-2.843));
#5923 = DIRECTION('',(-4.308298163317E-16,0.970142500145,-0.242535625036
    ));
#5924 = DIRECTION('',(1.077074540829E-16,-0.242535625036,-0.970142500145
    ));
#5925 = ADVANCED_FACE('',(#5926),#5967,.F.);
#5926 = FACE_BOUND('',#5927,.F.);
#5927 = EDGE_LOOP('',(#5928,#5929,#5935,#5936,#5944,#5952,#5960,#5966));
#5928 = ORIENTED_EDGE('',*,*,#4745,.F.);
#5929 = ORIENTED_EDGE('',*,*,#5930,.F.);
#5930 = EDGE_CURVE('',#4877,#4737,#5931,.T.);
#5931 = LINE('',#5932,#5933);
#5932 = CARTESIAN_POINT('',(-0.127,-0.762,1.776));
#5933 = VECTOR('',#5934,1.);
#5934 = DIRECTION('',(-4.440892098501E-16,1.,0.));
#5935 = ORIENTED_EDGE('',*,*,#4885,.F.);
#5936 = ORIENTED_EDGE('',*,*,#5937,.F.);
#5937 = EDGE_CURVE('',#5938,#4886,#5940,.T.);
#5938 = VERTEX_POINT('',#5939);
#5939 = CARTESIAN_POINT('',(-0.127,-0.2285,0.));
#5940 = LINE('',#5941,#5942);
#5941 = CARTESIAN_POINT('',(-0.127,-0.2285,0.));
#5942 = VECTOR('',#5943,1.);
#5943 = DIRECTION('',(4.440892098501E-16,-1.,0.));
#5944 = ORIENTED_EDGE('',*,*,#5945,.F.);
#5945 = EDGE_CURVE('',#5946,#5938,#5948,.T.);
#5946 = VERTEX_POINT('',#5947);
#5947 = CARTESIAN_POINT('',(-0.127,-0.2285,-2.843));
#5948 = LINE('',#5949,#5950);
#5949 = CARTESIAN_POINT('',(-0.127,-0.2285,-2.843));
#5950 = VECTOR('',#5951,1.);
#5951 = DIRECTION('',(0.,0.,1.));
#5952 = ORIENTED_EDGE('',*,*,#5953,.F.);
#5953 = EDGE_CURVE('',#5954,#5946,#5956,.T.);
#5954 = VERTEX_POINT('',#5955);
#5955 = CARTESIAN_POINT('',(-0.127,-0.11425,-3.3));
#5956 = LINE('',#5957,#5958);
#5957 = CARTESIAN_POINT('',(-0.127,-0.11425,-3.3));
#5958 = VECTOR('',#5959,1.);
#5959 = DIRECTION('',(1.077074540829E-16,-0.242535625036,0.970142500145)
  );
#5960 = ORIENTED_EDGE('',*,*,#5961,.F.);
#5961 = EDGE_CURVE('',#5908,#5954,#5962,.T.);
#5962 = LINE('',#5963,#5964);
#5963 = CARTESIAN_POINT('',(-0.127,0.11425,-3.3));
#5964 = VECTOR('',#5965,1.);
#5965 = DIRECTION('',(4.440892098501E-16,-1.,0.));
#5966 = ORIENTED_EDGE('',*,*,#5915,.F.);
#5967 = PLANE('',#5968);
#5968 = AXIS2_PLACEMENT_3D('',#5969,#5970,#5971);
#5969 = CARTESIAN_POINT('',(-0.127,0.2285,2.157));
#5970 = DIRECTION('',(1.,4.440892098501E-16,0.));
#5971 = DIRECTION('',(0.,0.,-1.));
#5972 = ADVANCED_FACE('',(#5973),#5979,.T.);
#5973 = FACE_BOUND('',#5974,.T.);
#5974 = EDGE_LOOP('',(#5975,#5976,#5977,#5978));
#5975 = ORIENTED_EDGE('',*,*,#5841,.T.);
#5976 = ORIENTED_EDGE('',*,*,#4736,.T.);
#5977 = ORIENTED_EDGE('',*,*,#5930,.F.);
#5978 = ORIENTED_EDGE('',*,*,#4874,.F.);
#5979 = CYLINDRICAL_SURFACE('',#5980,0.381);
#5980 = AXIS2_PLACEMENT_3D('',#5981,#5982,#5983);
#5981 = CARTESIAN_POINT('',(0.254,-0.762,1.776));
#5982 = DIRECTION('',(-4.440892098501E-16,1.,0.));
#5983 = DIRECTION('',(0.,0.,1.));
#5984 = ADVANCED_FACE('',(#5985),#6033,.T.);
#5985 = FACE_BOUND('',#5986,.T.);
#5986 = EDGE_LOOP('',(#5987,#5988,#5994,#5995,#6003,#6011,#6019,#6027));
#5987 = ORIENTED_EDGE('',*,*,#4786,.F.);
#5988 = ORIENTED_EDGE('',*,*,#5989,.T.);
#5989 = EDGE_CURVE('',#4787,#4958,#5990,.T.);
#5990 = LINE('',#5991,#5992);
#5991 = CARTESIAN_POINT('',(-0.127,-2.7685,1.776));
#5992 = VECTOR('',#5993,1.);
#5993 = DIRECTION('',(-4.440892098501E-16,1.,0.));
#5994 = ORIENTED_EDGE('',*,*,#4966,.F.);
#5995 = ORIENTED_EDGE('',*,*,#5996,.F.);
#5996 = EDGE_CURVE('',#5997,#4967,#5999,.T.);
#5997 = VERTEX_POINT('',#5998);
#5998 = CARTESIAN_POINT('',(-0.127,-2.3115,0.));
#5999 = LINE('',#6000,#6001);
#6000 = CARTESIAN_POINT('',(-0.127,-2.3115,0.));
#6001 = VECTOR('',#6002,1.);
#6002 = DIRECTION('',(-4.440892098501E-16,1.,0.));
#6003 = ORIENTED_EDGE('',*,*,#6004,.F.);
#6004 = EDGE_CURVE('',#6005,#5997,#6007,.T.);
#6005 = VERTEX_POINT('',#6006);
#6006 = CARTESIAN_POINT('',(-0.127,-2.3115,-2.843));
#6007 = LINE('',#6008,#6009);
#6008 = CARTESIAN_POINT('',(-0.127,-2.3115,-2.843));
#6009 = VECTOR('',#6010,1.);
#6010 = DIRECTION('',(0.,0.,1.));
#6011 = ORIENTED_EDGE('',*,*,#6012,.F.);
#6012 = EDGE_CURVE('',#6013,#6005,#6015,.T.);
#6013 = VERTEX_POINT('',#6014);
#6014 = CARTESIAN_POINT('',(-0.127,-2.42575,-3.3));
#6015 = LINE('',#6016,#6017);
#6016 = CARTESIAN_POINT('',(-0.127,-2.42575,-3.3));
#6017 = VECTOR('',#6018,1.);
#6018 = DIRECTION('',(-1.077074540829E-16,0.242535625036,0.970142500145)
  );
#6019 = ORIENTED_EDGE('',*,*,#6020,.F.);
#6020 = EDGE_CURVE('',#6021,#6013,#6023,.T.);
#6021 = VERTEX_POINT('',#6022);
#6022 = CARTESIAN_POINT('',(-0.127,-2.65425,-3.3));
#6023 = LINE('',#6024,#6025);
#6024 = CARTESIAN_POINT('',(-0.127,-2.65425,-3.3));
#6025 = VECTOR('',#6026,1.);
#6026 = DIRECTION('',(-4.440892098501E-16,1.,0.));
#6027 = ORIENTED_EDGE('',*,*,#6028,.F.);
#6028 = EDGE_CURVE('',#4789,#6021,#6029,.T.);
#6029 = LINE('',#6030,#6031);
#6030 = CARTESIAN_POINT('',(-0.127,-2.7685,-2.843));
#6031 = VECTOR('',#6032,1.);
#6032 = DIRECTION('',(-1.077074540829E-16,0.242535625036,-0.970142500145
    ));
#6033 = PLANE('',#6034);
#6034 = AXIS2_PLACEMENT_3D('',#6035,#6036,#6037);
#6035 = CARTESIAN_POINT('',(-0.127,-2.7685,2.157));
#6036 = DIRECTION('',(-1.,-4.440892098501E-16,0.));
#6037 = DIRECTION('',(0.,0.,1.));
#6038 = ADVANCED_FACE('',(#6039),#6057,.F.);
#6039 = FACE_BOUND('',#6040,.F.);
#6040 = EDGE_LOOP('',(#6041,#6042,#6050,#6056));
#6041 = ORIENTED_EDGE('',*,*,#4830,.T.);
#6042 = ORIENTED_EDGE('',*,*,#6043,.T.);
#6043 = EDGE_CURVE('',#4823,#6044,#6046,.T.);
#6044 = VERTEX_POINT('',#6045);
#6045 = CARTESIAN_POINT('',(0.127,-2.65425,-3.3));
#6046 = LINE('',#6047,#6048);
#6047 = CARTESIAN_POINT('',(0.127,-2.7685,-2.843));
#6048 = VECTOR('',#6049,1.);
#6049 = DIRECTION('',(-1.077074540829E-16,0.242535625036,-0.970142500145
    ));
#6050 = ORIENTED_EDGE('',*,*,#6051,.F.);
#6051 = EDGE_CURVE('',#6021,#6044,#6052,.T.);
#6052 = LINE('',#6053,#6054);
#6053 = CARTESIAN_POINT('',(-0.127,-2.65425,-3.3));
#6054 = VECTOR('',#6055,1.);
#6055 = DIRECTION('',(1.,4.440892098501E-16,0.));
#6056 = ORIENTED_EDGE('',*,*,#6028,.F.);
#6057 = PLANE('',#6058);
#6058 = AXIS2_PLACEMENT_3D('',#6059,#6060,#6061);
#6059 = CARTESIAN_POINT('',(-0.127,-2.7685,-2.843));
#6060 = DIRECTION('',(-4.308298163317E-16,0.970142500145,0.242535625036)
  );
#6061 = DIRECTION('',(-1.077074540829E-16,0.242535625036,-0.970142500145
    ));
#6062 = ADVANCED_FACE('',(#6063),#6099,.F.);
#6063 = FACE_BOUND('',#6064,.F.);
#6064 = EDGE_LOOP('',(#6065,#6066,#6067,#6068,#6076,#6084,#6092,#6098));
#6065 = ORIENTED_EDGE('',*,*,#4822,.F.);
#6066 = ORIENTED_EDGE('',*,*,#5010,.T.);
#6067 = ORIENTED_EDGE('',*,*,#4982,.F.);
#6068 = ORIENTED_EDGE('',*,*,#6069,.F.);
#6069 = EDGE_CURVE('',#6070,#4975,#6072,.T.);
#6070 = VERTEX_POINT('',#6071);
#6071 = CARTESIAN_POINT('',(0.127,-2.3115,0.));
#6072 = LINE('',#6073,#6074);
#6073 = CARTESIAN_POINT('',(0.127,-2.3115,0.));
#6074 = VECTOR('',#6075,1.);
#6075 = DIRECTION('',(-4.440892098501E-16,1.,0.));
#6076 = ORIENTED_EDGE('',*,*,#6077,.F.);
#6077 = EDGE_CURVE('',#6078,#6070,#6080,.T.);
#6078 = VERTEX_POINT('',#6079);
#6079 = CARTESIAN_POINT('',(0.127,-2.3115,-2.843));
#6080 = LINE('',#6081,#6082);
#6081 = CARTESIAN_POINT('',(0.127,-2.3115,-2.843));
#6082 = VECTOR('',#6083,1.);
#6083 = DIRECTION('',(0.,0.,1.));
#6084 = ORIENTED_EDGE('',*,*,#6085,.F.);
#6085 = EDGE_CURVE('',#6086,#6078,#6088,.T.);
#6086 = VERTEX_POINT('',#6087);
#6087 = CARTESIAN_POINT('',(0.127,-2.42575,-3.3));
#6088 = LINE('',#6089,#6090);
#6089 = CARTESIAN_POINT('',(0.127,-2.42575,-3.3));
#6090 = VECTOR('',#6091,1.);
#6091 = DIRECTION('',(-1.077074540829E-16,0.242535625036,0.970142500145)
  );
#6092 = ORIENTED_EDGE('',*,*,#6093,.F.);
#6093 = EDGE_CURVE('',#6044,#6086,#6094,.T.);
#6094 = LINE('',#6095,#6096);
#6095 = CARTESIAN_POINT('',(0.127,-2.65425,-3.3));
#6096 = VECTOR('',#6097,1.);
#6097 = DIRECTION('',(-4.440892098501E-16,1.,0.));
#6098 = ORIENTED_EDGE('',*,*,#6043,.F.);
#6099 = PLANE('',#6100);
#6100 = AXIS2_PLACEMENT_3D('',#6101,#6102,#6103);
#6101 = CARTESIAN_POINT('',(0.127,-2.7685,2.157));
#6102 = DIRECTION('',(-1.,-4.440892098501E-16,0.));
#6103 = DIRECTION('',(0.,0.,1.));
#6104 = ADVANCED_FACE('',(#6105),#6118,.T.);
#6105 = FACE_BOUND('',#6106,.T.);
#6106 = EDGE_LOOP('',(#6107,#6108,#6109,#6110,#6111,#6117));
#6107 = ORIENTED_EDGE('',*,*,#4844,.F.);
#6108 = ORIENTED_EDGE('',*,*,#5808,.F.);
#6109 = ORIENTED_EDGE('',*,*,#5033,.F.);
#6110 = ORIENTED_EDGE('',*,*,#4949,.F.);
#6111 = ORIENTED_EDGE('',*,*,#6112,.F.);
#6112 = EDGE_CURVE('',#4797,#4950,#6113,.T.);
#6113 = LINE('',#6114,#6115);
#6114 = CARTESIAN_POINT('',(0.254,-2.7685,2.157));
#6115 = VECTOR('',#6116,1.);
#6116 = DIRECTION('',(-4.440892098501E-16,1.,0.));
#6117 = ORIENTED_EDGE('',*,*,#4805,.F.);
#6118 = PLANE('',#6119);
#6119 = AXIS2_PLACEMENT_3D('',#6120,#6121,#6122);
#6120 = CARTESIAN_POINT('',(3.81,-2.7685,2.157));
#6121 = DIRECTION('',(0.,0.,1.));
#6122 = DIRECTION('',(-4.440892098501E-16,1.,0.));
#6123 = ADVANCED_FACE('',(#6124),#6130,.T.);
#6124 = FACE_BOUND('',#6125,.T.);
#6125 = EDGE_LOOP('',(#6126,#6127,#6128,#6129));
#6126 = ORIENTED_EDGE('',*,*,#4796,.T.);
#6127 = ORIENTED_EDGE('',*,*,#6112,.T.);
#6128 = ORIENTED_EDGE('',*,*,#4957,.F.);
#6129 = ORIENTED_EDGE('',*,*,#5989,.F.);
#6130 = CYLINDRICAL_SURFACE('',#6131,0.381);
#6131 = AXIS2_PLACEMENT_3D('',#6132,#6133,#6134);
#6132 = CARTESIAN_POINT('',(0.254,-2.7685,1.776));
#6133 = DIRECTION('',(-4.440892098501E-16,1.,0.));
#6134 = DIRECTION('',(-1.,-4.440892098501E-16,0.));
#6135 = ADVANCED_FACE('',(#6136),#6147,.T.);
#6136 = FACE_BOUND('',#6137,.T.);
#6137 = EDGE_LOOP('',(#6138,#6144,#6145,#6146));
#6138 = ORIENTED_EDGE('',*,*,#6139,.T.);
#6139 = EDGE_CURVE('',#5938,#5860,#6140,.T.);
#6140 = LINE('',#6141,#6142);
#6141 = CARTESIAN_POINT('',(-0.127,-0.2285,0.));
#6142 = VECTOR('',#6143,1.);
#6143 = DIRECTION('',(1.,4.440892098501E-16,0.));
#6144 = ORIENTED_EDGE('',*,*,#5859,.T.);
#6145 = ORIENTED_EDGE('',*,*,#4893,.F.);
#6146 = ORIENTED_EDGE('',*,*,#5937,.F.);
#6147 = PLANE('',#6148);
#6148 = AXIS2_PLACEMENT_3D('',#6149,#6150,#6151);
#6149 = CARTESIAN_POINT('',(-0.127,-0.2285,0.));
#6150 = DIRECTION('',(0.,0.,-1.));
#6151 = DIRECTION('',(4.440892098501E-16,-1.,0.));
#6152 = ADVANCED_FACE('',(#6153),#6164,.F.);
#6153 = FACE_BOUND('',#6154,.F.);
#6154 = EDGE_LOOP('',(#6155,#6161,#6162,#6163));
#6155 = ORIENTED_EDGE('',*,*,#6156,.T.);
#6156 = EDGE_CURVE('',#5997,#6070,#6157,.T.);
#6157 = LINE('',#6158,#6159);
#6158 = CARTESIAN_POINT('',(-0.127,-2.3115,0.));
#6159 = VECTOR('',#6160,1.);
#6160 = DIRECTION('',(1.,4.440892098501E-16,0.));
#6161 = ORIENTED_EDGE('',*,*,#6069,.T.);
#6162 = ORIENTED_EDGE('',*,*,#4974,.F.);
#6163 = ORIENTED_EDGE('',*,*,#5996,.F.);
#6164 = PLANE('',#6165);
#6165 = AXIS2_PLACEMENT_3D('',#6166,#6167,#6168);
#6166 = CARTESIAN_POINT('',(-0.127,-2.3115,0.));
#6167 = DIRECTION('',(0.,0.,1.));
#6168 = DIRECTION('',(-4.440892098501E-16,1.,0.));
#6169 = ADVANCED_FACE('',(#6170),#6181,.T.);
#6170 = FACE_BOUND('',#6171,.T.);
#6171 = EDGE_LOOP('',(#6172,#6173,#6174,#6180));
#6172 = ORIENTED_EDGE('',*,*,#5057,.T.);
#6173 = ORIENTED_EDGE('',*,*,#5102,.T.);
#6174 = ORIENTED_EDGE('',*,*,#6175,.F.);
#6175 = EDGE_CURVE('',#5816,#5095,#6176,.T.);
#6176 = LINE('',#6177,#6178);
#6177 = CARTESIAN_POINT('',(1.033723643423,-3.336276356577,3.68));
#6178 = VECTOR('',#6179,1.);
#6179 = DIRECTION('',(1.,4.440892098501E-16,0.));
#6180 = ORIENTED_EDGE('',*,*,#5815,.F.);
#6181 = B_SPLINE_SURFACE_WITH_KNOTS('',1,1,(
    (#6182,#6183)
    ,(#6184,#6185
    )),.UNSPECIFIED.,.F.,.F.,.F.,(2,2),(2,2),(0.,6.2),(0.,1.),
  .PIECEWISE_BEZIER_KNOTS.);
#6182 = CARTESIAN_POINT('',(0.71,-3.66,2.157));
#6183 = CARTESIAN_POINT('',(1.033723643423,-3.336276356577,3.68));
#6184 = CARTESIAN_POINT('',(6.91,-3.66,2.157));
#6185 = CARTESIAN_POINT('',(6.586276356577,-3.336276356577,3.68));
#6186 = ADVANCED_FACE('',(#6187),#6210,.F.);
#6187 = FACE_BOUND('',#6188,.F.);
#6188 = EDGE_LOOP('',(#6189,#6190,#6191,#6192,#6193,#6202,#6209));
#6189 = ORIENTED_EDGE('',*,*,#5094,.F.);
#6190 = ORIENTED_EDGE('',*,*,#6175,.F.);
#6191 = ORIENTED_EDGE('',*,*,#5822,.F.);
#6192 = ORIENTED_EDGE('',*,*,#5460,.F.);
#6193 = ORIENTED_EDGE('',*,*,#6194,.F.);
#6194 = EDGE_CURVE('',#6195,#5461,#6197,.T.);
#6195 = VERTEX_POINT('',#6196);
#6196 = CARTESIAN_POINT('',(3.81,0.121276356577,3.68));
#6197 = CIRCLE('',#6198,0.75);
#6198 = AXIS2_PLACEMENT_3D('',#6199,#6200,#6201);
#6199 = CARTESIAN_POINT('',(3.81,0.871276356577,3.68));
#6200 = DIRECTION('',(0.,-0.,-1.));
#6201 = DIRECTION('',(4.440892098501E-16,-1.,0.));
#6202 = ORIENTED_EDGE('',*,*,#6203,.F.);
#6203 = EDGE_CURVE('',#5681,#6195,#6204,.T.);
#6204 = CIRCLE('',#6205,0.75);
#6205 = AXIS2_PLACEMENT_3D('',#6206,#6207,#6208);
#6206 = CARTESIAN_POINT('',(3.81,0.871276356577,3.68));
#6207 = DIRECTION('',(0.,-0.,-1.));
#6208 = DIRECTION('',(4.440892098501E-16,-1.,0.));
#6209 = ORIENTED_EDGE('',*,*,#5786,.F.);
#6210 = PLANE('',#6211);
#6211 = AXIS2_PLACEMENT_3D('',#6212,#6213,#6214);
#6212 = CARTESIAN_POINT('',(6.586276356577,-3.336276356577,3.68));
#6213 = DIRECTION('',(-0.,0.,-1.));
#6214 = DIRECTION('',(-0.802204126468,0.597049863477,0.));
#6215 = ADVANCED_FACE('',(#6216),#6227,.T.);
#6216 = FACE_BOUND('',#6217,.T.);
#6217 = EDGE_LOOP('',(#6218,#6219,#6220,#6226));
#6218 = ORIENTED_EDGE('',*,*,#5185,.T.);
#6219 = ORIENTED_EDGE('',*,*,#5161,.T.);
#6220 = ORIENTED_EDGE('',*,*,#6221,.F.);
#6221 = EDGE_CURVE('',#5232,#5154,#6222,.T.);
#6222 = LINE('',#6223,#6224);
#6223 = CARTESIAN_POINT('',(7.747,-2.42575,-3.3));
#6224 = VECTOR('',#6225,1.);
#6225 = DIRECTION('',(-1.,-3.216245299353E-16,0.));
#6226 = ORIENTED_EDGE('',*,*,#5239,.F.);
#6227 = PLANE('',#6228);
#6228 = AXIS2_PLACEMENT_3D('',#6229,#6230,#6231);
#6229 = CARTESIAN_POINT('',(7.747,-2.65425,-3.3));
#6230 = DIRECTION('',(-0.,0.,-1.));
#6231 = DIRECTION('',(-3.216245299353E-16,1.,0.));
#6232 = ADVANCED_FACE('',(#6233),#6244,.T.);
#6233 = FACE_BOUND('',#6234,.T.);
#6234 = EDGE_LOOP('',(#6235,#6236,#6237,#6243));
#6235 = ORIENTED_EDGE('',*,*,#6221,.T.);
#6236 = ORIENTED_EDGE('',*,*,#5153,.T.);
#6237 = ORIENTED_EDGE('',*,*,#6238,.F.);
#6238 = EDGE_CURVE('',#5224,#5146,#6239,.T.);
#6239 = LINE('',#6240,#6241);
#6240 = CARTESIAN_POINT('',(7.747,-2.3115,-2.843));
#6241 = VECTOR('',#6242,1.);
#6242 = DIRECTION('',(-1.,-3.216245299353E-16,0.));
#6243 = ORIENTED_EDGE('',*,*,#5231,.F.);
#6244 = PLANE('',#6245);
#6245 = AXIS2_PLACEMENT_3D('',#6246,#6247,#6248);
#6246 = CARTESIAN_POINT('',(7.747,-2.42575,-3.3));
#6247 = DIRECTION('',(-3.120216255796E-16,0.970142500145,-0.242535625036
    ));
#6248 = DIRECTION('',(-7.800540639491E-17,0.242535625036,0.970142500145)
  );
#6249 = ADVANCED_FACE('',(#6250),#6256,.T.);
#6250 = FACE_BOUND('',#6251,.T.);
#6251 = EDGE_LOOP('',(#6252,#6253,#6254,#6255));
#6252 = ORIENTED_EDGE('',*,*,#6238,.T.);
#6253 = ORIENTED_EDGE('',*,*,#5145,.T.);
#6254 = ORIENTED_EDGE('',*,*,#5417,.F.);
#6255 = ORIENTED_EDGE('',*,*,#5223,.F.);
#6256 = PLANE('',#6257);
#6257 = AXIS2_PLACEMENT_3D('',#6258,#6259,#6260);
#6258 = CARTESIAN_POINT('',(7.747,-2.3115,-2.843));
#6259 = DIRECTION('',(-3.216245299353E-16,1.,0.));
#6260 = DIRECTION('',(0.,0.,1.));
#6261 = ADVANCED_FACE('',(#6262),#6273,.F.);
#6262 = FACE_BOUND('',#6263,.F.);
#6263 = EDGE_LOOP('',(#6264,#6265,#6266,#6272));
#6264 = ORIENTED_EDGE('',*,*,#5360,.T.);
#6265 = ORIENTED_EDGE('',*,*,#5402,.T.);
#6266 = ORIENTED_EDGE('',*,*,#6267,.F.);
#6267 = EDGE_CURVE('',#5322,#5395,#6268,.T.);
#6268 = LINE('',#6269,#6270);
#6269 = CARTESIAN_POINT('',(7.747,-0.11425,-3.3));
#6270 = VECTOR('',#6271,1.);
#6271 = DIRECTION('',(-1.,-3.216245299353E-16,0.));
#6272 = ORIENTED_EDGE('',*,*,#5329,.F.);
#6273 = PLANE('',#6274);
#6274 = AXIS2_PLACEMENT_3D('',#6275,#6276,#6277);
#6275 = CARTESIAN_POINT('',(7.747,0.11425,-3.3));
#6276 = DIRECTION('',(0.,0.,1.));
#6277 = DIRECTION('',(3.216245299353E-16,-1.,0.));
#6278 = ADVANCED_FACE('',(#6279),#6290,.F.);
#6279 = FACE_BOUND('',#6280,.F.);
#6280 = EDGE_LOOP('',(#6281,#6282,#6283,#6289));
#6281 = ORIENTED_EDGE('',*,*,#6267,.T.);
#6282 = ORIENTED_EDGE('',*,*,#5394,.T.);
#6283 = ORIENTED_EDGE('',*,*,#6284,.F.);
#6284 = EDGE_CURVE('',#5314,#5387,#6285,.T.);
#6285 = LINE('',#6286,#6287);
#6286 = CARTESIAN_POINT('',(7.747,-0.2285,-2.843));
#6287 = VECTOR('',#6288,1.);
#6288 = DIRECTION('',(-1.,-3.216245299353E-16,0.));
#6289 = ORIENTED_EDGE('',*,*,#5321,.F.);
#6290 = PLANE('',#6291);
#6291 = AXIS2_PLACEMENT_3D('',#6292,#6293,#6294);
#6292 = CARTESIAN_POINT('',(7.747,-0.11425,-3.3));
#6293 = DIRECTION('',(-3.120216255796E-16,0.970142500145,0.242535625036)
  );
#6294 = DIRECTION('',(7.800540639491E-17,-0.242535625036,0.970142500145)
  );
#6295 = ADVANCED_FACE('',(#6296),#6302,.F.);
#6296 = FACE_BOUND('',#6297,.F.);
#6297 = EDGE_LOOP('',(#6298,#6299,#6300,#6301));
#6298 = ORIENTED_EDGE('',*,*,#6284,.T.);
#6299 = ORIENTED_EDGE('',*,*,#5386,.T.);
#6300 = ORIENTED_EDGE('',*,*,#5434,.F.);
#6301 = ORIENTED_EDGE('',*,*,#5313,.F.);
#6302 = PLANE('',#6303);
#6303 = AXIS2_PLACEMENT_3D('',#6304,#6305,#6306);
#6304 = CARTESIAN_POINT('',(7.747,-0.2285,-2.843));
#6305 = DIRECTION('',(-3.216245299353E-16,1.,0.));
#6306 = DIRECTION('',(0.,0.,1.));
#6307 = ADVANCED_FACE('',(#6308),#6330,.F.);
#6308 = FACE_BOUND('',#6309,.F.);
#6309 = EDGE_LOOP('',(#6310,#6311,#6320,#6327,#6328,#6329));
#6310 = ORIENTED_EDGE('',*,*,#5468,.F.);
#6311 = ORIENTED_EDGE('',*,*,#6312,.F.);
#6312 = EDGE_CURVE('',#6313,#5469,#6315,.T.);
#6313 = VERTEX_POINT('',#6314);
#6314 = CARTESIAN_POINT('',(3.81,0.121276356577,3.18));
#6315 = CIRCLE('',#6316,0.75);
#6316 = AXIS2_PLACEMENT_3D('',#6317,#6318,#6319);
#6317 = CARTESIAN_POINT('',(3.81,0.871276356577,3.18));
#6318 = DIRECTION('',(0.,-0.,-1.));
#6319 = DIRECTION('',(4.440892098501E-16,-1.,0.));
#6320 = ORIENTED_EDGE('',*,*,#6321,.F.);
#6321 = EDGE_CURVE('',#5575,#6313,#6322,.T.);
#6322 = CIRCLE('',#6323,0.75);
#6323 = AXIS2_PLACEMENT_3D('',#6324,#6325,#6326);
#6324 = CARTESIAN_POINT('',(3.81,0.871276356577,3.18));
#6325 = DIRECTION('',(0.,-0.,-1.));
#6326 = DIRECTION('',(4.440892098501E-16,-1.,0.));
#6327 = ORIENTED_EDGE('',*,*,#5680,.T.);
#6328 = ORIENTED_EDGE('',*,*,#6203,.T.);
#6329 = ORIENTED_EDGE('',*,*,#6194,.T.);
#6330 = CYLINDRICAL_SURFACE('',#6331,0.75);
#6331 = AXIS2_PLACEMENT_3D('',#6332,#6333,#6334);
#6332 = CARTESIAN_POINT('',(3.81,0.871276356577,3.68));
#6333 = DIRECTION('',(-0.,0.,-1.));
#6334 = DIRECTION('',(4.440892098501E-16,-1.,-0.));
#6335 = ADVANCED_FACE('',(#6336),#6341,.F.);
#6336 = FACE_BOUND('',#6337,.F.);
#6337 = EDGE_LOOP('',(#6338,#6339,#6340));
#6338 = ORIENTED_EDGE('',*,*,#6321,.T.);
#6339 = ORIENTED_EDGE('',*,*,#6312,.T.);
#6340 = ORIENTED_EDGE('',*,*,#5574,.T.);
#6341 = PLANE('',#6342);
#6342 = AXIS2_PLACEMENT_3D('',#6343,#6344,#6345);
#6343 = CARTESIAN_POINT('',(3.81,0.871276356577,3.18));
#6344 = DIRECTION('',(-0.,0.,-1.));
#6345 = DIRECTION('',(4.440892098501E-16,-1.,-0.));
#6346 = ADVANCED_FACE('',(#6347),#6358,.T.);
#6347 = FACE_BOUND('',#6348,.T.);
#6348 = EDGE_LOOP('',(#6349,#6350,#6351,#6357));
#6349 = ORIENTED_EDGE('',*,*,#5907,.T.);
#6350 = ORIENTED_EDGE('',*,*,#5883,.T.);
#6351 = ORIENTED_EDGE('',*,*,#6352,.F.);
#6352 = EDGE_CURVE('',#5954,#5876,#6353,.T.);
#6353 = LINE('',#6354,#6355);
#6354 = CARTESIAN_POINT('',(-0.127,-0.11425,-3.3));
#6355 = VECTOR('',#6356,1.);
#6356 = DIRECTION('',(1.,4.440892098501E-16,0.));
#6357 = ORIENTED_EDGE('',*,*,#5961,.F.);
#6358 = PLANE('',#6359);
#6359 = AXIS2_PLACEMENT_3D('',#6360,#6361,#6362);
#6360 = CARTESIAN_POINT('',(-0.127,0.11425,-3.3));
#6361 = DIRECTION('',(0.,0.,-1.));
#6362 = DIRECTION('',(4.440892098501E-16,-1.,0.));
#6363 = ADVANCED_FACE('',(#6364),#6375,.T.);
#6364 = FACE_BOUND('',#6365,.T.);
#6365 = EDGE_LOOP('',(#6366,#6367,#6368,#6374));
#6366 = ORIENTED_EDGE('',*,*,#6352,.T.);
#6367 = ORIENTED_EDGE('',*,*,#5875,.T.);
#6368 = ORIENTED_EDGE('',*,*,#6369,.F.);
#6369 = EDGE_CURVE('',#5946,#5868,#6370,.T.);
#6370 = LINE('',#6371,#6372);
#6371 = CARTESIAN_POINT('',(-0.127,-0.2285,-2.843));
#6372 = VECTOR('',#6373,1.);
#6373 = DIRECTION('',(1.,4.440892098501E-16,0.));
#6374 = ORIENTED_EDGE('',*,*,#5953,.F.);
#6375 = PLANE('',#6376);
#6376 = AXIS2_PLACEMENT_3D('',#6377,#6378,#6379);
#6377 = CARTESIAN_POINT('',(-0.127,-0.11425,-3.3));
#6378 = DIRECTION('',(4.308298163317E-16,-0.970142500145,-0.242535625036
    ));
#6379 = DIRECTION('',(1.077074540829E-16,-0.242535625036,0.970142500145)
  );
#6380 = ADVANCED_FACE('',(#6381),#6387,.T.);
#6381 = FACE_BOUND('',#6382,.T.);
#6382 = EDGE_LOOP('',(#6383,#6384,#6385,#6386));
#6383 = ORIENTED_EDGE('',*,*,#6369,.T.);
#6384 = ORIENTED_EDGE('',*,*,#5867,.T.);
#6385 = ORIENTED_EDGE('',*,*,#6139,.F.);
#6386 = ORIENTED_EDGE('',*,*,#5945,.F.);
#6387 = PLANE('',#6388);
#6388 = AXIS2_PLACEMENT_3D('',#6389,#6390,#6391);
#6389 = CARTESIAN_POINT('',(-0.127,-0.2285,-2.843));
#6390 = DIRECTION('',(4.440892098501E-16,-1.,0.));
#6391 = DIRECTION('',(0.,0.,1.));
#6392 = ADVANCED_FACE('',(#6393),#6404,.F.);
#6393 = FACE_BOUND('',#6394,.F.);
#6394 = EDGE_LOOP('',(#6395,#6396,#6397,#6403));
#6395 = ORIENTED_EDGE('',*,*,#6051,.T.);
#6396 = ORIENTED_EDGE('',*,*,#6093,.T.);
#6397 = ORIENTED_EDGE('',*,*,#6398,.F.);
#6398 = EDGE_CURVE('',#6013,#6086,#6399,.T.);
#6399 = LINE('',#6400,#6401);
#6400 = CARTESIAN_POINT('',(-0.127,-2.42575,-3.3));
#6401 = VECTOR('',#6402,1.);
#6402 = DIRECTION('',(1.,4.440892098501E-16,0.));
#6403 = ORIENTED_EDGE('',*,*,#6020,.F.);
#6404 = PLANE('',#6405);
#6405 = AXIS2_PLACEMENT_3D('',#6406,#6407,#6408);
#6406 = CARTESIAN_POINT('',(-0.127,-2.65425,-3.3));
#6407 = DIRECTION('',(0.,0.,1.));
#6408 = DIRECTION('',(-4.440892098501E-16,1.,0.));
#6409 = ADVANCED_FACE('',(#6410),#6421,.F.);
#6410 = FACE_BOUND('',#6411,.F.);
#6411 = EDGE_LOOP('',(#6412,#6413,#6414,#6420));
#6412 = ORIENTED_EDGE('',*,*,#6398,.T.);
#6413 = ORIENTED_EDGE('',*,*,#6085,.T.);
#6414 = ORIENTED_EDGE('',*,*,#6415,.F.);
#6415 = EDGE_CURVE('',#6005,#6078,#6416,.T.);
#6416 = LINE('',#6417,#6418);
#6417 = CARTESIAN_POINT('',(-0.127,-2.3115,-2.843));
#6418 = VECTOR('',#6419,1.);
#6419 = DIRECTION('',(1.,4.440892098501E-16,0.));
#6420 = ORIENTED_EDGE('',*,*,#6012,.F.);
#6421 = PLANE('',#6422);
#6422 = AXIS2_PLACEMENT_3D('',#6423,#6424,#6425);
#6423 = CARTESIAN_POINT('',(-0.127,-2.42575,-3.3));
#6424 = DIRECTION('',(4.308298163317E-16,-0.970142500145,0.242535625036)
  );
#6425 = DIRECTION('',(-1.077074540829E-16,0.242535625036,0.970142500145)
  );
#6426 = ADVANCED_FACE('',(#6427),#6433,.F.);
#6427 = FACE_BOUND('',#6428,.F.);
#6428 = EDGE_LOOP('',(#6429,#6430,#6431,#6432));
#6429 = ORIENTED_EDGE('',*,*,#6415,.T.);
#6430 = ORIENTED_EDGE('',*,*,#6077,.T.);
#6431 = ORIENTED_EDGE('',*,*,#6156,.F.);
#6432 = ORIENTED_EDGE('',*,*,#6004,.F.);
#6433 = PLANE('',#6434);
#6434 = AXIS2_PLACEMENT_3D('',#6435,#6436,#6437);
#6435 = CARTESIAN_POINT('',(-0.127,-2.3115,-2.843));
#6436 = DIRECTION('',(4.440892098501E-16,-1.,0.));
#6437 = DIRECTION('',(0.,0.,1.));
#6438 = ( GEOMETRIC_REPRESENTATION_CONTEXT(3) 
GLOBAL_UNCERTAINTY_ASSIGNED_CONTEXT((#6442)) 
GLOBAL_UNIT_ASSIGNED_CONTEXT((#6439,#6440,#6441)) REPRESENTATION_CONTEXT
('Context #1','3D Context with UNIT and UNCERTAINTY') );
#6439 = ( LENGTH_UNIT() NAMED_UNIT(*) SI_UNIT(.MILLI.,.METRE.) );
#6440 = ( NAMED_UNIT(*) PLANE_ANGLE_UNIT() SI_UNIT($,.RADIAN.) );
#6441 = ( NAMED_UNIT(*) SI_UNIT($,.STERADIAN.) SOLID_ANGLE_UNIT() );
#6442 = UNCERTAINTY_MEASURE_WITH_UNIT(LENGTH_MEASURE(1.E-07),#6439,
  'distance_accuracy_value','confusion accuracy');
#6443 = CONTEXT_DEPENDENT_SHAPE_REPRESENTATION(#6444,#6446);
#6444 = ( REPRESENTATION_RELATIONSHIP('','',#3781,#10) 
REPRESENTATION_RELATIONSHIP_WITH_TRANSFORMATION(#6445) 
SHAPE_REPRESENTATION_RELATIONSHIP() );
#6445 = ITEM_DEFINED_TRANSFORMATION('','',#11,#71);
#6446 = PRODUCT_DEFINITION_SHAPE('Placement','Placement of an item',
  #6447);
#6447 = NEXT_ASSEMBLY_USAGE_OCCURRENCE('15','U4','',#5,#3776,$);
#6448 = PRODUCT_RELATED_PRODUCT_CATEGORY('part',$,(#3778));
#6449 = CONTEXT_DEPENDENT_SHAPE_REPRESENTATION(#6450,#6452);
#6450 = ( REPRESENTATION_RELATIONSHIP('','',#176,#10) 
REPRESENTATION_RELATIONSHIP_WITH_TRANSFORMATION(#6451) 
SHAPE_REPRESENTATION_RELATIONSHIP() );
#6451 = ITEM_DEFINED_TRANSFORMATION('','',#11,#75);
#6452 = PRODUCT_DEFINITION_SHAPE('Placement','Placement of an item',
  #6453);
#6453 = NEXT_ASSEMBLY_USAGE_OCCURRENCE('16','R10','',#5,#171,$);
#6454 = CONTEXT_DEPENDENT_SHAPE_REPRESENTATION(#6455,#6457);
#6455 = ( REPRESENTATION_RELATIONSHIP('','',#1382,#10) 
REPRESENTATION_RELATIONSHIP_WITH_TRANSFORMATION(#6456) 
SHAPE_REPRESENTATION_RELATIONSHIP() );
#6456 = ITEM_DEFINED_TRANSFORMATION('','',#11,#79);
#6457 = PRODUCT_DEFINITION_SHAPE('Placement','Placement of an item',
  #6458);
#6458 = NEXT_ASSEMBLY_USAGE_OCCURRENCE('17','D2','',#5,#1377,$);
#6459 = CONTEXT_DEPENDENT_SHAPE_REPRESENTATION(#6460,#6462);
#6460 = ( REPRESENTATION_RELATIONSHIP('','',#582,#10) 
REPRESENTATION_RELATIONSHIP_WITH_TRANSFORMATION(#6461) 
SHAPE_REPRESENTATION_RELATIONSHIP() );
#6461 = ITEM_DEFINED_TRANSFORMATION('','',#11,#83);
#6462 = PRODUCT_DEFINITION_SHAPE('Placement','Placement of an item',
  #6463);
#6463 = NEXT_ASSEMBLY_USAGE_OCCURRENCE('18','Q1','',#5,#577,$);
#6464 = CONTEXT_DEPENDENT_SHAPE_REPRESENTATION(#6465,#6467);
#6465 = ( REPRESENTATION_RELATIONSHIP('','',#176,#10) 
REPRESENTATION_RELATIONSHIP_WITH_TRANSFORMATION(#6466) 
SHAPE_REPRESENTATION_RELATIONSHIP() );
#6466 = ITEM_DEFINED_TRANSFORMATION('','',#11,#87);
#6467 = PRODUCT_DEFINITION_SHAPE('Placement','Placement of an item',
  #6468);
#6468 = NEXT_ASSEMBLY_USAGE_OCCURRENCE('19','R6','',#5,#171,$);
#6469 = CONTEXT_DEPENDENT_SHAPE_REPRESENTATION(#6470,#6472);
#6470 = ( REPRESENTATION_RELATIONSHIP('','',#3337,#10) 
REPRESENTATION_RELATIONSHIP_WITH_TRANSFORMATION(#6471) 
SHAPE_REPRESENTATION_RELATIONSHIP() );
#6471 = ITEM_DEFINED_TRANSFORMATION('','',#11,#91);
#6472 = PRODUCT_DEFINITION_SHAPE('Placement','Placement of an item',
  #6473);
#6473 = NEXT_ASSEMBLY_USAGE_OCCURRENCE('20','D5','',#5,#3332,$);
#6474 = CONTEXT_DEPENDENT_SHAPE_REPRESENTATION(#6475,#6477);
#6475 = ( REPRESENTATION_RELATIONSHIP('','',#176,#10) 
REPRESENTATION_RELATIONSHIP_WITH_TRANSFORMATION(#6476) 
SHAPE_REPRESENTATION_RELATIONSHIP() );
#6476 = ITEM_DEFINED_TRANSFORMATION('','',#11,#95);
#6477 = PRODUCT_DEFINITION_SHAPE('Placement','Placement of an item',
  #6478);
#6478 = NEXT_ASSEMBLY_USAGE_OCCURRENCE('21','R4','',#5,#171,$);
#6479 = CONTEXT_DEPENDENT_SHAPE_REPRESENTATION(#6480,#6482);
#6480 = ( REPRESENTATION_RELATIONSHIP('','',#176,#10) 
REPRESENTATION_RELATIONSHIP_WITH_TRANSFORMATION(#6481) 
SHAPE_REPRESENTATION_RELATIONSHIP() );
#6481 = ITEM_DEFINED_TRANSFORMATION('','',#11,#99);
#6482 = PRODUCT_DEFINITION_SHAPE('Placement','Placement of an item',
  #6483);
#6483 = NEXT_ASSEMBLY_USAGE_OCCURRENCE('22','R7','',#5,#171,$);
#6484 = CONTEXT_DEPENDENT_SHAPE_REPRESENTATION(#6485,#6487);
#6485 = ( REPRESENTATION_RELATIONSHIP('','',#176,#10) 
REPRESENTATION_RELATIONSHIP_WITH_TRANSFORMATION(#6486) 
SHAPE_REPRESENTATION_RELATIONSHIP() );
#6486 = ITEM_DEFINED_TRANSFORMATION('','',#11,#103);
#6487 = PRODUCT_DEFINITION_SHAPE('Placement','Placement of an item',
  #6488);
#6488 = NEXT_ASSEMBLY_USAGE_OCCURRENCE('23','R3','',#5,#171,$);
#6489 = CONTEXT_DEPENDENT_SHAPE_REPRESENTATION(#6490,#6492);
#6490 = ( REPRESENTATION_RELATIONSHIP('','',#3781,#10) 
REPRESENTATION_RELATIONSHIP_WITH_TRANSFORMATION(#6491) 
SHAPE_REPRESENTATION_RELATIONSHIP() );
#6491 = ITEM_DEFINED_TRANSFORMATION('','',#11,#107);
#6492 = PRODUCT_DEFINITION_SHAPE('Placement','Placement of an item',
  #6493);
#6493 = NEXT_ASSEMBLY_USAGE_OCCURRENCE('24','U3','',#5,#3776,$);
#6494 = CONTEXT_DEPENDENT_SHAPE_REPRESENTATION(#6495,#6497);
#6495 = ( REPRESENTATION_RELATIONSHIP('','',#3337,#10) 
REPRESENTATION_RELATIONSHIP_WITH_TRANSFORMATION(#6496) 
SHAPE_REPRESENTATION_RELATIONSHIP() );
#6496 = ITEM_DEFINED_TRANSFORMATION('','',#11,#111);
#6497 = PRODUCT_DEFINITION_SHAPE('Placement','Placement of an item',
  #6498);
#6498 = NEXT_ASSEMBLY_USAGE_OCCURRENCE('25','D4','',#5,#3332,$);
#6499 = CONTEXT_DEPENDENT_SHAPE_REPRESENTATION(#6500,#6502);
#6500 = ( REPRESENTATION_RELATIONSHIP('','',#176,#10) 
REPRESENTATION_RELATIONSHIP_WITH_TRANSFORMATION(#6501) 
SHAPE_REPRESENTATION_RELATIONSHIP() );
#6501 = ITEM_DEFINED_TRANSFORMATION('','',#11,#115);
#6502 = PRODUCT_DEFINITION_SHAPE('Placement','Placement of an item',
  #6503);
#6503 = NEXT_ASSEMBLY_USAGE_OCCURRENCE('26','R19','',#5,#171,$);
#6504 = SHAPE_DEFINITION_REPRESENTATION(#6505,#6511);
#6505 = PRODUCT_DEFINITION_SHAPE('','',#6506);
#6506 = PRODUCT_DEFINITION('design','',#6507,#6510);
#6507 = PRODUCT_DEFINITION_FORMATION('','',#6508);
#6508 = PRODUCT('CP_Radial_D13.0mm_P5.00mm','CP_Radial_D13.0mm_P5.00mm',
  '',(#6509));
#6509 = PRODUCT_CONTEXT('',#2,'mechanical');
#6510 = PRODUCT_DEFINITION_CONTEXT('part definition',#2,'design');
#6511 = ADVANCED_BREP_SHAPE_REPRESENTATION('',(#11,#6512),#8847);
#6512 = BREP_WITH_VOIDS('',#6513,(#8725));
#6513 = CLOSED_SHELL('',(#6514,#6531,#6556,#6605,#6638,#6656,#6681,#6713
    ,#6731,#6740,#6778,#6800,#6863,#6891,#7065,#7131,#7200,#7318,#7492,
    #7572,#7606,#7686,#7718,#7784,#8098,#8132,#8147,#8165,#8183,#8201,
    #8233,#8251,#8394,#8446,#8470,#8494,#8518,#8580,#8597,#8621,#8637,
    #8661,#8673,#8689,#8701,#8713));
#6514 = ADVANCED_FACE('',(#6515),#6526,.F.);
#6515 = FACE_BOUND('',#6516,.F.);
#6516 = EDGE_LOOP('',(#6517));
#6517 = ORIENTED_EDGE('',*,*,#6518,.T.);
#6518 = EDGE_CURVE('',#6519,#6519,#6521,.T.);
#6519 = VERTEX_POINT('',#6520);
#6520 = CARTESIAN_POINT('',(4.55,-2.510525938252E-16,-1.9));
#6521 = CIRCLE('',#6522,0.45);
#6522 = AXIS2_PLACEMENT_3D('',#6523,#6524,#6525);
#6523 = CARTESIAN_POINT('',(5.,-3.061616997868E-16,-1.9));
#6524 = DIRECTION('',(0.,0.,1.));
#6525 = DIRECTION('',(-1.,1.224646799147E-16,0.));
#6526 = PLANE('',#6527);
#6527 = AXIS2_PLACEMENT_3D('',#6528,#6529,#6530);
#6528 = CARTESIAN_POINT('',(5.,-3.590128380361E-16,-1.9));
#6529 = DIRECTION('',(0.,0.,1.));
#6530 = DIRECTION('',(-1.,1.224646799147E-16,0.));
#6531 = ADVANCED_FACE('',(#6532),#6551,.T.);
#6532 = FACE_BOUND('',#6533,.T.);
#6533 = EDGE_LOOP('',(#6534,#6543,#6549,#6550));
#6534 = ORIENTED_EDGE('',*,*,#6535,.F.);
#6535 = EDGE_CURVE('',#6536,#6536,#6538,.T.);
#6536 = VERTEX_POINT('',#6537);
#6537 = CARTESIAN_POINT('',(4.55,-2.510525938252E-16,0.2));
#6538 = CIRCLE('',#6539,0.45);
#6539 = AXIS2_PLACEMENT_3D('',#6540,#6541,#6542);
#6540 = CARTESIAN_POINT('',(5.,-3.061616997868E-16,0.2));
#6541 = DIRECTION('',(0.,0.,1.));
#6542 = DIRECTION('',(-1.,1.224646799147E-16,0.));
#6543 = ORIENTED_EDGE('',*,*,#6544,.T.);
#6544 = EDGE_CURVE('',#6536,#6519,#6545,.T.);
#6545 = LINE('',#6546,#6547);
#6546 = CARTESIAN_POINT('',(4.55,-2.510525938252E-16,0.3));
#6547 = VECTOR('',#6548,1.);
#6548 = DIRECTION('',(0.,0.,-1.));
#6549 = ORIENTED_EDGE('',*,*,#6518,.T.);
#6550 = ORIENTED_EDGE('',*,*,#6544,.F.);
#6551 = CYLINDRICAL_SURFACE('',#6552,0.45);
#6552 = AXIS2_PLACEMENT_3D('',#6553,#6554,#6555);
#6553 = CARTESIAN_POINT('',(5.,-3.061616997868E-16,0.3));
#6554 = DIRECTION('',(0.,0.,1.));
#6555 = DIRECTION('',(-1.,1.224646799147E-16,0.));
#6556 = ADVANCED_FACE('',(#6557,#6586,#6589),#6600,.F.);
#6557 = FACE_BOUND('',#6558,.F.);
#6558 = EDGE_LOOP('',(#6559,#6570,#6579));
#6559 = ORIENTED_EDGE('',*,*,#6560,.T.);
#6560 = EDGE_CURVE('',#6561,#6563,#6565,.T.);
#6561 = VERTEX_POINT('',#6562);
#6562 = CARTESIAN_POINT('',(-2.05,5.57214293612E-16,0.2));
#6563 = VERTEX_POINT('',#6564);
#6564 = CARTESIAN_POINT('',(6.703651872926,-1.741209617261,0.2));
#6565 = CIRCLE('',#6566,4.55);
#6566 = AXIS2_PLACEMENT_3D('',#6567,#6568,#6569);
#6567 = CARTESIAN_POINT('',(2.5,0.,0.2));
#6568 = DIRECTION('',(0.,0.,1.));
#6569 = DIRECTION('',(-1.,1.224646799147E-16,0.));
#6570 = ORIENTED_EDGE('',*,*,#6571,.T.);
#6571 = EDGE_CURVE('',#6563,#6572,#6574,.T.);
#6572 = VERTEX_POINT('',#6573);
#6573 = CARTESIAN_POINT('',(6.703651872926,1.741209617261,0.2));
#6574 = CIRCLE('',#6575,4.55);
#6575 = AXIS2_PLACEMENT_3D('',#6576,#6577,#6578);
#6576 = CARTESIAN_POINT('',(2.5,0.,0.2));
#6577 = DIRECTION('',(0.,0.,1.));
#6578 = DIRECTION('',(-1.,1.224646799147E-16,0.));
#6579 = ORIENTED_EDGE('',*,*,#6580,.T.);
#6580 = EDGE_CURVE('',#6572,#6561,#6581,.T.);
#6581 = CIRCLE('',#6582,4.55);
#6582 = AXIS2_PLACEMENT_3D('',#6583,#6584,#6585);
#6583 = CARTESIAN_POINT('',(2.5,0.,0.2));
#6584 = DIRECTION('',(0.,0.,1.));
#6585 = DIRECTION('',(-1.,1.224646799147E-16,0.));
#6586 = FACE_BOUND('',#6587,.F.);
#6587 = EDGE_LOOP('',(#6588));
#6588 = ORIENTED_EDGE('',*,*,#6535,.F.);
#6589 = FACE_BOUND('',#6590,.F.);
#6590 = EDGE_LOOP('',(#6591));
#6591 = ORIENTED_EDGE('',*,*,#6592,.F.);
#6592 = EDGE_CURVE('',#6593,#6593,#6595,.T.);
#6593 = VERTEX_POINT('',#6594);
#6594 = CARTESIAN_POINT('',(-0.45,3.612708057485E-16,0.2));
#6595 = CIRCLE('',#6596,0.45);
#6596 = AXIS2_PLACEMENT_3D('',#6597,#6598,#6599);
#6597 = CARTESIAN_POINT('',(0.,3.061616997868E-16,0.2));
#6598 = DIRECTION('',(0.,0.,1.));
#6599 = DIRECTION('',(-1.,1.224646799147E-16,0.));
#6600 = PLANE('',#6601);
#6601 = AXIS2_PLACEMENT_3D('',#6602,#6603,#6604);
#6602 = CARTESIAN_POINT('',(2.5,-4.153344878609E-16,0.2));
#6603 = DIRECTION('',(-3.969231298661E-34,-1.102016966034E-34,1.));
#6604 = DIRECTION('',(-1.,1.224646799147E-16,-3.969231298661E-34));
#6605 = ADVANCED_FACE('',(#6606),#6633,.F.);
#6606 = FACE_BOUND('',#6607,.F.);
#6607 = EDGE_LOOP('',(#6608,#6616,#6617,#6618,#6626));
#6608 = ORIENTED_EDGE('',*,*,#6609,.F.);
#6609 = EDGE_CURVE('',#6563,#6610,#6612,.T.);
#6610 = VERTEX_POINT('',#6611);
#6611 = CARTESIAN_POINT('',(6.703651872926,-1.741209617261,0.));
#6612 = LINE('',#6613,#6614);
#6613 = CARTESIAN_POINT('',(6.703651872926,-1.741209617261,0.3));
#6614 = VECTOR('',#6615,1.);
#6615 = DIRECTION('',(0.,0.,-1.));
#6616 = ORIENTED_EDGE('',*,*,#6560,.F.);
#6617 = ORIENTED_EDGE('',*,*,#6580,.F.);
#6618 = ORIENTED_EDGE('',*,*,#6619,.T.);
#6619 = EDGE_CURVE('',#6572,#6620,#6622,.T.);
#6620 = VERTEX_POINT('',#6621);
#6621 = CARTESIAN_POINT('',(6.703651872926,1.741209617261,0.));
#6622 = LINE('',#6623,#6624);
#6623 = CARTESIAN_POINT('',(6.703651872926,1.741209617261,0.3));
#6624 = VECTOR('',#6625,1.);
#6625 = DIRECTION('',(0.,0.,-1.));
#6626 = ORIENTED_EDGE('',*,*,#6627,.F.);
#6627 = EDGE_CURVE('',#6610,#6620,#6628,.T.);
#6628 = CIRCLE('',#6629,4.55);
#6629 = AXIS2_PLACEMENT_3D('',#6630,#6631,#6632);
#6630 = CARTESIAN_POINT('',(2.5,0.,0.));
#6631 = DIRECTION('',(0.,-0.,-1.));
#6632 = DIRECTION('',(0.923879532511,-0.382683432365,0.));
#6633 = CYLINDRICAL_SURFACE('',#6634,4.55);
#6634 = AXIS2_PLACEMENT_3D('',#6635,#6636,#6637);
#6635 = CARTESIAN_POINT('',(2.5,0.,0.3));
#6636 = DIRECTION('',(0.,0.,-1.));
#6637 = DIRECTION('',(0.923879532511,-0.382683432365,0.));
#6638 = ADVANCED_FACE('',(#6639),#6651,.F.);
#6639 = FACE_BOUND('',#6640,.F.);
#6640 = EDGE_LOOP('',(#6641,#6642,#6643,#6644));
#6641 = ORIENTED_EDGE('',*,*,#6619,.F.);
#6642 = ORIENTED_EDGE('',*,*,#6571,.F.);
#6643 = ORIENTED_EDGE('',*,*,#6609,.T.);
#6644 = ORIENTED_EDGE('',*,*,#6645,.F.);
#6645 = EDGE_CURVE('',#6620,#6610,#6646,.T.);
#6646 = CIRCLE('',#6647,4.55);
#6647 = AXIS2_PLACEMENT_3D('',#6648,#6649,#6650);
#6648 = CARTESIAN_POINT('',(2.5,0.,0.));
#6649 = DIRECTION('',(0.,0.,-1.));
#6650 = DIRECTION('',(0.923879532511,0.382683432365,0.));
#6651 = CYLINDRICAL_SURFACE('',#6652,4.55);
#6652 = AXIS2_PLACEMENT_3D('',#6653,#6654,#6655);
#6653 = CARTESIAN_POINT('',(2.5,0.,0.3));
#6654 = DIRECTION('',(0.,0.,-1.));
#6655 = DIRECTION('',(0.923879532511,0.382683432365,0.));
#6656 = ADVANCED_FACE('',(#6657),#6676,.T.);
#6657 = FACE_BOUND('',#6658,.T.);
#6658 = EDGE_LOOP('',(#6659,#6660,#6668,#6675));
#6659 = ORIENTED_EDGE('',*,*,#6592,.F.);
#6660 = ORIENTED_EDGE('',*,*,#6661,.T.);
#6661 = EDGE_CURVE('',#6593,#6662,#6664,.T.);
#6662 = VERTEX_POINT('',#6663);
#6663 = CARTESIAN_POINT('',(-0.45,3.612708057485E-16,-2.));
#6664 = LINE('',#6665,#6666);
#6665 = CARTESIAN_POINT('',(-0.45,3.612708057485E-16,0.3));
#6666 = VECTOR('',#6667,1.);
#6667 = DIRECTION('',(0.,0.,-1.));
#6668 = ORIENTED_EDGE('',*,*,#6669,.T.);
#6669 = EDGE_CURVE('',#6662,#6662,#6670,.T.);
#6670 = CIRCLE('',#6671,0.45);
#6671 = AXIS2_PLACEMENT_3D('',#6672,#6673,#6674);
#6672 = CARTESIAN_POINT('',(0.,3.061616997868E-16,-2.));
#6673 = DIRECTION('',(0.,0.,1.));
#6674 = DIRECTION('',(-1.,1.224646799147E-16,0.));
#6675 = ORIENTED_EDGE('',*,*,#6661,.F.);
#6676 = CYLINDRICAL_SURFACE('',#6677,0.45);
#6677 = AXIS2_PLACEMENT_3D('',#6678,#6679,#6680);
#6678 = CARTESIAN_POINT('',(0.,3.061616997868E-16,0.3));
#6679 = DIRECTION('',(0.,0.,1.));
#6680 = DIRECTION('',(-1.,1.224646799147E-16,0.));
#6681 = ADVANCED_FACE('',(#6682),#6708,.T.);
#6682 = FACE_BOUND('',#6683,.F.);
#6683 = EDGE_LOOP('',(#6684,#6685,#6693,#6702));
#6684 = ORIENTED_EDGE('',*,*,#6627,.T.);
#6685 = ORIENTED_EDGE('',*,*,#6686,.T.);
#6686 = EDGE_CURVE('',#6620,#6687,#6689,.T.);
#6687 = VERTEX_POINT('',#6688);
#6688 = CARTESIAN_POINT('',(8.320441054821,2.4109056239,
    -1.387778780781E-17));
#6689 = LINE('',#6690,#6691);
#6690 = CARTESIAN_POINT('',(6.703651872926,1.741209617261,0.));
#6691 = VECTOR('',#6692,1.);
#6692 = DIRECTION('',(0.923879532511,0.382683432365,0.));
#6693 = ORIENTED_EDGE('',*,*,#6694,.F.);
#6694 = EDGE_CURVE('',#6695,#6687,#6697,.T.);
#6695 = VERTEX_POINT('',#6696);
#6696 = CARTESIAN_POINT('',(8.320441054821,-2.4109056239,
    -1.387778780781E-17));
#6697 = CIRCLE('',#6698,6.3);
#6698 = AXIS2_PLACEMENT_3D('',#6699,#6700,#6701);
#6699 = CARTESIAN_POINT('',(2.5,0.,-1.387778780781E-17));
#6700 = DIRECTION('',(0.,-0.,-1.));
#6701 = DIRECTION('',(0.923879532511,-0.382683432365,0.));
#6702 = ORIENTED_EDGE('',*,*,#6703,.F.);
#6703 = EDGE_CURVE('',#6610,#6695,#6704,.T.);
#6704 = LINE('',#6705,#6706);
#6705 = CARTESIAN_POINT('',(6.703651872926,-1.741209617261,0.));
#6706 = VECTOR('',#6707,1.);
#6707 = DIRECTION('',(0.923879532511,-0.382683432365,0.));
#6708 = PLANE('',#6709);
#6709 = AXIS2_PLACEMENT_3D('',#6710,#6711,#6712);
#6710 = CARTESIAN_POINT('',(2.5,0.,0.));
#6711 = DIRECTION('',(0.,0.,-1.));
#6712 = DIRECTION('',(0.923879532511,-0.382683432365,0.));
#6713 = ADVANCED_FACE('',(#6714),#6726,.T.);
#6714 = FACE_BOUND('',#6715,.F.);
#6715 = EDGE_LOOP('',(#6716,#6717,#6718,#6725));
#6716 = ORIENTED_EDGE('',*,*,#6645,.T.);
#6717 = ORIENTED_EDGE('',*,*,#6703,.T.);
#6718 = ORIENTED_EDGE('',*,*,#6719,.F.);
#6719 = EDGE_CURVE('',#6687,#6695,#6720,.T.);
#6720 = CIRCLE('',#6721,6.3);
#6721 = AXIS2_PLACEMENT_3D('',#6722,#6723,#6724);
#6722 = CARTESIAN_POINT('',(2.5,0.,-1.387778780781E-17));
#6723 = DIRECTION('',(0.,0.,-1.));
#6724 = DIRECTION('',(0.923879532511,0.382683432365,0.));
#6725 = ORIENTED_EDGE('',*,*,#6686,.F.);
#6726 = PLANE('',#6727);
#6727 = AXIS2_PLACEMENT_3D('',#6728,#6729,#6730);
#6728 = CARTESIAN_POINT('',(2.5,0.,0.));
#6729 = DIRECTION('',(0.,0.,-1.));
#6730 = DIRECTION('',(0.923879532511,0.382683432365,0.));
#6731 = ADVANCED_FACE('',(#6732),#6735,.F.);
#6732 = FACE_BOUND('',#6733,.F.);
#6733 = EDGE_LOOP('',(#6734));
#6734 = ORIENTED_EDGE('',*,*,#6669,.T.);
#6735 = PLANE('',#6736);
#6736 = AXIS2_PLACEMENT_3D('',#6737,#6738,#6739);
#6737 = CARTESIAN_POINT('',(-4.440892098501E-16,2.533105615376E-16,-2.)
  );
#6738 = DIRECTION('',(0.,0.,1.));
#6739 = DIRECTION('',(-1.,1.224646799147E-16,0.));
#6740 = ADVANCED_FACE('',(#6741),#6769,.F.);
#6741 = FACE_BOUND('',#6742,.F.);
#6742 = EDGE_LOOP('',(#6743,#6744,#6753,#6762));
#6743 = ORIENTED_EDGE('',*,*,#6694,.T.);
#6744 = ORIENTED_EDGE('',*,*,#6745,.T.);
#6745 = EDGE_CURVE('',#6687,#6746,#6748,.T.);
#6746 = VERTEX_POINT('',#6747);
#6747 = CARTESIAN_POINT('',(8.505216961323,2.487442310373,0.2));
#6748 = CIRCLE('',#6749,0.2);
#6749 = AXIS2_PLACEMENT_3D('',#6750,#6751,#6752);
#6750 = CARTESIAN_POINT('',(8.320441054821,2.4109056239,0.2));
#6751 = DIRECTION('',(0.382683432365,-0.923879532511,-1.972152263053E-31
    ));
#6752 = DIRECTION('',(-4.102849315896E-15,-1.699455831017E-15,-1.));
#6753 = ORIENTED_EDGE('',*,*,#6754,.F.);
#6754 = EDGE_CURVE('',#6755,#6746,#6757,.T.);
#6755 = VERTEX_POINT('',#6756);
#6756 = CARTESIAN_POINT('',(8.505216961323,-2.487442310373,0.2));
#6757 = CIRCLE('',#6758,6.5);
#6758 = AXIS2_PLACEMENT_3D('',#6759,#6760,#6761);
#6759 = CARTESIAN_POINT('',(2.5,0.,0.2));
#6760 = DIRECTION('',(0.,-0.,-1.));
#6761 = DIRECTION('',(0.923879532511,-0.382683432365,0.));
#6762 = ORIENTED_EDGE('',*,*,#6763,.F.);
#6763 = EDGE_CURVE('',#6695,#6755,#6764,.T.);
#6764 = CIRCLE('',#6765,0.2);
#6765 = AXIS2_PLACEMENT_3D('',#6766,#6767,#6768);
#6766 = CARTESIAN_POINT('',(8.320441054821,-2.4109056239,0.2));
#6767 = DIRECTION('',(-0.382683432365,-0.923879532511,1.972152263053E-31
    ));
#6768 = DIRECTION('',(-4.102849315896E-15,1.699455831017E-15,-1.));
#6769 = SURFACE_OF_REVOLUTION('',#6770,#6775);
#6770 = CIRCLE('',#6771,0.2);
#6771 = AXIS2_PLACEMENT_3D('',#6772,#6773,#6774);
#6772 = CARTESIAN_POINT('',(8.320441054821,-2.4109056239,0.2));
#6773 = DIRECTION('',(-0.382683432365,-0.923879532511,0.));
#6774 = DIRECTION('',(-4.102849315896E-15,1.699455831017E-15,-1.));
#6775 = AXIS1_PLACEMENT('',#6776,#6777);
#6776 = CARTESIAN_POINT('',(2.5,0.,0.));
#6777 = DIRECTION('',(0.,0.,-1.));
#6778 = ADVANCED_FACE('',(#6779),#6791,.F.);
#6779 = FACE_BOUND('',#6780,.F.);
#6780 = EDGE_LOOP('',(#6781,#6782,#6783,#6790));
#6781 = ORIENTED_EDGE('',*,*,#6719,.T.);
#6782 = ORIENTED_EDGE('',*,*,#6763,.T.);
#6783 = ORIENTED_EDGE('',*,*,#6784,.F.);
#6784 = EDGE_CURVE('',#6746,#6755,#6785,.T.);
#6785 = CIRCLE('',#6786,6.5);
#6786 = AXIS2_PLACEMENT_3D('',#6787,#6788,#6789);
#6787 = CARTESIAN_POINT('',(2.5,0.,0.2));
#6788 = DIRECTION('',(0.,0.,-1.));
#6789 = DIRECTION('',(0.923879532511,0.382683432365,0.));
#6790 = ORIENTED_EDGE('',*,*,#6745,.F.);
#6791 = SURFACE_OF_REVOLUTION('',#6792,#6797);
#6792 = CIRCLE('',#6793,0.2);
#6793 = AXIS2_PLACEMENT_3D('',#6794,#6795,#6796);
#6794 = CARTESIAN_POINT('',(8.320441054821,2.4109056239,0.2));
#6795 = DIRECTION('',(0.382683432365,-0.923879532511,1.972152263054E-31)
  );
#6796 = DIRECTION('',(-4.102849315896E-15,-1.699455831017E-15,-1.));
#6797 = AXIS1_PLACEMENT('',#6798,#6799);
#6798 = CARTESIAN_POINT('',(2.5,0.,0.));
#6799 = DIRECTION('',(0.,0.,-1.));
#6800 = ADVANCED_FACE('',(#6801),#6858,.T.);
#6801 = FACE_BOUND('',#6802,.T.);
#6802 = EDGE_LOOP('',(#6803,#6845,#6851,#6852));
#6803 = ORIENTED_EDGE('',*,*,#6804,.T.);
#6804 = EDGE_CURVE('',#6805,#6807,#6809,.T.);
#6805 = VERTEX_POINT('',#6806);
#6806 = CARTESIAN_POINT('',(8.505216961323,-2.487442310373,
    1.064979142851));
#6807 = VERTEX_POINT('',#6808);
#6808 = CARTESIAN_POINT('',(8.505216961323,2.487442310373,1.064979142851
    ));
#6809 = B_SPLINE_CURVE_WITH_KNOTS('',12,(#6810,#6811,#6812,#6813,#6814,
    #6815,#6816,#6817,#6818,#6819,#6820,#6821,#6822,#6823,#6824,#6825,
    #6826,#6827,#6828,#6829,#6830,#6831,#6832,#6833,#6834,#6835,#6836,
    #6837,#6838,#6839,#6840,#6841,#6842,#6843,#6844),.UNSPECIFIED.,.F.,
  .F.,(13,11,11,13),(-1.522600668116,-6.491112468981E-16,35.735616434584
    ,37.258217102701),.UNSPECIFIED.);
#6810 = CARTESIAN_POINT('',(9.08789101112,-1.080742716912,1.064979142851
    ));
#6811 = CARTESIAN_POINT('',(9.038998344818,-1.198780054999,
    1.064979142851));
#6812 = CARTESIAN_POINT('',(8.990166859513,-1.316669689091,
    1.064979142851));
#6813 = CARTESIAN_POINT('',(8.941396555206,-1.43441161919,1.064979142851
    ));
#6814 = CARTESIAN_POINT('',(8.892687431897,-1.552005845296,
    1.064979142851));
#6815 = CARTESIAN_POINT('',(8.844039489584,-1.669452367408,
    1.064979142851));
#6816 = CARTESIAN_POINT('',(8.795452728269,-1.786751185527,
    1.064979142851));
#6817 = CARTESIAN_POINT('',(8.746927147952,-1.903902299651,
    1.064979142851));
#6818 = CARTESIAN_POINT('',(8.698462748631,-2.020905709783,
    1.064979142851));
#6819 = CARTESIAN_POINT('',(8.650059530308,-2.137761415921,
    1.064979142851));
#6820 = CARTESIAN_POINT('',(8.601717492983,-2.254469418065,
    1.064979142851));
#6821 = CARTESIAN_POINT('',(8.553436636654,-2.371029716216,
    1.064979142851));
#6822 = CARTESIAN_POINT('',(7.373495520298,-5.219659562125,
    1.064979142851));
#6823 = CARTESIAN_POINT('',(4.86780262688,-7.431812727827,1.064979179779
    ));
#6824 = CARTESIAN_POINT('',(1.250868920553,-8.308196673341,
    1.064978655491));
#6825 = CARTESIAN_POINT('',(-2.627584089052,-7.168186223986,
    1.064980758497));
#6826 = CARTESIAN_POINT('',(-5.515248362651,-4.323112456286,
    1.064976114667));
#6827 = CARTESIAN_POINT('',(-6.96260039589,4.260147790092E-12,
    1.064982830828));
#6828 = CARTESIAN_POINT('',(-5.515248362651,4.323112456278,
    1.064976114667));
#6829 = CARTESIAN_POINT('',(-2.627584089053,7.168186223993,
    1.064980758497));
#6830 = CARTESIAN_POINT('',(1.250868920554,8.308196673337,1.064978655491
    ));
#6831 = CARTESIAN_POINT('',(4.86780262688,7.431812727829,1.064979179779)
  );
#6832 = CARTESIAN_POINT('',(7.373495520298,5.219659562125,1.064979142851
    ));
#6833 = CARTESIAN_POINT('',(8.553436636654,2.371029716216,1.064979142851
    ));
#6834 = CARTESIAN_POINT('',(8.601717492983,2.254469418065,1.064979142851
    ));
#6835 = CARTESIAN_POINT('',(8.650059530308,2.137761415921,1.064979142851
    ));
#6836 = CARTESIAN_POINT('',(8.698462748631,2.020905709783,1.064979142851
    ));
#6837 = CARTESIAN_POINT('',(8.746927147952,1.903902299652,1.064979142851
    ));
#6838 = CARTESIAN_POINT('',(8.795452728269,1.786751185527,1.064979142851
    ));
#6839 = CARTESIAN_POINT('',(8.844039489584,1.669452367408,1.064979142851
    ));
#6840 = CARTESIAN_POINT('',(8.892687431897,1.552005845296,1.064979142851
    ));
#6841 = CARTESIAN_POINT('',(8.941396555206,1.43441161919,1.064979142851)
  );
#6842 = CARTESIAN_POINT('',(8.990166859513,1.316669689091,1.064979142851
    ));
#6843 = CARTESIAN_POINT('',(9.038998344818,1.198780054999,1.064979142851
    ));
#6844 = CARTESIAN_POINT('',(9.08789101112,1.080742716912,1.064979142851)
  );
#6845 = ORIENTED_EDGE('',*,*,#6846,.F.);
#6846 = EDGE_CURVE('',#6746,#6807,#6847,.T.);
#6847 = LINE('',#6848,#6849);
#6848 = CARTESIAN_POINT('',(8.505216961323,2.487442310373,0.2));
#6849 = VECTOR('',#6850,1.);
#6850 = DIRECTION('',(0.,0.,1.));
#6851 = ORIENTED_EDGE('',*,*,#6754,.F.);
#6852 = ORIENTED_EDGE('',*,*,#6853,.T.);
#6853 = EDGE_CURVE('',#6755,#6805,#6854,.T.);
#6854 = LINE('',#6855,#6856);
#6855 = CARTESIAN_POINT('',(8.505216961323,-2.487442310373,0.2));
#6856 = VECTOR('',#6857,1.);
#6857 = DIRECTION('',(0.,0.,1.));
#6858 = CYLINDRICAL_SURFACE('',#6859,6.5);
#6859 = AXIS2_PLACEMENT_3D('',#6860,#6861,#6862);
#6860 = CARTESIAN_POINT('',(2.5,0.,0.2));
#6861 = DIRECTION('',(0.,0.,1.));
#6862 = DIRECTION('',(0.923879532511,-0.382683432365,0.));
#6863 = ADVANCED_FACE('',(#6864),#6886,.T.);
#6864 = FACE_BOUND('',#6865,.T.);
#6865 = EDGE_LOOP('',(#6866,#6883,#6884,#6885));
#6866 = ORIENTED_EDGE('',*,*,#6867,.T.);
#6867 = EDGE_CURVE('',#6807,#6805,#6868,.T.);
#6868 = B_SPLINE_CURVE_WITH_KNOTS('',5,(#6869,#6870,#6871,#6872,#6873,
    #6874,#6875,#6876,#6877,#6878,#6879,#6880,#6881,#6882),
  .UNSPECIFIED.,.F.,.F.,(6,4,4,6),(-0.310475018486,-3.482948666149E-07,
    5.105088410377,5.415562601469),.UNSPECIFIED.);
#6869 = CARTESIAN_POINT('',(8.386403447947,2.774283505488,1.064979142851
    ));
#6870 = CARTESIAN_POINT('',(8.410166157656,2.716915249484,1.064979142851
    ));
#6871 = CARTESIAN_POINT('',(8.433928863765,2.659547002171,1.064979142851
    ));
#6872 = CARTESIAN_POINT('',(8.457691566275,2.602178763549,1.064979142851
    ));
#6873 = CARTESIAN_POINT('',(8.481454265184,2.544810533616,1.064979142851
    ));
#6874 = CARTESIAN_POINT('',(8.895943420169,1.54414519514,1.064979142851)
  );
#6875 = CARTESIAN_POINT('',(9.101500739719,0.524137268758,1.064979142851
    ));
#6876 = CARTESIAN_POINT('',(9.101502157317,-0.524133884039,
    1.064979142851));
#6877 = CARTESIAN_POINT('',(8.895944141487,-1.544143453723,
    1.064979142851));
#6878 = CARTESIAN_POINT('',(8.481454257985,-2.544810550997,
    1.064979142851));
#6879 = CARTESIAN_POINT('',(8.457691555475,-2.60217878962,1.064979142851
    ));
#6880 = CARTESIAN_POINT('',(8.433928852966,-2.659547028243,
    1.064979142851));
#6881 = CARTESIAN_POINT('',(8.410166150457,-2.716915266865,
    1.064979142851));
#6882 = CARTESIAN_POINT('',(8.386403447947,-2.774283505488,
    1.064979142851));
#6883 = ORIENTED_EDGE('',*,*,#6853,.F.);
#6884 = ORIENTED_EDGE('',*,*,#6784,.F.);
#6885 = ORIENTED_EDGE('',*,*,#6846,.T.);
#6886 = CYLINDRICAL_SURFACE('',#6887,6.5);
#6887 = AXIS2_PLACEMENT_3D('',#6888,#6889,#6890);
#6888 = CARTESIAN_POINT('',(2.5,0.,0.2));
#6889 = DIRECTION('',(0.,0.,1.));
#6890 = DIRECTION('',(0.923879532511,0.382683432365,-0.));
#6891 = ADVANCED_FACE('',(#6892),#6959,.T.);
#6892 = FACE_BOUND('',#6893,.T.);
#6893 = EDGE_LOOP('',(#6894,#6907,#6947,#6958));
#6894 = ORIENTED_EDGE('',*,*,#6895,.T.);
#6895 = EDGE_CURVE('',#6805,#6896,#6898,.T.);
#6896 = VERTEX_POINT('',#6897);
#6897 = CARTESIAN_POINT('',(8.430964668484,-2.456686003642,
    1.269338405373));
#6898 = B_SPLINE_CURVE_WITH_KNOTS('',7,(#6899,#6900,#6901,#6902,#6903,
    #6904,#6905,#6906),.UNSPECIFIED.,.F.,.F.,(8,8),(0.,1.),
  .PIECEWISE_BEZIER_KNOTS.);
#6899 = CARTESIAN_POINT('',(8.505216961323,-2.487442310373,
    1.064979142851));
#6900 = CARTESIAN_POINT('',(8.505216961264,-2.487442310348,
    1.096354510195));
#6901 = CARTESIAN_POINT('',(8.501679713659,-2.485977134417,
    1.128450899262));
#6902 = CARTESIAN_POINT('',(8.494315399344,-2.48292673555,1.160459771541
    ));
#6903 = CARTESIAN_POINT('',(8.483073844003,-2.478270330866,
    1.191399098412));
#6904 = CARTESIAN_POINT('',(8.468320649349,-2.472159357552,
    1.220262660489));
#6905 = CARTESIAN_POINT('',(8.45071058226,-2.464865028929,1.246368509629
    ));
#6906 = CARTESIAN_POINT('',(8.430964668484,-2.456686003642,
    1.269338405373));
#6907 = ORIENTED_EDGE('',*,*,#6908,.T.);
#6908 = EDGE_CURVE('',#6896,#6909,#6911,.T.);
#6909 = VERTEX_POINT('',#6910);
#6910 = CARTESIAN_POINT('',(8.430964668484,2.456686003642,1.269338405373
    ));
#6911 = B_SPLINE_CURVE_WITH_KNOTS('',12,(#6912,#6913,#6914,#6915,#6916,
    #6917,#6918,#6919,#6920,#6921,#6922,#6923,#6924,#6925,#6926,#6927,
    #6928,#6929,#6930,#6931,#6932,#6933,#6934,#6935,#6936,#6937,#6938,
    #6939,#6940,#6941,#6942,#6943,#6944,#6945,#6946),.UNSPECIFIED.,.F.,
  .F.,(13,11,11,13),(-1.522600668116,-6.491112468981E-16,35.735616434584
    ,37.258217102701),.UNSPECIFIED.);
#6912 = CARTESIAN_POINT('',(9.01363871828,-1.049986410181,1.269338405373
    ));
#6913 = CARTESIAN_POINT('',(8.964149833478,-1.169463147058,
    1.269338405373));
#6914 = CARTESIAN_POINT('',(8.914830533036,-1.28853047107,1.269338405373
    ));
#6915 = CARTESIAN_POINT('',(8.865680816956,-1.407188382218,
    1.269338405373));
#6916 = CARTESIAN_POINT('',(8.816700685237,-1.525436880501,
    1.269338405373));
#6917 = CARTESIAN_POINT('',(8.767890137879,-1.64327596592,1.269338405373
    ));
#6918 = CARTESIAN_POINT('',(8.719249174882,-1.760705638474,
    1.269338405373));
#6919 = CARTESIAN_POINT('',(8.670777796246,-1.877725898163,
    1.269338405373));
#6920 = CARTESIAN_POINT('',(8.622476001971,-1.994336744988,
    1.269338405373));
#6921 = CARTESIAN_POINT('',(8.574343792058,-2.110538178948,
    1.269338405373));
#6922 = CARTESIAN_POINT('',(8.526381166505,-2.226330200044,
    1.269338405373));
#6923 = CARTESIAN_POINT('',(8.478588125314,-2.341712808275,
    1.269338405373));
#6924 = CARTESIAN_POINT('',(7.313236545667,-5.155120396792,
    1.269338405373));
#6925 = CARTESIAN_POINT('',(4.838471973795,-7.340112010532,
    1.269338398892));
#6926 = CARTESIAN_POINT('',(1.265919207938,-8.205179634712,1.2693384909)
  );
#6927 = CARTESIAN_POINT('',(-2.563220275519,-7.079544417505,
    1.269338121844));
#6928 = CARTESIAN_POINT('',(-5.417050213581,-4.270008866873,
    1.269338936785));
#6929 = CARTESIAN_POINT('',(-6.844880223754,-3.179678742526E-13,
    1.269337758174));
#6930 = CARTESIAN_POINT('',(-5.417050213582,4.270008866874,
    1.269338936785));
#6931 = CARTESIAN_POINT('',(-2.563220275518,7.079544417506,
    1.269338121844));
#6932 = CARTESIAN_POINT('',(1.265919207938,8.205179634711,1.2693384909)
  );
#6933 = CARTESIAN_POINT('',(4.838471973795,7.340112010533,1.269338398892
    ));
#6934 = CARTESIAN_POINT('',(7.313236545667,5.155120396791,1.269338405373
    ));
#6935 = CARTESIAN_POINT('',(8.478588125314,2.341712808275,1.269338405373
    ));
#6936 = CARTESIAN_POINT('',(8.526381166505,2.226330200044,1.269338405373
    ));
#6937 = CARTESIAN_POINT('',(8.574343792058,2.110538178948,1.269338405373
    ));
#6938 = CARTESIAN_POINT('',(8.622476001971,1.994336744988,1.269338405373
    ));
#6939 = CARTESIAN_POINT('',(8.670777796246,1.877725898163,1.269338405373
    ));
#6940 = CARTESIAN_POINT('',(8.719249174882,1.760705638474,1.269338405373
    ));
#6941 = CARTESIAN_POINT('',(8.767890137879,1.64327596592,1.269338405373)
  );
#6942 = CARTESIAN_POINT('',(8.816700685237,1.525436880501,1.269338405373
    ));
#6943 = CARTESIAN_POINT('',(8.865680816956,1.407188382218,1.269338405373
    ));
#6944 = CARTESIAN_POINT('',(8.914830533036,1.28853047107,1.269338405373)
  );
#6945 = CARTESIAN_POINT('',(8.964149833478,1.169463147058,1.269338405373
    ));
#6946 = CARTESIAN_POINT('',(9.01363871828,1.049986410181,1.269338405373)
  );
#6947 = ORIENTED_EDGE('',*,*,#6948,.F.);
#6948 = EDGE_CURVE('',#6807,#6909,#6949,.T.);
#6949 = B_SPLINE_CURVE_WITH_KNOTS('',7,(#6950,#6951,#6952,#6953,#6954,
    #6955,#6956,#6957),.UNSPECIFIED.,.F.,.F.,(8,8),(0.,1.),
  .PIECEWISE_BEZIER_KNOTS.);
#6950 = CARTESIAN_POINT('',(8.505216961324,2.487442310373,1.064979142851
    ));
#6951 = CARTESIAN_POINT('',(8.505216961265,2.487442310349,1.096354510195
    ));
#6952 = CARTESIAN_POINT('',(8.501679713654,2.485977134415,1.128450899263
    ));
#6953 = CARTESIAN_POINT('',(8.494315399351,2.482926735553,1.16045977154)
  );
#6954 = CARTESIAN_POINT('',(8.483073843998,2.478270330864,1.191399098412
    ));
#6955 = CARTESIAN_POINT('',(8.468320649351,2.472159357552,1.220262660489
    ));
#6956 = CARTESIAN_POINT('',(8.45071058226,2.464865028929,1.24636850963)
  );
#6957 = CARTESIAN_POINT('',(8.430964668484,2.456686003642,1.269338405373
    ));
#6958 = ORIENTED_EDGE('',*,*,#6804,.F.);
#6959 = ( BOUNDED_SURFACE() B_SPLINE_SURFACE(2,12,(
    (#6960,#6961,#6962,#6963,#6964,#6965,#6966,#6967,#6968,#6969,#6970
      ,#6971,#6972,#6973,#6974,#6975,#6976,#6977,#6978,#6979,#6980,#6981
      ,#6982,#6983,#6984,#6985,#6986,#6987,#6988,#6989,#6990,#6991,#6992
      ,#6993,#6994)
    ,(#6995,#6996,#6997,#6998,#6999,#7000,#7001,#7002,#7003,#7004,#7005
      ,#7006,#7007,#7008,#7009,#7010,#7011,#7012,#7013,#7014,#7015,#7016
      ,#7017,#7018,#7019,#7020,#7021,#7022,#7023,#7024,#7025,#7026,#7027
      ,#7028,#7029)
    ,(#7030,#7031,#7032,#7033,#7034,#7035,#7036,#7037,#7038,#7039,#7040
      ,#7041,#7042,#7043,#7044,#7045,#7046,#7047,#7048,#7049,#7050,#7051
      ,#7052,#7053,#7054,#7055,#7056,#7057,#7058,#7059,#7060,#7061,#7062
      ,#7063,#7064
)),.UNSPECIFIED.,.F.,.F.,.F.) B_SPLINE_SURFACE_WITH_KNOTS((3,3),(13,11,
    11,13),(0.,35.735616434584),(-1.522600668116,-6.491112468981E-16,
    35.735616434584,37.258217102701),.UNSPECIFIED.) 
GEOMETRIC_REPRESENTATION_ITEM() RATIONAL_B_SPLINE_SURFACE((
    (1.,1.,1.,1.,1.,1.,1.,1.,1.,1.,1.,1.,1.,1.,1.,1.,1.,1.,1.,1.,1.,1.
      ,1.,1.,1.,1.,1.,1.,1.,1.,1.,1.,1.,1.,1.)
    ,(0.93061798229,0.93061798229,0.93061798229,0.93061798229
      ,0.93061798229,0.93061798229,0.93061798229,0.93061798229
      ,0.93061798229,0.93061798229,0.93061798229,0.93061798229
      ,0.93061798229,0.930618018458,0.93061750496,0.930619564684
      ,0.930615016429,0.930621594363,0.930615016429,0.930619564684
      ,0.930617504959,0.930618018458,0.93061798229,0.93061798229
      ,0.93061798229,0.93061798229,0.93061798229,0.93061798229
      ,0.93061798229,0.93061798229,0.93061798229,0.93061798229
      ,0.93061798229,0.93061798229,0.93061798229)
    ,(1.,1.,1.,1.,1.,1.,1.,1.,1.,1.,1.,1.,1.,1.,1.,1.,1.,1.,1.,1.,1.,1.
,1.,1.,1.,1.,1.,1.,1.,1.,1.,1.,1.,1.,1.
))) REPRESENTATION_ITEM('') SURFACE() );
#6960 = CARTESIAN_POINT('',(9.08789101112,-1.080742716912,1.064979142851
    ));
#6961 = CARTESIAN_POINT('',(9.038998344818,-1.198780054999,
    1.064979142851));
#6962 = CARTESIAN_POINT('',(8.990166859513,-1.316669689091,
    1.064979142851));
#6963 = CARTESIAN_POINT('',(8.941396555206,-1.43441161919,1.064979142851
    ));
#6964 = CARTESIAN_POINT('',(8.892687431897,-1.552005845296,
    1.064979142851));
#6965 = CARTESIAN_POINT('',(8.844039489584,-1.669452367408,
    1.064979142851));
#6966 = CARTESIAN_POINT('',(8.795452728269,-1.786751185527,
    1.064979142851));
#6967 = CARTESIAN_POINT('',(8.746927147952,-1.903902299651,
    1.064979142851));
#6968 = CARTESIAN_POINT('',(8.698462748631,-2.020905709783,
    1.064979142851));
#6969 = CARTESIAN_POINT('',(8.650059530308,-2.137761415921,
    1.064979142851));
#6970 = CARTESIAN_POINT('',(8.601717492983,-2.254469418065,
    1.064979142851));
#6971 = CARTESIAN_POINT('',(8.553436636654,-2.371029716216,
    1.064979142851));
#6972 = CARTESIAN_POINT('',(7.373495520298,-5.219659562125,
    1.064979142851));
#6973 = CARTESIAN_POINT('',(4.86780262688,-7.431812727827,1.064979179779
    ));
#6974 = CARTESIAN_POINT('',(1.250868920553,-8.308196673341,
    1.064978655491));
#6975 = CARTESIAN_POINT('',(-2.627584089052,-7.168186223986,
    1.064980758497));
#6976 = CARTESIAN_POINT('',(-5.515248362651,-4.323112456286,
    1.064976114667));
#6977 = CARTESIAN_POINT('',(-6.96260039589,4.260147790092E-12,
    1.064982830828));
#6978 = CARTESIAN_POINT('',(-5.515248362651,4.323112456278,
    1.064976114667));
#6979 = CARTESIAN_POINT('',(-2.627584089053,7.168186223993,
    1.064980758497));
#6980 = CARTESIAN_POINT('',(1.250868920554,8.308196673337,1.064978655491
    ));
#6981 = CARTESIAN_POINT('',(4.86780262688,7.431812727829,1.064979179779)
  );
#6982 = CARTESIAN_POINT('',(7.373495520298,5.219659562125,1.064979142851
    ));
#6983 = CARTESIAN_POINT('',(8.553436636654,2.371029716216,1.064979142851
    ));
#6984 = CARTESIAN_POINT('',(8.601717492983,2.254469418065,1.064979142851
    ));
#6985 = CARTESIAN_POINT('',(8.650059530308,2.137761415921,1.064979142851
    ));
#6986 = CARTESIAN_POINT('',(8.698462748631,2.020905709783,1.064979142851
    ));
#6987 = CARTESIAN_POINT('',(8.746927147952,1.903902299652,1.064979142851
    ));
#6988 = CARTESIAN_POINT('',(8.795452728269,1.786751185527,1.064979142851
    ));
#6989 = CARTESIAN_POINT('',(8.844039489584,1.669452367408,1.064979142851
    ));
#6990 = CARTESIAN_POINT('',(8.892687431897,1.552005845296,1.064979142851
    ));
#6991 = CARTESIAN_POINT('',(8.941396555206,1.43441161919,1.064979142851)
  );
#6992 = CARTESIAN_POINT('',(8.990166859513,1.316669689091,1.064979142851
    ));
#6993 = CARTESIAN_POINT('',(9.038998344818,1.198780054999,1.064979142851
    ));
#6994 = CARTESIAN_POINT('',(9.08789101112,1.080742716912,1.064979142851)
  );
#6995 = CARTESIAN_POINT('',(9.08789101112,-1.080742716912,1.182962690499
    ));
#6996 = CARTESIAN_POINT('',(9.038998344818,-1.198780054999,
    1.182962690499));
#6997 = CARTESIAN_POINT('',(8.990166859514,-1.316669689091,
    1.182962690499));
#6998 = CARTESIAN_POINT('',(8.941396555207,-1.43441161919,1.182962690499
    ));
#6999 = CARTESIAN_POINT('',(8.892687431897,-1.552005845296,
    1.182962690499));
#7000 = CARTESIAN_POINT('',(8.844039489585,-1.669452367408,
    1.182962690499));
#7001 = CARTESIAN_POINT('',(8.795452728269,-1.786751185527,
    1.182962690499));
#7002 = CARTESIAN_POINT('',(8.746927147952,-1.903902299652,
    1.182962690499));
#7003 = CARTESIAN_POINT('',(8.698462748631,-2.020905709783,
    1.182962690499));
#7004 = CARTESIAN_POINT('',(8.650059530308,-2.137761415921,
    1.182962690499));
#7005 = CARTESIAN_POINT('',(8.601717492983,-2.254469418065,
    1.182962690499));
#7006 = CARTESIAN_POINT('',(8.553436636654,-2.371029716216,
    1.182962690499));
#7007 = CARTESIAN_POINT('',(7.373495520297,-5.219659562125,
    1.182962690499));
#7008 = CARTESIAN_POINT('',(4.867802281654,-7.431812346361,
    1.182962693195));
#7009 = CARTESIAN_POINT('',(1.250868793869,-8.308200294148,
    1.182962654917));
#7010 = CARTESIAN_POINT('',(-2.627576150501,-7.168175906586,
    1.182962808457));
#7011 = CARTESIAN_POINT('',(-5.515272688697,-4.323124294671,
    1.182962469411));
#7012 = CARTESIAN_POINT('',(-6.962565105128,-5.754063892027E-12,
    1.182962959757));
#7013 = CARTESIAN_POINT('',(-5.515272688697,4.323124294681,
    1.182962469411));
#7014 = CARTESIAN_POINT('',(-2.627576150502,7.168175906579,
    1.182962808457));
#7015 = CARTESIAN_POINT('',(1.250868793871,8.308200294151,1.182962654917
    ));
#7016 = CARTESIAN_POINT('',(4.867802281653,7.43181234636,1.182962693195)
  );
#7017 = CARTESIAN_POINT('',(7.373495520297,5.219659562125,1.182962690499
    ));
#7018 = CARTESIAN_POINT('',(8.553436636654,2.371029716216,1.182962690499
    ));
#7019 = CARTESIAN_POINT('',(8.601717492983,2.254469418065,1.182962690499
    ));
#7020 = CARTESIAN_POINT('',(8.650059530308,2.137761415921,1.182962690499
    ));
#7021 = CARTESIAN_POINT('',(8.698462748631,2.020905709783,1.182962690499
    ));
#7022 = CARTESIAN_POINT('',(8.746927147952,1.903902299652,1.182962690499
    ));
#7023 = CARTESIAN_POINT('',(8.795452728269,1.786751185527,1.182962690499
    ));
#7024 = CARTESIAN_POINT('',(8.844039489584,1.669452367408,1.182962690499
    ));
#7025 = CARTESIAN_POINT('',(8.892687431897,1.552005845296,1.182962690499
    ));
#7026 = CARTESIAN_POINT('',(8.941396555207,1.43441161919,1.182962690499)
  );
#7027 = CARTESIAN_POINT('',(8.990166859514,1.316669689091,1.182962690499
    ));
#7028 = CARTESIAN_POINT('',(9.038998344818,1.198780054999,1.182962690499
    ));
#7029 = CARTESIAN_POINT('',(9.08789101112,1.080742716912,1.182962690499)
  );
#7030 = CARTESIAN_POINT('',(9.01363871828,-1.049986410181,1.269338405373
    ));
#7031 = CARTESIAN_POINT('',(8.964149833478,-1.169463147058,
    1.269338405373));
#7032 = CARTESIAN_POINT('',(8.914830533036,-1.28853047107,1.269338405373
    ));
#7033 = CARTESIAN_POINT('',(8.865680816956,-1.407188382218,
    1.269338405373));
#7034 = CARTESIAN_POINT('',(8.816700685237,-1.525436880501,
    1.269338405373));
#7035 = CARTESIAN_POINT('',(8.767890137879,-1.64327596592,1.269338405373
    ));
#7036 = CARTESIAN_POINT('',(8.719249174882,-1.760705638474,
    1.269338405373));
#7037 = CARTESIAN_POINT('',(8.670777796246,-1.877725898163,
    1.269338405373));
#7038 = CARTESIAN_POINT('',(8.622476001971,-1.994336744988,
    1.269338405373));
#7039 = CARTESIAN_POINT('',(8.574343792058,-2.110538178948,
    1.269338405373));
#7040 = CARTESIAN_POINT('',(8.526381166505,-2.226330200044,
    1.269338405373));
#7041 = CARTESIAN_POINT('',(8.478588125314,-2.341712808275,
    1.269338405373));
#7042 = CARTESIAN_POINT('',(7.313236545667,-5.155120396792,
    1.269338405373));
#7043 = CARTESIAN_POINT('',(4.838471973795,-7.340112010532,
    1.269338398892));
#7044 = CARTESIAN_POINT('',(1.265919207938,-8.205179634712,1.2693384909)
  );
#7045 = CARTESIAN_POINT('',(-2.563220275519,-7.079544417505,
    1.269338121844));
#7046 = CARTESIAN_POINT('',(-5.417050213581,-4.270008866873,
    1.269338936785));
#7047 = CARTESIAN_POINT('',(-6.844880223754,-3.179678742526E-13,
    1.269337758174));
#7048 = CARTESIAN_POINT('',(-5.417050213582,4.270008866874,
    1.269338936785));
#7049 = CARTESIAN_POINT('',(-2.563220275518,7.079544417506,
    1.269338121844));
#7050 = CARTESIAN_POINT('',(1.265919207938,8.205179634711,1.2693384909)
  );
#7051 = CARTESIAN_POINT('',(4.838471973795,7.340112010533,1.269338398892
    ));
#7052 = CARTESIAN_POINT('',(7.313236545667,5.155120396791,1.269338405373
    ));
#7053 = CARTESIAN_POINT('',(8.478588125314,2.341712808275,1.269338405373
    ));
#7054 = CARTESIAN_POINT('',(8.526381166505,2.226330200044,1.269338405373
    ));
#7055 = CARTESIAN_POINT('',(8.574343792058,2.110538178948,1.269338405373
    ));
#7056 = CARTESIAN_POINT('',(8.622476001971,1.994336744988,1.269338405373
    ));
#7057 = CARTESIAN_POINT('',(8.670777796246,1.877725898163,1.269338405373
    ));
#7058 = CARTESIAN_POINT('',(8.719249174882,1.760705638474,1.269338405373
    ));
#7059 = CARTESIAN_POINT('',(8.767890137879,1.64327596592,1.269338405373)
  );
#7060 = CARTESIAN_POINT('',(8.816700685237,1.525436880501,1.269338405373
    ));
#7061 = CARTESIAN_POINT('',(8.865680816956,1.407188382218,1.269338405373
    ));
#7062 = CARTESIAN_POINT('',(8.914830533036,1.28853047107,1.269338405373)
  );
#7063 = CARTESIAN_POINT('',(8.964149833478,1.169463147058,1.269338405373
    ));
#7064 = CARTESIAN_POINT('',(9.01363871828,1.049986410181,1.269338405373)
  );
#7065 = ADVANCED_FACE('',(#7066),#7088,.T.);
#7066 = FACE_BOUND('',#7067,.T.);
#7067 = EDGE_LOOP('',(#7068,#7069,#7086,#7087));
#7068 = ORIENTED_EDGE('',*,*,#6948,.T.);
#7069 = ORIENTED_EDGE('',*,*,#7070,.T.);
#7070 = EDGE_CURVE('',#6909,#6896,#7071,.T.);
#7071 = B_SPLINE_CURVE_WITH_KNOTS('',5,(#7072,#7073,#7074,#7075,#7076,
    #7077,#7078,#7079,#7080,#7081,#7082,#7083,#7084,#7085),
  .UNSPECIFIED.,.F.,.F.,(6,4,4,6),(-0.310475018486,-3.482948666149E-07,
    5.105088410377,5.415562601469),.UNSPECIFIED.);
#7072 = CARTESIAN_POINT('',(8.312151156947,2.743527194857,1.269338405373
    ));
#7073 = CARTESIAN_POINT('',(8.336207683827,2.685449601344,1.269338405373
    ));
#7074 = CARTESIAN_POINT('',(8.360117298503,2.627726685269,1.269338405373
    ));
#7075 = CARTESIAN_POINT('',(8.383880000974,2.57035844663,1.269338405373)
  );
#7076 = CARTESIAN_POINT('',(8.407495791241,2.513344885429,1.269338405373
    ));
#7077 = CARTESIAN_POINT('',(8.816859935731,1.525052414919,1.269338405373
    ));
#7078 = CARTESIAN_POINT('',(9.019875621689,0.517656571593,1.269338405373
    ));
#7079 = CARTESIAN_POINT('',(9.01987700005,-0.517653295151,1.269338405373
    ));
#7080 = CARTESIAN_POINT('',(8.816860665968,-1.525050651971,
    1.269338405373));
#7081 = CARTESIAN_POINT('',(8.407495783045,-2.513344905214,
    1.269338405373));
#7082 = CARTESIAN_POINT('',(8.383879988681,-2.570358476308,
    1.269338405373));
#7083 = CARTESIAN_POINT('',(8.36011728621,-2.627726714946,1.269338405373
    ));
#7084 = CARTESIAN_POINT('',(8.336207675632,-2.685449621129,
    1.269338405373));
#7085 = CARTESIAN_POINT('',(8.312151156947,-2.743527194857,
    1.269338405373));
#7086 = ORIENTED_EDGE('',*,*,#6895,.F.);
#7087 = ORIENTED_EDGE('',*,*,#6867,.F.);
#7088 = ( BOUNDED_SURFACE() B_SPLINE_SURFACE(2,5,(
    (#7089,#7090,#7091,#7092,#7093,#7094,#7095,#7096,#7097,#7098,#7099
      ,#7100,#7101,#7102)
    ,(#7103,#7104,#7105,#7106,#7107,#7108,#7109,#7110,#7111,#7112,#7113
      ,#7114,#7115,#7116)
    ,(#7117,#7118,#7119,#7120,#7121,#7122,#7123,#7124,#7125,#7126,#7127
      ,#7128,#7129,#7130
)),.UNSPECIFIED.,.F.,.F.,.F.) B_SPLINE_SURFACE_WITH_KNOTS((3,3),(6,4,4,6
    ),(0.,5.105088758672),(-0.310475018486,-3.482948666149E-07,
    5.105088410377,5.415562601469),.UNSPECIFIED.) 
GEOMETRIC_REPRESENTATION_ITEM() RATIONAL_B_SPLINE_SURFACE((
    (1.,1.,1.,1.,1.,1.,1.,1.,1.,1.,1.,1.,1.,1.)
    ,(0.93061798229,0.93061798229,0.93061798229,0.93061798229
      ,0.93061798229,0.93061798229,0.93061798229,0.93061798229
      ,0.93061798229,0.93061798229,0.93061798229,0.93061798229
      ,0.93061798229,0.93061798229)
,(1.,1.,1.,1.,1.,1.,1.,1.,1.,1.,1.,1.,1.,1.
))) REPRESENTATION_ITEM('') SURFACE() );
#7089 = CARTESIAN_POINT('',(8.386403447947,2.774283505488,1.064979142851
    ));
#7090 = CARTESIAN_POINT('',(8.410166157656,2.716915249484,1.064979142851
    ));
#7091 = CARTESIAN_POINT('',(8.433928863765,2.659547002171,1.064979142851
    ));
#7092 = CARTESIAN_POINT('',(8.457691566275,2.602178763549,1.064979142851
    ));
#7093 = CARTESIAN_POINT('',(8.481454265184,2.544810533616,1.064979142851
    ));
#7094 = CARTESIAN_POINT('',(8.895943420169,1.54414519514,1.064979142851)
  );
#7095 = CARTESIAN_POINT('',(9.101500739719,0.524137268758,1.064979142851
    ));
#7096 = CARTESIAN_POINT('',(9.101502157317,-0.524133884039,
    1.064979142851));
#7097 = CARTESIAN_POINT('',(8.895944141487,-1.544143453723,
    1.064979142851));
#7098 = CARTESIAN_POINT('',(8.481454257985,-2.544810550997,
    1.064979142851));
#7099 = CARTESIAN_POINT('',(8.457691555475,-2.60217878962,1.064979142851
    ));
#7100 = CARTESIAN_POINT('',(8.433928852966,-2.659547028243,
    1.064979142851));
#7101 = CARTESIAN_POINT('',(8.410166150457,-2.716915266865,
    1.064979142851));
#7102 = CARTESIAN_POINT('',(8.386403447947,-2.774283505488,
    1.064979142851));
#7103 = CARTESIAN_POINT('',(8.386403447947,2.774283505488,1.182962690499
    ));
#7104 = CARTESIAN_POINT('',(8.410166157656,2.716915249484,1.182962690499
    ));
#7105 = CARTESIAN_POINT('',(8.433928863765,2.659547002171,1.182962690499
    ));
#7106 = CARTESIAN_POINT('',(8.457691566275,2.602178763549,1.182962690499
    ));
#7107 = CARTESIAN_POINT('',(8.481454265184,2.544810533616,1.182962690499
    ));
#7108 = CARTESIAN_POINT('',(8.895943420169,1.54414519514,1.182962690499)
  );
#7109 = CARTESIAN_POINT('',(9.101500739718,0.524137268758,1.182962690499
    ));
#7110 = CARTESIAN_POINT('',(9.101502157317,-0.524133884039,
    1.182962690499));
#7111 = CARTESIAN_POINT('',(8.895944141487,-1.544143453723,
    1.182962690499));
#7112 = CARTESIAN_POINT('',(8.481454257985,-2.544810550997,
    1.182962690499));
#7113 = CARTESIAN_POINT('',(8.457691555475,-2.60217878962,1.182962690499
    ));
#7114 = CARTESIAN_POINT('',(8.433928852966,-2.659547028243,
    1.182962690499));
#7115 = CARTESIAN_POINT('',(8.410166150457,-2.716915266865,
    1.182962690499));
#7116 = CARTESIAN_POINT('',(8.386403447947,-2.774283505488,
    1.182962690499));
#7117 = CARTESIAN_POINT('',(8.312151156947,2.743527194857,1.269338405373
    ));
#7118 = CARTESIAN_POINT('',(8.336207683827,2.685449601344,1.269338405373
    ));
#7119 = CARTESIAN_POINT('',(8.360117298503,2.627726685269,1.269338405373
    ));
#7120 = CARTESIAN_POINT('',(8.383880000974,2.57035844663,1.269338405373)
  );
#7121 = CARTESIAN_POINT('',(8.407495791241,2.513344885429,1.269338405373
    ));
#7122 = CARTESIAN_POINT('',(8.816859935731,1.525052414919,1.269338405373
    ));
#7123 = CARTESIAN_POINT('',(9.019875621689,0.517656571593,1.269338405373
    ));
#7124 = CARTESIAN_POINT('',(9.01987700005,-0.517653295151,1.269338405373
    ));
#7125 = CARTESIAN_POINT('',(8.816860665968,-1.525050651971,
    1.269338405373));
#7126 = CARTESIAN_POINT('',(8.407495783045,-2.513344905214,
    1.269338405373));
#7127 = CARTESIAN_POINT('',(8.383879988681,-2.570358476308,
    1.269338405373));
#7128 = CARTESIAN_POINT('',(8.36011728621,-2.627726714946,1.269338405373
    ));
#7129 = CARTESIAN_POINT('',(8.336207675632,-2.685449621129,
    1.269338405373));
#7130 = CARTESIAN_POINT('',(8.312151156947,-2.743527194857,
    1.269338405373));
#7131 = ADVANCED_FACE('',(#7132),#7191,.F.);
#7132 = FACE_BOUND('',#7133,.F.);
#7133 = EDGE_LOOP('',(#7134,#7143,#7144,#7153));
#7134 = ORIENTED_EDGE('',*,*,#7135,.F.);
#7135 = EDGE_CURVE('',#6896,#7136,#7138,.T.);
#7136 = VERTEX_POINT('',#7137);
#7137 = CARTESIAN_POINT('',(8.430964668484,-2.456686003642,
    1.930661594627));
#7138 = CIRCLE('',#7139,0.485412195974);
#7139 = AXIS2_PLACEMENT_3D('',#7140,#7141,#7142);
#7140 = CARTESIAN_POINT('',(8.759283832764,-2.592680254273,1.6));
#7141 = DIRECTION('',(0.382683432365,0.923879532511,2.775557561563E-17)
  );
#7142 = DIRECTION('',(-0.523404384043,0.216801194476,-0.824041924199));
#7143 = ORIENTED_EDGE('',*,*,#6908,.T.);
#7144 = ORIENTED_EDGE('',*,*,#7145,.T.);
#7145 = EDGE_CURVE('',#6909,#7146,#7148,.T.);
#7146 = VERTEX_POINT('',#7147);
#7147 = CARTESIAN_POINT('',(8.430964668484,2.456686003642,1.930661594627
    ));
#7148 = CIRCLE('',#7149,0.485412195974);
#7149 = AXIS2_PLACEMENT_3D('',#7150,#7151,#7152);
#7150 = CARTESIAN_POINT('',(8.759283832764,2.592680254273,1.6));
#7151 = DIRECTION('',(-0.382683432365,0.923879532511,-2.775557561563E-17
    ));
#7152 = DIRECTION('',(-0.523404384043,-0.216801194476,-0.824041924199));
#7153 = ORIENTED_EDGE('',*,*,#7154,.F.);
#7154 = EDGE_CURVE('',#7136,#7146,#7155,.T.);
#7155 = B_SPLINE_CURVE_WITH_KNOTS('',12,(#7156,#7157,#7158,#7159,#7160,
    #7161,#7162,#7163,#7164,#7165,#7166,#7167,#7168,#7169,#7170,#7171,
    #7172,#7173,#7174,#7175,#7176,#7177,#7178,#7179,#7180,#7181,#7182,
    #7183,#7184,#7185,#7186,#7187,#7188,#7189,#7190),.UNSPECIFIED.,.F.,
  .F.,(13,11,11,13),(-1.522600668116,-6.493254616956E-16,35.735616434584
    ,37.258217102701),.UNSPECIFIED.);
#7156 = CARTESIAN_POINT('',(9.01363871828,-1.049986410181,1.930661594627
    ));
#7157 = CARTESIAN_POINT('',(8.964149833478,-1.169463147058,
    1.930661594627));
#7158 = CARTESIAN_POINT('',(8.914830533036,-1.28853047107,1.930661594627
    ));
#7159 = CARTESIAN_POINT('',(8.865680816956,-1.407188382218,
    1.930661594627));
#7160 = CARTESIAN_POINT('',(8.816700685237,-1.525436880501,
    1.930661594627));
#7161 = CARTESIAN_POINT('',(8.767890137879,-1.643275965919,
    1.930661594627));
#7162 = CARTESIAN_POINT('',(8.719249174882,-1.760705638473,
    1.930661594627));
#7163 = CARTESIAN_POINT('',(8.670777796246,-1.877725898163,
    1.930661594627));
#7164 = CARTESIAN_POINT('',(8.622476001971,-1.994336744988,
    1.930661594627));
#7165 = CARTESIAN_POINT('',(8.574343792058,-2.110538178948,
    1.930661594627));
#7166 = CARTESIAN_POINT('',(8.526381166505,-2.226330200044,
    1.930661594627));
#7167 = CARTESIAN_POINT('',(8.478588125314,-2.341712808275,
    1.930661594627));
#7168 = CARTESIAN_POINT('',(7.313236545667,-5.155120396792,
    1.930661594627));
#7169 = CARTESIAN_POINT('',(4.838471973795,-7.340112010531,
    1.930661601107));
#7170 = CARTESIAN_POINT('',(1.265919207936,-8.205179634714,
    1.930661509103));
#7171 = CARTESIAN_POINT('',(-2.563220275516,-7.0795444175,1.930661878151
    ));
#7172 = CARTESIAN_POINT('',(-5.417050213584,-4.270008866879,
    1.930661063221));
#7173 = CARTESIAN_POINT('',(-6.844880223751,6.272760089132E-12,
    1.930662241819));
#7174 = CARTESIAN_POINT('',(-5.417050213584,4.270008866868,1.93066106322
    ));
#7175 = CARTESIAN_POINT('',(-2.563220275517,7.07954441751,1.930661878152
    ));
#7176 = CARTESIAN_POINT('',(1.265919207937,8.205179634709,1.930661509102
    ));
#7177 = CARTESIAN_POINT('',(4.838471973795,7.340112010534,1.930661601107
    ));
#7178 = CARTESIAN_POINT('',(7.313236545667,5.155120396791,1.930661594627
    ));
#7179 = CARTESIAN_POINT('',(8.478588125314,2.341712808275,1.930661594627
    ));
#7180 = CARTESIAN_POINT('',(8.526381166505,2.226330200044,1.930661594627
    ));
#7181 = CARTESIAN_POINT('',(8.574343792058,2.110538178948,1.930661594627
    ));
#7182 = CARTESIAN_POINT('',(8.622476001971,1.994336744988,1.930661594627
    ));
#7183 = CARTESIAN_POINT('',(8.670777796246,1.877725898163,1.930661594627
    ));
#7184 = CARTESIAN_POINT('',(8.719249174882,1.760705638474,1.930661594627
    ));
#7185 = CARTESIAN_POINT('',(8.767890137879,1.64327596592,1.930661594627)
  );
#7186 = CARTESIAN_POINT('',(8.816700685237,1.525436880501,1.930661594627
    ));
#7187 = CARTESIAN_POINT('',(8.865680816956,1.407188382218,1.930661594627
    ));
#7188 = CARTESIAN_POINT('',(8.914830533036,1.28853047107,1.930661594627)
  );
#7189 = CARTESIAN_POINT('',(8.964149833478,1.169463147058,1.930661594627
    ));
#7190 = CARTESIAN_POINT('',(9.01363871828,1.049986410181,1.930661594627)
  );
#7191 = SURFACE_OF_REVOLUTION('',#7192,#7197);
#7192 = CIRCLE('',#7193,0.485412195974);
#7193 = AXIS2_PLACEMENT_3D('',#7194,#7195,#7196);
#7194 = CARTESIAN_POINT('',(8.759283832764,-2.592680254273,1.6));
#7195 = DIRECTION('',(0.382683432365,0.923879532511,0.));
#7196 = DIRECTION('',(-0.523404384043,0.216801194476,-0.824041924199));
#7197 = AXIS1_PLACEMENT('',#7198,#7199);
#7198 = CARTESIAN_POINT('',(2.5,0.,0.));
#7199 = DIRECTION('',(0.,0.,-1.));
#7200 = ADVANCED_FACE('',(#7201),#7309,.F.);
#7201 = FACE_BOUND('',#7202,.F.);
#7202 = EDGE_LOOP('',(#7203,#7204,#7205,#7206,#7225,#7236,#7255,#7262,
    #7281,#7292));
#7203 = ORIENTED_EDGE('',*,*,#7145,.F.);
#7204 = ORIENTED_EDGE('',*,*,#7070,.T.);
#7205 = ORIENTED_EDGE('',*,*,#7135,.T.);
#7206 = ORIENTED_EDGE('',*,*,#7207,.F.);
#7207 = EDGE_CURVE('',#7208,#7136,#7210,.T.);
#7208 = VERTEX_POINT('',#7209);
#7209 = CARTESIAN_POINT('',(8.914757510884,-0.25,1.930661594627));
#7210 = B_SPLINE_CURVE_WITH_KNOTS('',5,(#7211,#7212,#7213,#7214,#7215,
    #7216,#7217,#7218,#7219,#7220,#7221,#7222,#7223,#7224),
  .UNSPECIFIED.,.F.,.F.,(6,4,4,6),(-0.310475018486,-3.482948667337E-07,
    5.105088410377,5.415562601469),.UNSPECIFIED.);
#7211 = CARTESIAN_POINT('',(8.312151156947,2.743527194857,1.930661594627
    ));
#7212 = CARTESIAN_POINT('',(8.336207683827,2.685449601344,1.930661594627
    ));
#7213 = CARTESIAN_POINT('',(8.360117298503,2.627726685269,1.930661594627
    ));
#7214 = CARTESIAN_POINT('',(8.383880000974,2.57035844663,1.930661594627)
  );
#7215 = CARTESIAN_POINT('',(8.407495791241,2.513344885429,1.930661594627
    ));
#7216 = CARTESIAN_POINT('',(8.816859935731,1.525052414919,1.930661594627
    ));
#7217 = CARTESIAN_POINT('',(9.019875621689,0.517656571593,1.930661594627
    ));
#7218 = CARTESIAN_POINT('',(9.01987700005,-0.517653295151,1.930661594627
    ));
#7219 = CARTESIAN_POINT('',(8.816860665968,-1.525050651971,
    1.930661594627));
#7220 = CARTESIAN_POINT('',(8.407495783045,-2.513344905214,
    1.930661594627));
#7221 = CARTESIAN_POINT('',(8.383879988681,-2.570358476308,
    1.930661594627));
#7222 = CARTESIAN_POINT('',(8.36011728621,-2.627726714946,1.930661594627
    ));
#7223 = CARTESIAN_POINT('',(8.336207675632,-2.685449621129,
    1.930661594627));
#7224 = CARTESIAN_POINT('',(8.312151156947,-2.743527194857,
    1.930661594627));
#7225 = ORIENTED_EDGE('',*,*,#7226,.F.);
#7226 = EDGE_CURVE('',#7227,#7208,#7229,.T.);
#7227 = VERTEX_POINT('',#7228);
#7228 = CARTESIAN_POINT('',(8.808069617317,-0.25,1.749));
#7229 = B_SPLINE_CURVE_WITH_KNOTS('',5,(#7230,#7231,#7232,#7233,#7234,
    #7235),.UNSPECIFIED.,.F.,.F.,(6,6),(0.,1.),
  .PIECEWISE_BEZIER_KNOTS.);
#7230 = CARTESIAN_POINT('',(8.808069617317,-0.25,1.749));
#7231 = CARTESIAN_POINT('',(8.821115018189,-0.25,1.789415862686));
#7232 = CARTESIAN_POINT('',(8.838583659094,-0.25,1.828406612758));
#7233 = CARTESIAN_POINT('',(8.8602664073,-0.25,1.865324556424));
#7234 = CARTESIAN_POINT('',(8.885813339217,-0.25,1.89957535939));
#7235 = CARTESIAN_POINT('',(8.914760367041,-0.25,1.930661807849));
#7236 = ORIENTED_EDGE('',*,*,#7237,.T.);
#7237 = EDGE_CURVE('',#7227,#7238,#7240,.T.);
#7238 = VERTEX_POINT('',#7239);
#7239 = CARTESIAN_POINT('',(8.799999920635,-1.000000000001E-03,1.5));
#7240 = B_SPLINE_CURVE_WITH_KNOTS('',7,(#7241,#7242,#7243,#7244,#7245,
    #7246,#7247,#7248,#7249,#7250,#7251,#7252,#7253,#7254),
  .UNSPECIFIED.,.F.,.F.,(8,6,8),(0.,0.63959246678,1.),.UNSPECIFIED.);
#7241 = CARTESIAN_POINT('',(8.808069617317,-0.25,1.749));
#7242 = CARTESIAN_POINT('',(8.797926722967,-0.25,1.717576362204));
#7243 = CARTESIAN_POINT('',(8.790588296222,-0.245373216509,
    1.685738038504));
#7244 = CARTESIAN_POINT('',(8.786181999505,-0.235901327629,
    1.654225531204));
#7245 = CARTESIAN_POINT('',(8.784542739426,-0.221467371384,1.62382718512
    ));
#7246 = CARTESIAN_POINT('',(8.785256150534,-0.202052764486,
    1.595373196807));
#7247 = CARTESIAN_POINT('',(8.787607218543,-0.177631109851,
    1.569759933245));
#7248 = CARTESIAN_POINT('',(8.792299906375,-0.13175088129,1.536101460889
    ));
#7249 = CARTESIAN_POINT('',(8.794192146855,-0.113708282897,
    1.525309119988));
#7250 = CARTESIAN_POINT('',(8.796116709851,-9.409080308875E-02,
    1.515987038543));
#7251 = CARTESIAN_POINT('',(8.797888019774,-7.285362751602E-02,
    1.50839542829));
#7252 = CARTESIAN_POINT('',(8.799262476336,-5.006312429821E-02,
    1.502919388693));
#7253 = CARTESIAN_POINT('',(8.799995958673,-2.59603603157E-02,1.5));
#7254 = CARTESIAN_POINT('',(8.799999920635,-1.000000000001E-03,1.5));
#7255 = ORIENTED_EDGE('',*,*,#7256,.T.);
#7256 = EDGE_CURVE('',#7238,#7257,#7259,.T.);
#7257 = VERTEX_POINT('',#7258);
#7258 = CARTESIAN_POINT('',(8.799999920635,9.999999999993E-04,1.5));
#7259 = B_SPLINE_CURVE_WITH_KNOTS('',1,(#7260,#7261),.UNSPECIFIED.,.F.,
  .F.,(2,2),(0.,1.),.PIECEWISE_BEZIER_KNOTS.);
#7260 = CARTESIAN_POINT('',(8.799999920635,-1.000000000001E-03,1.5));
#7261 = CARTESIAN_POINT('',(8.799999920635,9.999999999993E-04,1.5));
#7262 = ORIENTED_EDGE('',*,*,#7263,.T.);
#7263 = EDGE_CURVE('',#7257,#7264,#7266,.T.);
#7264 = VERTEX_POINT('',#7265);
#7265 = CARTESIAN_POINT('',(8.808069617317,0.25,1.749));
#7266 = B_SPLINE_CURVE_WITH_KNOTS('',7,(#7267,#7268,#7269,#7270,#7271,
    #7272,#7273,#7274,#7275,#7276,#7277,#7278,#7279,#7280),
  .UNSPECIFIED.,.F.,.F.,(8,6,8),(0.,0.358935362898,1.),.UNSPECIFIED.);
#7267 = CARTESIAN_POINT('',(8.799999920635,9.99999999999E-04,1.5));
#7268 = CARTESIAN_POINT('',(8.799995976702,2.58467748516E-02,1.5));
#7269 = CARTESIAN_POINT('',(8.799269186973,4.985738898241E-02,
    1.502892852017));
#7270 = CARTESIAN_POINT('',(8.797905158081,7.25704040372E-02,
    1.508326593674));
#7271 = CARTESIAN_POINT('',(8.796145812459,9.373940293968E-02,
    1.51586236445));
#7272 = CARTESIAN_POINT('',(8.79423237052,0.11329772563,1.525115440845)
  );
#7273 = CARTESIAN_POINT('',(8.792347714305,0.131294590765,1.53582864935)
  );
#7274 = CARTESIAN_POINT('',(8.787640511067,0.177286193495,1.569398782367
    ));
#7275 = CARTESIAN_POINT('',(8.785264673192,0.201824316368,1.595038862637
    ));
#7276 = CARTESIAN_POINT('',(8.784527401666,0.221331422293,1.623541351846
    ));
#7277 = CARTESIAN_POINT('',(8.786150989386,0.23583441424,1.654003207723)
  );
#7278 = CARTESIAN_POINT('',(8.790553779725,0.245351419741,1.685588241631
    ));
#7279 = CARTESIAN_POINT('',(8.797902863743,0.25,1.717502444091));
#7280 = CARTESIAN_POINT('',(8.808069617317,0.25,1.749));
#7281 = ORIENTED_EDGE('',*,*,#7282,.T.);
#7282 = EDGE_CURVE('',#7264,#7283,#7285,.T.);
#7283 = VERTEX_POINT('',#7284);
#7284 = CARTESIAN_POINT('',(8.91475745977,0.25,1.930661594627));
#7285 = B_SPLINE_CURVE_WITH_KNOTS('',5,(#7286,#7287,#7288,#7289,#7290,
    #7291),.UNSPECIFIED.,.F.,.F.,(6,6),(0.,1.),
  .PIECEWISE_BEZIER_KNOTS.);
#7286 = CARTESIAN_POINT('',(8.808069617317,0.25,1.749));
#7287 = CARTESIAN_POINT('',(8.821115018189,0.25,1.789415862686));
#7288 = CARTESIAN_POINT('',(8.838583659094,0.25,1.828406612758));
#7289 = CARTESIAN_POINT('',(8.8602664073,0.25,1.865324556424));
#7290 = CARTESIAN_POINT('',(8.885813339217,0.25,1.89957535939));
#7291 = CARTESIAN_POINT('',(8.914760367041,0.25,1.930661807849));
#7292 = ORIENTED_EDGE('',*,*,#7293,.F.);
#7293 = EDGE_CURVE('',#7146,#7283,#7294,.T.);
#7294 = B_SPLINE_CURVE_WITH_KNOTS('',5,(#7295,#7296,#7297,#7298,#7299,
    #7300,#7301,#7302,#7303,#7304,#7305,#7306,#7307,#7308),
  .UNSPECIFIED.,.F.,.F.,(6,4,4,6),(-0.310475018486,-3.482948667337E-07,
    5.105088410377,5.415562601469),.UNSPECIFIED.);
#7295 = CARTESIAN_POINT('',(8.312151156947,2.743527194857,1.930661594627
    ));
#7296 = CARTESIAN_POINT('',(8.336207683827,2.685449601344,1.930661594627
    ));
#7297 = CARTESIAN_POINT('',(8.360117298503,2.627726685269,1.930661594627
    ));
#7298 = CARTESIAN_POINT('',(8.383880000974,2.57035844663,1.930661594627)
  );
#7299 = CARTESIAN_POINT('',(8.407495791241,2.513344885429,1.930661594627
    ));
#7300 = CARTESIAN_POINT('',(8.816859935731,1.525052414919,1.930661594627
    ));
#7301 = CARTESIAN_POINT('',(9.019875621689,0.517656571593,1.930661594627
    ));
#7302 = CARTESIAN_POINT('',(9.01987700005,-0.517653295151,1.930661594627
    ));
#7303 = CARTESIAN_POINT('',(8.816860665968,-1.525050651971,
    1.930661594627));
#7304 = CARTESIAN_POINT('',(8.407495783045,-2.513344905214,
    1.930661594627));
#7305 = CARTESIAN_POINT('',(8.383879988681,-2.570358476308,
    1.930661594627));
#7306 = CARTESIAN_POINT('',(8.36011728621,-2.627726714946,1.930661594627
    ));
#7307 = CARTESIAN_POINT('',(8.336207675632,-2.685449621129,
    1.930661594627));
#7308 = CARTESIAN_POINT('',(8.312151156947,-2.743527194857,
    1.930661594627));
#7309 = SURFACE_OF_REVOLUTION('',#7310,#7315);
#7310 = CIRCLE('',#7311,0.485412195974);
#7311 = AXIS2_PLACEMENT_3D('',#7312,#7313,#7314);
#7312 = CARTESIAN_POINT('',(8.759283832764,2.592680254273,1.6));
#7313 = DIRECTION('',(-0.382683432365,0.923879532511,0.));
#7314 = DIRECTION('',(-0.523404384043,-0.216801194476,-0.824041924199));
#7315 = AXIS1_PLACEMENT('',#7316,#7317);
#7316 = CARTESIAN_POINT('',(2.5,0.,0.));
#7317 = DIRECTION('',(0.,0.,-1.));
#7318 = ADVANCED_FACE('',(#7319),#7386,.T.);
#7319 = FACE_BOUND('',#7320,.T.);
#7320 = EDGE_LOOP('',(#7321,#7334,#7374,#7385));
#7321 = ORIENTED_EDGE('',*,*,#7322,.T.);
#7322 = EDGE_CURVE('',#7136,#7323,#7325,.T.);
#7323 = VERTEX_POINT('',#7324);
#7324 = CARTESIAN_POINT('',(8.505216961323,-2.487442310373,
    2.135020857149));
#7325 = B_SPLINE_CURVE_WITH_KNOTS('',7,(#7326,#7327,#7328,#7329,#7330,
    #7331,#7332,#7333),.UNSPECIFIED.,.F.,.F.,(8,8),(0.,1.),
  .PIECEWISE_BEZIER_KNOTS.);
#7326 = CARTESIAN_POINT('',(8.430964668484,-2.456686003642,
    1.930661594627));
#7327 = CARTESIAN_POINT('',(8.45071058226,-2.464865028929,1.95363149037)
  );
#7328 = CARTESIAN_POINT('',(8.468320649349,-2.472159357552,
    1.979737339511));
#7329 = CARTESIAN_POINT('',(8.483073844003,-2.478270330866,
    2.008600901588));
#7330 = CARTESIAN_POINT('',(8.494315399344,-2.48292673555,2.03954022846)
  );
#7331 = CARTESIAN_POINT('',(8.501679713659,-2.485977134417,
    2.071549100738));
#7332 = CARTESIAN_POINT('',(8.505216961264,-2.487442310348,
    2.103645489805));
#7333 = CARTESIAN_POINT('',(8.505216961323,-2.487442310373,
    2.135020857149));
#7334 = ORIENTED_EDGE('',*,*,#7335,.T.);
#7335 = EDGE_CURVE('',#7323,#7336,#7338,.T.);
#7336 = VERTEX_POINT('',#7337);
#7337 = CARTESIAN_POINT('',(8.505216961323,2.487442310373,2.135020857149
    ));
#7338 = B_SPLINE_CURVE_WITH_KNOTS('',12,(#7339,#7340,#7341,#7342,#7343,
    #7344,#7345,#7346,#7347,#7348,#7349,#7350,#7351,#7352,#7353,#7354,
    #7355,#7356,#7357,#7358,#7359,#7360,#7361,#7362,#7363,#7364,#7365,
    #7366,#7367,#7368,#7369,#7370,#7371,#7372,#7373),.UNSPECIFIED.,.F.,
  .F.,(13,11,11,13),(-1.522600668116,-6.493254616956E-16,35.735616434584
    ,37.258217102701),.UNSPECIFIED.);
#7339 = CARTESIAN_POINT('',(9.08789101112,-1.080742716912,2.135020857149
    ));
#7340 = CARTESIAN_POINT('',(9.038998344818,-1.198780054999,
    2.135020857149));
#7341 = CARTESIAN_POINT('',(8.990166859513,-1.316669689091,
    2.135020857149));
#7342 = CARTESIAN_POINT('',(8.941396555206,-1.43441161919,2.135020857149
    ));
#7343 = CARTESIAN_POINT('',(8.892687431897,-1.552005845296,
    2.135020857149));
#7344 = CARTESIAN_POINT('',(8.844039489584,-1.669452367408,
    2.135020857149));
#7345 = CARTESIAN_POINT('',(8.795452728269,-1.786751185527,
    2.135020857149));
#7346 = CARTESIAN_POINT('',(8.746927147952,-1.903902299651,
    2.135020857149));
#7347 = CARTESIAN_POINT('',(8.698462748631,-2.020905709783,
    2.135020857149));
#7348 = CARTESIAN_POINT('',(8.650059530308,-2.137761415921,
    2.135020857149));
#7349 = CARTESIAN_POINT('',(8.601717492983,-2.254469418065,
    2.135020857149));
#7350 = CARTESIAN_POINT('',(8.553436636654,-2.371029716216,
    2.135020857149));
#7351 = CARTESIAN_POINT('',(7.373495520298,-5.219659562126,
    2.135020857149));
#7352 = CARTESIAN_POINT('',(4.86780262688,-7.431812727826,2.13502082022)
  );
#7353 = CARTESIAN_POINT('',(1.250868920554,-8.308196673342,
    2.135021344512));
#7354 = CARTESIAN_POINT('',(-2.627584089055,-7.168186223984,
    2.135019241498));
#7355 = CARTESIAN_POINT('',(-5.515248362647,-4.323112456289,
    2.135023885339));
#7356 = CARTESIAN_POINT('',(-6.962600395895,6.322498080635E-12,
    2.135017169166));
#7357 = CARTESIAN_POINT('',(-5.515248362646,4.323112456277,
    2.135023885338));
#7358 = CARTESIAN_POINT('',(-2.627584089056,7.168186223993,
    2.135019241499));
#7359 = CARTESIAN_POINT('',(1.250868920555,8.308196673337,2.135021344511
    ));
#7360 = CARTESIAN_POINT('',(4.867802626879,7.431812727829,2.13502082022)
  );
#7361 = CARTESIAN_POINT('',(7.373495520298,5.219659562125,2.135020857149
    ));
#7362 = CARTESIAN_POINT('',(8.553436636654,2.371029716216,2.135020857149
    ));
#7363 = CARTESIAN_POINT('',(8.601717492983,2.254469418065,2.135020857149
    ));
#7364 = CARTESIAN_POINT('',(8.650059530308,2.137761415921,2.135020857149
    ));
#7365 = CARTESIAN_POINT('',(8.698462748631,2.020905709783,2.135020857149
    ));
#7366 = CARTESIAN_POINT('',(8.746927147952,1.903902299652,2.135020857149
    ));
#7367 = CARTESIAN_POINT('',(8.795452728269,1.786751185527,2.135020857149
    ));
#7368 = CARTESIAN_POINT('',(8.844039489584,1.669452367408,2.135020857149
    ));
#7369 = CARTESIAN_POINT('',(8.892687431897,1.552005845296,2.135020857149
    ));
#7370 = CARTESIAN_POINT('',(8.941396555206,1.43441161919,2.135020857149)
  );
#7371 = CARTESIAN_POINT('',(8.990166859513,1.316669689091,2.135020857149
    ));
#7372 = CARTESIAN_POINT('',(9.038998344818,1.198780054999,2.135020857149
    ));
#7373 = CARTESIAN_POINT('',(9.087891011119,1.080742716912,2.135020857149
    ));
#7374 = ORIENTED_EDGE('',*,*,#7375,.F.);
#7375 = EDGE_CURVE('',#7146,#7336,#7376,.T.);
#7376 = B_SPLINE_CURVE_WITH_KNOTS('',7,(#7377,#7378,#7379,#7380,#7381,
    #7382,#7383,#7384),.UNSPECIFIED.,.F.,.F.,(8,8),(0.,1.),
  .PIECEWISE_BEZIER_KNOTS.);
#7377 = CARTESIAN_POINT('',(8.430964668484,2.456686003642,1.930661594627
    ));
#7378 = CARTESIAN_POINT('',(8.45071058226,2.464865028929,1.95363149037)
  );
#7379 = CARTESIAN_POINT('',(8.468320649349,2.472159357552,1.979737339511
    ));
#7380 = CARTESIAN_POINT('',(8.483073844003,2.478270330866,2.008600901588
    ));
#7381 = CARTESIAN_POINT('',(8.494315399344,2.48292673555,2.03954022846)
  );
#7382 = CARTESIAN_POINT('',(8.501679713659,2.485977134417,2.071549100738
    ));
#7383 = CARTESIAN_POINT('',(8.505216961264,2.487442310348,2.103645489805
    ));
#7384 = CARTESIAN_POINT('',(8.505216961323,2.487442310373,2.135020857149
    ));
#7385 = ORIENTED_EDGE('',*,*,#7154,.F.);
#7386 = ( BOUNDED_SURFACE() B_SPLINE_SURFACE(2,12,(
    (#7387,#7388,#7389,#7390,#7391,#7392,#7393,#7394,#7395,#7396,#7397
      ,#7398,#7399,#7400,#7401,#7402,#7403,#7404,#7405,#7406,#7407,#7408
      ,#7409,#7410,#7411,#7412,#7413,#7414,#7415,#7416,#7417,#7418,#7419
      ,#7420,#7421)
    ,(#7422,#7423,#7424,#7425,#7426,#7427,#7428,#7429,#7430,#7431,#7432
      ,#7433,#7434,#7435,#7436,#7437,#7438,#7439,#7440,#7441,#7442,#7443
      ,#7444,#7445,#7446,#7447,#7448,#7449,#7450,#7451,#7452,#7453,#7454
      ,#7455,#7456)
    ,(#7457,#7458,#7459,#7460,#7461,#7462,#7463,#7464,#7465,#7466,#7467
      ,#7468,#7469,#7470,#7471,#7472,#7473,#7474,#7475,#7476,#7477,#7478
      ,#7479,#7480,#7481,#7482,#7483,#7484,#7485,#7486,#7487,#7488,#7489
      ,#7490,#7491
)),.UNSPECIFIED.,.F.,.F.,.F.) B_SPLINE_SURFACE_WITH_KNOTS((3,3),(13,11,
    11,13),(0.,35.735616434584),(-1.522600668116,-6.493254616956E-16,
    35.735616434584,37.258217102701),.UNSPECIFIED.) 
GEOMETRIC_REPRESENTATION_ITEM() RATIONAL_B_SPLINE_SURFACE((
    (1.,1.,1.,1.,1.,1.,1.,1.,1.,1.,1.,1.,1.,1.,1.,1.,1.,1.,1.,1.,1.,1.
      ,1.,1.,1.,1.,1.,1.,1.,1.,1.,1.,1.,1.,1.)
    ,(0.93061798229,0.93061798229,0.93061798229,0.93061798229
      ,0.93061798229,0.93061798229,0.93061798229,0.93061798229
      ,0.93061798229,0.93061798229,0.93061798229,0.93061798229
      ,0.93061798229,0.930618018458,0.930617504959,0.930619564684
      ,0.930615016429,0.930621594364,0.930615016428,0.930619564685
      ,0.930617504959,0.930618018458,0.93061798229,0.93061798229
      ,0.93061798229,0.93061798229,0.93061798229,0.93061798229
      ,0.93061798229,0.93061798229,0.93061798229,0.93061798229
      ,0.93061798229,0.93061798229,0.93061798229)
    ,(1.,1.,1.,1.,1.,1.,1.,1.,1.,1.,1.,1.,1.,1.,1.,1.,1.,1.,1.,1.,1.,1.
,1.,1.,1.,1.,1.,1.,1.,1.,1.,1.,1.,1.,1.
))) REPRESENTATION_ITEM('') SURFACE() );
#7387 = CARTESIAN_POINT('',(9.01363871828,-1.049986410181,1.930661594627
    ));
#7388 = CARTESIAN_POINT('',(8.964149833478,-1.169463147058,
    1.930661594627));
#7389 = CARTESIAN_POINT('',(8.914830533036,-1.28853047107,1.930661594627
    ));
#7390 = CARTESIAN_POINT('',(8.865680816956,-1.407188382218,
    1.930661594627));
#7391 = CARTESIAN_POINT('',(8.816700685237,-1.525436880501,
    1.930661594627));
#7392 = CARTESIAN_POINT('',(8.767890137879,-1.643275965919,
    1.930661594627));
#7393 = CARTESIAN_POINT('',(8.719249174882,-1.760705638473,
    1.930661594627));
#7394 = CARTESIAN_POINT('',(8.670777796246,-1.877725898163,
    1.930661594627));
#7395 = CARTESIAN_POINT('',(8.622476001971,-1.994336744988,
    1.930661594627));
#7396 = CARTESIAN_POINT('',(8.574343792058,-2.110538178948,
    1.930661594627));
#7397 = CARTESIAN_POINT('',(8.526381166505,-2.226330200044,
    1.930661594627));
#7398 = CARTESIAN_POINT('',(8.478588125314,-2.341712808275,
    1.930661594627));
#7399 = CARTESIAN_POINT('',(7.313236545667,-5.155120396792,
    1.930661594627));
#7400 = CARTESIAN_POINT('',(4.838471973795,-7.340112010531,
    1.930661601107));
#7401 = CARTESIAN_POINT('',(1.265919207936,-8.205179634714,
    1.930661509103));
#7402 = CARTESIAN_POINT('',(-2.563220275516,-7.0795444175,1.930661878151
    ));
#7403 = CARTESIAN_POINT('',(-5.417050213584,-4.270008866879,
    1.930661063221));
#7404 = CARTESIAN_POINT('',(-6.844880223751,6.272760089132E-12,
    1.930662241819));
#7405 = CARTESIAN_POINT('',(-5.417050213584,4.270008866868,1.93066106322
    ));
#7406 = CARTESIAN_POINT('',(-2.563220275517,7.07954441751,1.930661878152
    ));
#7407 = CARTESIAN_POINT('',(1.265919207937,8.205179634709,1.930661509102
    ));
#7408 = CARTESIAN_POINT('',(4.838471973795,7.340112010534,1.930661601107
    ));
#7409 = CARTESIAN_POINT('',(7.313236545667,5.155120396791,1.930661594627
    ));
#7410 = CARTESIAN_POINT('',(8.478588125314,2.341712808275,1.930661594627
    ));
#7411 = CARTESIAN_POINT('',(8.526381166505,2.226330200044,1.930661594627
    ));
#7412 = CARTESIAN_POINT('',(8.574343792058,2.110538178948,1.930661594627
    ));
#7413 = CARTESIAN_POINT('',(8.622476001971,1.994336744988,1.930661594627
    ));
#7414 = CARTESIAN_POINT('',(8.670777796246,1.877725898163,1.930661594627
    ));
#7415 = CARTESIAN_POINT('',(8.719249174882,1.760705638474,1.930661594627
    ));
#7416 = CARTESIAN_POINT('',(8.767890137879,1.64327596592,1.930661594627)
  );
#7417 = CARTESIAN_POINT('',(8.816700685237,1.525436880501,1.930661594627
    ));
#7418 = CARTESIAN_POINT('',(8.865680816956,1.407188382218,1.930661594627
    ));
#7419 = CARTESIAN_POINT('',(8.914830533036,1.28853047107,1.930661594627)
  );
#7420 = CARTESIAN_POINT('',(8.964149833478,1.169463147058,1.930661594627
    ));
#7421 = CARTESIAN_POINT('',(9.01363871828,1.049986410181,1.930661594627)
  );
#7422 = CARTESIAN_POINT('',(9.08789101112,-1.080742716912,2.017037309501
    ));
#7423 = CARTESIAN_POINT('',(9.038998344818,-1.198780054999,
    2.017037309501));
#7424 = CARTESIAN_POINT('',(8.990166859514,-1.316669689091,
    2.017037309501));
#7425 = CARTESIAN_POINT('',(8.941396555206,-1.43441161919,2.017037309501
    ));
#7426 = CARTESIAN_POINT('',(8.892687431897,-1.552005845296,
    2.017037309501));
#7427 = CARTESIAN_POINT('',(8.844039489584,-1.669452367408,
    2.017037309501));
#7428 = CARTESIAN_POINT('',(8.795452728269,-1.786751185527,
    2.017037309501));
#7429 = CARTESIAN_POINT('',(8.746927147952,-1.903902299652,
    2.017037309501));
#7430 = CARTESIAN_POINT('',(8.698462748631,-2.020905709783,
    2.017037309501));
#7431 = CARTESIAN_POINT('',(8.650059530308,-2.137761415921,
    2.017037309501));
#7432 = CARTESIAN_POINT('',(8.601717492983,-2.254469418065,
    2.017037309501));
#7433 = CARTESIAN_POINT('',(8.553436636654,-2.371029716216,
    2.017037309501));
#7434 = CARTESIAN_POINT('',(7.373495520298,-5.219659562125,
    2.017037309501));
#7435 = CARTESIAN_POINT('',(4.867802281652,-7.43181234636,2.017037306805
    ));
#7436 = CARTESIAN_POINT('',(1.250868793872,-8.308200294151,
    2.017037345083));
#7437 = CARTESIAN_POINT('',(-2.627576150504,-7.168175906581,
    2.017037191543));
#7438 = CARTESIAN_POINT('',(-5.515272688696,-4.323124294676,
    2.017037530589));
#7439 = CARTESIAN_POINT('',(-6.962565105127,-3.665956427312E-12,
    2.017037040243));
#7440 = CARTESIAN_POINT('',(-5.515272688698,4.323124294683,
    2.017037530589));
#7441 = CARTESIAN_POINT('',(-2.627576150503,7.168175906575,
    2.017037191543));
#7442 = CARTESIAN_POINT('',(1.250868793872,8.308200294154,2.017037345083
    ));
#7443 = CARTESIAN_POINT('',(4.867802281652,7.431812346359,2.017037306805
    ));
#7444 = CARTESIAN_POINT('',(7.373495520298,5.219659562125,2.017037309501
    ));
#7445 = CARTESIAN_POINT('',(8.553436636654,2.371029716216,2.017037309501
    ));
#7446 = CARTESIAN_POINT('',(8.601717492983,2.254469418065,2.017037309501
    ));
#7447 = CARTESIAN_POINT('',(8.650059530308,2.137761415921,2.017037309501
    ));
#7448 = CARTESIAN_POINT('',(8.698462748631,2.020905709783,2.017037309501
    ));
#7449 = CARTESIAN_POINT('',(8.746927147952,1.903902299652,2.017037309501
    ));
#7450 = CARTESIAN_POINT('',(8.795452728269,1.786751185527,2.017037309501
    ));
#7451 = CARTESIAN_POINT('',(8.844039489584,1.669452367408,2.017037309501
    ));
#7452 = CARTESIAN_POINT('',(8.892687431897,1.552005845296,2.017037309501
    ));
#7453 = CARTESIAN_POINT('',(8.941396555206,1.43441161919,2.017037309501)
  );
#7454 = CARTESIAN_POINT('',(8.990166859513,1.316669689091,2.017037309501
    ));
#7455 = CARTESIAN_POINT('',(9.038998344818,1.198780054999,2.017037309501
    ));
#7456 = CARTESIAN_POINT('',(9.08789101112,1.080742716912,2.017037309501)
  );
#7457 = CARTESIAN_POINT('',(9.08789101112,-1.080742716912,2.135020857149
    ));
#7458 = CARTESIAN_POINT('',(9.038998344818,-1.198780054999,
    2.135020857149));
#7459 = CARTESIAN_POINT('',(8.990166859513,-1.316669689091,
    2.135020857149));
#7460 = CARTESIAN_POINT('',(8.941396555206,-1.43441161919,2.135020857149
    ));
#7461 = CARTESIAN_POINT('',(8.892687431897,-1.552005845296,
    2.135020857149));
#7462 = CARTESIAN_POINT('',(8.844039489584,-1.669452367408,
    2.135020857149));
#7463 = CARTESIAN_POINT('',(8.795452728269,-1.786751185527,
    2.135020857149));
#7464 = CARTESIAN_POINT('',(8.746927147952,-1.903902299651,
    2.135020857149));
#7465 = CARTESIAN_POINT('',(8.698462748631,-2.020905709783,
    2.135020857149));
#7466 = CARTESIAN_POINT('',(8.650059530308,-2.137761415921,
    2.135020857149));
#7467 = CARTESIAN_POINT('',(8.601717492983,-2.254469418065,
    2.135020857149));
#7468 = CARTESIAN_POINT('',(8.553436636654,-2.371029716216,
    2.135020857149));
#7469 = CARTESIAN_POINT('',(7.373495520298,-5.219659562126,
    2.135020857149));
#7470 = CARTESIAN_POINT('',(4.86780262688,-7.431812727826,2.13502082022)
  );
#7471 = CARTESIAN_POINT('',(1.250868920554,-8.308196673342,
    2.135021344512));
#7472 = CARTESIAN_POINT('',(-2.627584089055,-7.168186223984,
    2.135019241498));
#7473 = CARTESIAN_POINT('',(-5.515248362647,-4.323112456289,
    2.135023885339));
#7474 = CARTESIAN_POINT('',(-6.962600395895,6.322498080635E-12,
    2.135017169166));
#7475 = CARTESIAN_POINT('',(-5.515248362646,4.323112456277,
    2.135023885338));
#7476 = CARTESIAN_POINT('',(-2.627584089056,7.168186223993,
    2.135019241499));
#7477 = CARTESIAN_POINT('',(1.250868920555,8.308196673337,2.135021344511
    ));
#7478 = CARTESIAN_POINT('',(4.867802626879,7.431812727829,2.13502082022)
  );
#7479 = CARTESIAN_POINT('',(7.373495520298,5.219659562125,2.135020857149
    ));
#7480 = CARTESIAN_POINT('',(8.553436636654,2.371029716216,2.135020857149
    ));
#7481 = CARTESIAN_POINT('',(8.601717492983,2.254469418065,2.135020857149
    ));
#7482 = CARTESIAN_POINT('',(8.650059530308,2.137761415921,2.135020857149
    ));
#7483 = CARTESIAN_POINT('',(8.698462748631,2.020905709783,2.135020857149
    ));
#7484 = CARTESIAN_POINT('',(8.746927147952,1.903902299652,2.135020857149
    ));
#7485 = CARTESIAN_POINT('',(8.795452728269,1.786751185527,2.135020857149
    ));
#7486 = CARTESIAN_POINT('',(8.844039489584,1.669452367408,2.135020857149
    ));
#7487 = CARTESIAN_POINT('',(8.892687431897,1.552005845296,2.135020857149
    ));
#7488 = CARTESIAN_POINT('',(8.941396555206,1.43441161919,2.135020857149)
  );
#7489 = CARTESIAN_POINT('',(8.990166859513,1.316669689091,2.135020857149
    ));
#7490 = CARTESIAN_POINT('',(9.038998344818,1.198780054999,2.135020857149
    ));
#7491 = CARTESIAN_POINT('',(9.087891011119,1.080742716912,2.135020857149
    ));
#7492 = ADVANCED_FACE('',(#7493),#7529,.T.);
#7493 = FACE_BOUND('',#7494,.T.);
#7494 = EDGE_LOOP('',(#7495,#7496,#7497,#7516));
#7495 = ORIENTED_EDGE('',*,*,#7293,.F.);
#7496 = ORIENTED_EDGE('',*,*,#7375,.T.);
#7497 = ORIENTED_EDGE('',*,*,#7498,.T.);
#7498 = EDGE_CURVE('',#7336,#7499,#7501,.T.);
#7499 = VERTEX_POINT('',#7500);
#7500 = CARTESIAN_POINT('',(8.995187779542,0.25,2.135020857149));
#7501 = B_SPLINE_CURVE_WITH_KNOTS('',5,(#7502,#7503,#7504,#7505,#7506,
    #7507,#7508,#7509,#7510,#7511,#7512,#7513,#7514,#7515),
  .UNSPECIFIED.,.F.,.F.,(6,4,4,6),(-0.310475018486,-3.482948667337E-07,
    5.105088410377,5.415562601469),.UNSPECIFIED.);
#7502 = CARTESIAN_POINT('',(8.386403447947,2.774283505488,2.135020857149
    ));
#7503 = CARTESIAN_POINT('',(8.410166157656,2.716915249484,2.135020857149
    ));
#7504 = CARTESIAN_POINT('',(8.433928863765,2.659547002171,2.135020857149
    ));
#7505 = CARTESIAN_POINT('',(8.457691566275,2.602178763549,2.135020857149
    ));
#7506 = CARTESIAN_POINT('',(8.481454265184,2.544810533616,2.135020857149
    ));
#7507 = CARTESIAN_POINT('',(8.895943420169,1.54414519514,2.135020857149)
  );
#7508 = CARTESIAN_POINT('',(9.101500739719,0.524137268758,2.135020857149
    ));
#7509 = CARTESIAN_POINT('',(9.101502157317,-0.524133884039,
    2.135020857149));
#7510 = CARTESIAN_POINT('',(8.895944141487,-1.544143453723,
    2.135020857149));
#7511 = CARTESIAN_POINT('',(8.481454257985,-2.544810550997,
    2.135020857149));
#7512 = CARTESIAN_POINT('',(8.457691555475,-2.60217878962,2.135020857149
    ));
#7513 = CARTESIAN_POINT('',(8.433928852966,-2.659547028243,
    2.135020857149));
#7514 = CARTESIAN_POINT('',(8.410166150457,-2.716915266865,
    2.135020857149));
#7515 = CARTESIAN_POINT('',(8.386403447947,-2.774283505488,
    2.135020857149));
#7516 = ORIENTED_EDGE('',*,*,#7517,.T.);
#7517 = EDGE_CURVE('',#7499,#7283,#7518,.T.);
#7518 = B_SPLINE_CURVE_WITH_KNOTS('',5,(#7519,#7520,#7521,#7522,#7523,
    #7524,#7525,#7526,#7527,#7528),.UNSPECIFIED.,.F.,.F.,(6,4,6),(0.,
    0.498631051742,1.),.UNSPECIFIED.);
#7519 = CARTESIAN_POINT('',(8.995187779542,0.25,2.135020857149));
#7520 = CARTESIAN_POINT('',(8.995187779227,0.25,2.113099839638));
#7521 = CARTESIAN_POINT('',(8.99318462558,0.25,2.090815152035));
#7522 = CARTESIAN_POINT('',(8.989041943509,0.25,2.068514532024));
#7523 = CARTESIAN_POINT('',(8.982754610829,0.25,2.046622981294));
#7524 = CARTESIAN_POINT('',(8.966142723699,0.25,2.004286189444));
#7525 = CARTESIAN_POINT('',(8.955796031414,0.25,1.983849113831));
#7526 = CARTESIAN_POINT('',(8.943576839858,0.25,1.964581789316));
#7527 = CARTESIAN_POINT('',(8.929783157648,0.25,1.946797838407));
#7528 = CARTESIAN_POINT('',(8.91475745977,0.25,1.930661594627));
#7529 = ( BOUNDED_SURFACE() B_SPLINE_SURFACE(2,5,(
    (#7530,#7531,#7532,#7533,#7534,#7535,#7536,#7537,#7538,#7539,#7540
      ,#7541,#7542,#7543)
    ,(#7544,#7545,#7546,#7547,#7548,#7549,#7550,#7551,#7552,#7553,#7554
      ,#7555,#7556,#7557)
    ,(#7558,#7559,#7560,#7561,#7562,#7563,#7564,#7565,#7566,#7567,#7568
      ,#7569,#7570,#7571
)),.UNSPECIFIED.,.F.,.F.,.F.) B_SPLINE_SURFACE_WITH_KNOTS((3,3),(6,4,4,6
    ),(0.,5.105088758672),(-0.310475018486,-3.482948667337E-07,
    5.105088410377,5.415562601469),.UNSPECIFIED.) 
GEOMETRIC_REPRESENTATION_ITEM() RATIONAL_B_SPLINE_SURFACE((
    (1.,1.,1.,1.,1.,1.,1.,1.,1.,1.,1.,1.,1.,1.)
    ,(0.93061798229,0.93061798229,0.93061798229,0.93061798229
      ,0.93061798229,0.93061798229,0.93061798229,0.93061798229
      ,0.93061798229,0.93061798229,0.93061798229,0.93061798229
      ,0.93061798229,0.93061798229)
,(1.,1.,1.,1.,1.,1.,1.,1.,1.,1.,1.,1.,1.,1.
))) REPRESENTATION_ITEM('') SURFACE() );
#7530 = CARTESIAN_POINT('',(8.312151156947,2.743527194857,1.930661594627
    ));
#7531 = CARTESIAN_POINT('',(8.336207683827,2.685449601344,1.930661594627
    ));
#7532 = CARTESIAN_POINT('',(8.360117298503,2.627726685269,1.930661594627
    ));
#7533 = CARTESIAN_POINT('',(8.383880000974,2.57035844663,1.930661594627)
  );
#7534 = CARTESIAN_POINT('',(8.407495791241,2.513344885429,1.930661594627
    ));
#7535 = CARTESIAN_POINT('',(8.816859935731,1.525052414919,1.930661594627
    ));
#7536 = CARTESIAN_POINT('',(9.019875621689,0.517656571593,1.930661594627
    ));
#7537 = CARTESIAN_POINT('',(9.01987700005,-0.517653295151,1.930661594627
    ));
#7538 = CARTESIAN_POINT('',(8.816860665968,-1.525050651971,
    1.930661594627));
#7539 = CARTESIAN_POINT('',(8.407495783045,-2.513344905214,
    1.930661594627));
#7540 = CARTESIAN_POINT('',(8.383879988681,-2.570358476308,
    1.930661594627));
#7541 = CARTESIAN_POINT('',(8.36011728621,-2.627726714946,1.930661594627
    ));
#7542 = CARTESIAN_POINT('',(8.336207675632,-2.685449621129,
    1.930661594627));
#7543 = CARTESIAN_POINT('',(8.312151156947,-2.743527194857,
    1.930661594627));
#7544 = CARTESIAN_POINT('',(8.386403447947,2.774283505488,2.017037309501
    ));
#7545 = CARTESIAN_POINT('',(8.410166157656,2.716915249484,2.017037309501
    ));
#7546 = CARTESIAN_POINT('',(8.433928863765,2.659547002171,2.017037309501
    ));
#7547 = CARTESIAN_POINT('',(8.457691566275,2.602178763549,2.017037309501
    ));
#7548 = CARTESIAN_POINT('',(8.481454265184,2.544810533616,2.017037309501
    ));
#7549 = CARTESIAN_POINT('',(8.895943420169,1.54414519514,2.017037309501)
  );
#7550 = CARTESIAN_POINT('',(9.101500739718,0.524137268758,2.017037309501
    ));
#7551 = CARTESIAN_POINT('',(9.101502157317,-0.524133884039,
    2.017037309501));
#7552 = CARTESIAN_POINT('',(8.895944141487,-1.544143453723,
    2.017037309501));
#7553 = CARTESIAN_POINT('',(8.481454257985,-2.544810550997,
    2.017037309501));
#7554 = CARTESIAN_POINT('',(8.457691555475,-2.60217878962,2.017037309501
    ));
#7555 = CARTESIAN_POINT('',(8.433928852966,-2.659547028243,
    2.017037309501));
#7556 = CARTESIAN_POINT('',(8.410166150457,-2.716915266865,
    2.017037309501));
#7557 = CARTESIAN_POINT('',(8.386403447947,-2.774283505488,
    2.017037309501));
#7558 = CARTESIAN_POINT('',(8.386403447947,2.774283505488,2.135020857149
    ));
#7559 = CARTESIAN_POINT('',(8.410166157656,2.716915249484,2.135020857149
    ));
#7560 = CARTESIAN_POINT('',(8.433928863765,2.659547002171,2.135020857149
    ));
#7561 = CARTESIAN_POINT('',(8.457691566275,2.602178763549,2.135020857149
    ));
#7562 = CARTESIAN_POINT('',(8.481454265184,2.544810533616,2.135020857149
    ));
#7563 = CARTESIAN_POINT('',(8.895943420169,1.54414519514,2.135020857149)
  );
#7564 = CARTESIAN_POINT('',(9.101500739719,0.524137268758,2.135020857149
    ));
#7565 = CARTESIAN_POINT('',(9.101502157317,-0.524133884039,
    2.135020857149));
#7566 = CARTESIAN_POINT('',(8.895944141487,-1.544143453723,
    2.135020857149));
#7567 = CARTESIAN_POINT('',(8.481454257985,-2.544810550997,
    2.135020857149));
#7568 = CARTESIAN_POINT('',(8.457691555475,-2.60217878962,2.135020857149
    ));
#7569 = CARTESIAN_POINT('',(8.433928852966,-2.659547028243,
    2.135020857149));
#7570 = CARTESIAN_POINT('',(8.410166150457,-2.716915266865,
    2.135020857149));
#7571 = CARTESIAN_POINT('',(8.386403447947,-2.774283505488,
    2.135020857149));
#7572 = ADVANCED_FACE('',(#7573),#7597,.F.);
#7573 = FACE_BOUND('',#7574,.F.);
#7574 = EDGE_LOOP('',(#7575,#7592,#7593,#7594,#7595,#7596));
#7575 = ORIENTED_EDGE('',*,*,#7576,.F.);
#7576 = EDGE_CURVE('',#7283,#7208,#7577,.T.);
#7577 = B_SPLINE_CURVE_WITH_KNOTS('',5,(#7578,#7579,#7580,#7581,#7582,
    #7583,#7584,#7585,#7586,#7587,#7588,#7589,#7590,#7591),
  .UNSPECIFIED.,.F.,.F.,(6,4,4,6),(-0.310475018486,-3.482948667337E-07,
    5.105088410377,5.415562601469),.UNSPECIFIED.);
#7578 = CARTESIAN_POINT('',(8.312151156947,2.743527194857,1.930661594627
    ));
#7579 = CARTESIAN_POINT('',(8.336207683827,2.685449601344,1.930661594627
    ));
#7580 = CARTESIAN_POINT('',(8.360117298503,2.627726685269,1.930661594627
    ));
#7581 = CARTESIAN_POINT('',(8.383880000974,2.57035844663,1.930661594627)
  );
#7582 = CARTESIAN_POINT('',(8.407495791241,2.513344885429,1.930661594627
    ));
#7583 = CARTESIAN_POINT('',(8.816859935731,1.525052414919,1.930661594627
    ));
#7584 = CARTESIAN_POINT('',(9.019875621689,0.517656571593,1.930661594627
    ));
#7585 = CARTESIAN_POINT('',(9.01987700005,-0.517653295151,1.930661594627
    ));
#7586 = CARTESIAN_POINT('',(8.816860665968,-1.525050651971,
    1.930661594627));
#7587 = CARTESIAN_POINT('',(8.407495783045,-2.513344905214,
    1.930661594627));
#7588 = CARTESIAN_POINT('',(8.383879988681,-2.570358476308,
    1.930661594627));
#7589 = CARTESIAN_POINT('',(8.36011728621,-2.627726714946,1.930661594627
    ));
#7590 = CARTESIAN_POINT('',(8.336207675632,-2.685449621129,
    1.930661594627));
#7591 = CARTESIAN_POINT('',(8.312151156947,-2.743527194857,
    1.930661594627));
#7592 = ORIENTED_EDGE('',*,*,#7282,.F.);
#7593 = ORIENTED_EDGE('',*,*,#7263,.F.);
#7594 = ORIENTED_EDGE('',*,*,#7256,.F.);
#7595 = ORIENTED_EDGE('',*,*,#7237,.F.);
#7596 = ORIENTED_EDGE('',*,*,#7226,.T.);
#7597 = SURFACE_OF_REVOLUTION('',#7598,#7603);
#7598 = CIRCLE('',#7599,0.485412195974);
#7599 = AXIS2_PLACEMENT_3D('',#7600,#7601,#7602);
#7600 = CARTESIAN_POINT('',(8.759283832764,2.592680254273,1.6));
#7601 = DIRECTION('',(-0.382683432365,0.923879532511,0.));
#7602 = DIRECTION('',(-0.523404384043,-0.216801194476,-0.824041924199));
#7603 = AXIS1_PLACEMENT('',#7604,#7605);
#7604 = CARTESIAN_POINT('',(2.5,0.,0.));
#7605 = DIRECTION('',(0.,0.,-1.));
#7606 = ADVANCED_FACE('',(#7607),#7643,.T.);
#7607 = FACE_BOUND('',#7608,.T.);
#7608 = EDGE_LOOP('',(#7609,#7610,#7625,#7642));
#7609 = ORIENTED_EDGE('',*,*,#7207,.F.);
#7610 = ORIENTED_EDGE('',*,*,#7611,.F.);
#7611 = EDGE_CURVE('',#7612,#7208,#7614,.T.);
#7612 = VERTEX_POINT('',#7613);
#7613 = CARTESIAN_POINT('',(8.995187829301,-0.25,2.135020857149));
#7614 = B_SPLINE_CURVE_WITH_KNOTS('',5,(#7615,#7616,#7617,#7618,#7619,
    #7620,#7621,#7622,#7623,#7624),.UNSPECIFIED.,.F.,.F.,(6,4,6),(0.,
    0.498631052337,1.),.UNSPECIFIED.);
#7615 = CARTESIAN_POINT('',(8.995187829301,-0.25,2.135020857149));
#7616 = CARTESIAN_POINT('',(8.995187828986,-0.25,2.113099839615));
#7617 = CARTESIAN_POINT('',(8.993184675368,-0.25,2.090815151987));
#7618 = CARTESIAN_POINT('',(8.989041993357,-0.25,2.068514531952));
#7619 = CARTESIAN_POINT('',(8.982754660767,-0.25,2.046622981199));
#7620 = CARTESIAN_POINT('',(8.966142773899,-0.25,2.004286189357));
#7621 = CARTESIAN_POINT('',(8.955796081794,-0.25,1.983849113772));
#7622 = CARTESIAN_POINT('',(8.943576890455,-0.25,1.964581789281));
#7623 = CARTESIAN_POINT('',(8.929783208492,-0.25,1.946797838391));
#7624 = CARTESIAN_POINT('',(8.914757510884,-0.25,1.930661594627));
#7625 = ORIENTED_EDGE('',*,*,#7626,.T.);
#7626 = EDGE_CURVE('',#7612,#7323,#7627,.T.);
#7627 = B_SPLINE_CURVE_WITH_KNOTS('',5,(#7628,#7629,#7630,#7631,#7632,
    #7633,#7634,#7635,#7636,#7637,#7638,#7639,#7640,#7641),
  .UNSPECIFIED.,.F.,.F.,(6,4,4,6),(-0.310475018486,-3.482948667337E-07,
    5.105088410377,5.415562601469),.UNSPECIFIED.);
#7628 = CARTESIAN_POINT('',(8.386403447947,2.774283505488,2.135020857149
    ));
#7629 = CARTESIAN_POINT('',(8.410166157656,2.716915249484,2.135020857149
    ));
#7630 = CARTESIAN_POINT('',(8.433928863765,2.659547002171,2.135020857149
    ));
#7631 = CARTESIAN_POINT('',(8.457691566275,2.602178763549,2.135020857149
    ));
#7632 = CARTESIAN_POINT('',(8.481454265184,2.544810533616,2.135020857149
    ));
#7633 = CARTESIAN_POINT('',(8.895943420169,1.54414519514,2.135020857149)
  );
#7634 = CARTESIAN_POINT('',(9.101500739719,0.524137268758,2.135020857149
    ));
#7635 = CARTESIAN_POINT('',(9.101502157317,-0.524133884039,
    2.135020857149));
#7636 = CARTESIAN_POINT('',(8.895944141487,-1.544143453723,
    2.135020857149));
#7637 = CARTESIAN_POINT('',(8.481454257985,-2.544810550997,
    2.135020857149));
#7638 = CARTESIAN_POINT('',(8.457691555475,-2.60217878962,2.135020857149
    ));
#7639 = CARTESIAN_POINT('',(8.433928852966,-2.659547028243,
    2.135020857149));
#7640 = CARTESIAN_POINT('',(8.410166150457,-2.716915266865,
    2.135020857149));
#7641 = CARTESIAN_POINT('',(8.386403447947,-2.774283505488,
    2.135020857149));
#7642 = ORIENTED_EDGE('',*,*,#7322,.F.);
#7643 = ( BOUNDED_SURFACE() B_SPLINE_SURFACE(2,5,(
    (#7644,#7645,#7646,#7647,#7648,#7649,#7650,#7651,#7652,#7653,#7654
      ,#7655,#7656,#7657)
    ,(#7658,#7659,#7660,#7661,#7662,#7663,#7664,#7665,#7666,#7667,#7668
      ,#7669,#7670,#7671)
    ,(#7672,#7673,#7674,#7675,#7676,#7677,#7678,#7679,#7680,#7681,#7682
      ,#7683,#7684,#7685
)),.UNSPECIFIED.,.F.,.F.,.F.) B_SPLINE_SURFACE_WITH_KNOTS((3,3),(6,4,4,6
    ),(0.,5.105088758672),(-0.310475018486,-3.482948667337E-07,
    5.105088410377,5.415562601469),.UNSPECIFIED.) 
GEOMETRIC_REPRESENTATION_ITEM() RATIONAL_B_SPLINE_SURFACE((
    (1.,1.,1.,1.,1.,1.,1.,1.,1.,1.,1.,1.,1.,1.)
    ,(0.93061798229,0.93061798229,0.93061798229,0.93061798229
      ,0.93061798229,0.93061798229,0.93061798229,0.93061798229
      ,0.93061798229,0.93061798229,0.93061798229,0.93061798229
      ,0.93061798229,0.93061798229)
,(1.,1.,1.,1.,1.,1.,1.,1.,1.,1.,1.,1.,1.,1.
))) REPRESENTATION_ITEM('') SURFACE() );
#7644 = CARTESIAN_POINT('',(8.312151156947,2.743527194857,1.930661594627
    ));
#7645 = CARTESIAN_POINT('',(8.336207683827,2.685449601344,1.930661594627
    ));
#7646 = CARTESIAN_POINT('',(8.360117298503,2.627726685269,1.930661594627
    ));
#7647 = CARTESIAN_POINT('',(8.383880000974,2.57035844663,1.930661594627)
  );
#7648 = CARTESIAN_POINT('',(8.407495791241,2.513344885429,1.930661594627
    ));
#7649 = CARTESIAN_POINT('',(8.816859935731,1.525052414919,1.930661594627
    ));
#7650 = CARTESIAN_POINT('',(9.019875621689,0.517656571593,1.930661594627
    ));
#7651 = CARTESIAN_POINT('',(9.01987700005,-0.517653295151,1.930661594627
    ));
#7652 = CARTESIAN_POINT('',(8.816860665968,-1.525050651971,
    1.930661594627));
#7653 = CARTESIAN_POINT('',(8.407495783045,-2.513344905214,
    1.930661594627));
#7654 = CARTESIAN_POINT('',(8.383879988681,-2.570358476308,
    1.930661594627));
#7655 = CARTESIAN_POINT('',(8.36011728621,-2.627726714946,1.930661594627
    ));
#7656 = CARTESIAN_POINT('',(8.336207675632,-2.685449621129,
    1.930661594627));
#7657 = CARTESIAN_POINT('',(8.312151156947,-2.743527194857,
    1.930661594627));
#7658 = CARTESIAN_POINT('',(8.386403447947,2.774283505488,2.017037309501
    ));
#7659 = CARTESIAN_POINT('',(8.410166157656,2.716915249484,2.017037309501
    ));
#7660 = CARTESIAN_POINT('',(8.433928863765,2.659547002171,2.017037309501
    ));
#7661 = CARTESIAN_POINT('',(8.457691566275,2.602178763549,2.017037309501
    ));
#7662 = CARTESIAN_POINT('',(8.481454265184,2.544810533616,2.017037309501
    ));
#7663 = CARTESIAN_POINT('',(8.895943420169,1.54414519514,2.017037309501)
  );
#7664 = CARTESIAN_POINT('',(9.101500739718,0.524137268758,2.017037309501
    ));
#7665 = CARTESIAN_POINT('',(9.101502157317,-0.524133884039,
    2.017037309501));
#7666 = CARTESIAN_POINT('',(8.895944141487,-1.544143453723,
    2.017037309501));
#7667 = CARTESIAN_POINT('',(8.481454257985,-2.544810550997,
    2.017037309501));
#7668 = CARTESIAN_POINT('',(8.457691555475,-2.60217878962,2.017037309501
    ));
#7669 = CARTESIAN_POINT('',(8.433928852966,-2.659547028243,
    2.017037309501));
#7670 = CARTESIAN_POINT('',(8.410166150457,-2.716915266865,
    2.017037309501));
#7671 = CARTESIAN_POINT('',(8.386403447947,-2.774283505488,
    2.017037309501));
#7672 = CARTESIAN_POINT('',(8.386403447947,2.774283505488,2.135020857149
    ));
#7673 = CARTESIAN_POINT('',(8.410166157656,2.716915249484,2.135020857149
    ));
#7674 = CARTESIAN_POINT('',(8.433928863765,2.659547002171,2.135020857149
    ));
#7675 = CARTESIAN_POINT('',(8.457691566275,2.602178763549,2.135020857149
    ));
#7676 = CARTESIAN_POINT('',(8.481454265184,2.544810533616,2.135020857149
    ));
#7677 = CARTESIAN_POINT('',(8.895943420169,1.54414519514,2.135020857149)
  );
#7678 = CARTESIAN_POINT('',(9.101500739719,0.524137268758,2.135020857149
    ));
#7679 = CARTESIAN_POINT('',(9.101502157317,-0.524133884039,
    2.135020857149));
#7680 = CARTESIAN_POINT('',(8.895944141487,-1.544143453723,
    2.135020857149));
#7681 = CARTESIAN_POINT('',(8.481454257985,-2.544810550997,
    2.135020857149));
#7682 = CARTESIAN_POINT('',(8.457691555475,-2.60217878962,2.135020857149
    ));
#7683 = CARTESIAN_POINT('',(8.433928852966,-2.659547028243,
    2.135020857149));
#7684 = CARTESIAN_POINT('',(8.410166150457,-2.716915266865,
    2.135020857149));
#7685 = CARTESIAN_POINT('',(8.386403447947,-2.774283505488,
    2.135020857149));
#7686 = ADVANCED_FACE('',(#7687),#7713,.T.);
#7687 = FACE_BOUND('',#7688,.T.);
#7688 = EDGE_LOOP('',(#7689,#7700,#7706,#7707));
#7689 = ORIENTED_EDGE('',*,*,#7690,.T.);
#7690 = EDGE_CURVE('',#7691,#7693,#7695,.T.);
#7691 = VERTEX_POINT('',#7692);
#7692 = CARTESIAN_POINT('',(8.505216961323,-2.487442310373,12.8));
#7693 = VERTEX_POINT('',#7694);
#7694 = CARTESIAN_POINT('',(8.505216961323,2.487442310373,12.8));
#7695 = CIRCLE('',#7696,6.5);
#7696 = AXIS2_PLACEMENT_3D('',#7697,#7698,#7699);
#7697 = CARTESIAN_POINT('',(2.5,0.,12.8));
#7698 = DIRECTION('',(0.,-0.,-1.));
#7699 = DIRECTION('',(0.923879532511,-0.382683432365,0.));
#7700 = ORIENTED_EDGE('',*,*,#7701,.F.);
#7701 = EDGE_CURVE('',#7336,#7693,#7702,.T.);
#7702 = LINE('',#7703,#7704);
#7703 = CARTESIAN_POINT('',(8.505216961323,2.487442310373,2.));
#7704 = VECTOR('',#7705,1.);
#7705 = DIRECTION('',(0.,0.,1.));
#7706 = ORIENTED_EDGE('',*,*,#7335,.F.);
#7707 = ORIENTED_EDGE('',*,*,#7708,.T.);
#7708 = EDGE_CURVE('',#7323,#7691,#7709,.T.);
#7709 = LINE('',#7710,#7711);
#7710 = CARTESIAN_POINT('',(8.505216961323,-2.487442310373,2.));
#7711 = VECTOR('',#7712,1.);
#7712 = DIRECTION('',(0.,0.,1.));
#7713 = CYLINDRICAL_SURFACE('',#7714,6.5);
#7714 = AXIS2_PLACEMENT_3D('',#7715,#7716,#7717);
#7715 = CARTESIAN_POINT('',(2.5,0.,2.));
#7716 = DIRECTION('',(0.,0.,1.));
#7717 = DIRECTION('',(0.923879532511,-0.382683432365,0.));
#7718 = ADVANCED_FACE('',(#7719),#7741,.T.);
#7719 = FACE_BOUND('',#7720,.T.);
#7720 = EDGE_LOOP('',(#7721,#7722,#7723,#7740));
#7721 = ORIENTED_EDGE('',*,*,#7576,.F.);
#7722 = ORIENTED_EDGE('',*,*,#7517,.F.);
#7723 = ORIENTED_EDGE('',*,*,#7724,.T.);
#7724 = EDGE_CURVE('',#7499,#7612,#7725,.T.);
#7725 = B_SPLINE_CURVE_WITH_KNOTS('',5,(#7726,#7727,#7728,#7729,#7730,
    #7731,#7732,#7733,#7734,#7735,#7736,#7737,#7738,#7739),
  .UNSPECIFIED.,.F.,.F.,(6,4,4,6),(-0.310475018486,-3.482948667337E-07,
    5.105088410377,5.415562601469),.UNSPECIFIED.);
#7726 = CARTESIAN_POINT('',(8.386403447947,2.774283505488,2.135020857149
    ));
#7727 = CARTESIAN_POINT('',(8.410166157656,2.716915249484,2.135020857149
    ));
#7728 = CARTESIAN_POINT('',(8.433928863765,2.659547002171,2.135020857149
    ));
#7729 = CARTESIAN_POINT('',(8.457691566275,2.602178763549,2.135020857149
    ));
#7730 = CARTESIAN_POINT('',(8.481454265184,2.544810533616,2.135020857149
    ));
#7731 = CARTESIAN_POINT('',(8.895943420169,1.54414519514,2.135020857149)
  );
#7732 = CARTESIAN_POINT('',(9.101500739719,0.524137268758,2.135020857149
    ));
#7733 = CARTESIAN_POINT('',(9.101502157317,-0.524133884039,
    2.135020857149));
#7734 = CARTESIAN_POINT('',(8.895944141487,-1.544143453723,
    2.135020857149));
#7735 = CARTESIAN_POINT('',(8.481454257985,-2.544810550997,
    2.135020857149));
#7736 = CARTESIAN_POINT('',(8.457691555475,-2.60217878962,2.135020857149
    ));
#7737 = CARTESIAN_POINT('',(8.433928852966,-2.659547028243,
    2.135020857149));
#7738 = CARTESIAN_POINT('',(8.410166150457,-2.716915266865,
    2.135020857149));
#7739 = CARTESIAN_POINT('',(8.386403447947,-2.774283505488,
    2.135020857149));
#7740 = ORIENTED_EDGE('',*,*,#7611,.T.);
#7741 = ( BOUNDED_SURFACE() B_SPLINE_SURFACE(2,5,(
    (#7742,#7743,#7744,#7745,#7746,#7747,#7748,#7749,#7750,#7751,#7752
      ,#7753,#7754,#7755)
    ,(#7756,#7757,#7758,#7759,#7760,#7761,#7762,#7763,#7764,#7765,#7766
      ,#7767,#7768,#7769)
    ,(#7770,#7771,#7772,#7773,#7774,#7775,#7776,#7777,#7778,#7779,#7780
      ,#7781,#7782,#7783
)),.UNSPECIFIED.,.F.,.F.,.F.) B_SPLINE_SURFACE_WITH_KNOTS((3,3),(6,4,4,6
    ),(0.,5.105088758672),(-0.310475018486,-3.482948667337E-07,
    5.105088410377,5.415562601469),.UNSPECIFIED.) 
GEOMETRIC_REPRESENTATION_ITEM() RATIONAL_B_SPLINE_SURFACE((
    (1.,1.,1.,1.,1.,1.,1.,1.,1.,1.,1.,1.,1.,1.)
    ,(0.93061798229,0.93061798229,0.93061798229,0.93061798229
      ,0.93061798229,0.93061798229,0.93061798229,0.93061798229
      ,0.93061798229,0.93061798229,0.93061798229,0.93061798229
      ,0.93061798229,0.93061798229)
,(1.,1.,1.,1.,1.,1.,1.,1.,1.,1.,1.,1.,1.,1.
))) REPRESENTATION_ITEM('') SURFACE() );
#7742 = CARTESIAN_POINT('',(8.312151156947,2.743527194857,1.930661594627
    ));
#7743 = CARTESIAN_POINT('',(8.336207683827,2.685449601344,1.930661594627
    ));
#7744 = CARTESIAN_POINT('',(8.360117298503,2.627726685269,1.930661594627
    ));
#7745 = CARTESIAN_POINT('',(8.383880000974,2.57035844663,1.930661594627)
  );
#7746 = CARTESIAN_POINT('',(8.407495791241,2.513344885429,1.930661594627
    ));
#7747 = CARTESIAN_POINT('',(8.816859935731,1.525052414919,1.930661594627
    ));
#7748 = CARTESIAN_POINT('',(9.019875621689,0.517656571593,1.930661594627
    ));
#7749 = CARTESIAN_POINT('',(9.01987700005,-0.517653295151,1.930661594627
    ));
#7750 = CARTESIAN_POINT('',(8.816860665968,-1.525050651971,
    1.930661594627));
#7751 = CARTESIAN_POINT('',(8.407495783045,-2.513344905214,
    1.930661594627));
#7752 = CARTESIAN_POINT('',(8.383879988681,-2.570358476308,
    1.930661594627));
#7753 = CARTESIAN_POINT('',(8.36011728621,-2.627726714946,1.930661594627
    ));
#7754 = CARTESIAN_POINT('',(8.336207675632,-2.685449621129,
    1.930661594627));
#7755 = CARTESIAN_POINT('',(8.312151156947,-2.743527194857,
    1.930661594627));
#7756 = CARTESIAN_POINT('',(8.386403447947,2.774283505488,2.017037309501
    ));
#7757 = CARTESIAN_POINT('',(8.410166157656,2.716915249484,2.017037309501
    ));
#7758 = CARTESIAN_POINT('',(8.433928863765,2.659547002171,2.017037309501
    ));
#7759 = CARTESIAN_POINT('',(8.457691566275,2.602178763549,2.017037309501
    ));
#7760 = CARTESIAN_POINT('',(8.481454265184,2.544810533616,2.017037309501
    ));
#7761 = CARTESIAN_POINT('',(8.895943420169,1.54414519514,2.017037309501)
  );
#7762 = CARTESIAN_POINT('',(9.101500739718,0.524137268758,2.017037309501
    ));
#7763 = CARTESIAN_POINT('',(9.101502157317,-0.524133884039,
    2.017037309501));
#7764 = CARTESIAN_POINT('',(8.895944141487,-1.544143453723,
    2.017037309501));
#7765 = CARTESIAN_POINT('',(8.481454257985,-2.544810550997,
    2.017037309501));
#7766 = CARTESIAN_POINT('',(8.457691555475,-2.60217878962,2.017037309501
    ));
#7767 = CARTESIAN_POINT('',(8.433928852966,-2.659547028243,
    2.017037309501));
#7768 = CARTESIAN_POINT('',(8.410166150457,-2.716915266865,
    2.017037309501));
#7769 = CARTESIAN_POINT('',(8.386403447947,-2.774283505488,
    2.017037309501));
#7770 = CARTESIAN_POINT('',(8.386403447947,2.774283505488,2.135020857149
    ));
#7771 = CARTESIAN_POINT('',(8.410166157656,2.716915249484,2.135020857149
    ));
#7772 = CARTESIAN_POINT('',(8.433928863765,2.659547002171,2.135020857149
    ));
#7773 = CARTESIAN_POINT('',(8.457691566275,2.602178763549,2.135020857149
    ));
#7774 = CARTESIAN_POINT('',(8.481454265184,2.544810533616,2.135020857149
    ));
#7775 = CARTESIAN_POINT('',(8.895943420169,1.54414519514,2.135020857149)
  );
#7776 = CARTESIAN_POINT('',(9.101500739719,0.524137268758,2.135020857149
    ));
#7777 = CARTESIAN_POINT('',(9.101502157317,-0.524133884039,
    2.135020857149));
#7778 = CARTESIAN_POINT('',(8.895944141487,-1.544143453723,
    2.135020857149));
#7779 = CARTESIAN_POINT('',(8.481454257985,-2.544810550997,
    2.135020857149));
#7780 = CARTESIAN_POINT('',(8.457691555475,-2.60217878962,2.135020857149
    ));
#7781 = CARTESIAN_POINT('',(8.433928852966,-2.659547028243,
    2.135020857149));
#7782 = CARTESIAN_POINT('',(8.410166150457,-2.716915266865,
    2.135020857149));
#7783 = CARTESIAN_POINT('',(8.386403447947,-2.774283505488,
    2.135020857149));
#7784 = ADVANCED_FACE('',(#7785,#7861,#7977),#8093,.T.);
#7785 = FACE_BOUND('',#7786,.T.);
#7786 = EDGE_LOOP('',(#7787,#7794,#7795,#7796,#7804,#7818,#7827,#7846,
    #7853,#7859,#7860));
#7787 = ORIENTED_EDGE('',*,*,#7788,.T.);
#7788 = EDGE_CURVE('',#7693,#7691,#7789,.T.);
#7789 = CIRCLE('',#7790,6.5);
#7790 = AXIS2_PLACEMENT_3D('',#7791,#7792,#7793);
#7791 = CARTESIAN_POINT('',(2.5,0.,12.8));
#7792 = DIRECTION('',(0.,0.,-1.));
#7793 = DIRECTION('',(0.923879532511,0.382683432365,0.));
#7794 = ORIENTED_EDGE('',*,*,#7708,.F.);
#7795 = ORIENTED_EDGE('',*,*,#7626,.F.);
#7796 = ORIENTED_EDGE('',*,*,#7797,.T.);
#7797 = EDGE_CURVE('',#7612,#7798,#7800,.T.);
#7798 = VERTEX_POINT('',#7799);
#7799 = CARTESIAN_POINT('',(8.995190528383,-0.25,3.251));
#7800 = LINE('',#7801,#7802);
#7801 = CARTESIAN_POINT('',(8.995190528383,-0.25,2.));
#7802 = VECTOR('',#7803,1.);
#7803 = DIRECTION('',(0.,0.,1.));
#7804 = ORIENTED_EDGE('',*,*,#7805,.F.);
#7805 = EDGE_CURVE('',#7806,#7798,#7808,.T.);
#7806 = VERTEX_POINT('',#7807);
#7807 = CARTESIAN_POINT('',(8.999999923077,-1.000000000001E-03,3.5));
#7808 = B_SPLINE_CURVE_WITH_KNOTS('',8,(#7809,#7810,#7811,#7812,#7813,
    #7814,#7815,#7816,#7817),.UNSPECIFIED.,.F.,.F.,(9,9),(0.,1.),
  .PIECEWISE_BEZIER_KNOTS.);
#7809 = CARTESIAN_POINT('',(8.999999923077,-1.000000000001E-03,3.5));
#7810 = CARTESIAN_POINT('',(8.999991514408,-5.565634446508E-02,3.5));
#7811 = CARTESIAN_POINT('',(8.999458294279,-0.107494109497,
    3.486288133483));
#7812 = CARTESIAN_POINT('',(8.998495560208,-0.153406387303,
    3.461344223692));
#7813 = CARTESIAN_POINT('',(8.99735847745,-0.191587905384,3.427584972856
    ));
#7814 = CARTESIAN_POINT('',(8.99631491615,-0.220787343756,3.387398499767
    ));
#7815 = CARTESIAN_POINT('',(8.995561649976,-0.24035811846,3.34305282037)
  );
#7816 = CARTESIAN_POINT('',(8.995190528383,-0.25,3.296835564545));
#7817 = CARTESIAN_POINT('',(8.995190528383,-0.25,3.251));
#7818 = ORIENTED_EDGE('',*,*,#7819,.T.);
#7819 = EDGE_CURVE('',#7806,#7820,#7822,.T.);
#7820 = VERTEX_POINT('',#7821);
#7821 = CARTESIAN_POINT('',(8.999999923077,9.999999999992E-04,3.5));
#7822 = CIRCLE('',#7823,6.5);
#7823 = AXIS2_PLACEMENT_3D('',#7824,#7825,#7826);
#7824 = CARTESIAN_POINT('',(2.5,0.,3.5));
#7825 = DIRECTION('',(0.,-0.,1.));
#7826 = DIRECTION('',(0.923879532511,0.382683432365,0.));
#7827 = ORIENTED_EDGE('',*,*,#7828,.F.);
#7828 = EDGE_CURVE('',#7829,#7820,#7831,.T.);
#7829 = VERTEX_POINT('',#7830);
#7830 = CARTESIAN_POINT('',(8.995190539922,0.249999700222,3.251386379822
    ));
#7831 = B_SPLINE_CURVE_WITH_KNOTS('',7,(#7832,#7833,#7834,#7835,#7836,
    #7837,#7838,#7839,#7840,#7841,#7842,#7843,#7844,#7845),
  .UNSPECIFIED.,.F.,.F.,(8,6,8),(0.,0.779164085837,1.),.UNSPECIFIED.);
#7832 = CARTESIAN_POINT('',(8.995190539922,0.249999700222,3.251386379822
    ));
#7833 = CARTESIAN_POINT('',(8.995192984386,0.249936191096,3.292314379926
    ));
#7834 = CARTESIAN_POINT('',(8.99549752045,0.242023374805,3.33332017004)
  );
#7835 = CARTESIAN_POINT('',(8.996106135025,0.226205991008,3.372832850178
    ));
#7836 = CARTESIAN_POINT('',(8.996951404984,0.202657687658,3.409258175226
    ));
#7837 = CARTESIAN_POINT('',(8.997893796822,0.171851616749,3.440914820326
    ));
#7838 = CARTESIAN_POINT('',(8.998746677504,0.13453377092,3.466071699786)
  );
#7839 = CARTESIAN_POINT('',(8.999519195545,7.997150536586E-02,
    3.487499639615));
#7840 = CARTESIAN_POINT('',(8.999669784737,6.749494237201E-02,
    3.491555959268));
#7841 = CARTESIAN_POINT('',(8.999796179348,5.464984837455E-02,
    3.494878052103));
#7842 = CARTESIAN_POINT('',(8.999894730919,4.150287804386E-02,
    3.497416863367));
#7843 = CARTESIAN_POINT('',(8.999962566886,2.812689210172E-02,
    3.499133506786));
#7844 = CARTESIAN_POINT('',(8.999997830887,1.459923290012E-02,3.5));
#7845 = CARTESIAN_POINT('',(8.999999923077,1.000000000001E-03,3.5));
#7846 = ORIENTED_EDGE('',*,*,#7847,.F.);
#7847 = EDGE_CURVE('',#7848,#7829,#7850,.T.);
#7848 = VERTEX_POINT('',#7849);
#7849 = CARTESIAN_POINT('',(8.995190528383,0.25,3.251));
#7850 = B_SPLINE_CURVE_WITH_KNOTS('',1,(#7851,#7852),.UNSPECIFIED.,.F.,
  .F.,(2,2),(0.,1.),.PIECEWISE_BEZIER_KNOTS.);
#7851 = CARTESIAN_POINT('',(8.995190528383,0.25,3.251));
#7852 = CARTESIAN_POINT('',(8.995190539922,0.249999700222,3.251386379822
    ));
#7853 = ORIENTED_EDGE('',*,*,#7854,.F.);
#7854 = EDGE_CURVE('',#7499,#7848,#7855,.T.);
#7855 = LINE('',#7856,#7857);
#7856 = CARTESIAN_POINT('',(8.995190528383,0.25,2.));
#7857 = VECTOR('',#7858,1.);
#7858 = DIRECTION('',(0.,0.,1.));
#7859 = ORIENTED_EDGE('',*,*,#7498,.F.);
#7860 = ORIENTED_EDGE('',*,*,#7701,.T.);
#7861 = FACE_BOUND('',#7862,.T.);
#7862 = EDGE_LOOP('',(#7863,#7873,#7880,#7899,#7908,#7922,#7930,#7944,
    #7953,#7972));
#7863 = ORIENTED_EDGE('',*,*,#7864,.F.);
#7864 = EDGE_CURVE('',#7865,#7867,#7869,.T.);
#7865 = VERTEX_POINT('',#7866);
#7866 = CARTESIAN_POINT('',(8.995190528383,0.25,9.749));
#7867 = VERTEX_POINT('',#7868);
#7868 = CARTESIAN_POINT('',(8.995190528383,0.25,11.251));
#7869 = LINE('',#7870,#7871);
#7870 = CARTESIAN_POINT('',(8.995190528383,0.25,2.));
#7871 = VECTOR('',#7872,1.);
#7872 = DIRECTION('',(0.,0.,1.));
#7873 = ORIENTED_EDGE('',*,*,#7874,.T.);
#7874 = EDGE_CURVE('',#7865,#7875,#7877,.T.);
#7875 = VERTEX_POINT('',#7876);
#7876 = CARTESIAN_POINT('',(8.995190539922,0.249999700222,9.748613620178
    ));
#7877 = B_SPLINE_CURVE_WITH_KNOTS('',1,(#7878,#7879),.UNSPECIFIED.,.F.,
  .F.,(2,2),(0.,1.),.PIECEWISE_BEZIER_KNOTS.);
#7878 = CARTESIAN_POINT('',(8.995190528383,0.25,9.749));
#7879 = CARTESIAN_POINT('',(8.995190539922,0.249999700222,9.748613620178
    ));
#7880 = ORIENTED_EDGE('',*,*,#7881,.T.);
#7881 = EDGE_CURVE('',#7875,#7882,#7884,.T.);
#7882 = VERTEX_POINT('',#7883);
#7883 = CARTESIAN_POINT('',(8.999999923077,9.999999999992E-04,9.5));
#7884 = B_SPLINE_CURVE_WITH_KNOTS('',7,(#7885,#7886,#7887,#7888,#7889,
    #7890,#7891,#7892,#7893,#7894,#7895,#7896,#7897,#7898),
  .UNSPECIFIED.,.F.,.F.,(8,6,8),(0.,0.779164085836,1.),.UNSPECIFIED.);
#7885 = CARTESIAN_POINT('',(8.995190539922,0.249999700222,9.748613620178
    ));
#7886 = CARTESIAN_POINT('',(8.995192984386,0.249936191096,9.707685620074
    ));
#7887 = CARTESIAN_POINT('',(8.99549752045,0.242023374805,9.66667982996)
  );
#7888 = CARTESIAN_POINT('',(8.996106135025,0.226205991008,9.627167149822
    ));
#7889 = CARTESIAN_POINT('',(8.996951404984,0.202657687658,9.590741824774
    ));
#7890 = CARTESIAN_POINT('',(8.997893796822,0.171851616749,9.559085179674
    ));
#7891 = CARTESIAN_POINT('',(8.998746677504,0.13453377092,9.533928300214)
  );
#7892 = CARTESIAN_POINT('',(8.999519195545,7.997150536579E-02,
    9.512500360385));
#7893 = CARTESIAN_POINT('',(8.999669784737,6.749494237203E-02,
    9.508444040732));
#7894 = CARTESIAN_POINT('',(8.999796179348,5.464984837461E-02,
    9.505121947897));
#7895 = CARTESIAN_POINT('',(8.999894730919,4.150287804387E-02,
    9.502583136633));
#7896 = CARTESIAN_POINT('',(8.999962566886,2.812689210168E-02,
    9.500866493214));
#7897 = CARTESIAN_POINT('',(8.999997830887,1.459923290009E-02,9.5));
#7898 = CARTESIAN_POINT('',(8.999999923077,1.000000000001E-03,9.5));
#7899 = ORIENTED_EDGE('',*,*,#7900,.F.);
#7900 = EDGE_CURVE('',#7901,#7882,#7903,.T.);
#7901 = VERTEX_POINT('',#7902);
#7902 = CARTESIAN_POINT('',(8.999999923077,-1.000000000001E-03,9.5));
#7903 = CIRCLE('',#7904,6.5);
#7904 = AXIS2_PLACEMENT_3D('',#7905,#7906,#7907);
#7905 = CARTESIAN_POINT('',(2.5,0.,9.5));
#7906 = DIRECTION('',(0.,-0.,1.));
#7907 = DIRECTION('',(0.923879532511,0.382683432365,0.));
#7908 = ORIENTED_EDGE('',*,*,#7909,.T.);
#7909 = EDGE_CURVE('',#7901,#7910,#7912,.T.);
#7910 = VERTEX_POINT('',#7911);
#7911 = CARTESIAN_POINT('',(8.995190528383,-0.25,9.749));
#7912 = B_SPLINE_CURVE_WITH_KNOTS('',8,(#7913,#7914,#7915,#7916,#7917,
    #7918,#7919,#7920,#7921),.UNSPECIFIED.,.F.,.F.,(9,9),(0.,1.),
  .PIECEWISE_BEZIER_KNOTS.);
#7913 = CARTESIAN_POINT('',(8.999999923077,-1.000000000001E-03,9.5));
#7914 = CARTESIAN_POINT('',(8.999991514408,-5.565634446542E-02,9.5));
#7915 = CARTESIAN_POINT('',(8.999458294279,-0.107494109495,
    9.513711866517));
#7916 = CARTESIAN_POINT('',(8.998495560208,-0.153406387304,
    9.538655776307));
#7917 = CARTESIAN_POINT('',(8.99735847745,-0.191587905384,9.572415027146
    ));
#7918 = CARTESIAN_POINT('',(8.99631491615,-0.220787343755,9.612601500232
    ));
#7919 = CARTESIAN_POINT('',(8.995561649976,-0.24035811846,9.656947179629
    ));
#7920 = CARTESIAN_POINT('',(8.995190528383,-0.25,9.703164435454));
#7921 = CARTESIAN_POINT('',(8.995190528383,-0.25,9.749));
#7922 = ORIENTED_EDGE('',*,*,#7923,.T.);
#7923 = EDGE_CURVE('',#7910,#7924,#7926,.T.);
#7924 = VERTEX_POINT('',#7925);
#7925 = CARTESIAN_POINT('',(8.995190528383,-0.25,11.251));
#7926 = LINE('',#7927,#7928);
#7927 = CARTESIAN_POINT('',(8.995190528383,-0.25,2.));
#7928 = VECTOR('',#7929,1.);
#7929 = DIRECTION('',(0.,0.,1.));
#7930 = ORIENTED_EDGE('',*,*,#7931,.F.);
#7931 = EDGE_CURVE('',#7932,#7924,#7934,.T.);
#7932 = VERTEX_POINT('',#7933);
#7933 = CARTESIAN_POINT('',(8.999999923077,-1.000000000001E-03,11.5));
#7934 = B_SPLINE_CURVE_WITH_KNOTS('',8,(#7935,#7936,#7937,#7938,#7939,
    #7940,#7941,#7942,#7943),.UNSPECIFIED.,.F.,.F.,(9,9),(0.,1.),
  .PIECEWISE_BEZIER_KNOTS.);
#7935 = CARTESIAN_POINT('',(8.999999923077,-1.000000000001E-03,11.5));
#7936 = CARTESIAN_POINT('',(8.999991514408,-5.5656344467E-02,11.5));
#7937 = CARTESIAN_POINT('',(8.999458294279,-0.107494109495,
    11.486288133482));
#7938 = CARTESIAN_POINT('',(8.998495560208,-0.153406387303,
    11.461344223694));
#7939 = CARTESIAN_POINT('',(8.99735847745,-0.191587905385,
    11.427584972853));
#7940 = CARTESIAN_POINT('',(8.99631491615,-0.220787343755,
    11.387398499768));
#7941 = CARTESIAN_POINT('',(8.995561649976,-0.240358118461,
    11.343052820371));
#7942 = CARTESIAN_POINT('',(8.995190528383,-0.25,11.296835564545));
#7943 = CARTESIAN_POINT('',(8.995190528383,-0.25,11.251));
#7944 = ORIENTED_EDGE('',*,*,#7945,.T.);
#7945 = EDGE_CURVE('',#7932,#7946,#7948,.T.);
#7946 = VERTEX_POINT('',#7947);
#7947 = CARTESIAN_POINT('',(8.999999923077,9.999999999992E-04,11.5));
#7948 = CIRCLE('',#7949,6.5);
#7949 = AXIS2_PLACEMENT_3D('',#7950,#7951,#7952);
#7950 = CARTESIAN_POINT('',(2.5,0.,11.5));
#7951 = DIRECTION('',(0.,-0.,1.));
#7952 = DIRECTION('',(0.923879532511,0.382683432365,0.));
#7953 = ORIENTED_EDGE('',*,*,#7954,.F.);
#7954 = EDGE_CURVE('',#7955,#7946,#7957,.T.);
#7955 = VERTEX_POINT('',#7956);
#7956 = CARTESIAN_POINT('',(8.995190539922,0.249999700222,
    11.251386379822));
#7957 = B_SPLINE_CURVE_WITH_KNOTS('',7,(#7958,#7959,#7960,#7961,#7962,
    #7963,#7964,#7965,#7966,#7967,#7968,#7969,#7970,#7971),
  .UNSPECIFIED.,.F.,.F.,(8,6,8),(0.,0.779164085838,1.),.UNSPECIFIED.);
#7958 = CARTESIAN_POINT('',(8.995190539922,0.249999700222,
    11.251386379822));
#7959 = CARTESIAN_POINT('',(8.995192984386,0.249936191096,
    11.292314379925));
#7960 = CARTESIAN_POINT('',(8.99549752045,0.242023374805,11.33332017004)
  );
#7961 = CARTESIAN_POINT('',(8.996106135025,0.226205991008,
    11.372832850178));
#7962 = CARTESIAN_POINT('',(8.996951404984,0.202657687658,
    11.409258175226));
#7963 = CARTESIAN_POINT('',(8.997893796822,0.17185161675,11.440914820326
    ));
#7964 = CARTESIAN_POINT('',(8.998746677504,0.13453377092,11.466071699786
    ));
#7965 = CARTESIAN_POINT('',(8.999519195545,7.997150536592E-02,
    11.487499639615));
#7966 = CARTESIAN_POINT('',(8.999669784737,6.749494237198E-02,
    11.491555959268));
#7967 = CARTESIAN_POINT('',(8.999796179348,5.464984837449E-02,
    11.494878052103));
#7968 = CARTESIAN_POINT('',(8.999894730919,4.150287804386E-02,
    11.497416863367));
#7969 = CARTESIAN_POINT('',(8.999962566886,2.812689210177E-02,
    11.499133506786));
#7970 = CARTESIAN_POINT('',(8.999997830887,1.459923290015E-02,11.5));
#7971 = CARTESIAN_POINT('',(8.999999923077,1.000000000001E-03,11.5));
#7972 = ORIENTED_EDGE('',*,*,#7973,.F.);
#7973 = EDGE_CURVE('',#7867,#7955,#7974,.T.);
#7974 = B_SPLINE_CURVE_WITH_KNOTS('',1,(#7975,#7976),.UNSPECIFIED.,.F.,
  .F.,(2,2),(0.,1.),.PIECEWISE_BEZIER_KNOTS.);
#7975 = CARTESIAN_POINT('',(8.995190528383,0.25,11.251));
#7976 = CARTESIAN_POINT('',(8.995190539922,0.249999700222,
    11.251386379822));
#7977 = FACE_BOUND('',#7978,.T.);
#7978 = EDGE_LOOP('',(#7979,#8000,#8007,#8015,#8022,#8041,#8050,#8064,
    #8072,#8086));
#7979 = ORIENTED_EDGE('',*,*,#7980,.F.);
#7980 = EDGE_CURVE('',#7981,#7983,#7985,.T.);
#7981 = VERTEX_POINT('',#7982);
#7982 = CARTESIAN_POINT('',(8.995190539922,0.249999700222,7.251386379822
    ));
#7983 = VERTEX_POINT('',#7984);
#7984 = CARTESIAN_POINT('',(8.999999923077,9.999999999992E-04,7.5));
#7985 = B_SPLINE_CURVE_WITH_KNOTS('',7,(#7986,#7987,#7988,#7989,#7990,
    #7991,#7992,#7993,#7994,#7995,#7996,#7997,#7998,#7999),
  .UNSPECIFIED.,.F.,.F.,(8,6,8),(0.,0.779164085838,1.),.UNSPECIFIED.);
#7986 = CARTESIAN_POINT('',(8.995190539922,0.249999700222,7.251386379822
    ));
#7987 = CARTESIAN_POINT('',(8.995192984386,0.249936191096,7.292314379926
    ));
#7988 = CARTESIAN_POINT('',(8.99549752045,0.242023374805,7.33332017004)
  );
#7989 = CARTESIAN_POINT('',(8.996106135025,0.226205991008,7.372832850178
    ));
#7990 = CARTESIAN_POINT('',(8.996951404984,0.202657687658,7.409258175226
    ));
#7991 = CARTESIAN_POINT('',(8.997893796822,0.171851616749,7.440914820326
    ));
#7992 = CARTESIAN_POINT('',(8.998746677504,0.13453377092,7.466071699786)
  );
#7993 = CARTESIAN_POINT('',(8.999519195545,7.997150536593E-02,
    7.487499639615));
#7994 = CARTESIAN_POINT('',(8.999669784737,6.749494237203E-02,
    7.491555959268));
#7995 = CARTESIAN_POINT('',(8.999796179348,5.464984837449E-02,
    7.494878052103));
#7996 = CARTESIAN_POINT('',(8.999894730919,4.150287804377E-02,
    7.497416863367));
#7997 = CARTESIAN_POINT('',(8.999962566886,2.812689210174E-02,
    7.499133506786));
#7998 = CARTESIAN_POINT('',(8.999997830887,1.459923290028E-02,7.5));
#7999 = CARTESIAN_POINT('',(8.999999923077,1.000000000001E-03,7.5));
#8000 = ORIENTED_EDGE('',*,*,#8001,.F.);
#8001 = EDGE_CURVE('',#8002,#7981,#8004,.T.);
#8002 = VERTEX_POINT('',#8003);
#8003 = CARTESIAN_POINT('',(8.995190528383,0.25,7.251));
#8004 = B_SPLINE_CURVE_WITH_KNOTS('',1,(#8005,#8006),.UNSPECIFIED.,.F.,
  .F.,(2,2),(0.,1.),.PIECEWISE_BEZIER_KNOTS.);
#8005 = CARTESIAN_POINT('',(8.995190528383,0.25,7.251));
#8006 = CARTESIAN_POINT('',(8.995190539922,0.249999700222,7.251386379822
    ));
#8007 = ORIENTED_EDGE('',*,*,#8008,.F.);
#8008 = EDGE_CURVE('',#8009,#8002,#8011,.T.);
#8009 = VERTEX_POINT('',#8010);
#8010 = CARTESIAN_POINT('',(8.995190528383,0.25,5.749));
#8011 = LINE('',#8012,#8013);
#8012 = CARTESIAN_POINT('',(8.995190528383,0.25,2.));
#8013 = VECTOR('',#8014,1.);
#8014 = DIRECTION('',(0.,0.,1.));
#8015 = ORIENTED_EDGE('',*,*,#8016,.T.);
#8016 = EDGE_CURVE('',#8009,#8017,#8019,.T.);
#8017 = VERTEX_POINT('',#8018);
#8018 = CARTESIAN_POINT('',(8.995190539922,0.249999700222,5.748613620178
    ));
#8019 = B_SPLINE_CURVE_WITH_KNOTS('',1,(#8020,#8021),.UNSPECIFIED.,.F.,
  .F.,(2,2),(0.,1.),.PIECEWISE_BEZIER_KNOTS.);
#8020 = CARTESIAN_POINT('',(8.995190528383,0.25,5.749));
#8021 = CARTESIAN_POINT('',(8.995190539922,0.249999700222,5.748613620178
    ));
#8022 = ORIENTED_EDGE('',*,*,#8023,.T.);
#8023 = EDGE_CURVE('',#8017,#8024,#8026,.T.);
#8024 = VERTEX_POINT('',#8025);
#8025 = CARTESIAN_POINT('',(8.999999923077,9.999999999992E-04,5.5));
#8026 = B_SPLINE_CURVE_WITH_KNOTS('',7,(#8027,#8028,#8029,#8030,#8031,
    #8032,#8033,#8034,#8035,#8036,#8037,#8038,#8039,#8040),
  .UNSPECIFIED.,.F.,.F.,(8,6,8),(0.,0.779164085836,1.),.UNSPECIFIED.);
#8027 = CARTESIAN_POINT('',(8.995190539922,0.249999700222,5.748613620178
    ));
#8028 = CARTESIAN_POINT('',(8.995192984386,0.249936191096,5.707685620074
    ));
#8029 = CARTESIAN_POINT('',(8.99549752045,0.242023374804,5.66667982996)
  );
#8030 = CARTESIAN_POINT('',(8.996106135025,0.226205991008,5.627167149822
    ));
#8031 = CARTESIAN_POINT('',(8.996951404984,0.202657687658,5.590741824774
    ));
#8032 = CARTESIAN_POINT('',(8.997893796822,0.17185161675,5.559085179674)
  );
#8033 = CARTESIAN_POINT('',(8.998746677504,0.13453377092,5.533928300214)
  );
#8034 = CARTESIAN_POINT('',(8.999519195545,7.997150536581E-02,
    5.512500360385));
#8035 = CARTESIAN_POINT('',(8.999669784737,6.7494942372E-02,
    5.508444040732));
#8036 = CARTESIAN_POINT('',(8.999796179348,5.464984837459E-02,
    5.505121947897));
#8037 = CARTESIAN_POINT('',(8.999894730919,4.150287804391E-02,
    5.502583136633));
#8038 = CARTESIAN_POINT('',(8.999962566886,2.812689210171E-02,
    5.500866493214));
#8039 = CARTESIAN_POINT('',(8.999997830887,1.459923290003E-02,5.5));
#8040 = CARTESIAN_POINT('',(8.999999923077,1.000000000001E-03,5.5));
#8041 = ORIENTED_EDGE('',*,*,#8042,.F.);
#8042 = EDGE_CURVE('',#8043,#8024,#8045,.T.);
#8043 = VERTEX_POINT('',#8044);
#8044 = CARTESIAN_POINT('',(8.999999923077,-1.000000000001E-03,5.5));
#8045 = CIRCLE('',#8046,6.5);
#8046 = AXIS2_PLACEMENT_3D('',#8047,#8048,#8049);
#8047 = CARTESIAN_POINT('',(2.5,0.,5.5));
#8048 = DIRECTION('',(0.,-0.,1.));
#8049 = DIRECTION('',(0.923879532511,0.382683432365,0.));
#8050 = ORIENTED_EDGE('',*,*,#8051,.T.);
#8051 = EDGE_CURVE('',#8043,#8052,#8054,.T.);
#8052 = VERTEX_POINT('',#8053);
#8053 = CARTESIAN_POINT('',(8.995190528383,-0.25,5.749));
#8054 = B_SPLINE_CURVE_WITH_KNOTS('',8,(#8055,#8056,#8057,#8058,#8059,
    #8060,#8061,#8062,#8063),.UNSPECIFIED.,.F.,.F.,(9,9),(0.,1.),
  .PIECEWISE_BEZIER_KNOTS.);
#8055 = CARTESIAN_POINT('',(8.999999923077,-1.000000000001E-03,5.5));
#8056 = CARTESIAN_POINT('',(8.999991514408,-5.565634446662E-02,5.5));
#8057 = CARTESIAN_POINT('',(8.999458294279,-0.107494109497,
    5.513711866517));
#8058 = CARTESIAN_POINT('',(8.998495560208,-0.153406387303,
    5.538655776308));
#8059 = CARTESIAN_POINT('',(8.99735847745,-0.191587905382,5.572415027144
    ));
#8060 = CARTESIAN_POINT('',(8.99631491615,-0.220787343756,5.612601500232
    ));
#8061 = CARTESIAN_POINT('',(8.995561649976,-0.240358118461,5.65694717963
    ));
#8062 = CARTESIAN_POINT('',(8.995190528383,-0.25,5.703164435456));
#8063 = CARTESIAN_POINT('',(8.995190528383,-0.25,5.749));
#8064 = ORIENTED_EDGE('',*,*,#8065,.T.);
#8065 = EDGE_CURVE('',#8052,#8066,#8068,.T.);
#8066 = VERTEX_POINT('',#8067);
#8067 = CARTESIAN_POINT('',(8.995190528383,-0.25,7.251));
#8068 = LINE('',#8069,#8070);
#8069 = CARTESIAN_POINT('',(8.995190528383,-0.25,2.));
#8070 = VECTOR('',#8071,1.);
#8071 = DIRECTION('',(0.,0.,1.));
#8072 = ORIENTED_EDGE('',*,*,#8073,.F.);
#8073 = EDGE_CURVE('',#8074,#8066,#8076,.T.);
#8074 = VERTEX_POINT('',#8075);
#8075 = CARTESIAN_POINT('',(8.999999923077,-1.000000000001E-03,7.5));
#8076 = B_SPLINE_CURVE_WITH_KNOTS('',8,(#8077,#8078,#8079,#8080,#8081,
    #8082,#8083,#8084,#8085),.UNSPECIFIED.,.F.,.F.,(9,9),(0.,1.),
  .PIECEWISE_BEZIER_KNOTS.);
#8077 = CARTESIAN_POINT('',(8.999999923077,-1.000000000001E-03,7.5));
#8078 = CARTESIAN_POINT('',(8.999991514408,-5.565634446332E-02,7.5));
#8079 = CARTESIAN_POINT('',(8.999458294279,-0.107494109499,
    7.486288133484));
#8080 = CARTESIAN_POINT('',(8.998495560208,-0.153406387302,
    7.461344223691));
#8081 = CARTESIAN_POINT('',(8.99735847745,-0.191587905384,7.427584972855
    ));
#8082 = CARTESIAN_POINT('',(8.99631491615,-0.220787343756,7.387398499768
    ));
#8083 = CARTESIAN_POINT('',(8.995561649976,-0.24035811846,7.343052820369
    ));
#8084 = CARTESIAN_POINT('',(8.995190528383,-0.25,7.296835564547));
#8085 = CARTESIAN_POINT('',(8.995190528383,-0.25,7.251));
#8086 = ORIENTED_EDGE('',*,*,#8087,.T.);
#8087 = EDGE_CURVE('',#8074,#7983,#8088,.T.);
#8088 = CIRCLE('',#8089,6.5);
#8089 = AXIS2_PLACEMENT_3D('',#8090,#8091,#8092);
#8090 = CARTESIAN_POINT('',(2.5,0.,7.5));
#8091 = DIRECTION('',(0.,-0.,1.));
#8092 = DIRECTION('',(0.923879532511,0.382683432365,0.));
#8093 = CYLINDRICAL_SURFACE('',#8094,6.5);
#8094 = AXIS2_PLACEMENT_3D('',#8095,#8096,#8097);
#8095 = CARTESIAN_POINT('',(2.5,0.,2.));
#8096 = DIRECTION('',(0.,0.,1.));
#8097 = DIRECTION('',(0.923879532511,0.382683432365,-0.));
#8098 = ADVANCED_FACE('',(#8099),#8127,.T.);
#8099 = FACE_BOUND('',#8100,.T.);
#8100 = EDGE_LOOP('',(#8101,#8110,#8119,#8126));
#8101 = ORIENTED_EDGE('',*,*,#8102,.T.);
#8102 = EDGE_CURVE('',#7691,#8103,#8105,.T.);
#8103 = VERTEX_POINT('',#8104);
#8104 = CARTESIAN_POINT('',(8.320441054821,-2.4109056239,13.));
#8105 = CIRCLE('',#8106,0.2);
#8106 = AXIS2_PLACEMENT_3D('',#8107,#8108,#8109);
#8107 = CARTESIAN_POINT('',(8.320441054821,-2.4109056239,12.8));
#8108 = DIRECTION('',(-0.382683432365,-0.923879532511,
    -3.944304526105E-31));
#8109 = DIRECTION('',(0.923879532511,-0.382683432365,-8.881784197004E-15
    ));
#8110 = ORIENTED_EDGE('',*,*,#8111,.T.);
#8111 = EDGE_CURVE('',#8103,#8112,#8114,.T.);
#8112 = VERTEX_POINT('',#8113);
#8113 = CARTESIAN_POINT('',(8.320441054821,2.4109056239,13.));
#8114 = CIRCLE('',#8115,6.3);
#8115 = AXIS2_PLACEMENT_3D('',#8116,#8117,#8118);
#8116 = CARTESIAN_POINT('',(2.5,0.,13.));
#8117 = DIRECTION('',(0.,-0.,-1.));
#8118 = DIRECTION('',(0.923879532511,-0.382683432365,0.));
#8119 = ORIENTED_EDGE('',*,*,#8120,.F.);
#8120 = EDGE_CURVE('',#7693,#8112,#8121,.T.);
#8121 = CIRCLE('',#8122,0.2);
#8122 = AXIS2_PLACEMENT_3D('',#8123,#8124,#8125);
#8123 = CARTESIAN_POINT('',(8.320441054821,2.4109056239,12.8));
#8124 = DIRECTION('',(0.382683432365,-0.923879532511,7.88860905221E-31)
  );
#8125 = DIRECTION('',(0.923879532511,0.382683432365,-8.881784197004E-15)
  );
#8126 = ORIENTED_EDGE('',*,*,#7690,.F.);
#8127 = TOROIDAL_SURFACE('',#8128,6.3,0.2);
#8128 = AXIS2_PLACEMENT_3D('',#8129,#8130,#8131);
#8129 = CARTESIAN_POINT('',(2.5,0.,12.8));
#8130 = DIRECTION('',(0.,0.,1.));
#8131 = DIRECTION('',(0.923879532511,-0.382683432365,0.));
#8132 = ADVANCED_FACE('',(#8133),#8142,.T.);
#8133 = FACE_BOUND('',#8134,.T.);
#8134 = EDGE_LOOP('',(#8135,#8136,#8137,#8138,#8139,#8140,#8141));
#8135 = ORIENTED_EDGE('',*,*,#7847,.T.);
#8136 = ORIENTED_EDGE('',*,*,#7828,.T.);
#8137 = ORIENTED_EDGE('',*,*,#7819,.F.);
#8138 = ORIENTED_EDGE('',*,*,#7805,.T.);
#8139 = ORIENTED_EDGE('',*,*,#7797,.F.);
#8140 = ORIENTED_EDGE('',*,*,#7724,.F.);
#8141 = ORIENTED_EDGE('',*,*,#7854,.T.);
#8142 = CYLINDRICAL_SURFACE('',#8143,6.5);
#8143 = AXIS2_PLACEMENT_3D('',#8144,#8145,#8146);
#8144 = CARTESIAN_POINT('',(2.5,0.,2.));
#8145 = DIRECTION('',(0.,0.,1.));
#8146 = DIRECTION('',(0.923879532511,0.382683432365,-0.));
#8147 = ADVANCED_FACE('',(#8148),#8160,.T.);
#8148 = FACE_BOUND('',#8149,.T.);
#8149 = EDGE_LOOP('',(#8150,#8151,#8158,#8159));
#8150 = ORIENTED_EDGE('',*,*,#8120,.T.);
#8151 = ORIENTED_EDGE('',*,*,#8152,.T.);
#8152 = EDGE_CURVE('',#8112,#8103,#8153,.T.);
#8153 = CIRCLE('',#8154,6.3);
#8154 = AXIS2_PLACEMENT_3D('',#8155,#8156,#8157);
#8155 = CARTESIAN_POINT('',(2.5,0.,13.));
#8156 = DIRECTION('',(0.,0.,-1.));
#8157 = DIRECTION('',(0.923879532511,0.382683432365,0.));
#8158 = ORIENTED_EDGE('',*,*,#8102,.F.);
#8159 = ORIENTED_EDGE('',*,*,#7788,.F.);
#8160 = TOROIDAL_SURFACE('',#8161,6.3,0.2);
#8161 = AXIS2_PLACEMENT_3D('',#8162,#8163,#8164);
#8162 = CARTESIAN_POINT('',(2.5,0.,12.8));
#8163 = DIRECTION('',(0.,0.,1.));
#8164 = DIRECTION('',(0.923879532511,0.382683432365,-0.));
#8165 = ADVANCED_FACE('',(#8166),#8178,.T.);
#8166 = FACE_BOUND('',#8167,.T.);
#8167 = EDGE_LOOP('',(#8168,#8169,#8170,#8171,#8172,#8173,#8174,#8175,
    #8176,#8177));
#8168 = ORIENTED_EDGE('',*,*,#7973,.T.);
#8169 = ORIENTED_EDGE('',*,*,#7954,.T.);
#8170 = ORIENTED_EDGE('',*,*,#7945,.F.);
#8171 = ORIENTED_EDGE('',*,*,#7931,.T.);
#8172 = ORIENTED_EDGE('',*,*,#7923,.F.);
#8173 = ORIENTED_EDGE('',*,*,#7909,.F.);
#8174 = ORIENTED_EDGE('',*,*,#7900,.T.);
#8175 = ORIENTED_EDGE('',*,*,#7881,.F.);
#8176 = ORIENTED_EDGE('',*,*,#7874,.F.);
#8177 = ORIENTED_EDGE('',*,*,#7864,.T.);
#8178 = CYLINDRICAL_SURFACE('',#8179,6.5);
#8179 = AXIS2_PLACEMENT_3D('',#8180,#8181,#8182);
#8180 = CARTESIAN_POINT('',(2.5,0.,2.));
#8181 = DIRECTION('',(0.,0.,1.));
#8182 = DIRECTION('',(0.923879532511,0.382683432365,-0.));
#8183 = ADVANCED_FACE('',(#8184),#8196,.T.);
#8184 = FACE_BOUND('',#8185,.T.);
#8185 = EDGE_LOOP('',(#8186,#8187,#8188,#8189,#8190,#8191,#8192,#8193,
    #8194,#8195));
#8186 = ORIENTED_EDGE('',*,*,#8001,.T.);
#8187 = ORIENTED_EDGE('',*,*,#7980,.T.);
#8188 = ORIENTED_EDGE('',*,*,#8087,.F.);
#8189 = ORIENTED_EDGE('',*,*,#8073,.T.);
#8190 = ORIENTED_EDGE('',*,*,#8065,.F.);
#8191 = ORIENTED_EDGE('',*,*,#8051,.F.);
#8192 = ORIENTED_EDGE('',*,*,#8042,.T.);
#8193 = ORIENTED_EDGE('',*,*,#8023,.F.);
#8194 = ORIENTED_EDGE('',*,*,#8016,.F.);
#8195 = ORIENTED_EDGE('',*,*,#8008,.T.);
#8196 = CYLINDRICAL_SURFACE('',#8197,6.5);
#8197 = AXIS2_PLACEMENT_3D('',#8198,#8199,#8200);
#8198 = CARTESIAN_POINT('',(2.5,0.,2.));
#8199 = DIRECTION('',(0.,0.,1.));
#8200 = DIRECTION('',(0.923879532511,0.382683432365,-0.));
#8201 = ADVANCED_FACE('',(#8202),#8228,.F.);
#8202 = FACE_BOUND('',#8203,.F.);
#8203 = EDGE_LOOP('',(#8204,#8205,#8213,#8222));
#8204 = ORIENTED_EDGE('',*,*,#8111,.T.);
#8205 = ORIENTED_EDGE('',*,*,#8206,.T.);
#8206 = EDGE_CURVE('',#8112,#8207,#8209,.T.);
#8207 = VERTEX_POINT('',#8208);
#8208 = CARTESIAN_POINT('',(6.703651872926,1.741209617261,13.));
#8209 = LINE('',#8210,#8211);
#8210 = CARTESIAN_POINT('',(8.320441054821,2.4109056239,13.));
#8211 = VECTOR('',#8212,1.);
#8212 = DIRECTION('',(-0.923879532511,-0.382683432365,0.));
#8213 = ORIENTED_EDGE('',*,*,#8214,.F.);
#8214 = EDGE_CURVE('',#8215,#8207,#8217,.T.);
#8215 = VERTEX_POINT('',#8216);
#8216 = CARTESIAN_POINT('',(6.703651872926,-1.741209617261,13.));
#8217 = CIRCLE('',#8218,4.55);
#8218 = AXIS2_PLACEMENT_3D('',#8219,#8220,#8221);
#8219 = CARTESIAN_POINT('',(2.5,0.,13.));
#8220 = DIRECTION('',(0.,-0.,-1.));
#8221 = DIRECTION('',(0.923879532511,-0.382683432365,0.));
#8222 = ORIENTED_EDGE('',*,*,#8223,.F.);
#8223 = EDGE_CURVE('',#8103,#8215,#8224,.T.);
#8224 = LINE('',#8225,#8226);
#8225 = CARTESIAN_POINT('',(8.320441054821,-2.4109056239,13.));
#8226 = VECTOR('',#8227,1.);
#8227 = DIRECTION('',(-0.923879532511,0.382683432365,0.));
#8228 = PLANE('',#8229);
#8229 = AXIS2_PLACEMENT_3D('',#8230,#8231,#8232);
#8230 = CARTESIAN_POINT('',(2.5,0.,13.));
#8231 = DIRECTION('',(0.,0.,-1.));
#8232 = DIRECTION('',(0.923879532511,-0.382683432365,0.));
#8233 = ADVANCED_FACE('',(#8234),#8246,.F.);
#8234 = FACE_BOUND('',#8235,.F.);
#8235 = EDGE_LOOP('',(#8236,#8237,#8238,#8245));
#8236 = ORIENTED_EDGE('',*,*,#8152,.T.);
#8237 = ORIENTED_EDGE('',*,*,#8223,.T.);
#8238 = ORIENTED_EDGE('',*,*,#8239,.F.);
#8239 = EDGE_CURVE('',#8207,#8215,#8240,.T.);
#8240 = CIRCLE('',#8241,4.55);
#8241 = AXIS2_PLACEMENT_3D('',#8242,#8243,#8244);
#8242 = CARTESIAN_POINT('',(2.5,0.,13.));
#8243 = DIRECTION('',(0.,0.,-1.));
#8244 = DIRECTION('',(0.923879532511,0.382683432365,0.));
#8245 = ORIENTED_EDGE('',*,*,#8206,.F.);
#8246 = PLANE('',#8247);
#8247 = AXIS2_PLACEMENT_3D('',#8248,#8249,#8250);
#8248 = CARTESIAN_POINT('',(2.5,0.,13.));
#8249 = DIRECTION('',(0.,0.,-1.));
#8250 = DIRECTION('',(0.923879532511,0.382683432365,0.));
#8251 = ADVANCED_FACE('',(#8252),#8389,.F.);
#8252 = FACE_BOUND('',#8253,.F.);
#8253 = EDGE_LOOP('',(#8254,#8262,#8263,#8271,#8280,#8288,#8297,#8305,
    #8314,#8322,#8331,#8340,#8348,#8357,#8365,#8374,#8382));
#8254 = ORIENTED_EDGE('',*,*,#8255,.F.);
#8255 = EDGE_CURVE('',#8215,#8256,#8258,.T.);
#8256 = VERTEX_POINT('',#8257);
#8257 = CARTESIAN_POINT('',(6.703651872926,-1.741209617261,12.9));
#8258 = LINE('',#8259,#8260);
#8259 = CARTESIAN_POINT('',(6.703651872926,-1.741209617261,13.));
#8260 = VECTOR('',#8261,1.);
#8261 = DIRECTION('',(0.,0.,-1.));
#8262 = ORIENTED_EDGE('',*,*,#8214,.T.);
#8263 = ORIENTED_EDGE('',*,*,#8264,.T.);
#8264 = EDGE_CURVE('',#8207,#8265,#8267,.T.);
#8265 = VERTEX_POINT('',#8266);
#8266 = CARTESIAN_POINT('',(6.703651872926,1.741209617261,12.9));
#8267 = LINE('',#8268,#8269);
#8268 = CARTESIAN_POINT('',(6.703651872926,1.741209617261,13.));
#8269 = VECTOR('',#8270,1.);
#8270 = DIRECTION('',(0.,0.,-1.));
#8271 = ORIENTED_EDGE('',*,*,#8272,.T.);
#8272 = EDGE_CURVE('',#8265,#8273,#8275,.T.);
#8273 = VERTEX_POINT('',#8274);
#8274 = CARTESIAN_POINT('',(2.55,4.549725266431,12.9));
#8275 = CIRCLE('',#8276,4.55);
#8276 = AXIS2_PLACEMENT_3D('',#8277,#8278,#8279);
#8277 = CARTESIAN_POINT('',(2.5,0.,12.9));
#8278 = DIRECTION('',(0.,0.,1.));
#8279 = DIRECTION('',(-1.,1.224646799147E-16,0.));
#8280 = ORIENTED_EDGE('',*,*,#8281,.T.);
#8281 = EDGE_CURVE('',#8273,#8282,#8284,.T.);
#8282 = VERTEX_POINT('',#8283);
#8283 = CARTESIAN_POINT('',(2.55,4.549725266431,12.8));
#8284 = LINE('',#8285,#8286);
#8285 = CARTESIAN_POINT('',(2.55,4.549725266431,12.7));
#8286 = VECTOR('',#8287,1.);
#8287 = DIRECTION('',(0.,0.,-1.));
#8288 = ORIENTED_EDGE('',*,*,#8289,.F.);
#8289 = EDGE_CURVE('',#8290,#8282,#8292,.T.);
#8290 = VERTEX_POINT('',#8291);
#8291 = CARTESIAN_POINT('',(2.45,4.549725266431,12.8));
#8292 = CIRCLE('',#8293,4.55);
#8293 = AXIS2_PLACEMENT_3D('',#8294,#8295,#8296);
#8294 = CARTESIAN_POINT('',(2.5,0.,12.8));
#8295 = DIRECTION('',(0.,0.,-1.));
#8296 = DIRECTION('',(-1.,1.224646799147E-16,0.));
#8297 = ORIENTED_EDGE('',*,*,#8298,.F.);
#8298 = EDGE_CURVE('',#8299,#8290,#8301,.T.);
#8299 = VERTEX_POINT('',#8300);
#8300 = CARTESIAN_POINT('',(2.45,4.549725266431,12.9));
#8301 = LINE('',#8302,#8303);
#8302 = CARTESIAN_POINT('',(2.45,4.549725266431,12.7));
#8303 = VECTOR('',#8304,1.);
#8304 = DIRECTION('',(0.,0.,-1.));
#8305 = ORIENTED_EDGE('',*,*,#8306,.T.);
#8306 = EDGE_CURVE('',#8299,#8307,#8309,.T.);
#8307 = VERTEX_POINT('',#8308);
#8308 = CARTESIAN_POINT('',(-2.049725266431,5.000000000007E-02,12.9));
#8309 = CIRCLE('',#8310,4.55);
#8310 = AXIS2_PLACEMENT_3D('',#8311,#8312,#8313);
#8311 = CARTESIAN_POINT('',(2.5,0.,12.9));
#8312 = DIRECTION('',(0.,0.,1.));
#8313 = DIRECTION('',(-1.,1.224646799147E-16,0.));
#8314 = ORIENTED_EDGE('',*,*,#8315,.T.);
#8315 = EDGE_CURVE('',#8307,#8316,#8318,.T.);
#8316 = VERTEX_POINT('',#8317);
#8317 = CARTESIAN_POINT('',(-2.049725266431,5.E-02,12.8));
#8318 = LINE('',#8319,#8320);
#8319 = CARTESIAN_POINT('',(-2.049725266431,5.E-02,12.7));
#8320 = VECTOR('',#8321,1.);
#8321 = DIRECTION('',(0.,0.,-1.));
#8322 = ORIENTED_EDGE('',*,*,#8323,.F.);
#8323 = EDGE_CURVE('',#8324,#8316,#8326,.T.);
#8324 = VERTEX_POINT('',#8325);
#8325 = CARTESIAN_POINT('',(-2.05,5.57214293612E-16,12.8));
#8326 = CIRCLE('',#8327,4.55);
#8327 = AXIS2_PLACEMENT_3D('',#8328,#8329,#8330);
#8328 = CARTESIAN_POINT('',(2.5,0.,12.8));
#8329 = DIRECTION('',(0.,0.,-1.));
#8330 = DIRECTION('',(-1.,1.224646799147E-16,0.));
#8331 = ORIENTED_EDGE('',*,*,#8332,.F.);
#8332 = EDGE_CURVE('',#8333,#8324,#8335,.T.);
#8333 = VERTEX_POINT('',#8334);
#8334 = CARTESIAN_POINT('',(-2.049725266431,-5.E-02,12.8));
#8335 = CIRCLE('',#8336,4.55);
#8336 = AXIS2_PLACEMENT_3D('',#8337,#8338,#8339);
#8337 = CARTESIAN_POINT('',(2.5,0.,12.8));
#8338 = DIRECTION('',(0.,0.,-1.));
#8339 = DIRECTION('',(-1.,1.224646799147E-16,0.));
#8340 = ORIENTED_EDGE('',*,*,#8341,.F.);
#8341 = EDGE_CURVE('',#8342,#8333,#8344,.T.);
#8342 = VERTEX_POINT('',#8343);
#8343 = CARTESIAN_POINT('',(-2.049725266431,-5.000000000007E-02,12.9));
#8344 = LINE('',#8345,#8346);
#8345 = CARTESIAN_POINT('',(-2.049725266431,-5.E-02,12.7));
#8346 = VECTOR('',#8347,1.);
#8347 = DIRECTION('',(0.,0.,-1.));
#8348 = ORIENTED_EDGE('',*,*,#8349,.T.);
#8349 = EDGE_CURVE('',#8342,#8350,#8352,.T.);
#8350 = VERTEX_POINT('',#8351);
#8351 = CARTESIAN_POINT('',(2.45,-4.549725266431,12.9));
#8352 = CIRCLE('',#8353,4.55);
#8353 = AXIS2_PLACEMENT_3D('',#8354,#8355,#8356);
#8354 = CARTESIAN_POINT('',(2.5,0.,12.9));
#8355 = DIRECTION('',(0.,0.,1.));
#8356 = DIRECTION('',(-1.,1.224646799147E-16,0.));
#8357 = ORIENTED_EDGE('',*,*,#8358,.T.);
#8358 = EDGE_CURVE('',#8350,#8359,#8361,.T.);
#8359 = VERTEX_POINT('',#8360);
#8360 = CARTESIAN_POINT('',(2.45,-4.549725266431,12.8));
#8361 = LINE('',#8362,#8363);
#8362 = CARTESIAN_POINT('',(2.45,-4.549725266431,12.7));
#8363 = VECTOR('',#8364,1.);
#8364 = DIRECTION('',(0.,0.,-1.));
#8365 = ORIENTED_EDGE('',*,*,#8366,.F.);
#8366 = EDGE_CURVE('',#8367,#8359,#8369,.T.);
#8367 = VERTEX_POINT('',#8368);
#8368 = CARTESIAN_POINT('',(2.55,-4.549725266431,12.8));
#8369 = CIRCLE('',#8370,4.55);
#8370 = AXIS2_PLACEMENT_3D('',#8371,#8372,#8373);
#8371 = CARTESIAN_POINT('',(2.5,0.,12.8));
#8372 = DIRECTION('',(0.,0.,-1.));
#8373 = DIRECTION('',(-1.,1.224646799147E-16,0.));
#8374 = ORIENTED_EDGE('',*,*,#8375,.F.);
#8375 = EDGE_CURVE('',#8376,#8367,#8378,.T.);
#8376 = VERTEX_POINT('',#8377);
#8377 = CARTESIAN_POINT('',(2.55,-4.549725266431,12.9));
#8378 = LINE('',#8379,#8380);
#8379 = CARTESIAN_POINT('',(2.55,-4.549725266431,12.7));
#8380 = VECTOR('',#8381,1.);
#8381 = DIRECTION('',(0.,0.,-1.));
#8382 = ORIENTED_EDGE('',*,*,#8383,.T.);
#8383 = EDGE_CURVE('',#8376,#8256,#8384,.T.);
#8384 = CIRCLE('',#8385,4.55);
#8385 = AXIS2_PLACEMENT_3D('',#8386,#8387,#8388);
#8386 = CARTESIAN_POINT('',(2.5,0.,12.9));
#8387 = DIRECTION('',(0.,0.,1.));
#8388 = DIRECTION('',(-1.,1.224646799147E-16,0.));
#8389 = CYLINDRICAL_SURFACE('',#8390,4.55);
#8390 = AXIS2_PLACEMENT_3D('',#8391,#8392,#8393);
#8391 = CARTESIAN_POINT('',(2.5,0.,13.));
#8392 = DIRECTION('',(0.,0.,-1.));
#8393 = DIRECTION('',(0.923879532511,-0.382683432365,0.));
#8394 = ADVANCED_FACE('',(#8395),#8441,.F.);
#8395 = FACE_BOUND('',#8396,.F.);
#8396 = EDGE_LOOP('',(#8397,#8398,#8399,#8400,#8409,#8417,#8426,#8434));
#8397 = ORIENTED_EDGE('',*,*,#8264,.F.);
#8398 = ORIENTED_EDGE('',*,*,#8239,.T.);
#8399 = ORIENTED_EDGE('',*,*,#8255,.T.);
#8400 = ORIENTED_EDGE('',*,*,#8401,.T.);
#8401 = EDGE_CURVE('',#8256,#8402,#8404,.T.);
#8402 = VERTEX_POINT('',#8403);
#8403 = CARTESIAN_POINT('',(7.049725266431,-5.000000000012E-02,12.9));
#8404 = CIRCLE('',#8405,4.55);
#8405 = AXIS2_PLACEMENT_3D('',#8406,#8407,#8408);
#8406 = CARTESIAN_POINT('',(2.5,0.,12.9));
#8407 = DIRECTION('',(0.,0.,1.));
#8408 = DIRECTION('',(-1.,1.224646799147E-16,0.));
#8409 = ORIENTED_EDGE('',*,*,#8410,.T.);
#8410 = EDGE_CURVE('',#8402,#8411,#8413,.T.);
#8411 = VERTEX_POINT('',#8412);
#8412 = CARTESIAN_POINT('',(7.049725266431,-5.E-02,12.8));
#8413 = LINE('',#8414,#8415);
#8414 = CARTESIAN_POINT('',(7.049725266431,-5.E-02,12.7));
#8415 = VECTOR('',#8416,1.);
#8416 = DIRECTION('',(0.,0.,-1.));
#8417 = ORIENTED_EDGE('',*,*,#8418,.F.);
#8418 = EDGE_CURVE('',#8419,#8411,#8421,.T.);
#8419 = VERTEX_POINT('',#8420);
#8420 = CARTESIAN_POINT('',(7.049725266431,5.E-02,12.8));
#8421 = CIRCLE('',#8422,4.55);
#8422 = AXIS2_PLACEMENT_3D('',#8423,#8424,#8425);
#8423 = CARTESIAN_POINT('',(2.5,0.,12.8));
#8424 = DIRECTION('',(0.,0.,-1.));
#8425 = DIRECTION('',(-1.,1.224646799147E-16,0.));
#8426 = ORIENTED_EDGE('',*,*,#8427,.F.);
#8427 = EDGE_CURVE('',#8428,#8419,#8430,.T.);
#8428 = VERTEX_POINT('',#8429);
#8429 = CARTESIAN_POINT('',(7.049725266431,5.000000000012E-02,12.9));
#8430 = LINE('',#8431,#8432);
#8431 = CARTESIAN_POINT('',(7.049725266431,5.E-02,12.7));
#8432 = VECTOR('',#8433,1.);
#8433 = DIRECTION('',(0.,0.,-1.));
#8434 = ORIENTED_EDGE('',*,*,#8435,.T.);
#8435 = EDGE_CURVE('',#8428,#8265,#8436,.T.);
#8436 = CIRCLE('',#8437,4.55);
#8437 = AXIS2_PLACEMENT_3D('',#8438,#8439,#8440);
#8438 = CARTESIAN_POINT('',(2.5,0.,12.9));
#8439 = DIRECTION('',(0.,0.,1.));
#8440 = DIRECTION('',(-1.,1.224646799147E-16,0.));
#8441 = CYLINDRICAL_SURFACE('',#8442,4.55);
#8442 = AXIS2_PLACEMENT_3D('',#8443,#8444,#8445);
#8443 = CARTESIAN_POINT('',(2.5,0.,13.));
#8444 = DIRECTION('',(0.,0.,-1.));
#8445 = DIRECTION('',(0.923879532511,0.382683432365,0.));
#8446 = ADVANCED_FACE('',(#8447),#8465,.T.);
#8447 = FACE_BOUND('',#8448,.T.);
#8448 = EDGE_LOOP('',(#8449,#8457,#8458,#8459));
#8449 = ORIENTED_EDGE('',*,*,#8450,.F.);
#8450 = EDGE_CURVE('',#8376,#8451,#8453,.T.);
#8451 = VERTEX_POINT('',#8452);
#8452 = CARTESIAN_POINT('',(2.55,-5.E-02,12.9));
#8453 = LINE('',#8454,#8455);
#8454 = CARTESIAN_POINT('',(2.55,-13.05,12.9));
#8455 = VECTOR('',#8456,1.);
#8456 = DIRECTION('',(1.224646799147E-16,1.,0.));
#8457 = ORIENTED_EDGE('',*,*,#8383,.T.);
#8458 = ORIENTED_EDGE('',*,*,#8401,.T.);
#8459 = ORIENTED_EDGE('',*,*,#8460,.F.);
#8460 = EDGE_CURVE('',#8451,#8402,#8461,.T.);
#8461 = LINE('',#8462,#8463);
#8462 = CARTESIAN_POINT('',(2.55,-5.E-02,12.9));
#8463 = VECTOR('',#8464,1.);
#8464 = DIRECTION('',(1.,-1.224646799147E-16,0.));
#8465 = PLANE('',#8466);
#8466 = AXIS2_PLACEMENT_3D('',#8467,#8468,#8469);
#8467 = CARTESIAN_POINT('',(2.5,-4.153344878609E-16,12.9));
#8468 = DIRECTION('',(-2.540308031143E-32,-7.052908582616E-33,1.));
#8469 = DIRECTION('',(-1.,1.224646799147E-16,-2.540308031143E-32));
#8470 = ADVANCED_FACE('',(#8471),#8489,.F.);
#8471 = FACE_BOUND('',#8472,.F.);
#8472 = EDGE_LOOP('',(#8473,#8474,#8475,#8483));
#8473 = ORIENTED_EDGE('',*,*,#8450,.F.);
#8474 = ORIENTED_EDGE('',*,*,#8375,.T.);
#8475 = ORIENTED_EDGE('',*,*,#8476,.T.);
#8476 = EDGE_CURVE('',#8367,#8477,#8479,.T.);
#8477 = VERTEX_POINT('',#8478);
#8478 = CARTESIAN_POINT('',(2.55,-5.E-02,12.8));
#8479 = LINE('',#8480,#8481);
#8480 = CARTESIAN_POINT('',(2.55,-13.05,12.8));
#8481 = VECTOR('',#8482,1.);
#8482 = DIRECTION('',(1.224646799147E-16,1.,0.));
#8483 = ORIENTED_EDGE('',*,*,#8484,.F.);
#8484 = EDGE_CURVE('',#8451,#8477,#8485,.T.);
#8485 = LINE('',#8486,#8487);
#8486 = CARTESIAN_POINT('',(2.55,-5.E-02,12.9));
#8487 = VECTOR('',#8488,1.);
#8488 = DIRECTION('',(2.540308031143E-32,7.052908582616E-33,-1.));
#8489 = PLANE('',#8490);
#8490 = AXIS2_PLACEMENT_3D('',#8491,#8492,#8493);
#8491 = CARTESIAN_POINT('',(2.55,-13.05,12.9));
#8492 = DIRECTION('',(1.,-1.224646799147E-16,2.540308031143E-32));
#8493 = DIRECTION('',(1.224646799147E-16,1.,0.));
#8494 = ADVANCED_FACE('',(#8495),#8513,.T.);
#8495 = FACE_BOUND('',#8496,.T.);
#8496 = EDGE_LOOP('',(#8497,#8498,#8499,#8507));
#8497 = ORIENTED_EDGE('',*,*,#8435,.T.);
#8498 = ORIENTED_EDGE('',*,*,#8272,.T.);
#8499 = ORIENTED_EDGE('',*,*,#8500,.F.);
#8500 = EDGE_CURVE('',#8501,#8273,#8503,.T.);
#8501 = VERTEX_POINT('',#8502);
#8502 = CARTESIAN_POINT('',(2.55,5.E-02,12.9));
#8503 = LINE('',#8504,#8505);
#8504 = CARTESIAN_POINT('',(2.55,5.E-02,12.9));
#8505 = VECTOR('',#8506,1.);
#8506 = DIRECTION('',(1.224646799147E-16,1.,0.));
#8507 = ORIENTED_EDGE('',*,*,#8508,.F.);
#8508 = EDGE_CURVE('',#8428,#8501,#8509,.T.);
#8509 = LINE('',#8510,#8511);
#8510 = CARTESIAN_POINT('',(15.55,5.E-02,12.9));
#8511 = VECTOR('',#8512,1.);
#8512 = DIRECTION('',(-1.,1.224646799147E-16,0.));
#8513 = PLANE('',#8514);
#8514 = AXIS2_PLACEMENT_3D('',#8515,#8516,#8517);
#8515 = CARTESIAN_POINT('',(2.5,-4.153344878609E-16,12.9));
#8516 = DIRECTION('',(-2.540308031143E-32,-7.052908582616E-33,1.));
#8517 = DIRECTION('',(-1.,1.224646799147E-16,-2.540308031143E-32));
#8518 = ADVANCED_FACE('',(#8519),#8575,.T.);
#8519 = FACE_BOUND('',#8520,.T.);
#8520 = EDGE_LOOP('',(#8521,#8529,#8535,#8536,#8537,#8543,#8544,#8552,
    #8558,#8559,#8567,#8573,#8574));
#8521 = ORIENTED_EDGE('',*,*,#8522,.T.);
#8522 = EDGE_CURVE('',#8333,#8523,#8525,.T.);
#8523 = VERTEX_POINT('',#8524);
#8524 = CARTESIAN_POINT('',(2.45,-5.E-02,12.8));
#8525 = LINE('',#8526,#8527);
#8526 = CARTESIAN_POINT('',(-10.55,-5.E-02,12.8));
#8527 = VECTOR('',#8528,1.);
#8528 = DIRECTION('',(1.,-3.012401488582E-17,0.));
#8529 = ORIENTED_EDGE('',*,*,#8530,.T.);
#8530 = EDGE_CURVE('',#8523,#8359,#8531,.T.);
#8531 = LINE('',#8532,#8533);
#8532 = CARTESIAN_POINT('',(2.45,-5.E-02,12.8));
#8533 = VECTOR('',#8534,1.);
#8534 = DIRECTION('',(-1.224646799147E-16,-1.,0.));
#8535 = ORIENTED_EDGE('',*,*,#8366,.F.);
#8536 = ORIENTED_EDGE('',*,*,#8476,.T.);
#8537 = ORIENTED_EDGE('',*,*,#8538,.T.);
#8538 = EDGE_CURVE('',#8477,#8411,#8539,.T.);
#8539 = LINE('',#8540,#8541);
#8540 = CARTESIAN_POINT('',(2.55,-5.E-02,12.8));
#8541 = VECTOR('',#8542,1.);
#8542 = DIRECTION('',(1.,-1.224646799147E-16,0.));
#8543 = ORIENTED_EDGE('',*,*,#8418,.F.);
#8544 = ORIENTED_EDGE('',*,*,#8545,.T.);
#8545 = EDGE_CURVE('',#8419,#8546,#8548,.T.);
#8546 = VERTEX_POINT('',#8547);
#8547 = CARTESIAN_POINT('',(2.55,5.E-02,12.8));
#8548 = LINE('',#8549,#8550);
#8549 = CARTESIAN_POINT('',(15.55,5.E-02,12.8));
#8550 = VECTOR('',#8551,1.);
#8551 = DIRECTION('',(-1.,1.224646799147E-16,0.));
#8552 = ORIENTED_EDGE('',*,*,#8553,.T.);
#8553 = EDGE_CURVE('',#8546,#8282,#8554,.T.);
#8554 = LINE('',#8555,#8556);
#8555 = CARTESIAN_POINT('',(2.55,5.E-02,12.8));
#8556 = VECTOR('',#8557,1.);
#8557 = DIRECTION('',(1.224646799147E-16,1.,0.));
#8558 = ORIENTED_EDGE('',*,*,#8289,.F.);
#8559 = ORIENTED_EDGE('',*,*,#8560,.T.);
#8560 = EDGE_CURVE('',#8290,#8561,#8563,.T.);
#8561 = VERTEX_POINT('',#8562);
#8562 = CARTESIAN_POINT('',(2.45,5.E-02,12.8));
#8563 = LINE('',#8564,#8565);
#8564 = CARTESIAN_POINT('',(2.45,13.05,12.8));
#8565 = VECTOR('',#8566,1.);
#8566 = DIRECTION('',(-1.224646799147E-16,-1.,0.));
#8567 = ORIENTED_EDGE('',*,*,#8568,.T.);
#8568 = EDGE_CURVE('',#8561,#8316,#8569,.T.);
#8569 = LINE('',#8570,#8571);
#8570 = CARTESIAN_POINT('',(2.45,5.E-02,12.8));
#8571 = VECTOR('',#8572,1.);
#8572 = DIRECTION('',(-1.,1.224646799147E-16,0.));
#8573 = ORIENTED_EDGE('',*,*,#8323,.F.);
#8574 = ORIENTED_EDGE('',*,*,#8332,.F.);
#8575 = PLANE('',#8576);
#8576 = AXIS2_PLACEMENT_3D('',#8577,#8578,#8579);
#8577 = CARTESIAN_POINT('',(2.5,-1.510605178621E-15,12.8));
#8578 = DIRECTION('',(6.589592179806E-33,-2.537082765686E-32,1.));
#8579 = DIRECTION('',(-1.224646799147E-16,-1.,-2.537082765686E-32));
#8580 = ADVANCED_FACE('',(#8581),#8592,.F.);
#8581 = FACE_BOUND('',#8582,.F.);
#8582 = EDGE_LOOP('',(#8583,#8584,#8590,#8591));
#8583 = ORIENTED_EDGE('',*,*,#8500,.F.);
#8584 = ORIENTED_EDGE('',*,*,#8585,.T.);
#8585 = EDGE_CURVE('',#8501,#8546,#8586,.T.);
#8586 = LINE('',#8587,#8588);
#8587 = CARTESIAN_POINT('',(2.55,5.E-02,12.9));
#8588 = VECTOR('',#8589,1.);
#8589 = DIRECTION('',(2.540308031143E-32,7.052908582616E-33,-1.));
#8590 = ORIENTED_EDGE('',*,*,#8553,.T.);
#8591 = ORIENTED_EDGE('',*,*,#8281,.F.);
#8592 = PLANE('',#8593);
#8593 = AXIS2_PLACEMENT_3D('',#8594,#8595,#8596);
#8594 = CARTESIAN_POINT('',(2.55,5.E-02,12.9));
#8595 = DIRECTION('',(1.,-1.224646799147E-16,2.540308031143E-32));
#8596 = DIRECTION('',(1.224646799147E-16,1.,0.));
#8597 = ADVANCED_FACE('',(#8598),#8616,.F.);
#8598 = FACE_BOUND('',#8599,.F.);
#8599 = EDGE_LOOP('',(#8600,#8608,#8614,#8615));
#8600 = ORIENTED_EDGE('',*,*,#8601,.F.);
#8601 = EDGE_CURVE('',#8602,#8350,#8604,.T.);
#8602 = VERTEX_POINT('',#8603);
#8603 = CARTESIAN_POINT('',(2.45,-5.E-02,12.9));
#8604 = LINE('',#8605,#8606);
#8605 = CARTESIAN_POINT('',(2.45,-5.E-02,12.9));
#8606 = VECTOR('',#8607,1.);
#8607 = DIRECTION('',(-1.224646799147E-16,-1.,0.));
#8608 = ORIENTED_EDGE('',*,*,#8609,.T.);
#8609 = EDGE_CURVE('',#8602,#8523,#8610,.T.);
#8610 = LINE('',#8611,#8612);
#8611 = CARTESIAN_POINT('',(2.45,-5.E-02,12.9));
#8612 = VECTOR('',#8613,1.);
#8613 = DIRECTION('',(2.540308031143E-32,7.052908582616E-33,-1.));
#8614 = ORIENTED_EDGE('',*,*,#8530,.T.);
#8615 = ORIENTED_EDGE('',*,*,#8358,.F.);
#8616 = PLANE('',#8617);
#8617 = AXIS2_PLACEMENT_3D('',#8618,#8619,#8620);
#8618 = CARTESIAN_POINT('',(2.45,-5.E-02,12.9));
#8619 = DIRECTION('',(-1.,1.224646799147E-16,-2.540308031143E-32));
#8620 = DIRECTION('',(-1.224646799147E-16,-1.,0.));
#8621 = ADVANCED_FACE('',(#8622),#8632,.T.);
#8622 = FACE_BOUND('',#8623,.T.);
#8623 = EDGE_LOOP('',(#8624,#8630,#8631));
#8624 = ORIENTED_EDGE('',*,*,#8625,.F.);
#8625 = EDGE_CURVE('',#8342,#8602,#8626,.T.);
#8626 = LINE('',#8627,#8628);
#8627 = CARTESIAN_POINT('',(-10.55,-5.E-02,12.9));
#8628 = VECTOR('',#8629,1.);
#8629 = DIRECTION('',(1.,-3.012401488582E-17,0.));
#8630 = ORIENTED_EDGE('',*,*,#8349,.T.);
#8631 = ORIENTED_EDGE('',*,*,#8601,.F.);
#8632 = PLANE('',#8633);
#8633 = AXIS2_PLACEMENT_3D('',#8634,#8635,#8636);
#8634 = CARTESIAN_POINT('',(2.5,-4.153344878609E-16,12.9));
#8635 = DIRECTION('',(-2.540308031143E-32,-7.052908582616E-33,1.));
#8636 = DIRECTION('',(-1.,1.224646799147E-16,-2.540308031143E-32));
#8637 = ADVANCED_FACE('',(#8638),#8656,.F.);
#8638 = FACE_BOUND('',#8639,.F.);
#8639 = EDGE_LOOP('',(#8640,#8648,#8649,#8650));
#8640 = ORIENTED_EDGE('',*,*,#8641,.F.);
#8641 = EDGE_CURVE('',#8299,#8642,#8644,.T.);
#8642 = VERTEX_POINT('',#8643);
#8643 = CARTESIAN_POINT('',(2.45,5.E-02,12.9));
#8644 = LINE('',#8645,#8646);
#8645 = CARTESIAN_POINT('',(2.45,13.05,12.9));
#8646 = VECTOR('',#8647,1.);
#8647 = DIRECTION('',(-1.224646799147E-16,-1.,0.));
#8648 = ORIENTED_EDGE('',*,*,#8298,.T.);
#8649 = ORIENTED_EDGE('',*,*,#8560,.T.);
#8650 = ORIENTED_EDGE('',*,*,#8651,.F.);
#8651 = EDGE_CURVE('',#8642,#8561,#8652,.T.);
#8652 = LINE('',#8653,#8654);
#8653 = CARTESIAN_POINT('',(2.45,5.E-02,12.9));
#8654 = VECTOR('',#8655,1.);
#8655 = DIRECTION('',(2.540308031143E-32,7.052908582616E-33,-1.));
#8656 = PLANE('',#8657);
#8657 = AXIS2_PLACEMENT_3D('',#8658,#8659,#8660);
#8658 = CARTESIAN_POINT('',(2.45,13.05,12.9));
#8659 = DIRECTION('',(-1.,1.224646799147E-16,-2.540308031143E-32));
#8660 = DIRECTION('',(-1.224646799147E-16,-1.,0.));
#8661 = ADVANCED_FACE('',(#8662),#8668,.F.);
#8662 = FACE_BOUND('',#8663,.F.);
#8663 = EDGE_LOOP('',(#8664,#8665,#8666,#8667));
#8664 = ORIENTED_EDGE('',*,*,#8625,.F.);
#8665 = ORIENTED_EDGE('',*,*,#8341,.T.);
#8666 = ORIENTED_EDGE('',*,*,#8522,.T.);
#8667 = ORIENTED_EDGE('',*,*,#8609,.F.);
#8668 = PLANE('',#8669);
#8669 = AXIS2_PLACEMENT_3D('',#8670,#8671,#8672);
#8670 = CARTESIAN_POINT('',(-10.55,-5.E-02,12.9));
#8671 = DIRECTION('',(-3.012401488582E-17,-1.,-7.052908582616E-33));
#8672 = DIRECTION('',(1.,-3.012401488582E-17,0.));
#8673 = ADVANCED_FACE('',(#8674),#8684,.T.);
#8674 = FACE_BOUND('',#8675,.T.);
#8675 = EDGE_LOOP('',(#8676,#8677,#8683));
#8676 = ORIENTED_EDGE('',*,*,#8306,.T.);
#8677 = ORIENTED_EDGE('',*,*,#8678,.F.);
#8678 = EDGE_CURVE('',#8642,#8307,#8679,.T.);
#8679 = LINE('',#8680,#8681);
#8680 = CARTESIAN_POINT('',(2.45,5.E-02,12.9));
#8681 = VECTOR('',#8682,1.);
#8682 = DIRECTION('',(-1.,1.224646799147E-16,0.));
#8683 = ORIENTED_EDGE('',*,*,#8641,.F.);
#8684 = PLANE('',#8685);
#8685 = AXIS2_PLACEMENT_3D('',#8686,#8687,#8688);
#8686 = CARTESIAN_POINT('',(2.5,-4.153344878609E-16,12.9));
#8687 = DIRECTION('',(-2.540308031143E-32,-7.052908582616E-33,1.));
#8688 = DIRECTION('',(-1.,1.224646799147E-16,-2.540308031143E-32));
#8689 = ADVANCED_FACE('',(#8690),#8696,.F.);
#8690 = FACE_BOUND('',#8691,.F.);
#8691 = EDGE_LOOP('',(#8692,#8693,#8694,#8695));
#8692 = ORIENTED_EDGE('',*,*,#8678,.F.);
#8693 = ORIENTED_EDGE('',*,*,#8651,.T.);
#8694 = ORIENTED_EDGE('',*,*,#8568,.T.);
#8695 = ORIENTED_EDGE('',*,*,#8315,.F.);
#8696 = PLANE('',#8697);
#8697 = AXIS2_PLACEMENT_3D('',#8698,#8699,#8700);
#8698 = CARTESIAN_POINT('',(2.45,5.E-02,12.9));
#8699 = DIRECTION('',(1.224646799147E-16,1.,7.052908582616E-33));
#8700 = DIRECTION('',(-1.,1.224646799147E-16,0.));
#8701 = ADVANCED_FACE('',(#8702),#8708,.F.);
#8702 = FACE_BOUND('',#8703,.F.);
#8703 = EDGE_LOOP('',(#8704,#8705,#8706,#8707));
#8704 = ORIENTED_EDGE('',*,*,#8508,.F.);
#8705 = ORIENTED_EDGE('',*,*,#8427,.T.);
#8706 = ORIENTED_EDGE('',*,*,#8545,.T.);
#8707 = ORIENTED_EDGE('',*,*,#8585,.F.);
#8708 = PLANE('',#8709);
#8709 = AXIS2_PLACEMENT_3D('',#8710,#8711,#8712);
#8710 = CARTESIAN_POINT('',(15.55,5.E-02,12.9));
#8711 = DIRECTION('',(1.224646799147E-16,1.,7.052908582616E-33));
#8712 = DIRECTION('',(-1.,1.224646799147E-16,0.));
#8713 = ADVANCED_FACE('',(#8714),#8720,.F.);
#8714 = FACE_BOUND('',#8715,.F.);
#8715 = EDGE_LOOP('',(#8716,#8717,#8718,#8719));
#8716 = ORIENTED_EDGE('',*,*,#8460,.F.);
#8717 = ORIENTED_EDGE('',*,*,#8484,.T.);
#8718 = ORIENTED_EDGE('',*,*,#8538,.T.);
#8719 = ORIENTED_EDGE('',*,*,#8410,.F.);
#8720 = PLANE('',#8721);
#8721 = AXIS2_PLACEMENT_3D('',#8722,#8723,#8724);
#8722 = CARTESIAN_POINT('',(2.55,-5.E-02,12.9));
#8723 = DIRECTION('',(-1.224646799147E-16,-1.,-7.052908582616E-33));
#8724 = DIRECTION('',(1.,-1.224646799147E-16,0.));
#8725 = ORIENTED_CLOSED_SHELL('',*,#8726,.F.);
#8726 = CLOSED_SHELL('',(#8727,#8760,#8792,#8809,#8836));
#8727 = ADVANCED_FACE('',(#8728),#8755,.T.);
#8728 = FACE_BOUND('',#8729,.T.);
#8729 = EDGE_LOOP('',(#8730,#8741,#8749));
#8730 = ORIENTED_EDGE('',*,*,#8731,.T.);
#8731 = EDGE_CURVE('',#8732,#8734,#8736,.T.);
#8732 = VERTEX_POINT('',#8733);
#8733 = CARTESIAN_POINT('',(6.703651872926,1.741209617261,12.6));
#8734 = VERTEX_POINT('',#8735);
#8735 = CARTESIAN_POINT('',(6.703651872926,-1.741209617261,12.6));
#8736 = CIRCLE('',#8737,4.55);
#8737 = AXIS2_PLACEMENT_3D('',#8738,#8739,#8740);
#8738 = CARTESIAN_POINT('',(2.5,0.,12.6));
#8739 = DIRECTION('',(0.,0.,-1.));
#8740 = DIRECTION('',(0.923879532511,0.382683432365,0.));
#8741 = ORIENTED_EDGE('',*,*,#8742,.T.);
#8742 = EDGE_CURVE('',#8734,#8743,#8745,.T.);
#8743 = VERTEX_POINT('',#8744);
#8744 = CARTESIAN_POINT('',(2.5,0.,12.6));
#8745 = LINE('',#8746,#8747);
#8746 = CARTESIAN_POINT('',(6.703651872926,-1.741209617261,12.6));
#8747 = VECTOR('',#8748,1.);
#8748 = DIRECTION('',(-0.923879532511,0.382683432365,0.));
#8749 = ORIENTED_EDGE('',*,*,#8750,.F.);
#8750 = EDGE_CURVE('',#8732,#8743,#8751,.T.);
#8751 = LINE('',#8752,#8753);
#8752 = CARTESIAN_POINT('',(6.703651872926,1.741209617261,12.6));
#8753 = VECTOR('',#8754,1.);
#8754 = DIRECTION('',(-0.923879532511,-0.382683432365,0.));
#8755 = PLANE('',#8756);
#8756 = AXIS2_PLACEMENT_3D('',#8757,#8758,#8759);
#8757 = CARTESIAN_POINT('',(2.5,0.,12.6));
#8758 = DIRECTION('',(0.,0.,-1.));
#8759 = DIRECTION('',(0.923879532511,0.382683432365,0.));
#8760 = ADVANCED_FACE('',(#8761),#8787,.T.);
#8761 = FACE_BOUND('',#8762,.T.);
#8762 = EDGE_LOOP('',(#8763,#8771,#8780,#8786));
#8763 = ORIENTED_EDGE('',*,*,#8764,.F.);
#8764 = EDGE_CURVE('',#8765,#8732,#8767,.T.);
#8765 = VERTEX_POINT('',#8766);
#8766 = CARTESIAN_POINT('',(6.703651872926,1.741209617261,12.7));
#8767 = LINE('',#8768,#8769);
#8768 = CARTESIAN_POINT('',(6.703651872926,1.741209617261,13.));
#8769 = VECTOR('',#8770,1.);
#8770 = DIRECTION('',(0.,0.,-1.));
#8771 = ORIENTED_EDGE('',*,*,#8772,.F.);
#8772 = EDGE_CURVE('',#8773,#8765,#8775,.T.);
#8773 = VERTEX_POINT('',#8774);
#8774 = CARTESIAN_POINT('',(6.703651872926,-1.741209617261,12.7));
#8775 = CIRCLE('',#8776,4.55);
#8776 = AXIS2_PLACEMENT_3D('',#8777,#8778,#8779);
#8777 = CARTESIAN_POINT('',(2.5,0.,12.7));
#8778 = DIRECTION('',(0.,0.,1.));
#8779 = DIRECTION('',(-1.,1.224646799147E-16,0.));
#8780 = ORIENTED_EDGE('',*,*,#8781,.T.);
#8781 = EDGE_CURVE('',#8773,#8734,#8782,.T.);
#8782 = LINE('',#8783,#8784);
#8783 = CARTESIAN_POINT('',(6.703651872926,-1.741209617261,13.));
#8784 = VECTOR('',#8785,1.);
#8785 = DIRECTION('',(0.,0.,-1.));
#8786 = ORIENTED_EDGE('',*,*,#8731,.F.);
#8787 = CYLINDRICAL_SURFACE('',#8788,4.55);
#8788 = AXIS2_PLACEMENT_3D('',#8789,#8790,#8791);
#8789 = CARTESIAN_POINT('',(2.5,0.,13.));
#8790 = DIRECTION('',(0.,0.,-1.));
#8791 = DIRECTION('',(0.923879532511,0.382683432365,0.));
#8792 = ADVANCED_FACE('',(#8793),#8804,.T.);
#8793 = FACE_BOUND('',#8794,.T.);
#8794 = EDGE_LOOP('',(#8795,#8802,#8803));
#8795 = ORIENTED_EDGE('',*,*,#8796,.T.);
#8796 = EDGE_CURVE('',#8734,#8732,#8797,.T.);
#8797 = CIRCLE('',#8798,4.55);
#8798 = AXIS2_PLACEMENT_3D('',#8799,#8800,#8801);
#8799 = CARTESIAN_POINT('',(2.5,0.,12.6));
#8800 = DIRECTION('',(0.,-0.,-1.));
#8801 = DIRECTION('',(0.923879532511,-0.382683432365,0.));
#8802 = ORIENTED_EDGE('',*,*,#8750,.T.);
#8803 = ORIENTED_EDGE('',*,*,#8742,.F.);
#8804 = PLANE('',#8805);
#8805 = AXIS2_PLACEMENT_3D('',#8806,#8807,#8808);
#8806 = CARTESIAN_POINT('',(2.5,0.,12.6));
#8807 = DIRECTION('',(0.,0.,-1.));
#8808 = DIRECTION('',(0.923879532511,-0.382683432365,0.));
#8809 = ADVANCED_FACE('',(#8810),#8831,.T.);
#8810 = FACE_BOUND('',#8811,.T.);
#8811 = EDGE_LOOP('',(#8812,#8813,#8822,#8829,#8830));
#8812 = ORIENTED_EDGE('',*,*,#8781,.F.);
#8813 = ORIENTED_EDGE('',*,*,#8814,.F.);
#8814 = EDGE_CURVE('',#8815,#8773,#8817,.T.);
#8815 = VERTEX_POINT('',#8816);
#8816 = CARTESIAN_POINT('',(-2.05,5.57214293612E-16,12.7));
#8817 = CIRCLE('',#8818,4.55);
#8818 = AXIS2_PLACEMENT_3D('',#8819,#8820,#8821);
#8819 = CARTESIAN_POINT('',(2.5,0.,12.7));
#8820 = DIRECTION('',(0.,0.,1.));
#8821 = DIRECTION('',(-1.,1.224646799147E-16,0.));
#8822 = ORIENTED_EDGE('',*,*,#8823,.F.);
#8823 = EDGE_CURVE('',#8765,#8815,#8824,.T.);
#8824 = CIRCLE('',#8825,4.55);
#8825 = AXIS2_PLACEMENT_3D('',#8826,#8827,#8828);
#8826 = CARTESIAN_POINT('',(2.5,0.,12.7));
#8827 = DIRECTION('',(0.,0.,1.));
#8828 = DIRECTION('',(-1.,1.224646799147E-16,0.));
#8829 = ORIENTED_EDGE('',*,*,#8764,.T.);
#8830 = ORIENTED_EDGE('',*,*,#8796,.F.);
#8831 = CYLINDRICAL_SURFACE('',#8832,4.55);
#8832 = AXIS2_PLACEMENT_3D('',#8833,#8834,#8835);
#8833 = CARTESIAN_POINT('',(2.5,0.,13.));
#8834 = DIRECTION('',(0.,0.,-1.));
#8835 = DIRECTION('',(0.923879532511,-0.382683432365,0.));
#8836 = ADVANCED_FACE('',(#8837),#8842,.T.);
#8837 = FACE_BOUND('',#8838,.T.);
#8838 = EDGE_LOOP('',(#8839,#8840,#8841));
#8839 = ORIENTED_EDGE('',*,*,#8814,.T.);
#8840 = ORIENTED_EDGE('',*,*,#8772,.T.);
#8841 = ORIENTED_EDGE('',*,*,#8823,.T.);
#8842 = PLANE('',#8843);
#8843 = AXIS2_PLACEMENT_3D('',#8844,#8845,#8846);
#8844 = CARTESIAN_POINT('',(2.5,-4.153344878609E-16,12.7));
#8845 = DIRECTION('',(-2.540308031143E-32,-7.052908582616E-33,1.));
#8846 = DIRECTION('',(-1.,1.224646799147E-16,-2.540308031143E-32));
#8847 = ( GEOMETRIC_REPRESENTATION_CONTEXT(3) 
GLOBAL_UNCERTAINTY_ASSIGNED_CONTEXT((#8851)) 
GLOBAL_UNIT_ASSIGNED_CONTEXT((#8848,#8849,#8850)) REPRESENTATION_CONTEXT
('Context #1','3D Context with UNIT and UNCERTAINTY') );
#8848 = ( LENGTH_UNIT() NAMED_UNIT(*) SI_UNIT(.MILLI.,.METRE.) );
#8849 = ( NAMED_UNIT(*) PLANE_ANGLE_UNIT() SI_UNIT($,.RADIAN.) );
#8850 = ( NAMED_UNIT(*) SI_UNIT($,.STERADIAN.) SOLID_ANGLE_UNIT() );
#8851 = UNCERTAINTY_MEASURE_WITH_UNIT(LENGTH_MEASURE(1.E-06),#8848,
  'distance_accuracy_value','confusion accuracy');
#8852 = CONTEXT_DEPENDENT_SHAPE_REPRESENTATION(#8853,#8855);
#8853 = ( REPRESENTATION_RELATIONSHIP('','',#6511,#10) 
REPRESENTATION_RELATIONSHIP_WITH_TRANSFORMATION(#8854) 
SHAPE_REPRESENTATION_RELATIONSHIP() );
#8854 = ITEM_DEFINED_TRANSFORMATION('','',#11,#119);
#8855 = PRODUCT_DEFINITION_SHAPE('Placement','Placement of an item',
  #8856);
#8856 = NEXT_ASSEMBLY_USAGE_OCCURRENCE('27','C3','',#5,#6506,$);
#8857 = PRODUCT_RELATED_PRODUCT_CATEGORY('part',$,(#6508));
#8858 = CONTEXT_DEPENDENT_SHAPE_REPRESENTATION(#8859,#8861);
#8859 = ( REPRESENTATION_RELATIONSHIP('','',#176,#10) 
REPRESENTATION_RELATIONSHIP_WITH_TRANSFORMATION(#8860) 
SHAPE_REPRESENTATION_RELATIONSHIP() );
#8860 = ITEM_DEFINED_TRANSFORMATION('','',#11,#123);
#8861 = PRODUCT_DEFINITION_SHAPE('Placement','Placement of an item',
  #8862);
#8862 = NEXT_ASSEMBLY_USAGE_OCCURRENCE('28','R20','',#5,#171,$);
#8863 = SHAPE_DEFINITION_REPRESENTATION(#8864,#8870);
#8864 = PRODUCT_DEFINITION_SHAPE('','',#8865);
#8865 = PRODUCT_DEFINITION('design','',#8866,#8869);
#8866 = PRODUCT_DEFINITION_FORMATION('','',#8867);
#8867 = PRODUCT('C_Disc_D7.0mm_W2.5mm_P5.00mm',
  'C_Disc_D7.0mm_W2.5mm_P5.00mm','',(#8868));
#8868 = PRODUCT_CONTEXT('',#2,'mechanical');
#8869 = PRODUCT_DEFINITION_CONTEXT('part definition',#2,'design');
#8870 = ADVANCED_BREP_SHAPE_REPRESENTATION('',(#11,#8871),#10161);
#8871 = MANIFOLD_SOLID_BREP('',#8872);
#8872 = CLOSED_SHELL('',(#8873,#8890,#8960,#9338,#9650,#10058,#10073,
    #10115,#10136,#10152));
#8873 = ADVANCED_FACE('',(#8874),#8885,.T.);
#8874 = FACE_BOUND('',#8875,.F.);
#8875 = EDGE_LOOP('',(#8876));
#8876 = ORIENTED_EDGE('',*,*,#8877,.T.);
#8877 = EDGE_CURVE('',#8878,#8878,#8880,.T.);
#8878 = VERTEX_POINT('',#8879);
#8879 = CARTESIAN_POINT('',(5.,0.25,-2.));
#8880 = CIRCLE('',#8881,0.25);
#8881 = AXIS2_PLACEMENT_3D('',#8882,#8883,#8884);
#8882 = CARTESIAN_POINT('',(5.,0.,-2.));
#8883 = DIRECTION('',(0.,-0.,1.));
#8884 = DIRECTION('',(1.144237745222E-17,1.,0.));
#8885 = PLANE('',#8886);
#8886 = AXIS2_PLACEMENT_3D('',#8887,#8888,#8889);
#8887 = CARTESIAN_POINT('',(5.,0.25,-2.));
#8888 = DIRECTION('',(-0.,0.,-1.));
#8889 = DIRECTION('',(-1.144237745222E-17,-1.,0.));
#8890 = ADVANCED_FACE('',(#8891),#8955,.T.);
#8891 = FACE_BOUND('',#8892,.T.);
#8892 = EDGE_LOOP('',(#8893,#8901,#8910,#8929,#8946,#8953,#8954));
#8893 = ORIENTED_EDGE('',*,*,#8894,.T.);
#8894 = EDGE_CURVE('',#8878,#8895,#8897,.T.);
#8895 = VERTEX_POINT('',#8896);
#8896 = CARTESIAN_POINT('',(5.,0.25,1.35));
#8897 = LINE('',#8898,#8899);
#8898 = CARTESIAN_POINT('',(5.,0.25,-2.));
#8899 = VECTOR('',#8900,1.);
#8900 = DIRECTION('',(0.,0.,1.));
#8901 = ORIENTED_EDGE('',*,*,#8902,.F.);
#8902 = EDGE_CURVE('',#8903,#8895,#8905,.T.);
#8903 = VERTEX_POINT('',#8904);
#8904 = CARTESIAN_POINT('',(4.842711924636,-0.194320511909,1.35));
#8905 = CIRCLE('',#8906,0.25);
#8906 = AXIS2_PLACEMENT_3D('',#8907,#8908,#8909);
#8907 = CARTESIAN_POINT('',(5.,0.,1.35));
#8908 = DIRECTION('',(0.,-0.,1.));
#8909 = DIRECTION('',(1.144237745222E-17,1.,0.));
#8910 = ORIENTED_EDGE('',*,*,#8911,.F.);
#8911 = EDGE_CURVE('',#8912,#8903,#8914,.T.);
#8912 = VERTEX_POINT('',#8913);
#8913 = CARTESIAN_POINT('',(4.75,0.,0.919048676309));
#8914 = B_SPLINE_CURVE_WITH_KNOTS('',7,(#8915,#8916,#8917,#8918,#8919,
    #8920,#8921,#8922,#8923,#8924,#8925,#8926,#8927,#8928),
  .UNSPECIFIED.,.F.,.F.,(8,6,8),(0.,0.46232452406,1.),.UNSPECIFIED.);
#8915 = CARTESIAN_POINT('',(4.75,0.,0.919048676309));
#8916 = CARTESIAN_POINT('',(4.75,-1.77952443354E-02,0.947424674359));
#8917 = CARTESIAN_POINT('',(4.751477842866,-3.492859029699E-02,
    0.976473683678));
#8918 = CARTESIAN_POINT('',(4.754235390389,-5.128978550459E-02,
    1.005865215976));
#8919 = CARTESIAN_POINT('',(4.758086521713,-6.682408073058E-02,
    1.035344492824));
#8920 = CARTESIAN_POINT('',(4.762870123687,-8.152016618355E-02,
    1.064733389343));
#8921 = CARTESIAN_POINT('',(4.768460334262,-9.539916500585E-02,
    1.093932186692));
#8922 = CARTESIAN_POINT('',(4.782116768887,-0.123746177325,
    1.156636943099));
#8923 = CARTESIAN_POINT('',(4.790427429695,-0.137919413992,1.19002037851
    ));
#8924 = CARTESIAN_POINT('',(4.799563324828,-0.151082758765,
    1.223010226333));
#8925 = CARTESIAN_POINT('',(4.809423390069,-0.163273338223,
    1.255543895866));
#8926 = CARTESIAN_POINT('',(4.819930764148,-0.174525840506,
    1.287573874715));
#8927 = CARTESIAN_POINT('',(4.831034667602,-0.184868650647,
    1.319066728355));
#8928 = CARTESIAN_POINT('',(4.842712075636,-0.194320634131,1.3500004));
#8929 = ORIENTED_EDGE('',*,*,#8930,.F.);
#8930 = EDGE_CURVE('',#8931,#8912,#8933,.T.);
#8931 = VERTEX_POINT('',#8932);
#8932 = CARTESIAN_POINT('',(4.842711924636,0.194320511909,1.35));
#8933 = B_SPLINE_CURVE_WITH_KNOTS('',6,(#8934,#8935,#8936,#8937,#8938,
    #8939,#8940,#8941,#8942,#8943,#8944,#8945),.UNSPECIFIED.,.F.,.F.,(7,
    5,7),(0.,0.509579121774,1.),.UNSPECIFIED.);
#8934 = CARTESIAN_POINT('',(4.842712075636,0.194320634131,1.3500004));
#8935 = CARTESIAN_POINT('',(4.829800191892,0.183869435411,1.315796579178
    ));
#8936 = CARTESIAN_POINT('',(4.817608363862,0.172296886316,1.280886229748
    ));
#8937 = CARTESIAN_POINT('',(4.806172142537,0.159576485358,1.245306636916
    ));
#8938 = CARTESIAN_POINT('',(4.795580514543,0.145660689766,1.20911247915)
  );
#8939 = CARTESIAN_POINT('',(4.785960880442,0.130500871488,1.172389142931
    ));
#8940 = CARTESIAN_POINT('',(4.769380600008,9.814576882875E-02,
    1.099454041529));
#8941 = CARTESIAN_POINT('',(4.762347123878,8.107471923988E-02,
    1.063334341781));
#8942 = CARTESIAN_POINT('',(4.756568795448,6.270488438488E-02,
    1.026880587693));
#8943 = CARTESIAN_POINT('',(4.752328370301,4.29992327961E-02,
    0.990337752796));
#8944 = CARTESIAN_POINT('',(4.75,2.202419147515E-02,0.954168082515));
#8945 = CARTESIAN_POINT('',(4.75,-8.881784197001E-16,0.919048676309));
#8946 = ORIENTED_EDGE('',*,*,#8947,.F.);
#8947 = EDGE_CURVE('',#8895,#8931,#8948,.T.);
#8948 = CIRCLE('',#8949,0.25);
#8949 = AXIS2_PLACEMENT_3D('',#8950,#8951,#8952);
#8950 = CARTESIAN_POINT('',(5.,0.,1.35));
#8951 = DIRECTION('',(0.,-0.,1.));
#8952 = DIRECTION('',(1.144237745222E-17,1.,0.));
#8953 = ORIENTED_EDGE('',*,*,#8894,.F.);
#8954 = ORIENTED_EDGE('',*,*,#8877,.T.);
#8955 = CYLINDRICAL_SURFACE('',#8956,0.25);
#8956 = AXIS2_PLACEMENT_3D('',#8957,#8958,#8959);
#8957 = CARTESIAN_POINT('',(5.,0.,-2.));
#8958 = DIRECTION('',(0.,-0.,-1.));
#8959 = DIRECTION('',(1.144237745222E-17,1.,0.));
#8960 = ADVANCED_FACE('',(#8961),#9329,.F.);
#8961 = FACE_BOUND('',#8962,.F.);
#8962 = EDGE_LOOP('',(#8963,#8972,#8973,#9212));
#8963 = ORIENTED_EDGE('',*,*,#8964,.F.);
#8964 = EDGE_CURVE('',#8895,#8965,#8967,.T.);
#8965 = VERTEX_POINT('',#8966);
#8966 = CARTESIAN_POINT('',(4.943696097454,0.25,1.580507642181));
#8967 = CIRCLE('',#8968,0.5);
#8968 = AXIS2_PLACEMENT_3D('',#8969,#8970,#8971);
#8969 = CARTESIAN_POINT('',(4.5,0.25,1.35));
#8970 = DIRECTION('',(-1.144237745222E-17,-1.,0.));
#8971 = DIRECTION('',(1.,-1.144237745222E-17,0.));
#8972 = ORIENTED_EDGE('',*,*,#8902,.F.);
#8973 = ORIENTED_EDGE('',*,*,#8974,.F.);
#8974 = EDGE_CURVE('',#8975,#8903,#8977,.T.);
#8975 = VERTEX_POINT('',#8976);
#8976 = CARTESIAN_POINT('',(5.245767055553,0.,1.429570716047));
#8977 = B_SPLINE_CURVE_WITH_KNOTS('',5,(#8978,#8979,#8980,#8981,#8982,
    #8983,#8984,#8985,#8986,#8987,#8988,#8989,#8990,#8991,#8992,#8993,
    #8994,#8995,#8996,#8997,#8998,#8999,#9000,#9001,#9002,#9003,#9004,
    #9005,#9006,#9007,#9008,#9009,#9010,#9011,#9012,#9013,#9014,#9015,
    #9016,#9017,#9018,#9019,#9020,#9021,#9022,#9023,#9024,#9025,#9026,
    #9027,#9028,#9029,#9030,#9031,#9032,#9033,#9034,#9035,#9036,#9037,
    #9038,#9039,#9040,#9041,#9042,#9043,#9044,#9045,#9046,#9047,#9048,
    #9049,#9050,#9051,#9052,#9053,#9054,#9055,#9056,#9057,#9058,#9059,
    #9060,#9061,#9062,#9063,#9064,#9065,#9066,#9067,#9068,#9069,#9070,
    #9071,#9072,#9073,#9074,#9075,#9076,#9077,#9078,#9079,#9080,#9081,
    #9082,#9083,#9084,#9085,#9086,#9087,#9088,#9089,#9090,#9091,#9092,
    #9093,#9094,#9095,#9096,#9097,#9098,#9099,#9100,#9101,#9102,#9103,
    #9104,#9105,#9106,#9107,#9108,#9109,#9110,#9111,#9112,#9113,#9114,
    #9115,#9116,#9117,#9118,#9119,#9120,#9121,#9122,#9123,#9124,#9125,
    #9126,#9127,#9128,#9129,#9130,#9131,#9132,#9133,#9134,#9135,#9136,
    #9137,#9138,#9139,#9140,#9141,#9142,#9143,#9144,#9145,#9146,#9147,
    #9148,#9149,#9150,#9151,#9152,#9153,#9154,#9155,#9156,#9157,#9158,
    #9159,#9160,#9161,#9162,#9163,#9164,#9165,#9166,#9167,#9168,#9169,
    #9170,#9171,#9172,#9173,#9174,#9175,#9176,#9177,#9178,#9179,#9180,
    #9181,#9182,#9183,#9184,#9185,#9186,#9187,#9188,#9189,#9190,#9191,
    #9192,#9193,#9194,#9195,#9196,#9197,#9198,#9199,#9200,#9201,#9202,
    #9203,#9204,#9205,#9206,#9207,#9208,#9209,#9210,#9211),
  .UNSPECIFIED.,.F.,.F.,(6,4,4,4,4,4,4,4,4,4,4,4,4,4,4,4,4,4,4,4,4,4,4,4
    ,4,4,4,4,4,4,4,4,4,4,4,4,4,4,4,4,4,4,4,4,4,4,4,4,4,4,4,4,4,4,4,4,4,4
    ,6),(0.,1.807728204021E-02,3.632399862285E-02,5.469810768285E-02,
    7.319846885608E-02,9.182409382205E-02,0.110574265943,0.129448696117,
    0.148447726348,0.167572597027,0.186825800536,0.206211553785,
    0.225736437755,0.245410276609,0.265247369003,0.285268251892,
    0.305502296036,0.325991651156,0.346797483386,0.368010328245,
    0.389768362919,0.412292344015,0.435960125498,0.461493157472,
    0.490564222633,0.529343045522,0.584441270924,0.633839915004,
    0.662172663972,0.683981547101,0.702649877365,0.719380444246,
    0.734763026521,0.74913756455,0.762720646886,0.77566011831,
    0.788062135328,0.800005938098,0.81155252396,0.822750037335,
    0.833637275266,0.844246054522,0.854602860978,0.864730030067,
    0.874646611312,0.884369014351,0.893911500279,0.903286561264,
    0.91250521796,0.921577255491,0.930511412819,0.939315536307,
    0.947996705409,0.956561336461,0.96501526907,0.973363838544,
    0.981611937057,0.989764065615,1.),.UNSPECIFIED.);
#8978 = CARTESIAN_POINT('',(5.245767055553,0.,1.429570716047));
#8979 = CARTESIAN_POINT('',(5.245516829769,-1.351386455421E-03,
    1.431915927393));
#8980 = CARTESIAN_POINT('',(5.245248756262,-2.708939884474E-03,
    1.43425496218));
#8981 = CARTESIAN_POINT('',(5.244962751558,-4.072635356453E-03,
    1.43658766182));
#8982 = CARTESIAN_POINT('',(5.244658730021,-5.442447121964E-03,
    1.43891386342));
#8983 = CARTESIAN_POINT('',(5.244011458464,-8.207146137646E-03,
    1.443574676658));
#8984 = CARTESIAN_POINT('',(5.243667867452,-9.60214804895E-03,
    1.445909162682));
#8985 = CARTESIAN_POINT('',(5.243305740531,-1.100332702974E-02,
    1.448236685917));
#8986 = CARTESIAN_POINT('',(5.242924984928,-1.241065477272E-02,
    1.450557069362));
#8987 = CARTESIAN_POINT('',(5.242123236816,-1.524741740422E-02,
    1.455199341562));
#8988 = CARTESIAN_POINT('',(5.241701981924,-1.667693800382E-02,
    1.457521127622));
#8989 = CARTESIAN_POINT('',(5.241261643449,-1.811263387339E-02,
    1.459835303248));
#8990 = CARTESIAN_POINT('',(5.24080212131,-1.955447391031E-02,
    1.462141676635));
#8991 = CARTESIAN_POINT('',(5.239841213912,-2.246032688213E-02,
    1.466754216064));
#8992 = CARTESIAN_POINT('',(5.239339562678,-2.39244240528E-02,
    1.469060271671));
#8993 = CARTESIAN_POINT('',(5.23881825387,-2.539468436959E-02,
    1.471358015086));
#8994 = CARTESIAN_POINT('',(5.23827717927,-2.687107341334E-02,
    1.473647237579));
#8995 = CARTESIAN_POINT('',(5.237151477552,-2.984607490574E-02,
    1.478223650301));
#8996 = CARTESIAN_POINT('',(5.23656658033,-3.134477008544E-02,
    1.480510721679));
#8997 = CARTESIAN_POINT('',(5.235961422141,-3.284960424351E-02,
    1.482788717584));
#8998 = CARTESIAN_POINT('',(5.235335885735,-3.436053897969E-02,
    1.485057409833));
#8999 = CARTESIAN_POINT('',(5.23403949489,-3.740467315601E-02,
    1.489590821027));
#9000 = CARTESIAN_POINT('',(5.233368365368,-3.89379538459E-02,
    1.491855411789));
#9001 = CARTESIAN_POINT('',(5.232676338463,-4.047733516863E-02,
    1.494110093329));
#9002 = CARTESIAN_POINT('',(5.231963286923,-4.202277389244E-02,
    1.496354614992));
#9003 = CARTESIAN_POINT('',(5.23049000647,-4.51359567203E-02,
    1.500837623518));
#9004 = CARTESIAN_POINT('',(5.229729496213,-4.670378068049E-02,
    1.503075971607));
#9005 = CARTESIAN_POINT('',(5.228947414864,-4.827765007374E-02,
    1.505303495378));
#9006 = CARTESIAN_POINT('',(5.228143624127,-4.985751574381E-02,
    1.507519918063));
#9007 = CARTESIAN_POINT('',(5.226486887932,-5.303960448775E-02,
    1.511944541607));
#9008 = CARTESIAN_POINT('',(5.225633653,-5.464190618829E-02,
    1.514152591346));
#9009 = CARTESIAN_POINT('',(5.224758130916,-5.625017787361E-02,
    1.516348806959));
#9010 = CARTESIAN_POINT('',(5.223860171239,-5.786436305048E-02,
    1.518532881166));
#9011 = CARTESIAN_POINT('',(5.222012968791,-6.11151706924E-02,
    1.522890488952));
#9012 = CARTESIAN_POINT('',(5.221063425748,-6.275187080689E-02,
    1.525063856591));
#9013 = CARTESIAN_POINT('',(5.22009083111,-6.439444085417E-02,
    1.527224269023));
#9014 = CARTESIAN_POINT('',(5.219095021165,-6.604281516684E-02,
    1.529371383074));
#9015 = CARTESIAN_POINT('',(5.217049793584,-6.936213151269E-02,
    1.533652611962));
#9016 = CARTESIAN_POINT('',(5.216000061093,-7.103315056687E-02,
    1.535786542516));
#9017 = CARTESIAN_POINT('',(5.214926456978,-7.270990923985E-02,
    1.537906264732));
#9018 = CARTESIAN_POINT('',(5.213828803119,-7.439233028182E-02,
    1.540011392929));
#9019 = CARTESIAN_POINT('',(5.211577304649,-7.77799522658E-02,
    1.544206041015));
#9020 = CARTESIAN_POINT('',(5.210423125271,-7.948523004526E-02,
    1.546295353208));
#9021 = CARTESIAN_POINT('',(5.209244189959,-8.119607941588E-02,
    1.548369045517));
#9022 = CARTESIAN_POINT('',(5.20804030514,-8.291240835928E-02,
    1.55042668153));
#9023 = CARTESIAN_POINT('',(5.205573416762,-8.636818321132E-02,
    1.554523570794));
#9024 = CARTESIAN_POINT('',(5.204310051027,-8.810770629472E-02,
    1.556562585554));
#9025 = CARTESIAN_POINT('',(5.203020970225,-8.985258526613E-02,
    1.558584376527));
#9026 = CARTESIAN_POINT('',(5.201705964487,-9.160270907724E-02,
    1.560588446243));
#9027 = CARTESIAN_POINT('',(5.199013439861,-9.512659583798E-02,
    1.564575241873));
#9028 = CARTESIAN_POINT('',(5.197635520777,-9.690043683415E-02,
    1.566557687602));
#9029 = CARTESIAN_POINT('',(5.196230839788,-9.867935679667E-02,
    1.568521068897));
#9030 = CARTESIAN_POINT('',(5.194799170305,-0.100463219874,
    1.570464814108));
#9031 = CARTESIAN_POINT('',(5.191869283958,-0.10405537769,1.574327781902
    ));
#9032 = CARTESIAN_POINT('',(5.190370613759,-0.105863751746,
    1.576246666262));
#9033 = CARTESIAN_POINT('',(5.188844031237,-0.107676847862,
    1.578144349683));
#9034 = CARTESIAN_POINT('',(5.187289293439,-0.109494497442,
    1.580020169434));
#9035 = CARTESIAN_POINT('',(5.18410834416,-0.113155414018,1.5837438426)
  );
#9036 = CARTESIAN_POINT('',(5.182481604413,-0.114998761537,
    1.585591274763));
#9037 = CARTESIAN_POINT('',(5.180825678599,-0.116846367643,
    1.587414993222));
#9038 = CARTESIAN_POINT('',(5.179140309185,-0.118698019876,
    1.589214222046));
#9039 = CARTESIAN_POINT('',(5.175691902434,-0.122428702082,
    1.592780931644));
#9040 = CARTESIAN_POINT('',(5.173928229991,-0.124307812549,
    1.594547869026));
#9041 = CARTESIAN_POINT('',(5.172133949635,-0.126190572934,
    1.596288091564));
#9042 = CARTESIAN_POINT('',(5.170308793594,-0.128076711002,
    1.598000680665));
#9043 = CARTESIAN_POINT('',(5.166572774465,-0.131878975334,
    1.601389873904));
#9044 = CARTESIAN_POINT('',(5.164661121764,-0.133795178156,
    1.603065749538));
#9045 = CARTESIAN_POINT('',(5.162717259824,-0.135714219149,
    1.604711259786));
#9046 = CARTESIAN_POINT('',(5.160740919608,-0.137635742955,
    1.606325303315));
#9047 = CARTESIAN_POINT('',(5.156691729161,-0.141512673787,
    1.609512518336));
#9048 = CARTESIAN_POINT('',(5.154617861778,-0.143468143558,
    1.611084671214));
#9049 = CARTESIAN_POINT('',(5.152509964305,-0.145425346695,
    1.612621918983));
#9050 = CARTESIAN_POINT('',(5.150367783981,-0.147383809365,
    1.614122921724));
#9051 = CARTESIAN_POINT('',(5.145971813101,-0.151340514976,
    1.617078178317));
#9052 = CARTESIAN_POINT('',(5.143716662323,-0.153338783472,
    1.618530940502));
#9053 = CARTESIAN_POINT('',(5.1414253898,-0.155337241078,1.619942995335)
  );
#9054 = CARTESIAN_POINT('',(5.139097792993,-0.157335239837,
    1.621312684159));
#9055 = CARTESIAN_POINT('',(5.134308875866,-0.161380174278,
    1.623997819085));
#9056 = CARTESIAN_POINT('',(5.13184566188,-0.163427043274,1.625310963243
    ));
#9057 = CARTESIAN_POINT('',(5.129343898601,-0.165471865256,
    1.626575719792));
#9058 = CARTESIAN_POINT('',(5.126803500709,-0.167513726158,
    1.627789992174));
#9059 = CARTESIAN_POINT('',(5.121554651803,-0.171661185957,
    1.630153932648));
#9060 = CARTESIAN_POINT('',(5.118843442913,-0.173766491311,
    1.631299818796));
#9061 = CARTESIAN_POINT('',(5.116090842331,-0.175866351883,1.63238666458
    ));
#9062 = CARTESIAN_POINT('',(5.113297020551,-0.177959425266,
    1.633411750419));
#9063 = CARTESIAN_POINT('',(5.107483670314,-0.1822347966,1.635381317758)
  );
#9064 = CARTESIAN_POINT('',(5.10445990251,-0.184416217809,1.636319062327
    ));
#9065 = CARTESIAN_POINT('',(5.101391406907,-0.18658666257,1.637181978551
    ));
#9066 = CARTESIAN_POINT('',(5.098278920595,-0.188744047055,
    1.637966419638));
#9067 = CARTESIAN_POINT('',(5.091719459807,-0.193196722634,
    1.639425902862));
#9068 = CARTESIAN_POINT('',(5.088265488155,-0.195489469788,
    1.640087462631));
#9069 = CARTESIAN_POINT('',(5.084762965485,-0.197761216119,
    1.640648263589));
#9070 = CARTESIAN_POINT('',(5.08121399288,-0.200008444112,1.641103194302
    ));
#9071 = CARTESIAN_POINT('',(5.073531035473,-0.204753244423,
    1.641838325306));
#9072 = CARTESIAN_POINT('',(5.069384178026,-0.207242360239,
    1.642085642663));
#9073 = CARTESIAN_POINT('',(5.065185088479,-0.209688455605,1.64218093951
    ));
#9074 = CARTESIAN_POINT('',(5.060939853123,-0.212084638891,
    1.642116606605));
#9075 = CARTESIAN_POINT('',(5.050942573716,-0.217542553011,
    1.641576943385));
#9076 = CARTESIAN_POINT('',(5.045160598337,-0.220559448847,
    1.640971611441));
#9077 = CARTESIAN_POINT('',(5.039330216051,-0.223455169538,
    1.640052777446));
#9078 = CARTESIAN_POINT('',(5.033477416424,-0.226208835783,1.63880660422
    ));
#9079 = CARTESIAN_POINT('',(5.019333733376,-0.2324826611,1.634988526736)
  );
#9080 = CARTESIAN_POINT('',(5.011055042623,-0.235836937438,
    1.632079819995));
#9081 = CARTESIAN_POINT('',(5.002888391347,-0.238808479398,
    1.628493070439));
#9082 = CARTESIAN_POINT('',(4.994939830766,-0.241349492082,
    1.624253844196));
#9083 = CARTESIAN_POINT('',(4.980486299176,-0.245329163408,
    1.615181219286));
#9084 = CARTESIAN_POINT('',(4.973913804225,-0.246855555911,
    1.610452597371));
#9085 = CARTESIAN_POINT('',(4.967654977879,-0.248025170053,
    1.605345792378));
#9086 = CARTESIAN_POINT('',(4.961726362433,-0.248861216905,
    1.599932079283));
#9087 = CARTESIAN_POINT('',(4.952913470439,-0.249697378467,
    1.591026359438));
#9088 = CARTESIAN_POINT('',(4.949808881408,-0.249901930302,
    1.587699089137));
#9089 = CARTESIAN_POINT('',(4.94681090658,-0.250011924985,1.58430184504)
  );
#9090 = CARTESIAN_POINT('',(4.943916924615,-0.250033241761,
    1.580844396038));
#9091 = CARTESIAN_POINT('',(4.938971958353,-0.249924808222,
    1.574633813042));
#9092 = CARTESIAN_POINT('',(4.936880347216,-0.249828686094,
    1.571901812042));
#9093 = CARTESIAN_POINT('',(4.934846048951,-0.249686338927,
    1.569142834389));
#9094 = CARTESIAN_POINT('',(4.93286696747,-0.249500402039,1.566360146787
    ));
#9095 = CARTESIAN_POINT('',(4.92929196632,-0.24907910869,1.561156632672)
  );
#9096 = CARTESIAN_POINT('',(4.927681923421,-0.248854720911,
    1.558741409403));
#9097 = CARTESIAN_POINT('',(4.926109202543,-0.248601832088,
    1.556312593315));
#9098 = CARTESIAN_POINT('',(4.924572324495,-0.24832194302,1.553871703755
    ));
#9099 = CARTESIAN_POINT('',(4.921723194426,-0.247742707876,
    1.549222858579));
#9100 = CARTESIAN_POINT('',(4.92040418976,-0.247448396742,1.547017028353
    ));
#9101 = CARTESIAN_POINT('',(4.919111679297,-0.247134557206,
    1.544803486505));
#9102 = CARTESIAN_POINT('',(4.917844588079,-0.246802150958,
    1.542583056303));
#9103 = CARTESIAN_POINT('',(4.915459240599,-0.246130218782,
    1.538309237048));
#9104 = CARTESIAN_POINT('',(4.914337219847,-0.245793424616,
    1.536256806274));
#9105 = CARTESIAN_POINT('',(4.913234961493,-0.245442402375,
    1.534199707875));
#9106 = CARTESIAN_POINT('',(4.912151656521,-0.245077815168,
    1.532138430121));
#9107 = CARTESIAN_POINT('',(4.910091171325,-0.244347498185,
    1.528143688501));
#9108 = CARTESIAN_POINT('',(4.909111689441,-0.24398340931,1.526210702345
    ));
#9109 = CARTESIAN_POINT('',(4.908147422969,-0.243608528923,
    1.524274784952));
#9110 = CARTESIAN_POINT('',(4.907197744444,-0.243223338231,
    1.522336243835));
#9111 = CARTESIAN_POINT('',(4.905377862848,-0.24245499444,1.518561316078
    ));
#9112 = CARTESIAN_POINT('',(4.9045061632,-0.242072897175,1.516725182654)
  );
#9113 = CARTESIAN_POINT('',(4.903646430767,-0.241682381672,
    1.514887174171));
#9114 = CARTESIAN_POINT('',(4.902798166589,-0.241283810746,
    1.513047492762));
#9115 = CARTESIAN_POINT('',(4.901163280569,-0.240490494931,
    1.509452379759));
#9116 = CARTESIAN_POINT('',(4.900375642532,-0.240096463845,
    1.507697087178));
#9117 = CARTESIAN_POINT('',(4.899597554984,-0.239695730557,
    1.505940591553));
#9118 = CARTESIAN_POINT('',(4.898828612802,-0.239288576945,
    1.504183030053));
#9119 = CARTESIAN_POINT('',(4.897339809834,-0.238479130721,
    1.500739058304));
#9120 = CARTESIAN_POINT('',(4.896619237049,-0.238077338817,
    1.499052725356));
#9121 = CARTESIAN_POINT('',(4.895906359979,-0.237670129922,
    1.497365631146));
#9122 = CARTESIAN_POINT('',(4.895200843852,-0.237257728442,
    1.495677871069));
#9123 = CARTESIAN_POINT('',(4.893829691654,-0.236438388058,
    1.492363566474));
#9124 = CARTESIAN_POINT('',(4.893163545216,-0.236031810419,
    1.490737064423));
#9125 = CARTESIAN_POINT('',(4.892503635623,-0.235620805586,
    1.489110098621));
#9126 = CARTESIAN_POINT('',(4.891849682041,-0.235205555882,
    1.487482736711));
#9127 = CARTESIAN_POINT('',(4.890574702257,-0.234380860069,
    1.484281473121));
#9128 = CARTESIAN_POINT('',(4.889953304263,-0.233971680333,
    1.482707593629));
#9129 = CARTESIAN_POINT('',(4.889336972505,-0.233558853265,
    1.481133454336));
#9130 = CARTESIAN_POINT('',(4.888725468305,-0.233142529592,
    1.479559103976));
#9131 = CARTESIAN_POINT('',(4.887529999869,-0.232315865043,
    1.476457667956));
#9132 = CARTESIAN_POINT('',(4.886945761916,-0.231905723877,
    1.474930592431));
#9133 = CARTESIAN_POINT('',(4.886365635181,-0.231492561647,
    1.473403398743));
#9134 = CARTESIAN_POINT('',(4.885789414482,-0.231076504852,
    1.471876122477));
#9135 = CARTESIAN_POINT('',(4.884660250662,-0.230250450455,
    1.468863789308));
#9136 = CARTESIAN_POINT('',(4.884107104935,-0.22984060447,1.467378735291
    ));
#9137 = CARTESIAN_POINT('',(4.883557280281,-0.229428248567,
    1.465893662378));
#9138 = CARTESIAN_POINT('',(4.883010598524,-0.229013490329,
    1.464408596865));
#9139 = CARTESIAN_POINT('',(4.881937080675,-0.228190043181,
    1.461476509714));
#9140 = CARTESIAN_POINT('',(4.881410094593,-0.227781470407,
    1.460029486592));
#9141 = CARTESIAN_POINT('',(4.880885767927,-0.227370810794,1.45858251457
    ));
#9142 = CARTESIAN_POINT('',(4.880363944552,-0.226958156923,
    1.457135613304));
#9143 = CARTESIAN_POINT('',(4.879337338593,-0.226138885686,1.45427635122
    ));
#9144 = CARTESIAN_POINT('',(4.87883244562,-0.225732357773,1.452863986312
    ));
#9145 = CARTESIAN_POINT('',(4.878329652167,-0.225324097537,1.45145172204
    ));
#9146 = CARTESIAN_POINT('',(4.877828820321,-0.224914185503,
    1.450039573275));
#9147 = CARTESIAN_POINT('',(4.876841875231,-0.224100337365,
    1.447246841644));
#9148 = CARTESIAN_POINT('',(4.876355681841,-0.223696470312,
    1.445866253169));
#9149 = CARTESIAN_POINT('',(4.875871109809,-0.223291171264,1.44448580046
    ));
#9150 = CARTESIAN_POINT('',(4.875388036413,-0.222884510934,
    1.443105494923));
#9151 = CARTESIAN_POINT('',(4.874434663886,-0.22207708799,1.440373898082
    ));
#9152 = CARTESIAN_POINT('',(4.87396430799,-0.221676378603,1.43902260033)
  );
#9153 = CARTESIAN_POINT('',(4.873495161748,-0.221274494141,
    1.437671463294));
#9154 = CARTESIAN_POINT('',(4.873027115229,-0.220871497253,
    1.436320495868));
#9155 = CARTESIAN_POINT('',(4.872102152272,-0.220071312164,
    1.433645366467));
#9156 = CARTESIAN_POINT('',(4.871645197338,-0.219674164761,
    1.432321197629));
#9157 = CARTESIAN_POINT('',(4.871189094985,-0.219276064026,
    1.430997207272));
#9158 = CARTESIAN_POINT('',(4.870733746139,-0.218877065915,
    1.429673402474));
#9159 = CARTESIAN_POINT('',(4.86983277588,-0.218084783193,1.427050671026
    ));
#9160 = CARTESIAN_POINT('',(4.86938713038,-0.217691529504,1.425751737353
    ));
#9161 = CARTESIAN_POINT('',(4.868942025732,-0.217297515421,
    1.424452994892));
#9162 = CARTESIAN_POINT('',(4.868497372145,-0.216902791298,
    1.423154449417));
#9163 = CARTESIAN_POINT('',(4.867616586384,-0.216118958396,
    1.420580542919));
#9164 = CARTESIAN_POINT('',(4.867180441569,-0.215729872619,
    1.419305174874));
#9165 = CARTESIAN_POINT('',(4.866744563841,-0.215340195576,1.41803000729
    ));
#9166 = CARTESIAN_POINT('',(4.866308871406,-0.214949972892,
    1.416755045024));
#9167 = CARTESIAN_POINT('',(4.865444963641,-0.214175043954,1.41422680705
    ));
#9168 = CARTESIAN_POINT('',(4.865016744825,-0.213790354289,
    1.412973524408));
#9169 = CARTESIAN_POINT('',(4.86458855137,-0.213405222639,1.411720449135
    ));
#9170 = CARTESIAN_POINT('',(4.864160308413,-0.213019690613,
    1.410467585459));
#9171 = CARTESIAN_POINT('',(4.863310389539,-0.212254044826,
    1.407982212339));
#9172 = CARTESIAN_POINT('',(4.862888717494,-0.211873942421,
    1.406749696099));
#9173 = CARTESIAN_POINT('',(4.862466856316,-0.211493530644,
    1.405517392629));
#9174 = CARTESIAN_POINT('',(4.862044737187,-0.211112847669,
    1.404285305746));
#9175 = CARTESIAN_POINT('',(4.861206268273,-0.210356803599,
    1.401840295021));
#9176 = CARTESIAN_POINT('',(4.860789928303,-0.209981449563,
    1.400627364541));
#9177 = CARTESIAN_POINT('',(4.860373208005,-0.209605904669,
    1.399414651343));
#9178 = CARTESIAN_POINT('',(4.85995604386,-0.209230204139,1.398202159003
    ));
#9179 = CARTESIAN_POINT('',(4.859126782007,-0.208484031051,
    1.395795267353));
#9180 = CARTESIAN_POINT('',(4.858714698923,-0.208113561997,
    1.394600861565));
#9181 = CARTESIAN_POINT('',(4.858302064373,-0.207743008603,
    1.393406677144));
#9182 = CARTESIAN_POINT('',(4.857888819506,-0.207372403535,
    1.392212717549));
#9183 = CARTESIAN_POINT('',(4.85706677381,-0.206636330392,1.389841926126
    ));
#9184 = CARTESIAN_POINT('',(4.85665799151,-0.206270862862,1.388665087972
    ));
#9185 = CARTESIAN_POINT('',(4.856248503964,-0.205905407241,
    1.387488475181));
#9186 = CARTESIAN_POINT('',(4.855838256455,-0.205539993975,
    1.386312091195));
#9187 = CARTESIAN_POINT('',(4.855021651898,-0.204814216659,1.38397557682
    ));
#9188 = CARTESIAN_POINT('',(4.85461531655,-0.204453850683,1.38281544024)
  );
#9189 = CARTESIAN_POINT('',(4.854208137279,-0.204093584027,
    1.381655533186));
#9190 = CARTESIAN_POINT('',(4.85380006305,-0.2037334452,1.380495859158)
  );
#9191 = CARTESIAN_POINT('',(4.852987310649,-0.203018132347,
    1.378191970191));
#9192 = CARTESIAN_POINT('',(4.852582656751,-0.202662954319,
    1.377047749178));
#9193 = CARTESIAN_POINT('',(4.852177033462,-0.202307955381,1.37590376221
    ));
#9194 = CARTESIAN_POINT('',(4.851770393034,-0.201953162343,1.3747600129)
  );
#9195 = CARTESIAN_POINT('',(4.850960064989,-0.201248460083,1.37248724889
    ));
#9196 = CARTESIAN_POINT('',(4.850556403732,-0.200898545108,
    1.371358228213));
#9197 = CARTESIAN_POINT('',(4.850151659216,-0.200548882354,
    1.370229446591));
#9198 = CARTESIAN_POINT('',(4.849745786643,-0.200199497136,
    1.369100907801));
#9199 = CARTESIAN_POINT('',(4.848936595512,-0.199505532967,
    1.366857902201));
#9200 = CARTESIAN_POINT('',(4.848533304998,-0.19916094678,1.365743429491
    ));
#9201 = CARTESIAN_POINT('',(4.84812882759,-0.198816680155,1.364629201444
    ));
#9202 = CARTESIAN_POINT('',(4.84772312115,-0.198472757085,1.363515222032
    ));
#9203 = CARTESIAN_POINT('',(4.846913902289,-0.197789643056,
    1.361300727431));
#9204 = CARTESIAN_POINT('',(4.846510419262,-0.197450443603,
    1.360200206398));
#9205 = CARTESIAN_POINT('',(4.846105654775,-0.197111625981,
    1.359099936306));
#9206 = CARTESIAN_POINT('',(4.845699569093,-0.196773213011,1.35799992135
    ));
#9207 = CARTESIAN_POINT('',(4.844780527462,-0.196010847507,
    1.355519296555));
#9208 = CARTESIAN_POINT('',(4.844266787125,-0.195587141347,1.35413883635
    ));
#9209 = CARTESIAN_POINT('',(4.843750824124,-0.19516415374,1.352758793973
    ));
#9210 = CARTESIAN_POINT('',(4.8432325618,-0.194741929204,1.35137917862)
  );
#9211 = CARTESIAN_POINT('',(4.842711924636,-0.194320511909,1.35));
#9212 = ORIENTED_EDGE('',*,*,#9213,.F.);
#9213 = EDGE_CURVE('',#8965,#8975,#9214,.T.);
#9214 = B_SPLINE_CURVE_WITH_KNOTS('',5,(#9215,#9216,#9217,#9218,#9219,
    #9220,#9221,#9222,#9223,#9224,#9225,#9226,#9227,#9228,#9229,#9230,
    #9231,#9232,#9233,#9234,#9235,#9236,#9237,#9238,#9239,#9240,#9241,
    #9242,#9243,#9244,#9245,#9246,#9247,#9248,#9249,#9250,#9251,#9252,
    #9253,#9254,#9255,#9256,#9257,#9258,#9259,#9260,#9261,#9262,#9263,
    #9264,#9265,#9266,#9267,#9268,#9269,#9270,#9271,#9272,#9273,#9274,
    #9275,#9276,#9277,#9278,#9279,#9280,#9281,#9282,#9283,#9284,#9285,
    #9286,#9287,#9288,#9289,#9290,#9291,#9292,#9293,#9294,#9295,#9296,
    #9297,#9298,#9299,#9300,#9301,#9302,#9303,#9304,#9305,#9306,#9307,
    #9308,#9309,#9310,#9311,#9312,#9313,#9314,#9315,#9316,#9317,#9318,
    #9319,#9320,#9321,#9322,#9323,#9324,#9325,#9326,#9327,#9328),
  .UNSPECIFIED.,.F.,.F.,(6,4,4,4,4,4,4,4,4,4,4,4,4,4,4,4,4,4,4,4,4,4,4,4
    ,4,4,4,4,6),(0.,6.361071988363E-02,0.171211720488,0.268195708217,
    0.329316367722,0.372054244079,0.407258494891,0.438292154131,
    0.466778861456,0.493678041437,0.519621315346,0.545045482004,
    0.570255695912,0.595462339029,0.62080660586,0.646379658897,
    0.672237017482,0.698409132022,0.724908987076,0.751737491012,
    0.778887272163,0.806345351119,0.834095027834,0.862117221162,
    0.890391425226,0.918896395915,0.947610645707,0.976512801056,1.),
  .UNSPECIFIED.);
#9215 = CARTESIAN_POINT('',(4.943696097454,0.25,1.580507642181));
#9216 = CARTESIAN_POINT('',(4.9467560063,0.249999999577,1.584210298191)
  );
#9217 = CARTESIAN_POINT('',(4.949928358389,0.249902210238,1.587844188295
    ));
#9218 = CARTESIAN_POINT('',(4.953219849635,0.249699851503,1.591402434462
    ));
#9219 = CARTESIAN_POINT('',(4.95663719058,0.249385437459,1.594876725387)
  );
#9220 = CARTESIAN_POINT('',(4.966191982537,0.248215524484,1.603975770642
    ));
#9221 = CARTESIAN_POINT('',(4.972574907645,0.247136354528,1.609424868813
    ));
#9222 = CARTESIAN_POINT('',(4.97937096463,0.245673357369,1.614560021987)
  );
#9223 = CARTESIAN_POINT('',(4.986608650773,0.24378031748,1.619315735765)
  );
#9224 = CARTESIAN_POINT('',(5.001242502347,0.239270228061,1.627478030433
    ));
#9225 = CARTESIAN_POINT('',(5.008540139002,0.236746852986,1.630964451158
    ));
#9226 = CARTESIAN_POINT('',(5.016204720658,0.233806135791,1.634007719794
    ));
#9227 = CARTESIAN_POINT('',(5.024230341907,0.230416989445,1.636535596325
    ));
#9228 = CARTESIAN_POINT('',(5.037858679269,0.224125006171,1.639691946343
    ));
#9229 = CARTESIAN_POINT('',(5.043259308163,0.221506057229,1.640676987734
    ));
#9230 = CARTESIAN_POINT('',(5.048784247141,0.218695647511,1.641407741952
    ));
#9231 = CARTESIAN_POINT('',(5.054421310472,0.215690959709,1.641864518142
    ));
#9232 = CARTESIAN_POINT('',(5.064159412162,0.210258169065,1.642146140505
    ));
#9233 = CARTESIAN_POINT('',(5.068212511511,0.207928473807,1.642119778501
    ));
#9234 = CARTESIAN_POINT('',(5.072305156563,0.205505239475,1.641945172717
    ));
#9235 = CARTESIAN_POINT('',(5.076429496552,0.202990413623,1.641617476013
    ));
#9236 = CARTESIAN_POINT('',(5.083991844956,0.198243111135,1.640733903258
    ));
#9237 = CARTESIAN_POINT('',(5.087422681098,0.196039032932,1.640228485474
    ));
#9238 = CARTESIAN_POINT('',(5.090863315735,0.193777030702,1.639614696102
    ));
#9239 = CARTESIAN_POINT('',(5.094307728742,0.191459887101,1.638891478449
    ));
#9240 = CARTESIAN_POINT('',(5.100783001339,0.187003193915,1.637324688073
    ));
#9241 = CARTESIAN_POINT('',(5.103814536132,0.184875123633,1.636505546166
    ));
#9242 = CARTESIAN_POINT('',(5.106839179007,0.18270955972,1.635601313572)
  );
#9243 = CARTESIAN_POINT('',(5.109852054231,0.180509557465,1.634612776391
    ));
#9244 = CARTESIAN_POINT('',(5.115598171493,0.176230915406,1.63255819235)
  );
#9245 = CARTESIAN_POINT('',(5.118334104731,0.174157113663,1.63150516395)
  );
#9246 = CARTESIAN_POINT('',(5.121051883566,0.17206007863,1.630383700055)
  );
#9247 = CARTESIAN_POINT('',(5.123747624369,0.169942840672,1.629195646977
    ));
#9248 = CARTESIAN_POINT('',(5.128938646637,0.165793431653,1.626761011702
    ));
#9249 = CARTESIAN_POINT('',(5.131436761559,0.163763067614,1.625521363197
    ));
#9250 = CARTESIAN_POINT('',(5.133908687463,0.161720332415,1.624226556024
    ));
#9251 = CARTESIAN_POINT('',(5.136351537067,0.159667980864,1.62287899209)
  );
#9252 = CARTESIAN_POINT('',(5.141088225139,0.155622730436,1.62013349522)
  );
#9253 = CARTESIAN_POINT('',(5.143384296762,0.15363028617,1.618739030097)
  );
#9254 = CARTESIAN_POINT('',(5.145648643164,0.151633889764,1.617300471267
    ));
#9255 = CARTESIAN_POINT('',(5.147879363221,0.149635830197,1.615820379549
    ));
#9256 = CARTESIAN_POINT('',(5.152226605018,0.145680599951,1.612812855666
    ));
#9257 = CARTESIAN_POINT('',(5.154344525914,0.143723397248,1.611286943469
    ));
#9258 = CARTESIAN_POINT('',(5.156427319724,0.141768598078,1.609726179103
    ));
#9259 = CARTESIAN_POINT('',(5.158473972601,0.139817937245,1.608132992479
    ));
#9260 = CARTESIAN_POINT('',(5.162476813677,0.135944246683,1.604900164983
    ));
#9261 = CARTESIAN_POINT('',(5.164433613455,0.134021119892,1.603261017029
    ));
#9262 = CARTESIAN_POINT('',(5.166353645734,0.132104966887,1.601594594272
    ));
#9263 = CARTESIAN_POINT('',(5.168236605571,0.130196985106,1.599903029268
    ));
#9264 = CARTESIAN_POINT('',(5.171928106397,0.126399544043,1.596473808917
    ));
#9265 = CARTESIAN_POINT('',(5.173736647645,0.124510086711,1.594736157738
    ));
#9266 = CARTESIAN_POINT('',(5.175508109074,0.122630704643,1.592977307027
    ));
#9267 = CARTESIAN_POINT('',(5.177242689307,0.120762143196,1.591199033824
    ));
#9268 = CARTESIAN_POINT('',(5.180648155926,0.117037609935,1.587597018383
    ));
#9269 = CARTESIAN_POINT('',(5.182318632296,0.115181769861,1.585773083772
    ));
#9270 = CARTESIAN_POINT('',(5.183952620222,0.113337976945,1.583932736598
    ));
#9271 = CARTESIAN_POINT('',(5.185550637241,0.111506632996,1.582077410738
    ));
#9272 = CARTESIAN_POINT('',(5.188690097837,0.107852931898,1.578322442741
    ));
#9273 = CARTESIAN_POINT('',(5.190230892078,0.106030812311,1.576422556833
    ));
#9274 = CARTESIAN_POINT('',(5.191736342084,0.104221892815,1.574509993881
    ));
#9275 = CARTESIAN_POINT('',(5.193207142512,0.10242633281,1.572585890364)
  );
#9276 = CARTESIAN_POINT('',(5.196096907222,9.884223548496E-02,
    1.568695062178));
#9277 = CARTESIAN_POINT('',(5.197515107633,9.705400405568E-02,
    1.56672810688));
#9278 = CARTESIAN_POINT('',(5.198899405086,9.527955818453E-02,
    1.56475138196));
#9279 = CARTESIAN_POINT('',(5.200250573574,9.351889580529E-02,
    1.562765781046));
#9280 = CARTESIAN_POINT('',(5.202904269824,9.00037407052E-02,
    1.558754097988));
#9281 = CARTESIAN_POINT('',(5.204206001681,8.824958834843E-02,
    1.556727822105));
#9282 = CARTESIAN_POINT('',(5.205475398669,8.650942705619E-02,
    1.554694045631));
#9283 = CARTESIAN_POINT('',(5.206713251879,8.478315267429E-02,
    1.552653470261));
#9284 = CARTESIAN_POINT('',(5.209142534292,8.133664939086E-02,
    1.548534299252));
#9285 = CARTESIAN_POINT('',(5.210333186022,7.961676996238E-02,
    1.546455551444));
#9286 = CARTESIAN_POINT('',(5.21149309218,7.791083983024E-02,
    1.544371084969));
#9287 = CARTESIAN_POINT('',(5.212623024042,7.621869403885E-02,
    1.542281452355));
#9288 = CARTESIAN_POINT('',(5.214838071522,7.28407851292E-02,
    1.538066834777));
#9289 = CARTESIAN_POINT('',(5.215922456557,7.115536350617E-02,
    1.535941735884));
#9290 = CARTESIAN_POINT('',(5.216977645218,6.948369304427E-02,
    1.533812329535));
#9291 = CARTESIAN_POINT('',(5.218004368798,6.782557569907E-02,
    1.531679053145));
#9292 = CARTESIAN_POINT('',(5.220014238236,6.451633910242E-02,
    1.527379929982));
#9293 = CARTESIAN_POINT('',(5.220996714655,6.286554280558E-02,
    1.525214001489));
#9294 = CARTESIAN_POINT('',(5.221951471014,6.122820421535E-02,
    1.523044893918));
#9295 = CARTESIAN_POINT('',(5.222879188982,5.960411031623E-02,
    1.520872955964));
#9296 = CARTESIAN_POINT('',(5.224692070573,5.63636905785E-02,
    1.516499334647));
#9297 = CARTESIAN_POINT('',(5.225576631366,5.474766325318E-02,
    1.514297595395));
#9298 = CARTESIAN_POINT('',(5.226434860344,5.31447453161E-02,
    1.512093588456));
#9299 = CARTESIAN_POINT('',(5.227267386259,5.155472034333E-02,
    1.50988759399));
#9300 = CARTESIAN_POINT('',(5.228890790217,4.838328027798E-02,
    1.505448675244));
#9301 = CARTESIAN_POINT('',(5.229681132294,4.680213649967E-02,
    1.503215715151));
#9302 = CARTESIAN_POINT('',(5.230446437994,4.523372545748E-02,
    1.500981231041));
#9303 = CARTESIAN_POINT('',(5.231187283544,4.367783449348E-02,
    1.498745449903));
#9304 = CARTESIAN_POINT('',(5.232628178267,4.057552137061E-02,
    1.494249726378));
#9305 = CARTESIAN_POINT('',(5.233327755658,3.902934259855E-02,
    1.491989763392));
#9306 = CARTESIAN_POINT('',(5.234003500528,3.749550878646E-02,
    1.48972888932));
#9307 = CARTESIAN_POINT('',(5.234655938977,3.597381531809E-02,
    1.487467289673));
#9308 = CARTESIAN_POINT('',(5.23592085434,3.294073744482E-02,
    1.482922624136));
#9309 = CARTESIAN_POINT('',(5.236532919443,3.142956902756E-02,
    1.480639548913));
#9310 = CARTESIAN_POINT('',(5.237122268716,2.993035767409E-02,
    1.4783560727));
#9311 = CARTESIAN_POINT('',(5.237689381542,2.844290919045E-02,
    1.476072348451));
#9312 = CARTESIAN_POINT('',(5.238784486771,2.54791199888E-02,
    1.4714860369));
#9313 = CARTESIAN_POINT('',(5.239312122446,2.400296912655E-02,
    1.469183448387));
#9314 = CARTESIAN_POINT('',(5.239818077782,2.253839419549E-02,
    1.466880887341));
#9315 = CARTESIAN_POINT('',(5.240302789248,2.108521257844E-02,
    1.464578481006));
#9316 = CARTESIAN_POINT('',(5.241233952036,1.819070012656E-02,
    1.459957304456));
#9317 = CARTESIAN_POINT('',(5.241680096652,1.67495346829E-02,
    1.457638538681));
#9318 = CARTESIAN_POINT('',(5.242105521744,1.53195749554E-02,
    1.455320163425));
#9319 = CARTESIAN_POINT('',(5.242510624725,1.390065027566E-02,
    1.453002285493));
#9320 = CARTESIAN_POINT('',(5.243283456338,1.107533086792E-02,
    1.448352553145));
#9321 = CARTESIAN_POINT('',(5.24365092334,9.66907891691E-03,
    1.446020706896));
#9322 = CARTESIAN_POINT('',(5.243998563492,8.273675736299E-03,
    1.443689561328));
#9323 = CARTESIAN_POINT('',(5.244326738864,6.888962488865E-03,
    1.441359206902));
#9324 = CARTESIAN_POINT('',(5.244886941497,4.398070952451E-03,
    1.437136684285));
#9325 = CARTESIAN_POINT('',(5.245125463151,3.288313752339E-03,
    1.435244219624));
#9326 = CARTESIAN_POINT('',(5.245351540018,2.185434666857E-03,
    1.433352376212));
#9327 = CARTESIAN_POINT('',(5.24556534806,1.089355257784E-03,
    1.431461195488));
#9328 = CARTESIAN_POINT('',(5.245767055553,-8.881784197001E-16,
    1.429570716047));
#9329 = SURFACE_OF_REVOLUTION('',#9330,#9335);
#9330 = CIRCLE('',#9331,0.25);
#9331 = AXIS2_PLACEMENT_3D('',#9332,#9333,#9334);
#9332 = CARTESIAN_POINT('',(5.,0.,1.35));
#9333 = DIRECTION('',(0.,-0.,1.));
#9334 = DIRECTION('',(1.144237745222E-17,1.,0.));
#9335 = AXIS1_PLACEMENT('',#9336,#9337);
#9336 = CARTESIAN_POINT('',(4.5,-4.,1.35));
#9337 = DIRECTION('',(-1.144237745222E-17,-1.,0.));
#9338 = ADVANCED_FACE('',(#9339),#9645,.T.);
#9339 = FACE_BOUND('',#9340,.T.);
#9340 = EDGE_LOOP('',(#9341,#9352,#9361,#9480,#9611,#9628,#9635,#9636,
    #9637,#9644));
#9341 = ORIENTED_EDGE('',*,*,#9342,.F.);
#9342 = EDGE_CURVE('',#9343,#9345,#9347,.T.);
#9343 = VERTEX_POINT('',#9344);
#9344 = CARTESIAN_POINT('',(-1.,0.,3.6));
#9345 = VERTEX_POINT('',#9346);
#9346 = CARTESIAN_POINT('',(2.5,-1.25,3.6));
#9347 = CIRCLE('',#9348,5.525);
#9348 = AXIS2_PLACEMENT_3D('',#9349,#9350,#9351);
#9349 = CARTESIAN_POINT('',(2.5,4.275,3.6));
#9350 = DIRECTION('',(0.,0.,1.));
#9351 = DIRECTION('',(-0.633484162896,-0.773755656109,0.));
#9352 = ORIENTED_EDGE('',*,*,#9353,.T.);
#9353 = EDGE_CURVE('',#9343,#9354,#9356,.T.);
#9354 = VERTEX_POINT('',#9355);
#9355 = CARTESIAN_POINT('',(-0.245767055553,0.,1.429570716047));
#9356 = CIRCLE('',#9357,3.5);
#9357 = AXIS2_PLACEMENT_3D('',#9358,#9359,#9360);
#9358 = CARTESIAN_POINT('',(2.5,0.,3.6));
#9359 = DIRECTION('',(0.,-1.,0.));
#9360 = DIRECTION('',(-1.,0.,0.));
#9361 = ORIENTED_EDGE('',*,*,#9362,.F.);
#9362 = EDGE_CURVE('',#9363,#9354,#9365,.T.);
#9363 = VERTEX_POINT('',#9364);
#9364 = CARTESIAN_POINT('',(5.630390254593E-02,-0.25,1.580507642181));
#9365 = B_SPLINE_CURVE_WITH_KNOTS('',5,(#9366,#9367,#9368,#9369,#9370,
    #9371,#9372,#9373,#9374,#9375,#9376,#9377,#9378,#9379,#9380,#9381,
    #9382,#9383,#9384,#9385,#9386,#9387,#9388,#9389,#9390,#9391,#9392,
    #9393,#9394,#9395,#9396,#9397,#9398,#9399,#9400,#9401,#9402,#9403,
    #9404,#9405,#9406,#9407,#9408,#9409,#9410,#9411,#9412,#9413,#9414,
    #9415,#9416,#9417,#9418,#9419,#9420,#9421,#9422,#9423,#9424,#9425,
    #9426,#9427,#9428,#9429,#9430,#9431,#9432,#9433,#9434,#9435,#9436,
    #9437,#9438,#9439,#9440,#9441,#9442,#9443,#9444,#9445,#9446,#9447,
    #9448,#9449,#9450,#9451,#9452,#9453,#9454,#9455,#9456,#9457,#9458,
    #9459,#9460,#9461,#9462,#9463,#9464,#9465,#9466,#9467,#9468,#9469,
    #9470,#9471,#9472,#9473,#9474,#9475,#9476,#9477,#9478,#9479),
  .UNSPECIFIED.,.F.,.F.,(6,4,4,4,4,4,4,4,4,4,4,4,4,4,4,4,4,4,4,4,4,4,4,4
    ,4,4,4,4,6),(0.,6.361071988366E-02,0.171211720488,0.268195708219,
    0.329316367723,0.37205424408,0.407258494892,0.438292154132,
    0.466778861457,0.493678041438,0.519621315347,0.545045482005,
    0.570255695913,0.59546233903,0.620806605861,0.646379658898,
    0.672237017483,0.698409132022,0.724908987077,0.751737491012,
    0.778887272164,0.806345351119,0.834095027835,0.862117221163,
    0.890391425227,0.918896395916,0.947610645708,0.976512801057,1.),
  .UNSPECIFIED.);
#9366 = CARTESIAN_POINT('',(5.630390254593E-02,-0.25,1.580507642181));
#9367 = CARTESIAN_POINT('',(5.324399370009E-02,-0.249999999577,
    1.584210298191));
#9368 = CARTESIAN_POINT('',(5.007164161095E-02,-0.249902210238,
    1.587844188295));
#9369 = CARTESIAN_POINT('',(4.678015036547E-02,-0.249699851503,
    1.591402434462));
#9370 = CARTESIAN_POINT('',(4.336280942044E-02,-0.249385437459,
    1.594876725387));
#9371 = CARTESIAN_POINT('',(3.380801746259E-02,-0.248215524484,
    1.603975770642));
#9372 = CARTESIAN_POINT('',(2.742509235547E-02,-0.247136354528,
    1.609424868813));
#9373 = CARTESIAN_POINT('',(2.062903537013E-02,-0.245673357369,
    1.614560021987));
#9374 = CARTESIAN_POINT('',(1.339134922749E-02,-0.24378031748,
    1.619315735765));
#9375 = CARTESIAN_POINT('',(-1.242502346694E-03,-0.239270228061,
    1.627478030433));
#9376 = CARTESIAN_POINT('',(-8.54013900272E-03,-0.236746852986,
    1.630964451158));
#9377 = CARTESIAN_POINT('',(-1.620472065808E-02,-0.233806135791,
    1.634007719794));
#9378 = CARTESIAN_POINT('',(-2.423034190778E-02,-0.230416989445,
    1.636535596325));
#9379 = CARTESIAN_POINT('',(-3.785867927009E-02,-0.224125006171,
    1.639691946343));
#9380 = CARTESIAN_POINT('',(-4.325930816411E-02,-0.221506057229,
    1.640676987735));
#9381 = CARTESIAN_POINT('',(-4.878424714186E-02,-0.218695647511,
    1.641407741952));
#9382 = CARTESIAN_POINT('',(-5.442131047291E-02,-0.215690959708,
    1.641864518142));
#9383 = CARTESIAN_POINT('',(-6.415941216234E-02,-0.210258169064,
    1.642146140505));
#9384 = CARTESIAN_POINT('',(-6.821251151155E-02,-0.207928473807,
    1.642119778501));
#9385 = CARTESIAN_POINT('',(-7.230515656344E-02,-0.205505239474,
    1.641945172717));
#9386 = CARTESIAN_POINT('',(-7.642949655217E-02,-0.202990413623,
    1.641617476013));
#9387 = CARTESIAN_POINT('',(-8.399184495621E-02,-0.198243111134,
    1.640733903258));
#9388 = CARTESIAN_POINT('',(-8.742268109872E-02,-0.196039032931,
    1.640228485474));
#9389 = CARTESIAN_POINT('',(-9.086331573589E-02,-0.193777030702,
    1.639614696102));
#9390 = CARTESIAN_POINT('',(-9.430772874254E-02,-0.1914598871,
    1.638891478449));
#9391 = CARTESIAN_POINT('',(-0.100783001339,-0.187003193915,
    1.637324688073));
#9392 = CARTESIAN_POINT('',(-0.103814536132,-0.184875123632,
    1.636505546166));
#9393 = CARTESIAN_POINT('',(-0.106839179008,-0.18270955972,
    1.635601313572));
#9394 = CARTESIAN_POINT('',(-0.109852054231,-0.180509557465,
    1.634612776391));
#9395 = CARTESIAN_POINT('',(-0.115598171493,-0.176230915406,
    1.63255819235));
#9396 = CARTESIAN_POINT('',(-0.118334104732,-0.174157113663,
    1.63150516395));
#9397 = CARTESIAN_POINT('',(-0.121051883566,-0.172060078629,
    1.630383700055));
#9398 = CARTESIAN_POINT('',(-0.123747624369,-0.169942840672,
    1.629195646977));
#9399 = CARTESIAN_POINT('',(-0.128938646638,-0.165793431653,
    1.626761011702));
#9400 = CARTESIAN_POINT('',(-0.131436761559,-0.163763067614,
    1.625521363197));
#9401 = CARTESIAN_POINT('',(-0.133908687463,-0.161720332415,
    1.624226556024));
#9402 = CARTESIAN_POINT('',(-0.136351537067,-0.159667980864,
    1.62287899209));
#9403 = CARTESIAN_POINT('',(-0.14108822514,-0.155622730436,1.62013349522
    ));
#9404 = CARTESIAN_POINT('',(-0.143384296763,-0.15363028617,
    1.618739030097));
#9405 = CARTESIAN_POINT('',(-0.145648643164,-0.151633889764,
    1.617300471266));
#9406 = CARTESIAN_POINT('',(-0.147879363221,-0.149635830197,
    1.615820379549));
#9407 = CARTESIAN_POINT('',(-0.152226605019,-0.145680599951,
    1.612812855666));
#9408 = CARTESIAN_POINT('',(-0.154344525914,-0.143723397248,
    1.611286943468));
#9409 = CARTESIAN_POINT('',(-0.156427319725,-0.141768598078,
    1.609726179103));
#9410 = CARTESIAN_POINT('',(-0.158473972601,-0.139817937245,
    1.608132992479));
#9411 = CARTESIAN_POINT('',(-0.162476813677,-0.135944246683,
    1.604900164983));
#9412 = CARTESIAN_POINT('',(-0.164433613455,-0.134021119891,
    1.603261017029));
#9413 = CARTESIAN_POINT('',(-0.166353645734,-0.132104966887,
    1.601594594272));
#9414 = CARTESIAN_POINT('',(-0.168236605571,-0.130196985106,
    1.599903029268));
#9415 = CARTESIAN_POINT('',(-0.171928106397,-0.126399544043,
    1.596473808916));
#9416 = CARTESIAN_POINT('',(-0.173736647645,-0.124510086711,
    1.594736157738));
#9417 = CARTESIAN_POINT('',(-0.175508109075,-0.122630704642,
    1.592977307027));
#9418 = CARTESIAN_POINT('',(-0.177242689307,-0.120762143195,
    1.591199033824));
#9419 = CARTESIAN_POINT('',(-0.180648155926,-0.117037609935,
    1.587597018383));
#9420 = CARTESIAN_POINT('',(-0.182318632297,-0.115181769861,
    1.585773083772));
#9421 = CARTESIAN_POINT('',(-0.183952620222,-0.113337976944,
    1.583932736598));
#9422 = CARTESIAN_POINT('',(-0.185550637242,-0.111506632996,
    1.582077410738));
#9423 = CARTESIAN_POINT('',(-0.188690097837,-0.107852931898,
    1.57832244274));
#9424 = CARTESIAN_POINT('',(-0.190230892079,-0.106030812311,
    1.576422556832));
#9425 = CARTESIAN_POINT('',(-0.191736342084,-0.104221892815,
    1.574509993881));
#9426 = CARTESIAN_POINT('',(-0.193207142512,-0.10242633281,
    1.572585890364));
#9427 = CARTESIAN_POINT('',(-0.196096907223,-9.884223548475E-02,
    1.568695062178));
#9428 = CARTESIAN_POINT('',(-0.197515107633,-9.705400405547E-02,
    1.56672810688));
#9429 = CARTESIAN_POINT('',(-0.198899405086,-9.527955818432E-02,
    1.564751381959));
#9430 = CARTESIAN_POINT('',(-0.200250573574,-9.351889580508E-02,
    1.562765781045));
#9431 = CARTESIAN_POINT('',(-0.202904269824,-9.000374070499E-02,
    1.558754097988));
#9432 = CARTESIAN_POINT('',(-0.204206001681,-8.824958834822E-02,
    1.556727822105));
#9433 = CARTESIAN_POINT('',(-0.205475398669,-8.650942705599E-02,
    1.55469404563));
#9434 = CARTESIAN_POINT('',(-0.206713251879,-8.478315267409E-02,
    1.55265347026));
#9435 = CARTESIAN_POINT('',(-0.209142534293,-8.133664939066E-02,
    1.548534299252));
#9436 = CARTESIAN_POINT('',(-0.210333186022,-7.961676996218E-02,
    1.546455551443));
#9437 = CARTESIAN_POINT('',(-0.21149309218,-7.791083983004E-02,
    1.544371084969));
#9438 = CARTESIAN_POINT('',(-0.212623024042,-7.621869403865E-02,
    1.542281452355));
#9439 = CARTESIAN_POINT('',(-0.214838071522,-7.2840785129E-02,
    1.538066834777));
#9440 = CARTESIAN_POINT('',(-0.215922456558,-7.115536350597E-02,
    1.535941735884));
#9441 = CARTESIAN_POINT('',(-0.216977645218,-6.948369304408E-02,
    1.533812329535));
#9442 = CARTESIAN_POINT('',(-0.218004368798,-6.782557569888E-02,
    1.531679053145));
#9443 = CARTESIAN_POINT('',(-0.220014238236,-6.451633910222E-02,
    1.527379929982));
#9444 = CARTESIAN_POINT('',(-0.220996714655,-6.286554280539E-02,
    1.525214001488));
#9445 = CARTESIAN_POINT('',(-0.221951471015,-6.122820421516E-02,
    1.523044893918));
#9446 = CARTESIAN_POINT('',(-0.222879188982,-5.960411031604E-02,
    1.520872955964));
#9447 = CARTESIAN_POINT('',(-0.224692070573,-5.636369057831E-02,
    1.516499334647));
#9448 = CARTESIAN_POINT('',(-0.225576631366,-5.474766325299E-02,
    1.514297595395));
#9449 = CARTESIAN_POINT('',(-0.226434860344,-5.314474531592E-02,
    1.512093588456));
#9450 = CARTESIAN_POINT('',(-0.227267386259,-5.155472034315E-02,
    1.50988759399));
#9451 = CARTESIAN_POINT('',(-0.228890790217,-4.83832802778E-02,
    1.505448675244));
#9452 = CARTESIAN_POINT('',(-0.229681132294,-4.680213649949E-02,
    1.50321571515));
#9453 = CARTESIAN_POINT('',(-0.230446437994,-4.52337254573E-02,
    1.50098123104));
#9454 = CARTESIAN_POINT('',(-0.231187283544,-4.367783449329E-02,
    1.498745449903));
#9455 = CARTESIAN_POINT('',(-0.232628178267,-4.057552137043E-02,
    1.494249726378));
#9456 = CARTESIAN_POINT('',(-0.233327755659,-3.902934259837E-02,
    1.491989763392));
#9457 = CARTESIAN_POINT('',(-0.234003500528,-3.749550878628E-02,
    1.48972888932));
#9458 = CARTESIAN_POINT('',(-0.234655938977,-3.597381531791E-02,
    1.487467289672));
#9459 = CARTESIAN_POINT('',(-0.23592085434,-3.294073744464E-02,
    1.482922624135));
#9460 = CARTESIAN_POINT('',(-0.236532919444,-3.142956902738E-02,
    1.480639548913));
#9461 = CARTESIAN_POINT('',(-0.237122268716,-2.993035767392E-02,
    1.4783560727));
#9462 = CARTESIAN_POINT('',(-0.237689381542,-2.844290919027E-02,
    1.47607234845));
#9463 = CARTESIAN_POINT('',(-0.238784486771,-2.547911998863E-02,
    1.471486036899));
#9464 = CARTESIAN_POINT('',(-0.239312122446,-2.400296912638E-02,
    1.469183448386));
#9465 = CARTESIAN_POINT('',(-0.239818077782,-2.253839419532E-02,
    1.46688088734));
#9466 = CARTESIAN_POINT('',(-0.240302789248,-2.108521257827E-02,
    1.464578481006));
#9467 = CARTESIAN_POINT('',(-0.241233952036,-1.819070012639E-02,
    1.459957304456));
#9468 = CARTESIAN_POINT('',(-0.241680096652,-1.674953468273E-02,
    1.457638538681));
#9469 = CARTESIAN_POINT('',(-0.242105521744,-1.531957495523E-02,
    1.455320163424));
#9470 = CARTESIAN_POINT('',(-0.242510624725,-1.390065027549E-02,
    1.453002285493));
#9471 = CARTESIAN_POINT('',(-0.243283456338,-1.107533086776E-02,
    1.448352553144));
#9472 = CARTESIAN_POINT('',(-0.24365092334,-9.669078916745E-03,
    1.446020706895));
#9473 = CARTESIAN_POINT('',(-0.243998563492,-8.273675736135E-03,
    1.443689561328));
#9474 = CARTESIAN_POINT('',(-0.244326738864,-6.888962488703E-03,
    1.441359206902));
#9475 = CARTESIAN_POINT('',(-0.244886941497,-4.398070952323E-03,
    1.437136684285));
#9476 = CARTESIAN_POINT('',(-0.245125463151,-3.288313752243E-03,
    1.435244219624));
#9477 = CARTESIAN_POINT('',(-0.245351540018,-2.185434666793E-03,
    1.433352376212));
#9478 = CARTESIAN_POINT('',(-0.24556534806,-1.089355257753E-03,
    1.431461195488));
#9479 = CARTESIAN_POINT('',(-0.245767055553,0.,1.429570716047));
#9480 = ORIENTED_EDGE('',*,*,#9481,.T.);
#9481 = EDGE_CURVE('',#9363,#9482,#9484,.T.);
#9482 = VERTEX_POINT('',#9483);
#9483 = CARTESIAN_POINT('',(0.157288075364,-0.194320511909,1.35));
#9484 = B_SPLINE_CURVE_WITH_KNOTS('',5,(#9485,#9486,#9487,#9488,#9489,
    #9490,#9491,#9492,#9493,#9494,#9495,#9496,#9497,#9498,#9499,#9500,
    #9501,#9502,#9503,#9504,#9505,#9506,#9507,#9508,#9509,#9510,#9511,
    #9512,#9513,#9514,#9515,#9516,#9517,#9518,#9519,#9520,#9521,#9522,
    #9523,#9524,#9525,#9526,#9527,#9528,#9529,#9530,#9531,#9532,#9533,
    #9534,#9535,#9536,#9537,#9538,#9539,#9540,#9541,#9542,#9543,#9544,
    #9545,#9546,#9547,#9548,#9549,#9550,#9551,#9552,#9553,#9554,#9555,
    #9556,#9557,#9558,#9559,#9560,#9561,#9562,#9563,#9564,#9565,#9566,
    #9567,#9568,#9569,#9570,#9571,#9572,#9573,#9574,#9575,#9576,#9577,
    #9578,#9579,#9580,#9581,#9582,#9583,#9584,#9585,#9586,#9587,#9588,
    #9589,#9590,#9591,#9592,#9593,#9594,#9595,#9596,#9597,#9598,#9599,
    #9600,#9601,#9602,#9603,#9604,#9605,#9606,#9607,#9608,#9609,#9610),
  .UNSPECIFIED.,.F.,.F.,(6,4,4,4,4,4,4,4,4,4,4,4,4,4,4,4,4,4,4,4,4,4,4,4
    ,4,4,4,4,4,4,4,6),(0.,6.115608713357E-02,0.111922515882,
    0.157222745801,0.199147823399,0.238761436303,0.276668847107,
    0.31324277256,0.348726952114,0.383288655949,0.417047378912,
    0.4500914672,0.482488220475,0.514290276474,0.5455397835,
    0.576271207312,0.606513267983,0.636290306939,0.665623271656,
    0.694530438171,0.723027950287,0.751130228337,0.778850283637,
    0.806199963707,0.833190146026,0.859830892997,0.88613157736,
    0.912100984841,0.937747399075,0.9630786726,0.988102286809,1.),
  .UNSPECIFIED.);
#9485 = CARTESIAN_POINT('',(5.630390254593E-02,-0.25,1.580507642181));
#9486 = CARTESIAN_POINT('',(5.856332251045E-02,-0.249999999688,
    1.577773619916));
#9487 = CARTESIAN_POINT('',(6.078712702292E-02,-0.249946686007,
    1.574971023355));
#9488 = CARTESIAN_POINT('',(6.296746851557E-02,-0.249840366754,
    1.572110303833));
#9489 = CARTESIAN_POINT('',(6.509884905611E-02,-0.24968294879,
    1.569202464564));
#9490 = CARTESIAN_POINT('',(6.890318443973E-02,-0.249306546815,
    1.563814221661));
#9491 = CARTESIAN_POINT('',(7.059255711883E-02,-0.249102540951,
    1.561345012038));
#9492 = CARTESIAN_POINT('',(7.224385141168E-02,-0.248866934709,
    1.558856576862));
#9493 = CARTESIAN_POINT('',(7.385618403794E-02,-0.248601609002,
    1.556354106144));
#9494 = CARTESIAN_POINT('',(7.683369195472E-02,-0.248047236113,
    1.551600427681));
#9495 = CARTESIAN_POINT('',(7.820676741341E-02,-0.247763798867,
    1.549351158683));
#9496 = CARTESIAN_POINT('',(7.954896645324E-02,-0.247459793053,
    1.547097269382));
#9497 = CARTESIAN_POINT('',(8.086076061524E-02,-0.247136634413,
    1.544841258949));
#9498 = CARTESIAN_POINT('',(8.332970658275E-02,-0.246480167865,
    1.540496988968));
#9499 = CARTESIAN_POINT('',(8.449108073328E-02,-0.246149404704,
    1.538408764476));
#9500 = CARTESIAN_POINT('',(8.562779327108E-02,-0.245804491118,
    1.536321925365));
#9501 = CARTESIAN_POINT('',(8.674064043193E-02,-0.245446429904,
    1.534237672792));
#9502 = CARTESIAN_POINT('',(8.886035953948E-02,-0.244726277678,
    1.530190816183));
#9503 = CARTESIAN_POINT('',(8.986968191679E-02,-0.244365496906,
    1.528227851828));
#9504 = CARTESIAN_POINT('',(9.085928443916E-02,-0.243994580834,
    1.526268730893));
#9505 = CARTESIAN_POINT('',(9.182996572187E-02,-0.243614237448,
    1.524314012131));
#9506 = CARTESIAN_POINT('',(9.369410669089E-02,-0.24285273467,
    1.520498120454));
#9507 = CARTESIAN_POINT('',(9.458908698713E-02,-0.242472316964,
    1.518636552423));
#9508 = CARTESIAN_POINT('',(9.546821074505E-02,-0.242084411954,
    1.516779702748));
#9509 = CARTESIAN_POINT('',(9.633218633983E-02,-0.241689526165,
    1.514927804762));
#9510 = CARTESIAN_POINT('',(9.800135218315E-02,-0.240900821439,
    1.51129914454));
#9511 = CARTESIAN_POINT('',(9.880753909667E-02,-0.240507454694,
    1.509522035728));
#9512 = CARTESIAN_POINT('',(9.960089668525E-02,-0.240108420858,
    1.507749786951));
#9513 = CARTESIAN_POINT('',(0.100382027173,-0.239704089057,
    1.505982464646));
#9514 = CARTESIAN_POINT('',(0.101898066285,-0.23889768613,1.502510206611
    ));
#9515 = CARTESIAN_POINT('',(0.102633657758,-0.238495907487,
    1.500804983994));
#9516 = CARTESIAN_POINT('',(0.103358813418,-0.238089756136,
    1.499104423669));
#9517 = CARTESIAN_POINT('',(0.104074037935,-0.237679506403,
    1.497408506875));
#9518 = CARTESIAN_POINT('',(0.105467238243,-0.236862068505,1.49406983101
    ));
#9519 = CARTESIAN_POINT('',(0.106145698695,-0.236455078675,1.49242683796
    ));
#9520 = CARTESIAN_POINT('',(0.10681563717,-0.236044663293,1.490788160825
    ));
#9521 = CARTESIAN_POINT('',(0.107477475598,-0.23563103022,1.489153738747
    ));
#9522 = CARTESIAN_POINT('',(0.108770554751,-0.234807384578,
    1.485931126074));
#9523 = CARTESIAN_POINT('',(0.109402149057,-0.234397511648,
    1.484342744699));
#9524 = CARTESIAN_POINT('',(0.110026769636,-0.233984923511,
    1.482758278942));
#9525 = CARTESIAN_POINT('',(0.110644770433,-0.233569780614,
    1.481177648933));
#9526 = CARTESIAN_POINT('',(0.111855253567,-0.232743515963,
    1.478057264594));
#9527 = CARTESIAN_POINT('',(0.112447999217,-0.232332495469,
    1.476517353956));
#9528 = CARTESIAN_POINT('',(0.113035037951,-0.231919304096,
    1.474980951935));
#9529 = CARTESIAN_POINT('',(0.113616668524,-0.231504067902,
    1.473447972081));
#9530 = CARTESIAN_POINT('',(0.114758385961,-0.230677908702,
    1.470418641732));
#9531 = CARTESIAN_POINT('',(0.115318671749,-0.230267060806,
    1.468922162395));
#9532 = CARTESIAN_POINT('',(0.115874298349,-0.229854467189,
    1.467428800969));
#9533 = CARTESIAN_POINT('',(0.116425519851,-0.229440228563,
    1.465938471047));
#9534 = CARTESIAN_POINT('',(0.117509593139,-0.228616279247,
    1.462991002045));
#9535 = CARTESIAN_POINT('',(0.11804259649,-0.228206625205,1.461533756147
    ));
#9536 = CARTESIAN_POINT('',(0.118571815919,-0.227795563266,
    1.460079264156));
#9537 = CARTESIAN_POINT('',(0.119097469313,-0.227383175189,
    1.458627443132));
#9538 = CARTESIAN_POINT('',(0.120132984312,-0.226563085092,
    1.455754157028));
#9539 = CARTESIAN_POINT('',(0.120642961706,-0.226155426277,
    1.454332602961));
#9540 = CARTESIAN_POINT('',(0.121149893207,-0.225746632215,
    1.452913469328));
#9541 = CARTESIAN_POINT('',(0.121653967231,-0.225336770301,
    1.451496678293));
#9542 = CARTESIAN_POINT('',(0.122648447636,-0.22452184823,1.44869107861)
  );
#9543 = CARTESIAN_POINT('',(0.123138942145,-0.224116821218,
    1.447302195569));
#9544 = CARTESIAN_POINT('',(0.123627018447,-0.223710882188,1.44591543043
    ));
#9545 = CARTESIAN_POINT('',(0.124112840849,-0.223304087517,
    1.444530711118));
#9546 = CARTESIAN_POINT('',(0.125072589939,-0.222495383287,
    1.441787240953));
#9547 = CARTESIAN_POINT('',(0.125546582937,-0.222093499163,
    1.440428427773));
#9548 = CARTESIAN_POINT('',(0.126018695835,-0.221690888233,
    1.439071459626));
#9549 = CARTESIAN_POINT('',(0.126489073101,-0.221287598336,
    1.437716270295));
#9550 = CARTESIAN_POINT('',(0.127419425856,-0.220485962003,
    1.435030131423));
#9551 = CARTESIAN_POINT('',(0.127879450134,-0.220087634964,
    1.433699129622));
#9552 = CARTESIAN_POINT('',(0.128338059041,-0.219688736723,
    1.432369727576));
#9553 = CARTESIAN_POINT('',(0.128795380616,-0.219289308427,
    1.431041864748));
#9554 = CARTESIAN_POINT('',(0.129700893274,-0.218495434108,
    1.428408879961));
#9555 = CARTESIAN_POINT('',(0.130149118861,-0.21810100266,1.427103714214
    ));
#9556 = CARTESIAN_POINT('',(0.130596333183,-0.217706132283,
    1.425799928194));
#9557 = CARTESIAN_POINT('',(0.1310426506,-0.217310858845,1.424497466709)
  );
#9558 = CARTESIAN_POINT('',(0.131927245584,-0.216525317644,
    1.421913973266));
#9559 = CARTESIAN_POINT('',(0.132365545856,-0.216135060542,
    1.420632904703));
#9560 = CARTESIAN_POINT('',(0.132803188495,-0.215744478218,
    1.419353018716));
#9561 = CARTESIAN_POINT('',(0.133240276394,-0.215353602344,
    1.418074265079));
#9562 = CARTESIAN_POINT('',(0.134107354766,-0.214576867447,
    1.415537030989));
#9563 = CARTESIAN_POINT('',(0.134537358075,-0.214191015852,
    1.414278520057));
#9564 = CARTESIAN_POINT('',(0.134967015046,-0.213804937838,
    1.413021015186));
#9565 = CARTESIAN_POINT('',(0.13539641891,-0.213418661718,1.411764470713
    ));
#9566 = CARTESIAN_POINT('',(0.136248948766,-0.212651127744,
    1.409270628074));
#9567 = CARTESIAN_POINT('',(0.13667207926,-0.212269874614,1.408033304684
    ));
#9568 = CARTESIAN_POINT('',(0.137095138957,-0.211888481802,
    1.406796829402));
#9569 = CARTESIAN_POINT('',(0.137518212893,-0.211506974921,
    1.405561160742));
#9570 = CARTESIAN_POINT('',(0.138358799687,-0.210748973026,
    1.403108152031));
#9571 = CARTESIAN_POINT('',(0.13877630994,-0.210372480437,1.401890791283
    ));
#9572 = CARTESIAN_POINT('',(0.139193994543,-0.209995925072,
    1.400674137383));
#9573 = CARTESIAN_POINT('',(0.139611931546,-0.209619330364,1.39945815266
    ));
#9574 = CARTESIAN_POINT('',(0.140442874614,-0.208871140128,
    1.397043686994));
#9575 = CARTESIAN_POINT('',(0.140855871971,-0.208499545051,
    1.395845189264));
#9576 = CARTESIAN_POINT('',(0.141269262829,-0.208127956039,
    1.394647272146));
#9577 = CARTESIAN_POINT('',(0.14168311925,-0.207756394763,1.393449901455
    ));
#9578 = CARTESIAN_POINT('',(0.1425064577,-0.207018253646,1.391071918619)
  );
#9579 = CARTESIAN_POINT('',(0.14291592574,-0.206651672534,1.389891293074
    ));
#9580 = CARTESIAN_POINT('',(0.143325984068,-0.206285159684,
    1.388711135448));
#9581 = CARTESIAN_POINT('',(0.143736699589,-0.205918735335,
    1.387531414752));
#9582 = CARTESIAN_POINT('',(0.144554249866,-0.20519084624,1.385188055362
    ));
#9583 = CARTESIAN_POINT('',(0.144961066037,-0.204829378711,
    1.384024406204));
#9584 = CARTESIAN_POINT('',(0.14536864994,-0.204468036134,1.382861124518
    ));
#9585 = CARTESIAN_POINT('',(0.145777064006,-0.204106837591,
    1.381698182241));
#9586 = CARTESIAN_POINT('',(0.146590450899,-0.203389374976,
    1.379387762791));
#9587 = CARTESIAN_POINT('',(0.146995401117,-0.203033106779,
    1.378240277702));
#9588 = CARTESIAN_POINT('',(0.147401279686,-0.202677015646,1.37709307073
    ));
#9589 = CARTESIAN_POINT('',(0.147808145142,-0.202321119728,
    1.375946116513));
#9590 = CARTESIAN_POINT('',(0.14861882756,-0.201614234566,1.373667108357
    ));
#9591 = CARTESIAN_POINT('',(0.149022618381,-0.20126323999,1.37253504871)
  );
#9592 = CARTESIAN_POINT('',(0.149427483462,-0.200912470778,
    1.371403187918));
#9593 = CARTESIAN_POINT('',(0.149833477923,-0.200561944328,
    1.370271503112));
#9594 = CARTESIAN_POINT('',(0.150642770473,-0.19986576815,1.368022514637
    ));
#9595 = CARTESIAN_POINT('',(0.151046039303,-0.199520111999,
    1.366905207167));
#9596 = CARTESIAN_POINT('',(0.151450515373,-0.199174726323,
    1.365788028499));
#9597 = CARTESIAN_POINT('',(0.151856250798,-0.198829627921,
    1.364670958082));
#9598 = CARTESIAN_POINT('',(0.15266534195,-0.198144276145,1.362450719492
    ));
#9599 = CARTESIAN_POINT('',(0.153068665664,-0.19780401535,1.361347549162
    ));
#9600 = CARTESIAN_POINT('',(0.153473318181,-0.197464067478,
    1.360244446018));
#9601 = CARTESIAN_POINT('',(0.153879348948,-0.197124448848,
    1.359141391674));
#9602 = CARTESIAN_POINT('',(0.154689316427,-0.196450023517,
    1.356948741929));
#9603 = CARTESIAN_POINT('',(0.155093218684,-0.196115208476,1.35585914578
    ));
#9604 = CARTESIAN_POINT('',(0.155498561171,-0.19578074657,1.354769562964
    ));
#9605 = CARTESIAN_POINT('',(0.155905390954,-0.195446653752,
    1.353679977127));
#9606 = CARTESIAN_POINT('',(0.156507915287,-0.194954281652,
    1.352072309861));
#9607 = CARTESIAN_POINT('',(0.156702422534,-0.194795704274,
    1.351554242897));
#9608 = CARTESIAN_POINT('',(0.156897281627,-0.1946372157,1.351036170024)
  );
#9609 = CARTESIAN_POINT('',(0.157092497581,-0.194478817666,
    1.350518089595));
#9610 = CARTESIAN_POINT('',(0.157288075364,-0.194320511909,1.35));
#9611 = ORIENTED_EDGE('',*,*,#9612,.T.);
#9612 = EDGE_CURVE('',#9482,#9613,#9615,.T.);
#9613 = VERTEX_POINT('',#9614);
#9614 = CARTESIAN_POINT('',(0.25,0.,0.919048676309));
#9615 = B_SPLINE_CURVE_WITH_KNOTS('',6,(#9616,#9617,#9618,#9619,#9620,
    #9621,#9622,#9623,#9624,#9625,#9626,#9627),.UNSPECIFIED.,.F.,.F.,(7,
    5,7),(0.,0.509579121796,1.),.UNSPECIFIED.);
#9616 = CARTESIAN_POINT('',(0.157287924364,-0.194320634131,1.3500004));
#9617 = CARTESIAN_POINT('',(0.170199808108,-0.183869435411,
    1.315796579176));
#9618 = CARTESIAN_POINT('',(0.182391636139,-0.172296886315,
    1.280886229745));
#9619 = CARTESIAN_POINT('',(0.193827857465,-0.159576485356,
    1.245306636912));
#9620 = CARTESIAN_POINT('',(0.204419485459,-0.145660689764,
    1.209112479144));
#9621 = CARTESIAN_POINT('',(0.21403911956,-0.130500871484,1.172389142923
    ));
#9622 = CARTESIAN_POINT('',(0.230619399993,-9.814576882495E-02,
    1.099454041521));
#9623 = CARTESIAN_POINT('',(0.237652876123,-8.107471923662E-02,
    1.063334341775));
#9624 = CARTESIAN_POINT('',(0.243431204553,-6.270488438225E-02,
    1.026880587688));
#9625 = CARTESIAN_POINT('',(0.2476716297,-4.299923279424E-02,
    0.990337752793));
#9626 = CARTESIAN_POINT('',(0.25,-2.202419147417E-02,0.954168082514));
#9627 = CARTESIAN_POINT('',(0.25,0.,0.919048676309));
#9628 = ORIENTED_EDGE('',*,*,#9629,.T.);
#9629 = EDGE_CURVE('',#9613,#8912,#9630,.T.);
#9630 = CIRCLE('',#9631,3.5);
#9631 = AXIS2_PLACEMENT_3D('',#9632,#9633,#9634);
#9632 = CARTESIAN_POINT('',(2.5,0.,3.6));
#9633 = DIRECTION('',(0.,-1.,0.));
#9634 = DIRECTION('',(-1.,0.,0.));
#9635 = ORIENTED_EDGE('',*,*,#8911,.T.);
#9636 = ORIENTED_EDGE('',*,*,#8974,.F.);
#9637 = ORIENTED_EDGE('',*,*,#9638,.T.);
#9638 = EDGE_CURVE('',#8975,#9343,#9639,.T.);
#9639 = CIRCLE('',#9640,3.5);
#9640 = AXIS2_PLACEMENT_3D('',#9641,#9642,#9643);
#9641 = CARTESIAN_POINT('',(2.5,0.,3.6));
#9642 = DIRECTION('',(0.,-1.,0.));
#9643 = DIRECTION('',(-1.,0.,0.));
#9644 = ORIENTED_EDGE('',*,*,#9342,.T.);
#9645 = SPHERICAL_SURFACE('',#9646,5.525);
#9646 = AXIS2_PLACEMENT_3D('',#9647,#9648,#9649);
#9647 = CARTESIAN_POINT('',(2.5,4.275,3.6));
#9648 = DIRECTION('',(0.,-1.,0.));
#9649 = DIRECTION('',(-1.,0.,0.));
#9650 = ADVANCED_FACE('',(#9651),#10053,.T.);
#9651 = FACE_BOUND('',#9652,.T.);
#9652 = EDGE_LOOP('',(#9653,#9662,#9663,#9664,#9665,#9794,#9795,#9796,
    #9815,#10052));
#9653 = ORIENTED_EDGE('',*,*,#9654,.F.);
#9654 = EDGE_CURVE('',#9655,#9343,#9657,.T.);
#9655 = VERTEX_POINT('',#9656);
#9656 = CARTESIAN_POINT('',(2.5,1.25,3.6));
#9657 = CIRCLE('',#9658,5.525);
#9658 = AXIS2_PLACEMENT_3D('',#9659,#9660,#9661);
#9659 = CARTESIAN_POINT('',(2.5,-4.275,3.6));
#9660 = DIRECTION('',(0.,-0.,1.));
#9661 = DIRECTION('',(8.037813752942E-17,1.,0.));
#9662 = ORIENTED_EDGE('',*,*,#9654,.T.);
#9663 = ORIENTED_EDGE('',*,*,#9638,.F.);
#9664 = ORIENTED_EDGE('',*,*,#9213,.F.);
#9665 = ORIENTED_EDGE('',*,*,#9666,.T.);
#9666 = EDGE_CURVE('',#8965,#8931,#9667,.T.);
#9667 = B_SPLINE_CURVE_WITH_KNOTS('',5,(#9668,#9669,#9670,#9671,#9672,
    #9673,#9674,#9675,#9676,#9677,#9678,#9679,#9680,#9681,#9682,#9683,
    #9684,#9685,#9686,#9687,#9688,#9689,#9690,#9691,#9692,#9693,#9694,
    #9695,#9696,#9697,#9698,#9699,#9700,#9701,#9702,#9703,#9704,#9705,
    #9706,#9707,#9708,#9709,#9710,#9711,#9712,#9713,#9714,#9715,#9716,
    #9717,#9718,#9719,#9720,#9721,#9722,#9723,#9724,#9725,#9726,#9727,
    #9728,#9729,#9730,#9731,#9732,#9733,#9734,#9735,#9736,#9737,#9738,
    #9739,#9740,#9741,#9742,#9743,#9744,#9745,#9746,#9747,#9748,#9749,
    #9750,#9751,#9752,#9753,#9754,#9755,#9756,#9757,#9758,#9759,#9760,
    #9761,#9762,#9763,#9764,#9765,#9766,#9767,#9768,#9769,#9770,#9771,
    #9772,#9773,#9774,#9775,#9776,#9777,#9778,#9779,#9780,#9781,#9782,
    #9783,#9784,#9785,#9786,#9787,#9788,#9789,#9790,#9791,#9792,#9793),
  .UNSPECIFIED.,.F.,.F.,(6,4,4,4,4,4,4,4,4,4,4,4,4,4,4,4,4,4,4,4,4,4,4,4
    ,4,4,4,4,4,4,4,6),(0.,6.115608713344E-02,0.111922515881,
    0.157222745801,0.199147823398,0.238761436302,0.276668847106,
    0.31324277256,0.348726952113,0.383288655948,0.417047378912,
    0.4500914672,0.482488220474,0.514290276474,0.545539783499,
    0.576271207311,0.606513267982,0.636290306938,0.665623271656,
    0.694530438171,0.723027950286,0.751130228337,0.778850283636,
    0.806199963706,0.833190146026,0.859830892997,0.88613157736,
    0.912100984841,0.937747399075,0.9630786726,0.988102286809,1.),
  .UNSPECIFIED.);
#9668 = CARTESIAN_POINT('',(4.943696097454,0.25,1.580507642181));
#9669 = CARTESIAN_POINT('',(4.94143667749,0.249999999688,1.577773619916)
  );
#9670 = CARTESIAN_POINT('',(4.939212872977,0.249946686007,1.574971023355
    ));
#9671 = CARTESIAN_POINT('',(4.937032531484,0.249840366754,1.572110303833
    ));
#9672 = CARTESIAN_POINT('',(4.934901150944,0.24968294879,1.569202464564)
  );
#9673 = CARTESIAN_POINT('',(4.93109681556,0.249306546815,1.563814221661)
  );
#9674 = CARTESIAN_POINT('',(4.929407442881,0.249102540951,1.561345012038
    ));
#9675 = CARTESIAN_POINT('',(4.927756148588,0.248866934709,1.558856576862
    ));
#9676 = CARTESIAN_POINT('',(4.926143815962,0.248601609002,1.556354106144
    ));
#9677 = CARTESIAN_POINT('',(4.923166308045,0.248047236113,1.551600427681
    ));
#9678 = CARTESIAN_POINT('',(4.921793232587,0.247763798867,1.549351158683
    ));
#9679 = CARTESIAN_POINT('',(4.920451033547,0.247459793053,1.547097269382
    ));
#9680 = CARTESIAN_POINT('',(4.919139239385,0.247136634413,1.544841258949
    ));
#9681 = CARTESIAN_POINT('',(4.916670293417,0.246480167865,1.540496988968
    ));
#9682 = CARTESIAN_POINT('',(4.915508919267,0.246149404704,1.538408764476
    ));
#9683 = CARTESIAN_POINT('',(4.914372206729,0.245804491118,1.536321925365
    ));
#9684 = CARTESIAN_POINT('',(4.913259359568,0.245446429904,1.534237672792
    ));
#9685 = CARTESIAN_POINT('',(4.911139640461,0.244726277678,1.530190816183
    ));
#9686 = CARTESIAN_POINT('',(4.910130318083,0.244365496906,1.528227851828
    ));
#9687 = CARTESIAN_POINT('',(4.909140715561,0.243994580834,1.526268730893
    ));
#9688 = CARTESIAN_POINT('',(4.908170034278,0.243614237448,1.524314012131
    ));
#9689 = CARTESIAN_POINT('',(4.906305893309,0.24285273467,1.520498120454)
  );
#9690 = CARTESIAN_POINT('',(4.905410913013,0.242472316964,1.518636552423
    ));
#9691 = CARTESIAN_POINT('',(4.904531789255,0.242084411954,1.516779702748
    ));
#9692 = CARTESIAN_POINT('',(4.90366781366,0.241689526165,1.514927804762)
  );
#9693 = CARTESIAN_POINT('',(4.901998647817,0.240900821439,1.51129914454)
  );
#9694 = CARTESIAN_POINT('',(4.901192460903,0.240507454694,1.509522035728
    ));
#9695 = CARTESIAN_POINT('',(4.900399103315,0.240108420858,1.507749786951
    ));
#9696 = CARTESIAN_POINT('',(4.899617972827,0.239704089057,1.505982464646
    ));
#9697 = CARTESIAN_POINT('',(4.898101933715,0.23889768613,1.502510206611)
  );
#9698 = CARTESIAN_POINT('',(4.897366342242,0.238495907487,1.500804983994
    ));
#9699 = CARTESIAN_POINT('',(4.896641186582,0.238089756136,1.499104423669
    ));
#9700 = CARTESIAN_POINT('',(4.895925962065,0.237679506403,1.497408506875
    ));
#9701 = CARTESIAN_POINT('',(4.894532761757,0.236862068505,1.49406983101)
  );
#9702 = CARTESIAN_POINT('',(4.893854301305,0.236455078675,1.49242683796)
  );
#9703 = CARTESIAN_POINT('',(4.89318436283,0.236044663293,1.490788160825)
  );
#9704 = CARTESIAN_POINT('',(4.892522524402,0.23563103022,1.489153738747)
  );
#9705 = CARTESIAN_POINT('',(4.891229445249,0.234807384578,1.485931126074
    ));
#9706 = CARTESIAN_POINT('',(4.890597850943,0.234397511648,1.484342744699
    ));
#9707 = CARTESIAN_POINT('',(4.889973230364,0.233984923511,1.482758278942
    ));
#9708 = CARTESIAN_POINT('',(4.889355229567,0.233569780614,1.481177648933
    ));
#9709 = CARTESIAN_POINT('',(4.888144746433,0.232743515963,1.478057264594
    ));
#9710 = CARTESIAN_POINT('',(4.887552000783,0.232332495469,1.476517353956
    ));
#9711 = CARTESIAN_POINT('',(4.886964962049,0.231919304096,1.474980951935
    ));
#9712 = CARTESIAN_POINT('',(4.886383331476,0.231504067902,1.473447972081
    ));
#9713 = CARTESIAN_POINT('',(4.885241614039,0.230677908702,1.470418641732
    ));
#9714 = CARTESIAN_POINT('',(4.884681328251,0.230267060806,1.468922162395
    ));
#9715 = CARTESIAN_POINT('',(4.884125701651,0.229854467189,1.467428800969
    ));
#9716 = CARTESIAN_POINT('',(4.883574480149,0.229440228563,1.465938471047
    ));
#9717 = CARTESIAN_POINT('',(4.882490406861,0.228616279247,1.462991002045
    ));
#9718 = CARTESIAN_POINT('',(4.88195740351,0.228206625205,1.461533756147)
  );
#9719 = CARTESIAN_POINT('',(4.881428184081,0.227795563266,1.460079264156
    ));
#9720 = CARTESIAN_POINT('',(4.880902530687,0.227383175189,1.458627443132
    ));
#9721 = CARTESIAN_POINT('',(4.879867015688,0.226563085092,1.455754157028
    ));
#9722 = CARTESIAN_POINT('',(4.879357038294,0.226155426277,1.454332602961
    ));
#9723 = CARTESIAN_POINT('',(4.878850106793,0.225746632215,1.452913469328
    ));
#9724 = CARTESIAN_POINT('',(4.878346032769,0.225336770301,1.451496678293
    ));
#9725 = CARTESIAN_POINT('',(4.877351552364,0.22452184823,1.44869107861)
  );
#9726 = CARTESIAN_POINT('',(4.876861057855,0.224116821218,1.447302195569
    ));
#9727 = CARTESIAN_POINT('',(4.876372981553,0.223710882188,1.44591543043)
  );
#9728 = CARTESIAN_POINT('',(4.875887159151,0.223304087517,1.444530711118
    ));
#9729 = CARTESIAN_POINT('',(4.874927410061,0.222495383287,1.441787240953
    ));
#9730 = CARTESIAN_POINT('',(4.874453417063,0.222093499163,1.440428427773
    ));
#9731 = CARTESIAN_POINT('',(4.873981304165,0.221690888233,1.439071459626
    ));
#9732 = CARTESIAN_POINT('',(4.873510926899,0.221287598336,1.437716270295
    ));
#9733 = CARTESIAN_POINT('',(4.872580574144,0.220485962003,1.435030131423
    ));
#9734 = CARTESIAN_POINT('',(4.872120549866,0.220087634964,1.433699129622
    ));
#9735 = CARTESIAN_POINT('',(4.871661940959,0.219688736723,1.432369727576
    ));
#9736 = CARTESIAN_POINT('',(4.871204619384,0.219289308427,1.431041864748
    ));
#9737 = CARTESIAN_POINT('',(4.870299106726,0.218495434108,1.428408879961
    ));
#9738 = CARTESIAN_POINT('',(4.869850881139,0.21810100266,1.427103714214)
  );
#9739 = CARTESIAN_POINT('',(4.869403666817,0.217706132283,1.425799928194
    ));
#9740 = CARTESIAN_POINT('',(4.8689573494,0.217310858845,1.424497466709)
  );
#9741 = CARTESIAN_POINT('',(4.868072754416,0.216525317644,1.421913973266
    ));
#9742 = CARTESIAN_POINT('',(4.867634454144,0.216135060542,1.420632904703
    ));
#9743 = CARTESIAN_POINT('',(4.867196811505,0.215744478218,1.419353018716
    ));
#9744 = CARTESIAN_POINT('',(4.866759723606,0.215353602344,1.418074265079
    ));
#9745 = CARTESIAN_POINT('',(4.865892645234,0.214576867447,1.415537030989
    ));
#9746 = CARTESIAN_POINT('',(4.865462641925,0.214191015852,1.414278520057
    ));
#9747 = CARTESIAN_POINT('',(4.865032984954,0.213804937838,1.413021015186
    ));
#9748 = CARTESIAN_POINT('',(4.86460358109,0.213418661718,1.411764470713)
  );
#9749 = CARTESIAN_POINT('',(4.863751051234,0.212651127744,1.409270628074
    ));
#9750 = CARTESIAN_POINT('',(4.86332792074,0.212269874614,1.408033304684)
  );
#9751 = CARTESIAN_POINT('',(4.862904861043,0.211888481802,1.406796829402
    ));
#9752 = CARTESIAN_POINT('',(4.862481787107,0.211506974921,1.405561160742
    ));
#9753 = CARTESIAN_POINT('',(4.861641200313,0.210748973026,1.403108152031
    ));
#9754 = CARTESIAN_POINT('',(4.86122369006,0.210372480437,1.401890791283)
  );
#9755 = CARTESIAN_POINT('',(4.860806005457,0.209995925072,1.400674137383
    ));
#9756 = CARTESIAN_POINT('',(4.860388068454,0.209619330364,1.39945815266)
  );
#9757 = CARTESIAN_POINT('',(4.859557125386,0.208871140128,1.397043686994
    ));
#9758 = CARTESIAN_POINT('',(4.859144128029,0.208499545051,1.395845189264
    ));
#9759 = CARTESIAN_POINT('',(4.858730737171,0.208127956039,1.394647272146
    ));
#9760 = CARTESIAN_POINT('',(4.85831688075,0.207756394763,1.393449901455)
  );
#9761 = CARTESIAN_POINT('',(4.8574935423,0.207018253646,1.391071918619)
  );
#9762 = CARTESIAN_POINT('',(4.85708407426,0.206651672534,1.389891293074)
  );
#9763 = CARTESIAN_POINT('',(4.856674015932,0.206285159684,1.388711135448
    ));
#9764 = CARTESIAN_POINT('',(4.856263300411,0.205918735335,1.387531414752
    ));
#9765 = CARTESIAN_POINT('',(4.855445750134,0.20519084624,1.385188055362)
  );
#9766 = CARTESIAN_POINT('',(4.855038933963,0.204829378711,1.384024406204
    ));
#9767 = CARTESIAN_POINT('',(4.85463135006,0.204468036134,1.382861124518)
  );
#9768 = CARTESIAN_POINT('',(4.854222935994,0.204106837591,1.381698182241
    ));
#9769 = CARTESIAN_POINT('',(4.853409549101,0.203389374976,1.379387762791
    ));
#9770 = CARTESIAN_POINT('',(4.853004598883,0.203033106779,1.378240277702
    ));
#9771 = CARTESIAN_POINT('',(4.852598720314,0.202677015646,1.37709307073)
  );
#9772 = CARTESIAN_POINT('',(4.852191854858,0.202321119728,1.375946116513
    ));
#9773 = CARTESIAN_POINT('',(4.85138117244,0.201614234566,1.373667108357)
  );
#9774 = CARTESIAN_POINT('',(4.850977381619,0.20126323999,1.37253504871)
  );
#9775 = CARTESIAN_POINT('',(4.850572516538,0.200912470778,1.371403187918
    ));
#9776 = CARTESIAN_POINT('',(4.850166522077,0.200561944328,1.370271503112
    ));
#9777 = CARTESIAN_POINT('',(4.849357229527,0.19986576815,1.368022514637)
  );
#9778 = CARTESIAN_POINT('',(4.848953960697,0.199520111999,1.366905207167
    ));
#9779 = CARTESIAN_POINT('',(4.848549484627,0.199174726323,1.365788028499
    ));
#9780 = CARTESIAN_POINT('',(4.848143749202,0.198829627921,1.364670958082
    ));
#9781 = CARTESIAN_POINT('',(4.84733465805,0.198144276145,1.362450719492)
  );
#9782 = CARTESIAN_POINT('',(4.846931334336,0.19780401535,1.361347549162)
  );
#9783 = CARTESIAN_POINT('',(4.846526681819,0.197464067478,1.360244446018
    ));
#9784 = CARTESIAN_POINT('',(4.846120651052,0.197124448848,1.359141391674
    ));
#9785 = CARTESIAN_POINT('',(4.845310683573,0.196450023517,1.356948741929
    ));
#9786 = CARTESIAN_POINT('',(4.844906781316,0.196115208476,1.35585914578)
  );
#9787 = CARTESIAN_POINT('',(4.844501438829,0.19578074657,1.354769562964)
  );
#9788 = CARTESIAN_POINT('',(4.844094609046,0.195446653752,1.353679977127
    ));
#9789 = CARTESIAN_POINT('',(4.843492084713,0.194954281652,1.352072309861
    ));
#9790 = CARTESIAN_POINT('',(4.843297577466,0.194795704274,1.351554242897
    ));
#9791 = CARTESIAN_POINT('',(4.843102718373,0.1946372157,1.351036170024)
  );
#9792 = CARTESIAN_POINT('',(4.842907502419,0.194478817666,1.350518089595
    ));
#9793 = CARTESIAN_POINT('',(4.842711924636,0.194320511909,1.35));
#9794 = ORIENTED_EDGE('',*,*,#8930,.T.);
#9795 = ORIENTED_EDGE('',*,*,#9629,.F.);
#9796 = ORIENTED_EDGE('',*,*,#9797,.T.);
#9797 = EDGE_CURVE('',#9613,#9798,#9800,.T.);
#9798 = VERTEX_POINT('',#9799);
#9799 = CARTESIAN_POINT('',(0.157288075364,0.194320511909,1.35));
#9800 = B_SPLINE_CURVE_WITH_KNOTS('',7,(#9801,#9802,#9803,#9804,#9805,
    #9806,#9807,#9808,#9809,#9810,#9811,#9812,#9813,#9814),
  .UNSPECIFIED.,.F.,.F.,(8,6,8),(0.,0.462324524057,1.),.UNSPECIFIED.);
#9801 = CARTESIAN_POINT('',(0.25,-8.881784197001E-16,0.919048676309));
#9802 = CARTESIAN_POINT('',(0.25,1.779524433526E-02,0.947424674359));
#9803 = CARTESIAN_POINT('',(0.248522157134,3.492859029672E-02,
    0.976473683677));
#9804 = CARTESIAN_POINT('',(0.245764609611,5.12897855042E-02,
    1.005865215975));
#9805 = CARTESIAN_POINT('',(0.241913478287,6.682408073009E-02,
    1.035344492823));
#9806 = CARTESIAN_POINT('',(0.237129876313,8.152016618298E-02,
    1.064733389342));
#9807 = CARTESIAN_POINT('',(0.231539665738,9.53991650052E-02,
    1.093932186691));
#9808 = CARTESIAN_POINT('',(0.217883231113,0.123746177325,1.156636943097
    ));
#9809 = CARTESIAN_POINT('',(0.209572570305,0.137919413991,1.190020378509
    ));
#9810 = CARTESIAN_POINT('',(0.200436675173,0.151082758764,1.223010226332
    ));
#9811 = CARTESIAN_POINT('',(0.190576609931,0.163273338222,1.255543895865
    ));
#9812 = CARTESIAN_POINT('',(0.180069235853,0.174525840506,1.287573874714
    ));
#9813 = CARTESIAN_POINT('',(0.168965332398,0.184868650647,1.319066728354
    ));
#9814 = CARTESIAN_POINT('',(0.157287924364,0.194320634131,1.3500004));
#9815 = ORIENTED_EDGE('',*,*,#9816,.F.);
#9816 = EDGE_CURVE('',#9354,#9798,#9817,.T.);
#9817 = B_SPLINE_CURVE_WITH_KNOTS('',5,(#9818,#9819,#9820,#9821,#9822,
    #9823,#9824,#9825,#9826,#9827,#9828,#9829,#9830,#9831,#9832,#9833,
    #9834,#9835,#9836,#9837,#9838,#9839,#9840,#9841,#9842,#9843,#9844,
    #9845,#9846,#9847,#9848,#9849,#9850,#9851,#9852,#9853,#9854,#9855,
    #9856,#9857,#9858,#9859,#9860,#9861,#9862,#9863,#9864,#9865,#9866,
    #9867,#9868,#9869,#9870,#9871,#9872,#9873,#9874,#9875,#9876,#9877,
    #9878,#9879,#9880,#9881,#9882,#9883,#9884,#9885,#9886,#9887,#9888,
    #9889,#9890,#9891,#9892,#9893,#9894,#9895,#9896,#9897,#9898,#9899,
    #9900,#9901,#9902,#9903,#9904,#9905,#9906,#9907,#9908,#9909,#9910,
    #9911,#9912,#9913,#9914,#9915,#9916,#9917,#9918,#9919,#9920,#9921,
    #9922,#9923,#9924,#9925,#9926,#9927,#9928,#9929,#9930,#9931,#9932,
    #9933,#9934,#9935,#9936,#9937,#9938,#9939,#9940,#9941,#9942,#9943,
    #9944,#9945,#9946,#9947,#9948,#9949,#9950,#9951,#9952,#9953,#9954,
    #9955,#9956,#9957,#9958,#9959,#9960,#9961,#9962,#9963,#9964,#9965,
    #9966,#9967,#9968,#9969,#9970,#9971,#9972,#9973,#9974,#9975,#9976,
    #9977,#9978,#9979,#9980,#9981,#9982,#9983,#9984,#9985,#9986,#9987,
    #9988,#9989,#9990,#9991,#9992,#9993,#9994,#9995,#9996,#9997,#9998,
    #9999,#10000,#10001,#10002,#10003,#10004,#10005,#10006,#10007,#10008
    ,#10009,#10010,#10011,#10012,#10013,#10014,#10015,#10016,#10017,
    #10018,#10019,#10020,#10021,#10022,#10023,#10024,#10025,#10026,
    #10027,#10028,#10029,#10030,#10031,#10032,#10033,#10034,#10035,
    #10036,#10037,#10038,#10039,#10040,#10041,#10042,#10043,#10044,
    #10045,#10046,#10047,#10048,#10049,#10050,#10051),.UNSPECIFIED.,.F.,
  .F.,(6,4,4,4,4,4,4,4,4,4,4,4,4,4,4,4,4,4,4,4,4,4,4,4,4,4,4,4,4,4,4,4,4
    ,4,4,4,4,4,4,4,4,4,4,4,4,4,4,4,4,4,4,4,4,4,4,4,4,4,6),(0.,
    1.80772820402E-02,3.632399862283E-02,5.469810768281E-02,
    7.319846885603E-02,9.182409382198E-02,0.110574265943,0.129448696117,
    0.148447726348,0.167572597027,0.186825800536,0.206211553785,
    0.225736437755,0.245410276609,0.265247369003,0.285268251892,
    0.305502296035,0.325991651155,0.346797483385,0.368010328244,
    0.389768362919,0.412292344015,0.435960125497,0.461493157472,
    0.490564222633,0.529343045521,0.584441270923,0.633839915004,
    0.662172663972,0.6839815471,0.702649877365,0.719380444245,
    0.734763026521,0.749137564549,0.762720646886,0.77566011831,
    0.788062135327,0.800005938097,0.81155252396,0.822750037334,
    0.833637275265,0.844246054521,0.854602860978,0.864730030067,
    0.874646611312,0.88436901435,0.893911500279,0.903286561264,
    0.91250521796,0.92157725549,0.930511412819,0.939315536306,
    0.947996705408,0.956561336461,0.96501526907,0.973363838544,
    0.981611937057,0.989764065615,1.),.UNSPECIFIED.);
#9818 = CARTESIAN_POINT('',(-0.245767055553,-8.881784197001E-16,
    1.429570716047));
#9819 = CARTESIAN_POINT('',(-0.245516829769,1.35138645542E-03,
    1.431915927393));
#9820 = CARTESIAN_POINT('',(-0.245248756262,2.708939884475E-03,
    1.43425496218));
#9821 = CARTESIAN_POINT('',(-0.244962751558,4.072635356455E-03,
    1.43658766182));
#9822 = CARTESIAN_POINT('',(-0.244658730021,5.442447121965E-03,
    1.43891386342));
#9823 = CARTESIAN_POINT('',(-0.244011458464,8.207146137647E-03,
    1.443574676658));
#9824 = CARTESIAN_POINT('',(-0.243667867452,9.602148048953E-03,
    1.445909162682));
#9825 = CARTESIAN_POINT('',(-0.243305740531,1.100332702974E-02,
    1.448236685917));
#9826 = CARTESIAN_POINT('',(-0.242924984928,1.241065477273E-02,
    1.450557069362));
#9827 = CARTESIAN_POINT('',(-0.242123236816,1.524741740423E-02,
    1.455199341562));
#9828 = CARTESIAN_POINT('',(-0.241701981924,1.667693800383E-02,
    1.457521127622));
#9829 = CARTESIAN_POINT('',(-0.241261643449,1.811263387339E-02,
    1.459835303248));
#9830 = CARTESIAN_POINT('',(-0.24080212131,1.955447391031E-02,
    1.462141676635));
#9831 = CARTESIAN_POINT('',(-0.239841213912,2.246032688213E-02,
    1.466754216064));
#9832 = CARTESIAN_POINT('',(-0.239339562678,2.39244240528E-02,
    1.469060271671));
#9833 = CARTESIAN_POINT('',(-0.23881825387,2.539468436959E-02,
    1.471358015086));
#9834 = CARTESIAN_POINT('',(-0.23827717927,2.687107341334E-02,
    1.473647237579));
#9835 = CARTESIAN_POINT('',(-0.237151477552,2.984607490574E-02,
    1.478223650301));
#9836 = CARTESIAN_POINT('',(-0.23656658033,3.134477008544E-02,
    1.480510721679));
#9837 = CARTESIAN_POINT('',(-0.235961422141,3.284960424351E-02,
    1.482788717584));
#9838 = CARTESIAN_POINT('',(-0.235335885735,3.436053897969E-02,
    1.485057409833));
#9839 = CARTESIAN_POINT('',(-0.23403949489,3.740467315601E-02,
    1.489590821027));
#9840 = CARTESIAN_POINT('',(-0.233368365368,3.89379538459E-02,
    1.491855411789));
#9841 = CARTESIAN_POINT('',(-0.232676338463,4.047733516863E-02,
    1.494110093329));
#9842 = CARTESIAN_POINT('',(-0.231963286923,4.202277389244E-02,
    1.496354614992));
#9843 = CARTESIAN_POINT('',(-0.23049000647,4.51359567203E-02,
    1.500837623518));
#9844 = CARTESIAN_POINT('',(-0.229729496213,4.670378068049E-02,
    1.503075971607));
#9845 = CARTESIAN_POINT('',(-0.228947414864,4.827765007374E-02,
    1.505303495378));
#9846 = CARTESIAN_POINT('',(-0.228143624127,4.985751574381E-02,
    1.507519918063));
#9847 = CARTESIAN_POINT('',(-0.226486887932,5.303960448775E-02,
    1.511944541607));
#9848 = CARTESIAN_POINT('',(-0.225633653,5.464190618829E-02,
    1.514152591346));
#9849 = CARTESIAN_POINT('',(-0.224758130916,5.625017787361E-02,
    1.516348806959));
#9850 = CARTESIAN_POINT('',(-0.223860171239,5.786436305048E-02,
    1.518532881166));
#9851 = CARTESIAN_POINT('',(-0.222012968791,6.11151706924E-02,
    1.522890488952));
#9852 = CARTESIAN_POINT('',(-0.221063425748,6.27518708069E-02,
    1.525063856591));
#9853 = CARTESIAN_POINT('',(-0.22009083111,6.439444085417E-02,
    1.527224269023));
#9854 = CARTESIAN_POINT('',(-0.219095021165,6.604281516684E-02,
    1.529371383074));
#9855 = CARTESIAN_POINT('',(-0.217049793584,6.93621315127E-02,
    1.533652611962));
#9856 = CARTESIAN_POINT('',(-0.216000061093,7.103315056687E-02,
    1.535786542516));
#9857 = CARTESIAN_POINT('',(-0.214926456978,7.270990923985E-02,
    1.537906264732));
#9858 = CARTESIAN_POINT('',(-0.213828803119,7.439233028182E-02,
    1.540011392929));
#9859 = CARTESIAN_POINT('',(-0.211577304649,7.77799522658E-02,
    1.544206041015));
#9860 = CARTESIAN_POINT('',(-0.210423125271,7.948523004527E-02,
    1.546295353208));
#9861 = CARTESIAN_POINT('',(-0.209244189959,8.119607941588E-02,
    1.548369045517));
#9862 = CARTESIAN_POINT('',(-0.20804030514,8.291240835928E-02,
    1.55042668153));
#9863 = CARTESIAN_POINT('',(-0.205573416762,8.636818321132E-02,
    1.554523570794));
#9864 = CARTESIAN_POINT('',(-0.204310051027,8.810770629472E-02,
    1.556562585554));
#9865 = CARTESIAN_POINT('',(-0.203020970225,8.985258526613E-02,
    1.558584376527));
#9866 = CARTESIAN_POINT('',(-0.201705964487,9.160270907724E-02,
    1.560588446243));
#9867 = CARTESIAN_POINT('',(-0.199013439861,9.512659583798E-02,
    1.564575241873));
#9868 = CARTESIAN_POINT('',(-0.197635520777,9.690043683415E-02,
    1.566557687602));
#9869 = CARTESIAN_POINT('',(-0.196230839788,9.867935679667E-02,
    1.568521068897));
#9870 = CARTESIAN_POINT('',(-0.194799170305,0.100463219874,
    1.570464814108));
#9871 = CARTESIAN_POINT('',(-0.191869283958,0.10405537769,1.574327781902
    ));
#9872 = CARTESIAN_POINT('',(-0.190370613759,0.105863751746,
    1.576246666262));
#9873 = CARTESIAN_POINT('',(-0.188844031237,0.107676847862,
    1.578144349683));
#9874 = CARTESIAN_POINT('',(-0.187289293439,0.109494497442,
    1.580020169434));
#9875 = CARTESIAN_POINT('',(-0.18410834416,0.113155414018,1.5837438426)
  );
#9876 = CARTESIAN_POINT('',(-0.182481604413,0.114998761537,
    1.585591274763));
#9877 = CARTESIAN_POINT('',(-0.180825678599,0.116846367643,
    1.587414993222));
#9878 = CARTESIAN_POINT('',(-0.179140309185,0.118698019876,
    1.589214222046));
#9879 = CARTESIAN_POINT('',(-0.175691902434,0.122428702082,
    1.592780931644));
#9880 = CARTESIAN_POINT('',(-0.173928229991,0.124307812549,
    1.594547869026));
#9881 = CARTESIAN_POINT('',(-0.172133949635,0.126190572934,
    1.596288091564));
#9882 = CARTESIAN_POINT('',(-0.170308793594,0.128076711002,
    1.598000680665));
#9883 = CARTESIAN_POINT('',(-0.166572774465,0.131878975334,
    1.601389873904));
#9884 = CARTESIAN_POINT('',(-0.164661121764,0.133795178156,
    1.603065749538));
#9885 = CARTESIAN_POINT('',(-0.162717259824,0.135714219149,
    1.604711259786));
#9886 = CARTESIAN_POINT('',(-0.160740919608,0.137635742955,
    1.606325303315));
#9887 = CARTESIAN_POINT('',(-0.156691729161,0.141512673787,
    1.609512518336));
#9888 = CARTESIAN_POINT('',(-0.154617861778,0.143468143558,
    1.611084671214));
#9889 = CARTESIAN_POINT('',(-0.152509964305,0.145425346695,
    1.612621918983));
#9890 = CARTESIAN_POINT('',(-0.150367783981,0.147383809365,
    1.614122921724));
#9891 = CARTESIAN_POINT('',(-0.145971813101,0.151340514976,
    1.617078178317));
#9892 = CARTESIAN_POINT('',(-0.143716662323,0.153338783472,
    1.618530940502));
#9893 = CARTESIAN_POINT('',(-0.1414253898,0.155337241079,1.619942995335)
  );
#9894 = CARTESIAN_POINT('',(-0.139097792993,0.157335239837,
    1.621312684159));
#9895 = CARTESIAN_POINT('',(-0.134308875866,0.161380174278,
    1.623997819085));
#9896 = CARTESIAN_POINT('',(-0.13184566188,0.163427043274,1.625310963243
    ));
#9897 = CARTESIAN_POINT('',(-0.129343898601,0.165471865256,
    1.626575719792));
#9898 = CARTESIAN_POINT('',(-0.126803500709,0.167513726158,
    1.627789992174));
#9899 = CARTESIAN_POINT('',(-0.121554651803,0.171661185957,
    1.630153932648));
#9900 = CARTESIAN_POINT('',(-0.118843442913,0.173766491311,
    1.631299818796));
#9901 = CARTESIAN_POINT('',(-0.116090842331,0.175866351883,1.63238666458
    ));
#9902 = CARTESIAN_POINT('',(-0.113297020551,0.177959425266,
    1.633411750419));
#9903 = CARTESIAN_POINT('',(-0.107483670314,0.1822347966,1.635381317758)
  );
#9904 = CARTESIAN_POINT('',(-0.10445990251,0.184416217809,1.636319062327
    ));
#9905 = CARTESIAN_POINT('',(-0.101391406907,0.18658666257,1.637181978551
    ));
#9906 = CARTESIAN_POINT('',(-9.82789205953E-02,0.188744047055,
    1.637966419638));
#9907 = CARTESIAN_POINT('',(-9.171945980657E-02,0.193196722634,
    1.639425902862));
#9908 = CARTESIAN_POINT('',(-8.826548815462E-02,0.195489469788,
    1.640087462631));
#9909 = CARTESIAN_POINT('',(-8.476296548468E-02,0.197761216119,
    1.640648263589));
#9910 = CARTESIAN_POINT('',(-8.121399288044E-02,0.200008444112,
    1.641103194302));
#9911 = CARTESIAN_POINT('',(-7.353103547332E-02,0.204753244423,
    1.641838325306));
#9912 = CARTESIAN_POINT('',(-6.938417802555E-02,0.207242360239,
    1.642085642663));
#9913 = CARTESIAN_POINT('',(-6.518508847901E-02,0.209688455605,
    1.64218093951));
#9914 = CARTESIAN_POINT('',(-6.093985312327E-02,0.212084638891,
    1.642116606605));
#9915 = CARTESIAN_POINT('',(-5.094257371619E-02,0.217542553011,
    1.641576943385));
#9916 = CARTESIAN_POINT('',(-4.516059833685E-02,0.220559448847,
    1.640971611441));
#9917 = CARTESIAN_POINT('',(-3.933021605135E-02,0.223455169538,
    1.640052777446));
#9918 = CARTESIAN_POINT('',(-3.347741642381E-02,0.226208835783,
    1.63880660422));
#9919 = CARTESIAN_POINT('',(-1.933373337638E-02,0.2324826611,
    1.634988526736));
#9920 = CARTESIAN_POINT('',(-1.105504262334E-02,0.235836937438,
    1.632079819995));
#9921 = CARTESIAN_POINT('',(-2.888391347404E-03,0.238808479398,
    1.628493070439));
#9922 = CARTESIAN_POINT('',(5.060169233715E-03,0.241349492082,
    1.624253844196));
#9923 = CARTESIAN_POINT('',(1.951370082415E-02,0.245329163408,
    1.615181219286));
#9924 = CARTESIAN_POINT('',(2.608619577457E-02,0.246855555911,
    1.610452597371));
#9925 = CARTESIAN_POINT('',(3.234502212058E-02,0.248025170053,
    1.605345792378));
#9926 = CARTESIAN_POINT('',(3.827363756669E-02,0.248861216905,
    1.599932079283));
#9927 = CARTESIAN_POINT('',(4.70865295612E-02,0.249697378467,
    1.591026359438));
#9928 = CARTESIAN_POINT('',(5.019111859157E-02,0.249901930302,
    1.587699089137));
#9929 = CARTESIAN_POINT('',(5.318909341986E-02,0.250011924985,
    1.58430184504));
#9930 = CARTESIAN_POINT('',(5.608307538496E-02,0.250033241761,
    1.580844396038));
#9931 = CARTESIAN_POINT('',(6.10280416475E-02,0.249924808222,
    1.574633813042));
#9932 = CARTESIAN_POINT('',(6.311965278379E-02,0.249828686094,
    1.571901812042));
#9933 = CARTESIAN_POINT('',(6.515395104923E-02,0.249686338927,
    1.569142834389));
#9934 = CARTESIAN_POINT('',(6.71330325299E-02,0.249500402039,
    1.566360146787));
#9935 = CARTESIAN_POINT('',(7.07080336796E-02,0.24907910869,
    1.561156632672));
#9936 = CARTESIAN_POINT('',(7.23180765793E-02,0.248854720911,
    1.558741409403));
#9937 = CARTESIAN_POINT('',(7.389079745743E-02,0.248601832088,
    1.556312593315));
#9938 = CARTESIAN_POINT('',(7.542767550486E-02,0.24832194302,
    1.553871703755));
#9939 = CARTESIAN_POINT('',(7.827680557359E-02,0.247742707876,
    1.549222858578));
#9940 = CARTESIAN_POINT('',(7.959581023985E-02,0.247448396742,
    1.547017028353));
#9941 = CARTESIAN_POINT('',(8.088832070321E-02,0.247134557206,
    1.544803486505));
#9942 = CARTESIAN_POINT('',(8.215541192053E-02,0.246802150958,
    1.542583056303));
#9943 = CARTESIAN_POINT('',(8.454075940083E-02,0.246130218782,
    1.538309237048));
#9944 = CARTESIAN_POINT('',(8.566278015313E-02,0.245793424616,
    1.536256806274));
#9945 = CARTESIAN_POINT('',(8.676503850683E-02,0.245442402375,
    1.534199707875));
#9946 = CARTESIAN_POINT('',(8.784834347874E-02,0.245077815168,
    1.532138430121));
#9947 = CARTESIAN_POINT('',(8.990882867537E-02,0.244347498185,
    1.528143688501));
#9948 = CARTESIAN_POINT('',(9.088831055889E-02,0.24398340931,
    1.526210702345));
#9949 = CARTESIAN_POINT('',(9.185257703111E-02,0.243608528923,
    1.524274784952));
#9950 = CARTESIAN_POINT('',(9.28022555557E-02,0.243223338231,
    1.522336243835));
#9951 = CARTESIAN_POINT('',(9.462213715209E-02,0.24245499444,
    1.518561316078));
#9952 = CARTESIAN_POINT('',(9.549383679967E-02,0.242072897175,
    1.516725182654));
#9953 = CARTESIAN_POINT('',(9.635356923271E-02,0.241682381672,
    1.514887174171));
#9954 = CARTESIAN_POINT('',(9.720183341109E-02,0.241283810746,
    1.513047492762));
#9955 = CARTESIAN_POINT('',(9.883671943109E-02,0.240490494931,
    1.509452379759));
#9956 = CARTESIAN_POINT('',(9.96243574684E-02,0.240096463845,
    1.507697087178));
#9957 = CARTESIAN_POINT('',(0.100402445016,0.239695730557,1.505940591553
    ));
#9958 = CARTESIAN_POINT('',(0.101171387198,0.239288576945,1.504183030053
    ));
#9959 = CARTESIAN_POINT('',(0.102660190166,0.238479130721,1.500739058304
    ));
#9960 = CARTESIAN_POINT('',(0.103380762951,0.238077338817,1.499052725356
    ));
#9961 = CARTESIAN_POINT('',(0.104093640021,0.237670129922,1.497365631146
    ));
#9962 = CARTESIAN_POINT('',(0.104799156148,0.237257728442,1.495677871069
    ));
#9963 = CARTESIAN_POINT('',(0.106170308346,0.236438388058,1.492363566474
    ));
#9964 = CARTESIAN_POINT('',(0.106836454784,0.236031810419,1.490737064423
    ));
#9965 = CARTESIAN_POINT('',(0.107496364377,0.235620805586,1.489110098621
    ));
#9966 = CARTESIAN_POINT('',(0.108150317959,0.235205555882,1.487482736711
    ));
#9967 = CARTESIAN_POINT('',(0.109425297743,0.234380860069,1.484281473121
    ));
#9968 = CARTESIAN_POINT('',(0.110046695737,0.233971680333,1.482707593629
    ));
#9969 = CARTESIAN_POINT('',(0.110663027495,0.233558853265,1.481133454336
    ));
#9970 = CARTESIAN_POINT('',(0.111274531695,0.233142529592,1.479559103976
    ));
#9971 = CARTESIAN_POINT('',(0.112470000131,0.232315865043,1.476457667956
    ));
#9972 = CARTESIAN_POINT('',(0.113054238084,0.231905723877,1.474930592431
    ));
#9973 = CARTESIAN_POINT('',(0.113634364819,0.231492561647,1.473403398743
    ));
#9974 = CARTESIAN_POINT('',(0.114210585518,0.231076504852,1.471876122477
    ));
#9975 = CARTESIAN_POINT('',(0.115339749338,0.230250450455,1.468863789308
    ));
#9976 = CARTESIAN_POINT('',(0.115892895065,0.22984060447,1.467378735291)
  );
#9977 = CARTESIAN_POINT('',(0.116442719719,0.229428248567,1.465893662378
    ));
#9978 = CARTESIAN_POINT('',(0.116989401476,0.229013490329,1.464408596865
    ));
#9979 = CARTESIAN_POINT('',(0.118062919325,0.228190043181,1.461476509714
    ));
#9980 = CARTESIAN_POINT('',(0.118589905407,0.227781470407,1.460029486592
    ));
#9981 = CARTESIAN_POINT('',(0.119114232073,0.227370810794,1.45858251457)
  );
#9982 = CARTESIAN_POINT('',(0.119636055448,0.226958156923,1.457135613304
    ));
#9983 = CARTESIAN_POINT('',(0.120662661407,0.226138885686,1.45427635122)
  );
#9984 = CARTESIAN_POINT('',(0.12116755438,0.225732357773,1.452863986312)
  );
#9985 = CARTESIAN_POINT('',(0.121670347833,0.225324097537,1.45145172204)
  );
#9986 = CARTESIAN_POINT('',(0.122171179679,0.224914185503,1.450039573275
    ));
#9987 = CARTESIAN_POINT('',(0.123158124769,0.224100337365,1.447246841644
    ));
#9988 = CARTESIAN_POINT('',(0.123644318159,0.223696470312,1.445866253169
    ));
#9989 = CARTESIAN_POINT('',(0.124128890191,0.223291171264,1.44448580046)
  );
#9990 = CARTESIAN_POINT('',(0.124611963587,0.222884510934,1.443105494923
    ));
#9991 = CARTESIAN_POINT('',(0.125565336114,0.22207708799,1.440373898082)
  );
#9992 = CARTESIAN_POINT('',(0.12603569201,0.221676378603,1.43902260033)
  );
#9993 = CARTESIAN_POINT('',(0.126504838252,0.221274494141,1.437671463294
    ));
#9994 = CARTESIAN_POINT('',(0.126972884771,0.220871497253,1.436320495868
    ));
#9995 = CARTESIAN_POINT('',(0.127897847728,0.220071312164,1.433645366467
    ));
#9996 = CARTESIAN_POINT('',(0.128354802662,0.219674164761,1.432321197629
    ));
#9997 = CARTESIAN_POINT('',(0.128810905015,0.219276064026,1.430997207272
    ));
#9998 = CARTESIAN_POINT('',(0.129266253861,0.218877065915,1.429673402474
    ));
#9999 = CARTESIAN_POINT('',(0.13016722412,0.218084783193,1.427050671026)
  );
#10000 = CARTESIAN_POINT('',(0.13061286962,0.217691529504,1.425751737353
    ));
#10001 = CARTESIAN_POINT('',(0.131057974268,0.217297515421,
    1.424452994892));
#10002 = CARTESIAN_POINT('',(0.131502627855,0.216902791298,
    1.423154449417));
#10003 = CARTESIAN_POINT('',(0.132383413616,0.216118958396,
    1.420580542919));
#10004 = CARTESIAN_POINT('',(0.132819558431,0.215729872619,
    1.419305174874));
#10005 = CARTESIAN_POINT('',(0.133255436159,0.215340195576,1.41803000729
    ));
#10006 = CARTESIAN_POINT('',(0.133691128594,0.214949972892,
    1.416755045024));
#10007 = CARTESIAN_POINT('',(0.134555036359,0.214175043954,1.41422680705
    ));
#10008 = CARTESIAN_POINT('',(0.134983255175,0.213790354289,
    1.412973524408));
#10009 = CARTESIAN_POINT('',(0.13541144863,0.213405222639,1.411720449135
    ));
#10010 = CARTESIAN_POINT('',(0.135839691587,0.213019690613,
    1.410467585459));
#10011 = CARTESIAN_POINT('',(0.136689610461,0.212254044826,
    1.407982212339));
#10012 = CARTESIAN_POINT('',(0.137111282506,0.211873942421,
    1.406749696099));
#10013 = CARTESIAN_POINT('',(0.137533143684,0.211493530644,
    1.405517392629));
#10014 = CARTESIAN_POINT('',(0.137955262813,0.211112847669,
    1.404285305746));
#10015 = CARTESIAN_POINT('',(0.138793731727,0.210356803599,
    1.401840295021));
#10016 = CARTESIAN_POINT('',(0.139210071697,0.209981449563,
    1.400627364541));
#10017 = CARTESIAN_POINT('',(0.139626791995,0.209605904669,
    1.399414651343));
#10018 = CARTESIAN_POINT('',(0.14004395614,0.209230204139,1.398202159003
    ));
#10019 = CARTESIAN_POINT('',(0.140873217993,0.208484031051,
    1.395795267353));
#10020 = CARTESIAN_POINT('',(0.141285301077,0.208113561997,
    1.394600861565));
#10021 = CARTESIAN_POINT('',(0.141697935627,0.207743008603,
    1.393406677144));
#10022 = CARTESIAN_POINT('',(0.142111180494,0.207372403535,
    1.392212717549));
#10023 = CARTESIAN_POINT('',(0.14293322619,0.206636330392,1.389841926126
    ));
#10024 = CARTESIAN_POINT('',(0.14334200849,0.206270862862,1.388665087972
    ));
#10025 = CARTESIAN_POINT('',(0.143751496036,0.205905407241,
    1.387488475181));
#10026 = CARTESIAN_POINT('',(0.144161743545,0.205539993975,
    1.386312091195));
#10027 = CARTESIAN_POINT('',(0.144978348102,0.204814216659,1.38397557682
    ));
#10028 = CARTESIAN_POINT('',(0.14538468345,0.204453850683,1.38281544024)
  );
#10029 = CARTESIAN_POINT('',(0.145791862721,0.204093584027,
    1.381655533186));
#10030 = CARTESIAN_POINT('',(0.14619993695,0.2037334452,1.380495859158)
  );
#10031 = CARTESIAN_POINT('',(0.147012689351,0.203018132347,
    1.378191970191));
#10032 = CARTESIAN_POINT('',(0.147417343249,0.202662954319,
    1.377047749178));
#10033 = CARTESIAN_POINT('',(0.147822966538,0.202307955381,1.37590376221
    ));
#10034 = CARTESIAN_POINT('',(0.148229606966,0.201953162343,1.3747600129)
  );
#10035 = CARTESIAN_POINT('',(0.149039935011,0.201248460083,1.37248724889
    ));
#10036 = CARTESIAN_POINT('',(0.149443596268,0.200898545108,
    1.371358228213));
#10037 = CARTESIAN_POINT('',(0.149848340784,0.200548882354,
    1.370229446591));
#10038 = CARTESIAN_POINT('',(0.150254213357,0.200199497136,
    1.369100907801));
#10039 = CARTESIAN_POINT('',(0.151063404488,0.199505532967,
    1.366857902201));
#10040 = CARTESIAN_POINT('',(0.151466695002,0.19916094678,1.365743429491
    ));
#10041 = CARTESIAN_POINT('',(0.15187117241,0.198816680155,1.364629201444
    ));
#10042 = CARTESIAN_POINT('',(0.15227687885,0.198472757085,1.363515222032
    ));
#10043 = CARTESIAN_POINT('',(0.153086097711,0.197789643056,
    1.361300727431));
#10044 = CARTESIAN_POINT('',(0.153489580738,0.197450443603,
    1.360200206398));
#10045 = CARTESIAN_POINT('',(0.153894345225,0.197111625981,
    1.359099936306));
#10046 = CARTESIAN_POINT('',(0.154300430907,0.196773213011,1.35799992135
    ));
#10047 = CARTESIAN_POINT('',(0.155219472538,0.196010847507,
    1.355519296555));
#10048 = CARTESIAN_POINT('',(0.155733212875,0.195587141347,1.35413883635
    ));
#10049 = CARTESIAN_POINT('',(0.156249175876,0.19516415374,1.352758793973
    ));
#10050 = CARTESIAN_POINT('',(0.1567674382,0.194741929204,1.35137917862)
  );
#10051 = CARTESIAN_POINT('',(0.157288075364,0.194320511909,1.35));
#10052 = ORIENTED_EDGE('',*,*,#9353,.F.);
#10053 = SPHERICAL_SURFACE('',#10054,5.525);
#10054 = AXIS2_PLACEMENT_3D('',#10055,#10056,#10057);
#10055 = CARTESIAN_POINT('',(2.5,-4.275,3.6));
#10056 = DIRECTION('',(0.,-1.,0.));
#10057 = DIRECTION('',(-1.,0.,0.));
#10058 = ADVANCED_FACE('',(#10059),#10064,.F.);
#10059 = FACE_BOUND('',#10060,.F.);
#10060 = EDGE_LOOP('',(#10061,#10062,#10063));
#10061 = ORIENTED_EDGE('',*,*,#8947,.F.);
#10062 = ORIENTED_EDGE('',*,*,#8964,.T.);
#10063 = ORIENTED_EDGE('',*,*,#9666,.T.);
#10064 = SURFACE_OF_REVOLUTION('',#10065,#10070);
#10065 = CIRCLE('',#10066,0.25);
#10066 = AXIS2_PLACEMENT_3D('',#10067,#10068,#10069);
#10067 = CARTESIAN_POINT('',(5.,0.,1.35));
#10068 = DIRECTION('',(0.,-0.,1.));
#10069 = DIRECTION('',(1.144237745222E-17,1.,0.));
#10070 = AXIS1_PLACEMENT('',#10071,#10072);
#10071 = CARTESIAN_POINT('',(4.5,-4.,1.35));
#10072 = DIRECTION('',(-1.144237745222E-17,-1.,0.));
#10073 = ADVANCED_FACE('',(#10074),#10110,.T.);
#10074 = FACE_BOUND('',#10075,.T.);
#10075 = EDGE_LOOP('',(#10076,#10086,#10093,#10094,#10095,#10102,#10103)
  );
#10076 = ORIENTED_EDGE('',*,*,#10077,.T.);
#10077 = EDGE_CURVE('',#10078,#10080,#10082,.T.);
#10078 = VERTEX_POINT('',#10079);
#10079 = CARTESIAN_POINT('',(1.942890293094E-16,-0.25,-2.));
#10080 = VERTEX_POINT('',#10081);
#10081 = CARTESIAN_POINT('',(1.942890293094E-16,-0.25,1.35));
#10082 = LINE('',#10083,#10084);
#10083 = CARTESIAN_POINT('',(1.942890293094E-16,-0.25,-2.));
#10084 = VECTOR('',#10085,1.);
#10085 = DIRECTION('',(0.,0.,1.));
#10086 = ORIENTED_EDGE('',*,*,#10087,.F.);
#10087 = EDGE_CURVE('',#9798,#10080,#10088,.T.);
#10088 = CIRCLE('',#10089,0.25);
#10089 = AXIS2_PLACEMENT_3D('',#10090,#10091,#10092);
#10090 = CARTESIAN_POINT('',(1.665334536938E-16,0.,1.35));
#10091 = DIRECTION('',(-0.,0.,1.));
#10092 = DIRECTION('',(1.110223024625E-16,-1.,0.));
#10093 = ORIENTED_EDGE('',*,*,#9797,.F.);
#10094 = ORIENTED_EDGE('',*,*,#9612,.F.);
#10095 = ORIENTED_EDGE('',*,*,#10096,.F.);
#10096 = EDGE_CURVE('',#10080,#9482,#10097,.T.);
#10097 = CIRCLE('',#10098,0.25);
#10098 = AXIS2_PLACEMENT_3D('',#10099,#10100,#10101);
#10099 = CARTESIAN_POINT('',(1.665334536938E-16,0.,1.35));
#10100 = DIRECTION('',(-0.,0.,1.));
#10101 = DIRECTION('',(1.110223024625E-16,-1.,0.));
#10102 = ORIENTED_EDGE('',*,*,#10077,.F.);
#10103 = ORIENTED_EDGE('',*,*,#10104,.T.);
#10104 = EDGE_CURVE('',#10078,#10078,#10105,.T.);
#10105 = CIRCLE('',#10106,0.25);
#10106 = AXIS2_PLACEMENT_3D('',#10107,#10108,#10109);
#10107 = CARTESIAN_POINT('',(1.665334536938E-16,0.,-2.));
#10108 = DIRECTION('',(-0.,0.,1.));
#10109 = DIRECTION('',(1.110223024625E-16,-1.,0.));
#10110 = CYLINDRICAL_SURFACE('',#10111,0.25);
#10111 = AXIS2_PLACEMENT_3D('',#10112,#10113,#10114);
#10112 = CARTESIAN_POINT('',(1.665334536938E-16,0.,-2.));
#10113 = DIRECTION('',(-0.,0.,-1.));
#10114 = DIRECTION('',(1.110223024625E-16,-1.,-0.));
#10115 = ADVANCED_FACE('',(#10116),#10127,.F.);
#10116 = FACE_BOUND('',#10117,.F.);
#10117 = EDGE_LOOP('',(#10118,#10119,#10126));
#10118 = ORIENTED_EDGE('',*,*,#10096,.F.);
#10119 = ORIENTED_EDGE('',*,*,#10120,.T.);
#10120 = EDGE_CURVE('',#10080,#9363,#10121,.T.);
#10121 = CIRCLE('',#10122,0.5);
#10122 = AXIS2_PLACEMENT_3D('',#10123,#10124,#10125);
#10123 = CARTESIAN_POINT('',(0.5,-0.25,1.35));
#10124 = DIRECTION('',(-1.110223024625E-16,1.,0.));
#10125 = DIRECTION('',(-1.,-1.110223024625E-16,0.));
#10126 = ORIENTED_EDGE('',*,*,#9481,.T.);
#10127 = SURFACE_OF_REVOLUTION('',#10128,#10133);
#10128 = CIRCLE('',#10129,0.25);
#10129 = AXIS2_PLACEMENT_3D('',#10130,#10131,#10132);
#10130 = CARTESIAN_POINT('',(1.665334536938E-16,0.,1.35));
#10131 = DIRECTION('',(-0.,0.,1.));
#10132 = DIRECTION('',(1.110223024625E-16,-1.,0.));
#10133 = AXIS1_PLACEMENT('',#10134,#10135);
#10134 = CARTESIAN_POINT('',(0.5,4.,1.35));
#10135 = DIRECTION('',(-1.110223024625E-16,1.,0.));
#10136 = ADVANCED_FACE('',(#10137),#10143,.F.);
#10137 = FACE_BOUND('',#10138,.F.);
#10138 = EDGE_LOOP('',(#10139,#10140,#10141,#10142));
#10139 = ORIENTED_EDGE('',*,*,#10120,.F.);
#10140 = ORIENTED_EDGE('',*,*,#10087,.F.);
#10141 = ORIENTED_EDGE('',*,*,#9816,.F.);
#10142 = ORIENTED_EDGE('',*,*,#9362,.F.);
#10143 = SURFACE_OF_REVOLUTION('',#10144,#10149);
#10144 = CIRCLE('',#10145,0.25);
#10145 = AXIS2_PLACEMENT_3D('',#10146,#10147,#10148);
#10146 = CARTESIAN_POINT('',(1.665334536938E-16,0.,1.35));
#10147 = DIRECTION('',(-0.,0.,1.));
#10148 = DIRECTION('',(1.110223024625E-16,-1.,0.));
#10149 = AXIS1_PLACEMENT('',#10150,#10151);
#10150 = CARTESIAN_POINT('',(0.5,4.,1.35));
#10151 = DIRECTION('',(-1.110223024625E-16,1.,0.));
#10152 = ADVANCED_FACE('',(#10153),#10156,.T.);
#10153 = FACE_BOUND('',#10154,.F.);
#10154 = EDGE_LOOP('',(#10155));
#10155 = ORIENTED_EDGE('',*,*,#10104,.T.);
#10156 = PLANE('',#10157);
#10157 = AXIS2_PLACEMENT_3D('',#10158,#10159,#10160);
#10158 = CARTESIAN_POINT('',(1.942890293094E-16,-0.25,-2.));
#10159 = DIRECTION('',(0.,0.,-1.));
#10160 = DIRECTION('',(-1.110223024625E-16,1.,0.));
#10161 = ( GEOMETRIC_REPRESENTATION_CONTEXT(3) 
GLOBAL_UNCERTAINTY_ASSIGNED_CONTEXT((#10165)) 
GLOBAL_UNIT_ASSIGNED_CONTEXT((#10162,#10163,#10164)) 
REPRESENTATION_CONTEXT('Context #1',
  '3D Context with UNIT and UNCERTAINTY') );
#10162 = ( LENGTH_UNIT() NAMED_UNIT(*) SI_UNIT(.MILLI.,.METRE.) );
#10163 = ( NAMED_UNIT(*) PLANE_ANGLE_UNIT() SI_UNIT($,.RADIAN.) );
#10164 = ( NAMED_UNIT(*) SI_UNIT($,.STERADIAN.) SOLID_ANGLE_UNIT() );
#10165 = UNCERTAINTY_MEASURE_WITH_UNIT(LENGTH_MEASURE(1.E-07),#10162,
  'distance_accuracy_value','confusion accuracy');
#10166 = CONTEXT_DEPENDENT_SHAPE_REPRESENTATION(#10167,#10169);
#10167 = ( REPRESENTATION_RELATIONSHIP('','',#8870,#10) 
REPRESENTATION_RELATIONSHIP_WITH_TRANSFORMATION(#10168) 
SHAPE_REPRESENTATION_RELATIONSHIP() );
#10168 = ITEM_DEFINED_TRANSFORMATION('','',#11,#127);
#10169 = PRODUCT_DEFINITION_SHAPE('Placement','Placement of an item',
  #10170);
#10170 = NEXT_ASSEMBLY_USAGE_OCCURRENCE('29','C2','',#5,#8865,$);
#10171 = PRODUCT_RELATED_PRODUCT_CATEGORY('part',$,(#8867));
#10172 = CONTEXT_DEPENDENT_SHAPE_REPRESENTATION(#10173,#10175);
#10173 = ( REPRESENTATION_RELATIONSHIP('','',#176,#10) 
REPRESENTATION_RELATIONSHIP_WITH_TRANSFORMATION(#10174) 
SHAPE_REPRESENTATION_RELATIONSHIP() );
#10174 = ITEM_DEFINED_TRANSFORMATION('','',#11,#131);
#10175 = PRODUCT_DEFINITION_SHAPE('Placement','Placement of an item',
  #10176);
#10176 = NEXT_ASSEMBLY_USAGE_OCCURRENCE('30','R12','',#5,#171,$);
#10177 = CONTEXT_DEPENDENT_SHAPE_REPRESENTATION(#10178,#10180);
#10178 = ( REPRESENTATION_RELATIONSHIP('','',#3781,#10) 
REPRESENTATION_RELATIONSHIP_WITH_TRANSFORMATION(#10179) 
SHAPE_REPRESENTATION_RELATIONSHIP() );
#10179 = ITEM_DEFINED_TRANSFORMATION('','',#11,#135);
#10180 = PRODUCT_DEFINITION_SHAPE('Placement','Placement of an item',
  #10181);
#10181 = NEXT_ASSEMBLY_USAGE_OCCURRENCE('31','U2','',#5,#3776,$);
#10182 = CONTEXT_DEPENDENT_SHAPE_REPRESENTATION(#10183,#10185);
#10183 = ( REPRESENTATION_RELATIONSHIP('','',#176,#10) 
REPRESENTATION_RELATIONSHIP_WITH_TRANSFORMATION(#10184) 
SHAPE_REPRESENTATION_RELATIONSHIP() );
#10184 = ITEM_DEFINED_TRANSFORMATION('','',#11,#139);
#10185 = PRODUCT_DEFINITION_SHAPE('Placement','Placement of an item',
  #10186);
#10186 = NEXT_ASSEMBLY_USAGE_OCCURRENCE('32','R18','',#5,#171,$);
#10187 = CONTEXT_DEPENDENT_SHAPE_REPRESENTATION(#10188,#10190);
#10188 = ( REPRESENTATION_RELATIONSHIP('','',#176,#10) 
REPRESENTATION_RELATIONSHIP_WITH_TRANSFORMATION(#10189) 
SHAPE_REPRESENTATION_RELATIONSHIP() );
#10189 = ITEM_DEFINED_TRANSFORMATION('','',#11,#143);
#10190 = PRODUCT_DEFINITION_SHAPE('Placement','Placement of an item',
  #10191);
#10191 = NEXT_ASSEMBLY_USAGE_OCCURRENCE('33','R5','',#5,#171,$);
#10192 = CONTEXT_DEPENDENT_SHAPE_REPRESENTATION(#10193,#10195);
#10193 = ( REPRESENTATION_RELATIONSHIP('','',#176,#10) 
REPRESENTATION_RELATIONSHIP_WITH_TRANSFORMATION(#10194) 
SHAPE_REPRESENTATION_RELATIONSHIP() );
#10194 = ITEM_DEFINED_TRANSFORMATION('','',#11,#147);
#10195 = PRODUCT_DEFINITION_SHAPE('Placement','Placement of an item',
  #10196);
#10196 = NEXT_ASSEMBLY_USAGE_OCCURRENCE('34','R11','',#5,#171,$);
#10197 = CONTEXT_DEPENDENT_SHAPE_REPRESENTATION(#10198,#10200);
#10198 = ( REPRESENTATION_RELATIONSHIP('','',#8870,#10) 
REPRESENTATION_RELATIONSHIP_WITH_TRANSFORMATION(#10199) 
SHAPE_REPRESENTATION_RELATIONSHIP() );
#10199 = ITEM_DEFINED_TRANSFORMATION('','',#11,#151);
#10200 = PRODUCT_DEFINITION_SHAPE('Placement','Placement of an item',
  #10201);
#10201 = NEXT_ASSEMBLY_USAGE_OCCURRENCE('35','C1','',#5,#8865,$);
#10202 = CONTEXT_DEPENDENT_SHAPE_REPRESENTATION(#10203,#10205);
#10203 = ( REPRESENTATION_RELATIONSHIP('','',#176,#10) 
REPRESENTATION_RELATIONSHIP_WITH_TRANSFORMATION(#10204) 
SHAPE_REPRESENTATION_RELATIONSHIP() );
#10204 = ITEM_DEFINED_TRANSFORMATION('','',#11,#155);
#10205 = PRODUCT_DEFINITION_SHAPE('Placement','Placement of an item',
  #10206);
#10206 = NEXT_ASSEMBLY_USAGE_OCCURRENCE('36','R15','',#5,#171,$);
#10207 = SHAPE_DEFINITION_REPRESENTATION(#10208,#10214);
#10208 = PRODUCT_DEFINITION_SHAPE('','',#10209);
#10209 = PRODUCT_DEFINITION('design','',#10210,#10213);
#10210 = PRODUCT_DEFINITION_FORMATION('','',#10211);
#10211 = PRODUCT('mini-sps-leiterplatte-kicad_PCB',
  'mini-sps-leiterplatte-kicad_PCB','',(#10212));
#10212 = PRODUCT_CONTEXT('',#2,'mechanical');
#10213 = PRODUCT_DEFINITION_CONTEXT('part definition',#2,'design');
#10214 = ADVANCED_BREP_SHAPE_REPRESENTATION('',(#11,#10215),#15864);
#10215 = MANIFOLD_SOLID_BREP('',#10216);
#10216 = CLOSED_SHELL('',(#10217,#10257,#10288,#10319,#11887,#13455,
    #13467,#13484,#13501,#13518,#13535,#13552,#13569,#13586,#13603,
    #13620,#13637,#13654,#13671,#13688,#13705,#13722,#13739,#13756,
    #13773,#13790,#13807,#13824,#13841,#13858,#13875,#13892,#13909,
    #13926,#13943,#13960,#13977,#13994,#14011,#14028,#14045,#14062,
    #14079,#14096,#14113,#14130,#14147,#14164,#14181,#14198,#14215,
    #14232,#14249,#14266,#14283,#14300,#14317,#14334,#14351,#14368,
    #14385,#14402,#14419,#14436,#14453,#14470,#14487,#14504,#14521,
    #14538,#14555,#14572,#14589,#14606,#14623,#14640,#14657,#14674,
    #14691,#14708,#14725,#14742,#14759,#14776,#14793,#14810,#14827,
    #14844,#14861,#14878,#14895,#14912,#14929,#14946,#14963,#14980,
    #14997,#15014,#15031,#15048,#15065,#15082,#15099,#15116,#15133,
    #15150,#15167,#15184,#15201,#15218,#15235,#15252,#15269,#15286,
    #15303,#15320,#15337,#15354,#15371,#15388,#15405,#15422,#15439,
    #15456,#15473,#15490,#15507,#15524,#15541,#15558,#15575,#15592,
    #15609,#15626,#15643,#15660,#15677,#15694,#15711,#15728,#15745,
    #15762,#15779,#15796,#15813,#15830,#15847));
#10217 = ADVANCED_FACE('',(#10218),#10252,.T.);
#10218 = FACE_BOUND('',#10219,.T.);
#10219 = EDGE_LOOP('',(#10220,#10230,#10238,#10246));
#10220 = ORIENTED_EDGE('',*,*,#10221,.T.);
#10221 = EDGE_CURVE('',#10222,#10224,#10226,.T.);
#10222 = VERTEX_POINT('',#10223);
#10223 = CARTESIAN_POINT('',(194.488,-152.108,0.));
#10224 = VERTEX_POINT('',#10225);
#10225 = CARTESIAN_POINT('',(194.488,-152.108,1.51));
#10226 = LINE('',#10227,#10228);
#10227 = CARTESIAN_POINT('',(194.488,-152.108,0.));
#10228 = VECTOR('',#10229,1.);
#10229 = DIRECTION('',(0.,0.,1.));
#10230 = ORIENTED_EDGE('',*,*,#10231,.T.);
#10231 = EDGE_CURVE('',#10224,#10232,#10234,.T.);
#10232 = VERTEX_POINT('',#10233);
#10233 = CARTESIAN_POINT('',(94.488,-152.108,1.51));
#10234 = LINE('',#10235,#10236);
#10235 = CARTESIAN_POINT('',(194.488,-152.108,1.51));
#10236 = VECTOR('',#10237,1.);
#10237 = DIRECTION('',(-1.,0.,0.));
#10238 = ORIENTED_EDGE('',*,*,#10239,.F.);
#10239 = EDGE_CURVE('',#10240,#10232,#10242,.T.);
#10240 = VERTEX_POINT('',#10241);
#10241 = CARTESIAN_POINT('',(94.488,-152.108,0.));
#10242 = LINE('',#10243,#10244);
#10243 = CARTESIAN_POINT('',(94.488,-152.108,0.));
#10244 = VECTOR('',#10245,1.);
#10245 = DIRECTION('',(0.,0.,1.));
#10246 = ORIENTED_EDGE('',*,*,#10247,.F.);
#10247 = EDGE_CURVE('',#10222,#10240,#10248,.T.);
#10248 = LINE('',#10249,#10250);
#10249 = CARTESIAN_POINT('',(194.488,-152.108,0.));
#10250 = VECTOR('',#10251,1.);
#10251 = DIRECTION('',(-1.,0.,0.));
#10252 = PLANE('',#10253);
#10253 = AXIS2_PLACEMENT_3D('',#10254,#10255,#10256);
#10254 = CARTESIAN_POINT('',(194.488,-152.108,0.));
#10255 = DIRECTION('',(0.,-1.,0.));
#10256 = DIRECTION('',(-1.,0.,0.));
#10257 = ADVANCED_FACE('',(#10258),#10283,.T.);
#10258 = FACE_BOUND('',#10259,.T.);
#10259 = EDGE_LOOP('',(#10260,#10270,#10276,#10277));
#10260 = ORIENTED_EDGE('',*,*,#10261,.T.);
#10261 = EDGE_CURVE('',#10262,#10264,#10266,.T.);
#10262 = VERTEX_POINT('',#10263);
#10263 = CARTESIAN_POINT('',(194.488,-52.108,0.));
#10264 = VERTEX_POINT('',#10265);
#10265 = CARTESIAN_POINT('',(194.488,-52.108,1.51));
#10266 = LINE('',#10267,#10268);
#10267 = CARTESIAN_POINT('',(194.488,-52.108,0.));
#10268 = VECTOR('',#10269,1.);
#10269 = DIRECTION('',(0.,0.,1.));
#10270 = ORIENTED_EDGE('',*,*,#10271,.T.);
#10271 = EDGE_CURVE('',#10264,#10224,#10272,.T.);
#10272 = LINE('',#10273,#10274);
#10273 = CARTESIAN_POINT('',(194.488,-52.108,1.51));
#10274 = VECTOR('',#10275,1.);
#10275 = DIRECTION('',(0.,-1.,0.));
#10276 = ORIENTED_EDGE('',*,*,#10221,.F.);
#10277 = ORIENTED_EDGE('',*,*,#10278,.F.);
#10278 = EDGE_CURVE('',#10262,#10222,#10279,.T.);
#10279 = LINE('',#10280,#10281);
#10280 = CARTESIAN_POINT('',(194.488,-52.108,0.));
#10281 = VECTOR('',#10282,1.);
#10282 = DIRECTION('',(0.,-1.,0.));
#10283 = PLANE('',#10284);
#10284 = AXIS2_PLACEMENT_3D('',#10285,#10286,#10287);
#10285 = CARTESIAN_POINT('',(194.488,-52.108,0.));
#10286 = DIRECTION('',(1.,0.,-0.));
#10287 = DIRECTION('',(0.,-1.,0.));
#10288 = ADVANCED_FACE('',(#10289),#10314,.T.);
#10289 = FACE_BOUND('',#10290,.T.);
#10290 = EDGE_LOOP('',(#10291,#10292,#10300,#10308));
#10291 = ORIENTED_EDGE('',*,*,#10239,.T.);
#10292 = ORIENTED_EDGE('',*,*,#10293,.T.);
#10293 = EDGE_CURVE('',#10232,#10294,#10296,.T.);
#10294 = VERTEX_POINT('',#10295);
#10295 = CARTESIAN_POINT('',(94.488,-52.108,1.51));
#10296 = LINE('',#10297,#10298);
#10297 = CARTESIAN_POINT('',(94.488,-152.108,1.51));
#10298 = VECTOR('',#10299,1.);
#10299 = DIRECTION('',(0.,1.,0.));
#10300 = ORIENTED_EDGE('',*,*,#10301,.F.);
#10301 = EDGE_CURVE('',#10302,#10294,#10304,.T.);
#10302 = VERTEX_POINT('',#10303);
#10303 = CARTESIAN_POINT('',(94.488,-52.108,0.));
#10304 = LINE('',#10305,#10306);
#10305 = CARTESIAN_POINT('',(94.488,-52.108,0.));
#10306 = VECTOR('',#10307,1.);
#10307 = DIRECTION('',(0.,0.,1.));
#10308 = ORIENTED_EDGE('',*,*,#10309,.F.);
#10309 = EDGE_CURVE('',#10240,#10302,#10310,.T.);
#10310 = LINE('',#10311,#10312);
#10311 = CARTESIAN_POINT('',(94.488,-152.108,0.));
#10312 = VECTOR('',#10313,1.);
#10313 = DIRECTION('',(0.,1.,0.));
#10314 = PLANE('',#10315);
#10315 = AXIS2_PLACEMENT_3D('',#10316,#10317,#10318);
#10316 = CARTESIAN_POINT('',(94.488,-152.108,0.));
#10317 = DIRECTION('',(-1.,0.,0.));
#10318 = DIRECTION('',(0.,1.,0.));
#10319 = ADVANCED_FACE('',(#10320,#10331,#10342,#10353,#10364,#10375,
    #10386,#10397,#10408,#10419,#10430,#10441,#10452,#10463,#10474,
    #10485,#10496,#10507,#10518,#10529,#10540,#10551,#10562,#10573,
    #10584,#10595,#10606,#10617,#10628,#10639,#10650,#10661,#10672,
    #10683,#10694,#10705,#10716,#10727,#10738,#10749,#10760,#10771,
    #10782,#10793,#10804,#10815,#10826,#10837,#10848,#10859,#10870,
    #10881,#10892,#10903,#10914,#10925,#10936,#10947,#10958,#10969,
    #10980,#10991,#11002,#11013,#11024,#11035,#11046,#11057,#11068,
    #11079,#11090,#11101,#11112,#11123,#11134,#11145,#11156,#11167,
    #11178,#11189,#11200,#11211,#11222,#11233,#11244,#11255,#11266,
    #11277,#11288,#11299,#11310,#11321,#11332,#11343,#11354,#11365,
    #11376,#11387,#11398,#11409,#11420,#11431,#11442,#11453,#11464,
    #11475,#11486,#11497,#11508,#11519,#11530,#11541,#11552,#11563,
    #11574,#11585,#11596,#11607,#11618,#11629,#11640,#11651,#11662,
    #11673,#11684,#11695,#11706,#11717,#11728,#11739,#11750,#11761,
    #11772,#11783,#11794,#11805,#11816,#11827,#11838,#11849,#11860,
    #11871),#11882,.F.);
#10320 = FACE_BOUND('',#10321,.F.);
#10321 = EDGE_LOOP('',(#10322,#10323,#10324,#10330));
#10322 = ORIENTED_EDGE('',*,*,#10247,.F.);
#10323 = ORIENTED_EDGE('',*,*,#10278,.F.);
#10324 = ORIENTED_EDGE('',*,*,#10325,.F.);
#10325 = EDGE_CURVE('',#10302,#10262,#10326,.T.);
#10326 = LINE('',#10327,#10328);
#10327 = CARTESIAN_POINT('',(94.488,-52.108,0.));
#10328 = VECTOR('',#10329,1.);
#10329 = DIRECTION('',(1.,0.,0.));
#10330 = ORIENTED_EDGE('',*,*,#10309,.F.);
#10331 = FACE_BOUND('',#10332,.F.);
#10332 = EDGE_LOOP('',(#10333));
#10333 = ORIENTED_EDGE('',*,*,#10334,.T.);
#10334 = EDGE_CURVE('',#10335,#10335,#10337,.T.);
#10335 = VERTEX_POINT('',#10336);
#10336 = CARTESIAN_POINT('',(99.488,-148.608,0.));
#10337 = CIRCLE('',#10338,1.5);
#10338 = AXIS2_PLACEMENT_3D('',#10339,#10340,#10341);
#10339 = CARTESIAN_POINT('',(99.488,-147.108,0.));
#10340 = DIRECTION('',(-0.,0.,-1.));
#10341 = DIRECTION('',(-0.,-1.,0.));
#10342 = FACE_BOUND('',#10343,.F.);
#10343 = EDGE_LOOP('',(#10344));
#10344 = ORIENTED_EDGE('',*,*,#10345,.T.);
#10345 = EDGE_CURVE('',#10346,#10346,#10348,.T.);
#10346 = VERTEX_POINT('',#10347);
#10347 = CARTESIAN_POINT('',(104.71,-139.23,0.));
#10348 = CIRCLE('',#10349,0.8);
#10349 = AXIS2_PLACEMENT_3D('',#10350,#10351,#10352);
#10350 = CARTESIAN_POINT('',(104.71,-138.43,0.));
#10351 = DIRECTION('',(-0.,0.,-1.));
#10352 = DIRECTION('',(-1.7763568394E-14,-1.,0.));
#10353 = FACE_BOUND('',#10354,.F.);
#10354 = EDGE_LOOP('',(#10355));
#10355 = ORIENTED_EDGE('',*,*,#10356,.T.);
#10356 = EDGE_CURVE('',#10357,#10357,#10359,.T.);
#10357 = VERTEX_POINT('',#10358);
#10358 = CARTESIAN_POINT('',(109.79,-139.23,0.));
#10359 = CIRCLE('',#10360,0.8);
#10360 = AXIS2_PLACEMENT_3D('',#10361,#10362,#10363);
#10361 = CARTESIAN_POINT('',(109.79,-138.43,0.));
#10362 = DIRECTION('',(-0.,0.,-1.));
#10363 = DIRECTION('',(1.7763568394E-14,-1.,-0.));
#10364 = FACE_BOUND('',#10365,.F.);
#10365 = EDGE_LOOP('',(#10366));
#10366 = ORIENTED_EDGE('',*,*,#10367,.T.);
#10367 = EDGE_CURVE('',#10368,#10368,#10370,.T.);
#10368 = VERTEX_POINT('',#10369);
#10369 = CARTESIAN_POINT('',(114.87,-139.23,0.));
#10370 = CIRCLE('',#10371,0.8);
#10371 = AXIS2_PLACEMENT_3D('',#10372,#10373,#10374);
#10372 = CARTESIAN_POINT('',(114.87,-138.43,0.));
#10373 = DIRECTION('',(-0.,0.,-1.));
#10374 = DIRECTION('',(-0.,-1.,0.));
#10375 = FACE_BOUND('',#10376,.F.);
#10376 = EDGE_LOOP('',(#10377));
#10377 = ORIENTED_EDGE('',*,*,#10378,.T.);
#10378 = EDGE_CURVE('',#10379,#10379,#10381,.T.);
#10379 = VERTEX_POINT('',#10380);
#10380 = CARTESIAN_POINT('',(119.95,-139.23,0.));
#10381 = CIRCLE('',#10382,0.8);
#10382 = AXIS2_PLACEMENT_3D('',#10383,#10384,#10385);
#10383 = CARTESIAN_POINT('',(119.95,-138.43,0.));
#10384 = DIRECTION('',(-0.,0.,-1.));
#10385 = DIRECTION('',(-0.,-1.,0.));
#10386 = FACE_BOUND('',#10387,.F.);
#10387 = EDGE_LOOP('',(#10388));
#10388 = ORIENTED_EDGE('',*,*,#10389,.T.);
#10389 = EDGE_CURVE('',#10390,#10390,#10392,.T.);
#10390 = VERTEX_POINT('',#10391);
#10391 = CARTESIAN_POINT('',(104.738,-130.258,0.));
#10392 = CIRCLE('',#10393,0.4);
#10393 = AXIS2_PLACEMENT_3D('',#10394,#10395,#10396);
#10394 = CARTESIAN_POINT('',(104.738,-129.858,0.));
#10395 = DIRECTION('',(-0.,0.,-1.));
#10396 = DIRECTION('',(-0.,-1.,0.));
#10397 = FACE_BOUND('',#10398,.F.);
#10398 = EDGE_LOOP('',(#10399));
#10399 = ORIENTED_EDGE('',*,*,#10400,.T.);
#10400 = EDGE_CURVE('',#10401,#10401,#10403,.T.);
#10401 = VERTEX_POINT('',#10402);
#10402 = CARTESIAN_POINT('',(114.898,-130.258,0.));
#10403 = CIRCLE('',#10404,0.4);
#10404 = AXIS2_PLACEMENT_3D('',#10405,#10406,#10407);
#10405 = CARTESIAN_POINT('',(114.898,-129.858,0.));
#10406 = DIRECTION('',(-0.,0.,-1.));
#10407 = DIRECTION('',(-0.,-1.,0.));
#10408 = FACE_BOUND('',#10409,.F.);
#10409 = EDGE_LOOP('',(#10410));
#10410 = ORIENTED_EDGE('',*,*,#10411,.T.);
#10411 = EDGE_CURVE('',#10412,#10412,#10414,.T.);
#10412 = VERTEX_POINT('',#10413);
#10413 = CARTESIAN_POINT('',(111.738,-127.088,0.));
#10414 = CIRCLE('',#10415,0.4);
#10415 = AXIS2_PLACEMENT_3D('',#10416,#10417,#10418);
#10416 = CARTESIAN_POINT('',(111.738,-126.688,0.));
#10417 = DIRECTION('',(-0.,0.,-1.));
#10418 = DIRECTION('',(-0.,-1.,0.));
#10419 = FACE_BOUND('',#10420,.F.);
#10420 = EDGE_LOOP('',(#10421));
#10421 = ORIENTED_EDGE('',*,*,#10422,.T.);
#10422 = EDGE_CURVE('',#10423,#10423,#10425,.T.);
#10423 = VERTEX_POINT('',#10424);
#10424 = CARTESIAN_POINT('',(115.173,-126.283,0.));
#10425 = CIRCLE('',#10426,0.4);
#10426 = AXIS2_PLACEMENT_3D('',#10427,#10428,#10429);
#10427 = CARTESIAN_POINT('',(115.173,-125.883,0.));
#10428 = DIRECTION('',(-0.,0.,-1.));
#10429 = DIRECTION('',(-0.,-1.,0.));
#10430 = FACE_BOUND('',#10431,.F.);
#10431 = EDGE_LOOP('',(#10432));
#10432 = ORIENTED_EDGE('',*,*,#10433,.T.);
#10433 = EDGE_CURVE('',#10434,#10434,#10436,.T.);
#10434 = VERTEX_POINT('',#10435);
#10435 = CARTESIAN_POINT('',(125.03,-139.23,0.));
#10436 = CIRCLE('',#10437,0.8);
#10437 = AXIS2_PLACEMENT_3D('',#10438,#10439,#10440);
#10438 = CARTESIAN_POINT('',(125.03,-138.43,0.));
#10439 = DIRECTION('',(-0.,0.,-1.));
#10440 = DIRECTION('',(-0.,-1.,0.));
#10441 = FACE_BOUND('',#10442,.F.);
#10442 = EDGE_LOOP('',(#10443));
#10443 = ORIENTED_EDGE('',*,*,#10444,.T.);
#10444 = EDGE_CURVE('',#10445,#10445,#10447,.T.);
#10445 = VERTEX_POINT('',#10446);
#10446 = CARTESIAN_POINT('',(130.11,-139.23,0.));
#10447 = CIRCLE('',#10448,0.8);
#10448 = AXIS2_PLACEMENT_3D('',#10449,#10450,#10451);
#10449 = CARTESIAN_POINT('',(130.11,-138.43,0.));
#10450 = DIRECTION('',(-0.,0.,-1.));
#10451 = DIRECTION('',(-0.,-1.,0.));
#10452 = FACE_BOUND('',#10453,.F.);
#10453 = EDGE_LOOP('',(#10454));
#10454 = ORIENTED_EDGE('',*,*,#10455,.T.);
#10455 = EDGE_CURVE('',#10456,#10456,#10458,.T.);
#10456 = VERTEX_POINT('',#10457);
#10457 = CARTESIAN_POINT('',(135.19,-139.23,0.));
#10458 = CIRCLE('',#10459,0.8);
#10459 = AXIS2_PLACEMENT_3D('',#10460,#10461,#10462);
#10460 = CARTESIAN_POINT('',(135.19,-138.43,0.));
#10461 = DIRECTION('',(-0.,0.,-1.));
#10462 = DIRECTION('',(-0.,-1.,0.));
#10463 = FACE_BOUND('',#10464,.F.);
#10464 = EDGE_LOOP('',(#10465));
#10465 = ORIENTED_EDGE('',*,*,#10466,.T.);
#10466 = EDGE_CURVE('',#10467,#10467,#10469,.T.);
#10467 = VERTEX_POINT('',#10468);
#10468 = CARTESIAN_POINT('',(140.27,-139.23,0.));
#10469 = CIRCLE('',#10470,0.8);
#10470 = AXIS2_PLACEMENT_3D('',#10471,#10472,#10473);
#10471 = CARTESIAN_POINT('',(140.27,-138.43,0.));
#10472 = DIRECTION('',(-0.,0.,-1.));
#10473 = DIRECTION('',(3.5527136788E-14,-1.,-0.));
#10474 = FACE_BOUND('',#10475,.F.);
#10475 = EDGE_LOOP('',(#10476));
#10476 = ORIENTED_EDGE('',*,*,#10477,.T.);
#10477 = EDGE_CURVE('',#10478,#10478,#10480,.T.);
#10478 = VERTEX_POINT('',#10479);
#10479 = CARTESIAN_POINT('',(125.488,-131.668,0.));
#10480 = CIRCLE('',#10481,0.4);
#10481 = AXIS2_PLACEMENT_3D('',#10482,#10483,#10484);
#10482 = CARTESIAN_POINT('',(125.488,-131.268,0.));
#10483 = DIRECTION('',(-0.,0.,-1.));
#10484 = DIRECTION('',(-0.,-1.,0.));
#10485 = FACE_BOUND('',#10486,.F.);
#10486 = EDGE_LOOP('',(#10487));
#10487 = ORIENTED_EDGE('',*,*,#10488,.T.);
#10488 = EDGE_CURVE('',#10489,#10489,#10491,.T.);
#10489 = VERTEX_POINT('',#10490);
#10490 = CARTESIAN_POINT('',(122.793,-126.283,0.));
#10491 = CIRCLE('',#10492,0.4);
#10492 = AXIS2_PLACEMENT_3D('',#10493,#10494,#10495);
#10493 = CARTESIAN_POINT('',(122.793,-125.883,0.));
#10494 = DIRECTION('',(-0.,0.,-1.));
#10495 = DIRECTION('',(-0.,-1.,0.));
#10496 = FACE_BOUND('',#10497,.F.);
#10497 = EDGE_LOOP('',(#10498));
#10498 = ORIENTED_EDGE('',*,*,#10499,.T.);
#10499 = EDGE_CURVE('',#10500,#10500,#10502,.T.);
#10500 = VERTEX_POINT('',#10501);
#10501 = CARTESIAN_POINT('',(101.198,-125.628,0.));
#10502 = CIRCLE('',#10503,0.4);
#10503 = AXIS2_PLACEMENT_3D('',#10504,#10505,#10506);
#10504 = CARTESIAN_POINT('',(101.198,-125.228,0.));
#10505 = DIRECTION('',(-0.,0.,-1.));
#10506 = DIRECTION('',(-3.552713678801E-14,-1.,0.));
#10507 = FACE_BOUND('',#10508,.F.);
#10508 = EDGE_LOOP('',(#10509));
#10509 = ORIENTED_EDGE('',*,*,#10510,.T.);
#10510 = EDGE_CURVE('',#10511,#10511,#10513,.T.);
#10511 = VERTEX_POINT('',#10512);
#10512 = CARTESIAN_POINT('',(103.738,-125.628,0.));
#10513 = CIRCLE('',#10514,0.4);
#10514 = AXIS2_PLACEMENT_3D('',#10515,#10516,#10517);
#10515 = CARTESIAN_POINT('',(103.738,-125.228,0.));
#10516 = DIRECTION('',(-0.,0.,-1.));
#10517 = DIRECTION('',(-0.,-1.,0.));
#10518 = FACE_BOUND('',#10519,.F.);
#10519 = EDGE_LOOP('',(#10520));
#10520 = ORIENTED_EDGE('',*,*,#10521,.T.);
#10521 = EDGE_CURVE('',#10522,#10522,#10524,.T.);
#10522 = VERTEX_POINT('',#10523);
#10523 = CARTESIAN_POINT('',(101.198,-118.008,0.));
#10524 = CIRCLE('',#10525,0.4);
#10525 = AXIS2_PLACEMENT_3D('',#10526,#10527,#10528);
#10526 = CARTESIAN_POINT('',(101.198,-117.608,0.));
#10527 = DIRECTION('',(-0.,0.,-1.));
#10528 = DIRECTION('',(-3.552713678801E-14,-1.,0.));
#10529 = FACE_BOUND('',#10530,.F.);
#10530 = EDGE_LOOP('',(#10531));
#10531 = ORIENTED_EDGE('',*,*,#10532,.T.);
#10532 = EDGE_CURVE('',#10533,#10533,#10535,.T.);
#10533 = VERTEX_POINT('',#10534);
#10534 = CARTESIAN_POINT('',(103.738,-118.008,0.));
#10535 = CIRCLE('',#10536,0.4);
#10536 = AXIS2_PLACEMENT_3D('',#10537,#10538,#10539);
#10537 = CARTESIAN_POINT('',(103.738,-117.608,0.));
#10538 = DIRECTION('',(-0.,0.,-1.));
#10539 = DIRECTION('',(-0.,-1.,0.));
#10540 = FACE_BOUND('',#10541,.F.);
#10541 = EDGE_LOOP('',(#10542));
#10542 = ORIENTED_EDGE('',*,*,#10543,.T.);
#10543 = EDGE_CURVE('',#10544,#10544,#10546,.T.);
#10544 = VERTEX_POINT('',#10545);
#10545 = CARTESIAN_POINT('',(115.173,-123.743,0.));
#10546 = CIRCLE('',#10547,0.4);
#10547 = AXIS2_PLACEMENT_3D('',#10548,#10549,#10550);
#10548 = CARTESIAN_POINT('',(115.173,-123.343,0.));
#10549 = DIRECTION('',(-0.,0.,-1.));
#10550 = DIRECTION('',(-0.,-1.,0.));
#10551 = FACE_BOUND('',#10552,.F.);
#10552 = EDGE_LOOP('',(#10553));
#10553 = ORIENTED_EDGE('',*,*,#10554,.T.);
#10554 = EDGE_CURVE('',#10555,#10555,#10557,.T.);
#10555 = VERTEX_POINT('',#10556);
#10556 = CARTESIAN_POINT('',(117.238,-120.508,0.));
#10557 = CIRCLE('',#10558,0.4);
#10558 = AXIS2_PLACEMENT_3D('',#10559,#10560,#10561);
#10559 = CARTESIAN_POINT('',(117.238,-120.108,0.));
#10560 = DIRECTION('',(-0.,0.,-1.));
#10561 = DIRECTION('',(-0.,-1.,0.));
#10562 = FACE_BOUND('',#10563,.F.);
#10563 = EDGE_LOOP('',(#10564));
#10564 = ORIENTED_EDGE('',*,*,#10565,.T.);
#10565 = EDGE_CURVE('',#10566,#10566,#10568,.T.);
#10566 = VERTEX_POINT('',#10567);
#10567 = CARTESIAN_POINT('',(120.958224,-120.903027,0.));
#10568 = CIRCLE('',#10569,0.4);
#10569 = AXIS2_PLACEMENT_3D('',#10570,#10571,#10572);
#10570 = CARTESIAN_POINT('',(120.958224,-120.503027,0.));
#10571 = DIRECTION('',(-0.,0.,-1.));
#10572 = DIRECTION('',(-0.,-1.,0.));
#10573 = FACE_BOUND('',#10574,.F.);
#10574 = EDGE_LOOP('',(#10575));
#10575 = ORIENTED_EDGE('',*,*,#10576,.T.);
#10576 = EDGE_CURVE('',#10577,#10577,#10579,.T.);
#10577 = VERTEX_POINT('',#10578);
#10578 = CARTESIAN_POINT('',(111.738,-116.928,0.));
#10579 = CIRCLE('',#10580,0.4);
#10580 = AXIS2_PLACEMENT_3D('',#10581,#10582,#10583);
#10581 = CARTESIAN_POINT('',(111.738,-116.528,0.));
#10582 = DIRECTION('',(-0.,0.,-1.));
#10583 = DIRECTION('',(-0.,-1.,0.));
#10584 = FACE_BOUND('',#10585,.F.);
#10585 = EDGE_LOOP('',(#10586));
#10586 = ORIENTED_EDGE('',*,*,#10587,.T.);
#10587 = EDGE_CURVE('',#10588,#10588,#10590,.T.);
#10588 = VERTEX_POINT('',#10589);
#10589 = CARTESIAN_POINT('',(99.828,-112.758,0.));
#10590 = CIRCLE('',#10591,0.4);
#10591 = AXIS2_PLACEMENT_3D('',#10592,#10593,#10594);
#10592 = CARTESIAN_POINT('',(99.828,-112.358,0.));
#10593 = DIRECTION('',(-0.,0.,-1.));
#10594 = DIRECTION('',(-0.,-1.,0.));
#10595 = FACE_BOUND('',#10596,.F.);
#10596 = EDGE_LOOP('',(#10597));
#10597 = ORIENTED_EDGE('',*,*,#10598,.T.);
#10598 = EDGE_CURVE('',#10599,#10599,#10601,.T.);
#10599 = VERTEX_POINT('',#10600);
#10600 = CARTESIAN_POINT('',(105.90342,-107.29087,0.));
#10601 = CIRCLE('',#10602,0.45);
#10602 = AXIS2_PLACEMENT_3D('',#10603,#10604,#10605);
#10603 = CARTESIAN_POINT('',(105.90342,-106.84087,0.));
#10604 = DIRECTION('',(-0.,0.,-1.));
#10605 = DIRECTION('',(-0.,-1.,0.));
#10606 = FACE_BOUND('',#10607,.F.);
#10607 = EDGE_LOOP('',(#10608));
#10608 = ORIENTED_EDGE('',*,*,#10609,.T.);
#10609 = EDGE_CURVE('',#10610,#10610,#10612,.T.);
#10610 = VERTEX_POINT('',#10611);
#10611 = CARTESIAN_POINT('',(108.44342,-107.29087,0.));
#10612 = CIRCLE('',#10613,0.45);
#10613 = AXIS2_PLACEMENT_3D('',#10614,#10615,#10616);
#10614 = CARTESIAN_POINT('',(108.44342,-106.84087,0.));
#10615 = DIRECTION('',(-0.,0.,-1.));
#10616 = DIRECTION('',(-0.,-1.,0.));
#10617 = FACE_BOUND('',#10618,.F.);
#10618 = EDGE_LOOP('',(#10619));
#10619 = ORIENTED_EDGE('',*,*,#10620,.T.);
#10620 = EDGE_CURVE('',#10621,#10621,#10623,.T.);
#10621 = VERTEX_POINT('',#10622);
#10622 = CARTESIAN_POINT('',(109.988,-112.758,0.));
#10623 = CIRCLE('',#10624,0.4);
#10624 = AXIS2_PLACEMENT_3D('',#10625,#10626,#10627);
#10625 = CARTESIAN_POINT('',(109.988,-112.358,0.));
#10626 = DIRECTION('',(-0.,0.,-1.));
#10627 = DIRECTION('',(-0.,-1.,0.));
#10628 = FACE_BOUND('',#10629,.F.);
#10629 = EDGE_LOOP('',(#10630));
#10630 = ORIENTED_EDGE('',*,*,#10631,.T.);
#10631 = EDGE_CURVE('',#10632,#10632,#10634,.T.);
#10632 = VERTEX_POINT('',#10633);
#10633 = CARTESIAN_POINT('',(117.238,-110.348,0.));
#10634 = CIRCLE('',#10635,0.4);
#10635 = AXIS2_PLACEMENT_3D('',#10636,#10637,#10638);
#10636 = CARTESIAN_POINT('',(117.238,-109.948,0.));
#10637 = DIRECTION('',(-0.,0.,-1.));
#10638 = DIRECTION('',(-0.,-1.,0.));
#10639 = FACE_BOUND('',#10640,.F.);
#10640 = EDGE_LOOP('',(#10641));
#10641 = ORIENTED_EDGE('',*,*,#10642,.T.);
#10642 = EDGE_CURVE('',#10643,#10643,#10645,.T.);
#10643 = VERTEX_POINT('',#10644);
#10644 = CARTESIAN_POINT('',(120.958224,-110.743027,0.));
#10645 = CIRCLE('',#10646,0.4);
#10646 = AXIS2_PLACEMENT_3D('',#10647,#10648,#10649);
#10647 = CARTESIAN_POINT('',(120.958224,-110.343027,0.));
#10648 = DIRECTION('',(-0.,0.,-1.));
#10649 = DIRECTION('',(-0.,-1.,0.));
#10650 = FACE_BOUND('',#10651,.F.);
#10651 = EDGE_LOOP('',(#10652));
#10652 = ORIENTED_EDGE('',*,*,#10653,.T.);
#10653 = EDGE_CURVE('',#10654,#10654,#10656,.T.);
#10654 = VERTEX_POINT('',#10655);
#10655 = CARTESIAN_POINT('',(112.33,-107.23,0.));
#10656 = CIRCLE('',#10657,0.4);
#10657 = AXIS2_PLACEMENT_3D('',#10658,#10659,#10660);
#10658 = CARTESIAN_POINT('',(112.33,-106.83,0.));
#10659 = DIRECTION('',(-0.,0.,-1.));
#10660 = DIRECTION('',(-3.552713678801E-14,-1.,0.));
#10661 = FACE_BOUND('',#10662,.F.);
#10662 = EDGE_LOOP('',(#10663));
#10663 = ORIENTED_EDGE('',*,*,#10664,.T.);
#10664 = EDGE_CURVE('',#10665,#10665,#10667,.T.);
#10665 = VERTEX_POINT('',#10666);
#10666 = CARTESIAN_POINT('',(122.793,-123.743,0.));
#10667 = CIRCLE('',#10668,0.4);
#10668 = AXIS2_PLACEMENT_3D('',#10669,#10670,#10671);
#10669 = CARTESIAN_POINT('',(122.793,-123.343,0.));
#10670 = DIRECTION('',(-0.,0.,-1.));
#10671 = DIRECTION('',(-0.,-1.,0.));
#10672 = FACE_BOUND('',#10673,.F.);
#10673 = EDGE_LOOP('',(#10674));
#10674 = ORIENTED_EDGE('',*,*,#10675,.T.);
#10675 = EDGE_CURVE('',#10676,#10676,#10678,.T.);
#10676 = VERTEX_POINT('',#10677);
#10677 = CARTESIAN_POINT('',(125.488,-121.508,0.));
#10678 = CIRCLE('',#10679,0.4);
#10679 = AXIS2_PLACEMENT_3D('',#10680,#10681,#10682);
#10680 = CARTESIAN_POINT('',(125.488,-121.108,0.));
#10681 = DIRECTION('',(-0.,0.,-1.));
#10682 = DIRECTION('',(-0.,-1.,0.));
#10683 = FACE_BOUND('',#10684,.F.);
#10684 = EDGE_LOOP('',(#10685));
#10685 = ORIENTED_EDGE('',*,*,#10686,.T.);
#10686 = EDGE_CURVE('',#10687,#10687,#10689,.T.);
#10687 = VERTEX_POINT('',#10688);
#10688 = CARTESIAN_POINT('',(130.048,-123.336,0.));
#10689 = CIRCLE('',#10690,0.4);
#10690 = AXIS2_PLACEMENT_3D('',#10691,#10692,#10693);
#10691 = CARTESIAN_POINT('',(130.048,-122.936,0.));
#10692 = DIRECTION('',(-0.,0.,-1.));
#10693 = DIRECTION('',(-0.,-1.,0.));
#10694 = FACE_BOUND('',#10695,.F.);
#10695 = EDGE_LOOP('',(#10696));
#10696 = ORIENTED_EDGE('',*,*,#10697,.T.);
#10697 = EDGE_CURVE('',#10698,#10698,#10700,.T.);
#10698 = VERTEX_POINT('',#10699);
#10699 = CARTESIAN_POINT('',(124.213,-118.313,0.));
#10700 = CIRCLE('',#10701,0.4);
#10701 = AXIS2_PLACEMENT_3D('',#10702,#10703,#10704);
#10702 = CARTESIAN_POINT('',(124.213,-117.913,0.));
#10703 = DIRECTION('',(-0.,0.,-1.));
#10704 = DIRECTION('',(-0.,-1.,0.));
#10705 = FACE_BOUND('',#10706,.F.);
#10706 = EDGE_LOOP('',(#10707));
#10707 = ORIENTED_EDGE('',*,*,#10708,.T.);
#10708 = EDGE_CURVE('',#10709,#10709,#10711,.T.);
#10709 = VERTEX_POINT('',#10710);
#10710 = CARTESIAN_POINT('',(126.753,-118.313,0.));
#10711 = CIRCLE('',#10712,0.4);
#10712 = AXIS2_PLACEMENT_3D('',#10713,#10714,#10715);
#10713 = CARTESIAN_POINT('',(126.753,-117.913,0.));
#10714 = DIRECTION('',(-0.,0.,-1.));
#10715 = DIRECTION('',(-0.,-1.,0.));
#10716 = FACE_BOUND('',#10717,.F.);
#10717 = EDGE_LOOP('',(#10718));
#10718 = ORIENTED_EDGE('',*,*,#10719,.T.);
#10719 = EDGE_CURVE('',#10720,#10720,#10722,.T.);
#10720 = VERTEX_POINT('',#10721);
#10721 = CARTESIAN_POINT('',(124.213,-110.693,0.));
#10722 = CIRCLE('',#10723,0.4);
#10723 = AXIS2_PLACEMENT_3D('',#10724,#10725,#10726);
#10724 = CARTESIAN_POINT('',(124.213,-110.293,0.));
#10725 = DIRECTION('',(-0.,0.,-1.));
#10726 = DIRECTION('',(-0.,-1.,0.));
#10727 = FACE_BOUND('',#10728,.F.);
#10728 = EDGE_LOOP('',(#10729));
#10729 = ORIENTED_EDGE('',*,*,#10730,.T.);
#10730 = EDGE_CURVE('',#10731,#10731,#10733,.T.);
#10731 = VERTEX_POINT('',#10732);
#10732 = CARTESIAN_POINT('',(126.753,-110.693,0.));
#10733 = CIRCLE('',#10734,0.4);
#10734 = AXIS2_PLACEMENT_3D('',#10735,#10736,#10737);
#10735 = CARTESIAN_POINT('',(126.753,-110.293,0.));
#10736 = DIRECTION('',(-0.,0.,-1.));
#10737 = DIRECTION('',(-0.,-1.,0.));
#10738 = FACE_BOUND('',#10739,.F.);
#10739 = EDGE_LOOP('',(#10740));
#10740 = ORIENTED_EDGE('',*,*,#10741,.T.);
#10741 = EDGE_CURVE('',#10742,#10742,#10744,.T.);
#10742 = VERTEX_POINT('',#10743);
#10743 = CARTESIAN_POINT('',(130.048,-113.176,0.));
#10744 = CIRCLE('',#10745,0.4);
#10745 = AXIS2_PLACEMENT_3D('',#10746,#10747,#10748);
#10746 = CARTESIAN_POINT('',(130.048,-112.776,0.));
#10747 = DIRECTION('',(-0.,0.,-1.));
#10748 = DIRECTION('',(-0.,-1.,0.));
#10749 = FACE_BOUND('',#10750,.F.);
#10750 = EDGE_LOOP('',(#10751));
#10751 = ORIENTED_EDGE('',*,*,#10752,.T.);
#10752 = EDGE_CURVE('',#10753,#10753,#10755,.T.);
#10753 = VERTEX_POINT('',#10754);
#10754 = CARTESIAN_POINT('',(132.65,-110.89,0.));
#10755 = CIRCLE('',#10756,0.4);
#10756 = AXIS2_PLACEMENT_3D('',#10757,#10758,#10759);
#10757 = CARTESIAN_POINT('',(132.65,-110.49,0.));
#10758 = DIRECTION('',(-0.,0.,-1.));
#10759 = DIRECTION('',(-0.,-1.,0.));
#10760 = FACE_BOUND('',#10761,.F.);
#10761 = EDGE_LOOP('',(#10762));
#10762 = ORIENTED_EDGE('',*,*,#10763,.T.);
#10763 = EDGE_CURVE('',#10764,#10764,#10766,.T.);
#10764 = VERTEX_POINT('',#10765);
#10765 = CARTESIAN_POINT('',(122.49,-107.23,0.));
#10766 = CIRCLE('',#10767,0.4);
#10767 = AXIS2_PLACEMENT_3D('',#10768,#10769,#10770);
#10768 = CARTESIAN_POINT('',(122.49,-106.83,0.));
#10769 = DIRECTION('',(-0.,0.,-1.));
#10770 = DIRECTION('',(-3.552713678801E-14,-1.,0.));
#10771 = FACE_BOUND('',#10772,.F.);
#10772 = EDGE_LOOP('',(#10773));
#10773 = ORIENTED_EDGE('',*,*,#10774,.T.);
#10774 = EDGE_CURVE('',#10775,#10775,#10777,.T.);
#10775 = VERTEX_POINT('',#10776);
#10776 = CARTESIAN_POINT('',(137.73,-113.43,0.));
#10777 = CIRCLE('',#10778,0.4);
#10778 = AXIS2_PLACEMENT_3D('',#10779,#10780,#10781);
#10779 = CARTESIAN_POINT('',(137.73,-113.03,0.));
#10780 = DIRECTION('',(-0.,0.,-1.));
#10781 = DIRECTION('',(-7.105427357601E-14,-1.,0.));
#10782 = FACE_BOUND('',#10783,.F.);
#10783 = EDGE_LOOP('',(#10784));
#10784 = ORIENTED_EDGE('',*,*,#10785,.T.);
#10785 = EDGE_CURVE('',#10786,#10786,#10788,.T.);
#10786 = VERTEX_POINT('',#10787);
#10787 = CARTESIAN_POINT('',(140.27,-113.43,0.));
#10788 = CIRCLE('',#10789,0.4);
#10789 = AXIS2_PLACEMENT_3D('',#10790,#10791,#10792);
#10790 = CARTESIAN_POINT('',(140.27,-113.03,0.));
#10791 = DIRECTION('',(-0.,0.,-1.));
#10792 = DIRECTION('',(7.105427357601E-14,-1.,-0.));
#10793 = FACE_BOUND('',#10794,.F.);
#10794 = EDGE_LOOP('',(#10795));
#10795 = ORIENTED_EDGE('',*,*,#10796,.T.);
#10796 = EDGE_CURVE('',#10797,#10797,#10799,.T.);
#10797 = VERTEX_POINT('',#10798);
#10798 = CARTESIAN_POINT('',(142.81,-113.43,0.));
#10799 = CIRCLE('',#10800,0.4);
#10800 = AXIS2_PLACEMENT_3D('',#10801,#10802,#10803);
#10801 = CARTESIAN_POINT('',(142.81,-113.03,0.));
#10802 = DIRECTION('',(-0.,0.,-1.));
#10803 = DIRECTION('',(-0.,-1.,0.));
#10804 = FACE_BOUND('',#10805,.F.);
#10805 = EDGE_LOOP('',(#10806));
#10806 = ORIENTED_EDGE('',*,*,#10807,.T.);
#10807 = EDGE_CURVE('',#10808,#10808,#10810,.T.);
#10808 = VERTEX_POINT('',#10809);
#10809 = CARTESIAN_POINT('',(141.54,-108.35,0.));
#10810 = CIRCLE('',#10811,0.4);
#10811 = AXIS2_PLACEMENT_3D('',#10812,#10813,#10814);
#10812 = CARTESIAN_POINT('',(141.54,-107.95,0.));
#10813 = DIRECTION('',(-0.,0.,-1.));
#10814 = DIRECTION('',(-0.,-1.,0.));
#10815 = FACE_BOUND('',#10816,.F.);
#10816 = EDGE_LOOP('',(#10817));
#10817 = ORIENTED_EDGE('',*,*,#10818,.T.);
#10818 = EDGE_CURVE('',#10819,#10819,#10821,.T.);
#10819 = VERTEX_POINT('',#10820);
#10820 = CARTESIAN_POINT('',(145.35,-139.23,0.));
#10821 = CIRCLE('',#10822,0.8);
#10822 = AXIS2_PLACEMENT_3D('',#10823,#10824,#10825);
#10823 = CARTESIAN_POINT('',(145.35,-138.43,0.));
#10824 = DIRECTION('',(-0.,0.,-1.));
#10825 = DIRECTION('',(-3.552713678801E-14,-1.,0.));
#10826 = FACE_BOUND('',#10827,.F.);
#10827 = EDGE_LOOP('',(#10828));
#10828 = ORIENTED_EDGE('',*,*,#10829,.T.);
#10829 = EDGE_CURVE('',#10830,#10830,#10832,.T.);
#10830 = VERTEX_POINT('',#10831);
#10831 = CARTESIAN_POINT('',(150.43,-139.23,0.));
#10832 = CIRCLE('',#10833,0.8);
#10833 = AXIS2_PLACEMENT_3D('',#10834,#10835,#10836);
#10834 = CARTESIAN_POINT('',(150.43,-138.43,0.));
#10835 = DIRECTION('',(-0.,0.,-1.));
#10836 = DIRECTION('',(-0.,-1.,0.));
#10837 = FACE_BOUND('',#10838,.F.);
#10838 = EDGE_LOOP('',(#10839));
#10839 = ORIENTED_EDGE('',*,*,#10840,.T.);
#10840 = EDGE_CURVE('',#10841,#10841,#10843,.T.);
#10841 = VERTEX_POINT('',#10842);
#10842 = CARTESIAN_POINT('',(155.51,-139.23,0.));
#10843 = CIRCLE('',#10844,0.8);
#10844 = AXIS2_PLACEMENT_3D('',#10845,#10846,#10847);
#10845 = CARTESIAN_POINT('',(155.51,-138.43,0.));
#10846 = DIRECTION('',(-0.,0.,-1.));
#10847 = DIRECTION('',(-0.,-1.,0.));
#10848 = FACE_BOUND('',#10849,.F.);
#10849 = EDGE_LOOP('',(#10850));
#10850 = ORIENTED_EDGE('',*,*,#10851,.T.);
#10851 = EDGE_CURVE('',#10852,#10852,#10854,.T.);
#10852 = VERTEX_POINT('',#10853);
#10853 = CARTESIAN_POINT('',(160.59,-139.23,0.));
#10854 = CIRCLE('',#10855,0.8);
#10855 = AXIS2_PLACEMENT_3D('',#10856,#10857,#10858);
#10856 = CARTESIAN_POINT('',(160.59,-138.43,0.));
#10857 = DIRECTION('',(-0.,0.,-1.));
#10858 = DIRECTION('',(3.5527136788E-14,-1.,-0.));
#10859 = FACE_BOUND('',#10860,.F.);
#10860 = EDGE_LOOP('',(#10861));
#10861 = ORIENTED_EDGE('',*,*,#10862,.T.);
#10862 = EDGE_CURVE('',#10863,#10863,#10865,.T.);
#10863 = VERTEX_POINT('',#10864);
#10864 = CARTESIAN_POINT('',(165.67,-139.23,0.));
#10865 = CIRCLE('',#10866,0.8);
#10866 = AXIS2_PLACEMENT_3D('',#10867,#10868,#10869);
#10867 = CARTESIAN_POINT('',(165.67,-138.43,0.));
#10868 = DIRECTION('',(-0.,0.,-1.));
#10869 = DIRECTION('',(-3.552713678801E-14,-1.,0.));
#10870 = FACE_BOUND('',#10871,.F.);
#10871 = EDGE_LOOP('',(#10872));
#10872 = ORIENTED_EDGE('',*,*,#10873,.T.);
#10873 = EDGE_CURVE('',#10874,#10874,#10876,.T.);
#10874 = VERTEX_POINT('',#10875);
#10875 = CARTESIAN_POINT('',(153.67,-127.66,0.));
#10876 = CIRCLE('',#10877,0.66);
#10877 = AXIS2_PLACEMENT_3D('',#10878,#10879,#10880);
#10878 = CARTESIAN_POINT('',(153.67,-127.,0.));
#10879 = DIRECTION('',(-0.,0.,-1.));
#10880 = DIRECTION('',(-4.306319610667E-14,-1.,0.));
#10881 = FACE_BOUND('',#10882,.F.);
#10882 = EDGE_LOOP('',(#10883));
#10883 = ORIENTED_EDGE('',*,*,#10884,.T.);
#10884 = EDGE_CURVE('',#10885,#10885,#10887,.T.);
#10885 = VERTEX_POINT('',#10886);
#10886 = CARTESIAN_POINT('',(165.67,-127.66,0.));
#10887 = CIRCLE('',#10888,0.66);
#10888 = AXIS2_PLACEMENT_3D('',#10889,#10890,#10891);
#10889 = CARTESIAN_POINT('',(165.67,-127.,0.));
#10890 = DIRECTION('',(-0.,0.,-1.));
#10891 = DIRECTION('',(-4.306319610667E-14,-1.,0.));
#10892 = FACE_BOUND('',#10893,.F.);
#10893 = EDGE_LOOP('',(#10894));
#10894 = ORIENTED_EDGE('',*,*,#10895,.T.);
#10895 = EDGE_CURVE('',#10896,#10896,#10898,.T.);
#10896 = VERTEX_POINT('',#10897);
#10897 = CARTESIAN_POINT('',(170.75,-139.23,0.));
#10898 = CIRCLE('',#10899,0.8);
#10899 = AXIS2_PLACEMENT_3D('',#10900,#10901,#10902);
#10900 = CARTESIAN_POINT('',(170.75,-138.43,0.));
#10901 = DIRECTION('',(-0.,0.,-1.));
#10902 = DIRECTION('',(-0.,-1.,0.));
#10903 = FACE_BOUND('',#10904,.F.);
#10904 = EDGE_LOOP('',(#10905));
#10905 = ORIENTED_EDGE('',*,*,#10906,.T.);
#10906 = EDGE_CURVE('',#10907,#10907,#10909,.T.);
#10907 = VERTEX_POINT('',#10908);
#10908 = CARTESIAN_POINT('',(175.83,-139.23,0.));
#10909 = CIRCLE('',#10910,0.8);
#10910 = AXIS2_PLACEMENT_3D('',#10911,#10912,#10913);
#10911 = CARTESIAN_POINT('',(175.83,-138.43,0.));
#10912 = DIRECTION('',(-0.,0.,-1.));
#10913 = DIRECTION('',(3.5527136788E-14,-1.,-0.));
#10914 = FACE_BOUND('',#10915,.F.);
#10915 = EDGE_LOOP('',(#10916));
#10916 = ORIENTED_EDGE('',*,*,#10917,.T.);
#10917 = EDGE_CURVE('',#10918,#10918,#10920,.T.);
#10918 = VERTEX_POINT('',#10919);
#10919 = CARTESIAN_POINT('',(189.488,-148.608,0.));
#10920 = CIRCLE('',#10921,1.5);
#10921 = AXIS2_PLACEMENT_3D('',#10922,#10923,#10924);
#10922 = CARTESIAN_POINT('',(189.488,-147.108,0.));
#10923 = DIRECTION('',(-0.,0.,-1.));
#10924 = DIRECTION('',(-0.,-1.,0.));
#10925 = FACE_BOUND('',#10926,.F.);
#10926 = EDGE_LOOP('',(#10927));
#10927 = ORIENTED_EDGE('',*,*,#10928,.T.);
#10928 = EDGE_CURVE('',#10929,#10929,#10931,.T.);
#10929 = VERTEX_POINT('',#10930);
#10930 = CARTESIAN_POINT('',(180.91,-139.23,0.));
#10931 = CIRCLE('',#10932,0.8);
#10932 = AXIS2_PLACEMENT_3D('',#10933,#10934,#10935);
#10933 = CARTESIAN_POINT('',(180.91,-138.43,0.));
#10934 = DIRECTION('',(-0.,0.,-1.));
#10935 = DIRECTION('',(-3.552713678801E-14,-1.,0.));
#10936 = FACE_BOUND('',#10937,.F.);
#10937 = EDGE_LOOP('',(#10938));
#10938 = ORIENTED_EDGE('',*,*,#10939,.T.);
#10939 = EDGE_CURVE('',#10940,#10940,#10942,.T.);
#10940 = VERTEX_POINT('',#10941);
#10941 = CARTESIAN_POINT('',(171.45,-127.66,0.));
#10942 = CIRCLE('',#10943,0.66);
#10943 = AXIS2_PLACEMENT_3D('',#10944,#10945,#10946);
#10944 = CARTESIAN_POINT('',(171.45,-127.,0.));
#10945 = DIRECTION('',(-0.,0.,-1.));
#10946 = DIRECTION('',(-0.,-1.,0.));
#10947 = FACE_BOUND('',#10948,.F.);
#10948 = EDGE_LOOP('',(#10949));
#10949 = ORIENTED_EDGE('',*,*,#10950,.T.);
#10950 = EDGE_CURVE('',#10951,#10951,#10953,.T.);
#10951 = VERTEX_POINT('',#10952);
#10952 = CARTESIAN_POINT('',(183.45,-127.66,0.));
#10953 = CIRCLE('',#10954,0.66);
#10954 = AXIS2_PLACEMENT_3D('',#10955,#10956,#10957);
#10955 = CARTESIAN_POINT('',(183.45,-127.,0.));
#10956 = DIRECTION('',(-0.,0.,-1.));
#10957 = DIRECTION('',(-0.,-1.,0.));
#10958 = FACE_BOUND('',#10959,.F.);
#10959 = EDGE_LOOP('',(#10960));
#10960 = ORIENTED_EDGE('',*,*,#10961,.T.);
#10961 = EDGE_CURVE('',#10962,#10962,#10964,.T.);
#10962 = VERTEX_POINT('',#10963);
#10963 = CARTESIAN_POINT('',(153.67,-115.46,0.));
#10964 = CIRCLE('',#10965,0.66);
#10965 = AXIS2_PLACEMENT_3D('',#10966,#10967,#10968);
#10966 = CARTESIAN_POINT('',(153.67,-114.8,0.));
#10967 = DIRECTION('',(-0.,0.,-1.));
#10968 = DIRECTION('',(-4.306319610667E-14,-1.,0.));
#10969 = FACE_BOUND('',#10970,.F.);
#10970 = EDGE_LOOP('',(#10971));
#10971 = ORIENTED_EDGE('',*,*,#10972,.T.);
#10972 = EDGE_CURVE('',#10973,#10973,#10975,.T.);
#10973 = VERTEX_POINT('',#10974);
#10974 = CARTESIAN_POINT('',(165.67,-115.46,0.));
#10975 = CIRCLE('',#10976,0.66);
#10976 = AXIS2_PLACEMENT_3D('',#10977,#10978,#10979);
#10977 = CARTESIAN_POINT('',(165.67,-114.8,0.));
#10978 = DIRECTION('',(-0.,0.,-1.));
#10979 = DIRECTION('',(-4.306319610667E-14,-1.,0.));
#10980 = FACE_BOUND('',#10981,.F.);
#10981 = EDGE_LOOP('',(#10982));
#10982 = ORIENTED_EDGE('',*,*,#10983,.T.);
#10983 = EDGE_CURVE('',#10984,#10984,#10986,.T.);
#10984 = VERTEX_POINT('',#10985);
#10985 = CARTESIAN_POINT('',(145.288,-113.176,0.));
#10986 = CIRCLE('',#10987,0.4);
#10987 = AXIS2_PLACEMENT_3D('',#10988,#10989,#10990);
#10988 = CARTESIAN_POINT('',(145.288,-112.776,0.));
#10989 = DIRECTION('',(-0.,0.,-1.));
#10990 = DIRECTION('',(-0.,-1.,0.));
#10991 = FACE_BOUND('',#10992,.F.);
#10992 = EDGE_LOOP('',(#10993));
#10993 = ORIENTED_EDGE('',*,*,#10994,.T.);
#10994 = EDGE_CURVE('',#10995,#10995,#10997,.T.);
#10995 = VERTEX_POINT('',#10996);
#10996 = CARTESIAN_POINT('',(147.828,-113.176,0.));
#10997 = CIRCLE('',#10998,0.4);
#10998 = AXIS2_PLACEMENT_3D('',#10999,#11000,#11001);
#10999 = CARTESIAN_POINT('',(147.828,-112.776,0.));
#11000 = DIRECTION('',(-0.,0.,-1.));
#11001 = DIRECTION('',(-0.,-1.,0.));
#11002 = FACE_BOUND('',#11003,.F.);
#11003 = EDGE_LOOP('',(#11004));
#11004 = ORIENTED_EDGE('',*,*,#11005,.T.);
#11005 = EDGE_CURVE('',#11006,#11006,#11008,.T.);
#11006 = VERTEX_POINT('',#11007);
#11007 = CARTESIAN_POINT('',(146.812,-109.62,0.));
#11008 = CIRCLE('',#11009,0.4);
#11009 = AXIS2_PLACEMENT_3D('',#11010,#11011,#11012);
#11010 = CARTESIAN_POINT('',(146.812,-109.22,0.));
#11011 = DIRECTION('',(-0.,0.,-1.));
#11012 = DIRECTION('',(-0.,-1.,0.));
#11013 = FACE_BOUND('',#11014,.F.);
#11014 = EDGE_LOOP('',(#11015));
#11015 = ORIENTED_EDGE('',*,*,#11016,.T.);
#11016 = EDGE_CURVE('',#11017,#11017,#11019,.T.);
#11017 = VERTEX_POINT('',#11018);
#11018 = CARTESIAN_POINT('',(150.368,-113.176,0.));
#11019 = CIRCLE('',#11020,0.4);
#11020 = AXIS2_PLACEMENT_3D('',#11021,#11022,#11023);
#11021 = CARTESIAN_POINT('',(150.368,-112.776,0.));
#11022 = DIRECTION('',(-0.,0.,-1.));
#11023 = DIRECTION('',(-0.,-1.,0.));
#11024 = FACE_BOUND('',#11025,.F.);
#11025 = EDGE_LOOP('',(#11026));
#11026 = ORIENTED_EDGE('',*,*,#11027,.T.);
#11027 = EDGE_CURVE('',#11028,#11028,#11030,.T.);
#11028 = VERTEX_POINT('',#11029);
#11029 = CARTESIAN_POINT('',(151.7,-108.55,0.));
#11030 = CIRCLE('',#11031,0.6);
#11031 = AXIS2_PLACEMENT_3D('',#11032,#11033,#11034);
#11032 = CARTESIAN_POINT('',(151.7,-107.95,0.));
#11033 = DIRECTION('',(-0.,0.,-1.));
#11034 = DIRECTION('',(-0.,-1.,0.));
#11035 = FACE_BOUND('',#11036,.F.);
#11036 = EDGE_LOOP('',(#11037));
#11037 = ORIENTED_EDGE('',*,*,#11038,.T.);
#11038 = EDGE_CURVE('',#11039,#11039,#11041,.T.);
#11039 = VERTEX_POINT('',#11040);
#11040 = CARTESIAN_POINT('',(159.67,-113.445,0.));
#11041 = CIRCLE('',#11042,0.645);
#11042 = AXIS2_PLACEMENT_3D('',#11043,#11044,#11045);
#11043 = CARTESIAN_POINT('',(159.67,-112.8,0.));
#11044 = DIRECTION('',(-0.,0.,-1.));
#11045 = DIRECTION('',(-4.406466578357E-14,-1.,0.));
#11046 = FACE_BOUND('',#11047,.F.);
#11047 = EDGE_LOOP('',(#11048));
#11048 = ORIENTED_EDGE('',*,*,#11049,.T.);
#11049 = EDGE_CURVE('',#11050,#11050,#11052,.T.);
#11050 = VERTEX_POINT('',#11051);
#11051 = CARTESIAN_POINT('',(166.94,-108.55,0.));
#11052 = CIRCLE('',#11053,0.6);
#11053 = AXIS2_PLACEMENT_3D('',#11054,#11055,#11056);
#11054 = CARTESIAN_POINT('',(166.94,-107.95,0.));
#11055 = DIRECTION('',(-0.,0.,-1.));
#11056 = DIRECTION('',(-0.,-1.,0.));
#11057 = FACE_BOUND('',#11058,.F.);
#11058 = EDGE_LOOP('',(#11059));
#11059 = ORIENTED_EDGE('',*,*,#11060,.T.);
#11060 = EDGE_CURVE('',#11061,#11061,#11063,.T.);
#11061 = VERTEX_POINT('',#11062);
#11062 = CARTESIAN_POINT('',(171.45,-115.46,0.));
#11063 = CIRCLE('',#11064,0.66);
#11064 = AXIS2_PLACEMENT_3D('',#11065,#11066,#11067);
#11065 = CARTESIAN_POINT('',(171.45,-114.8,0.));
#11066 = DIRECTION('',(-0.,0.,-1.));
#11067 = DIRECTION('',(-0.,-1.,0.));
#11068 = FACE_BOUND('',#11069,.F.);
#11069 = EDGE_LOOP('',(#11070));
#11070 = ORIENTED_EDGE('',*,*,#11071,.T.);
#11071 = EDGE_CURVE('',#11072,#11072,#11074,.T.);
#11072 = VERTEX_POINT('',#11073);
#11073 = CARTESIAN_POINT('',(183.45,-115.46,0.));
#11074 = CIRCLE('',#11075,0.66);
#11075 = AXIS2_PLACEMENT_3D('',#11076,#11077,#11078);
#11076 = CARTESIAN_POINT('',(183.45,-114.8,0.));
#11077 = DIRECTION('',(-0.,0.,-1.));
#11078 = DIRECTION('',(-0.,-1.,0.));
#11079 = FACE_BOUND('',#11080,.F.);
#11080 = EDGE_LOOP('',(#11081));
#11081 = ORIENTED_EDGE('',*,*,#11082,.T.);
#11082 = EDGE_CURVE('',#11083,#11083,#11085,.T.);
#11083 = VERTEX_POINT('',#11084);
#11084 = CARTESIAN_POINT('',(170.75,-108.55,0.));
#11085 = CIRCLE('',#11086,0.6);
#11086 = AXIS2_PLACEMENT_3D('',#11087,#11088,#11089);
#11087 = CARTESIAN_POINT('',(170.75,-107.95,0.));
#11088 = DIRECTION('',(-0.,0.,-1.));
#11089 = DIRECTION('',(-0.,-1.,0.));
#11090 = FACE_BOUND('',#11091,.F.);
#11091 = EDGE_LOOP('',(#11092));
#11092 = ORIENTED_EDGE('',*,*,#11093,.T.);
#11093 = EDGE_CURVE('',#11094,#11094,#11096,.T.);
#11094 = VERTEX_POINT('',#11095);
#11095 = CARTESIAN_POINT('',(177.45,-113.445,0.));
#11096 = CIRCLE('',#11097,0.645);
#11097 = AXIS2_PLACEMENT_3D('',#11098,#11099,#11100);
#11098 = CARTESIAN_POINT('',(177.45,-112.8,0.));
#11099 = DIRECTION('',(-0.,0.,-1.));
#11100 = DIRECTION('',(-0.,-1.,0.));
#11101 = FACE_BOUND('',#11102,.F.);
#11102 = EDGE_LOOP('',(#11103));
#11103 = ORIENTED_EDGE('',*,*,#11104,.T.);
#11104 = EDGE_CURVE('',#11105,#11105,#11107,.T.);
#11105 = VERTEX_POINT('',#11106);
#11106 = CARTESIAN_POINT('',(185.99,-108.55,0.));
#11107 = CIRCLE('',#11108,0.6);
#11108 = AXIS2_PLACEMENT_3D('',#11109,#11110,#11111);
#11109 = CARTESIAN_POINT('',(185.99,-107.95,0.));
#11110 = DIRECTION('',(-0.,0.,-1.));
#11111 = DIRECTION('',(-0.,-1.,0.));
#11112 = FACE_BOUND('',#11113,.F.);
#11113 = EDGE_LOOP('',(#11114));
#11114 = ORIENTED_EDGE('',*,*,#11115,.T.);
#11115 = EDGE_CURVE('',#11116,#11116,#11118,.T.);
#11116 = VERTEX_POINT('',#11117);
#11117 = CARTESIAN_POINT('',(105.98,-99.66,0.));
#11118 = CIRCLE('',#11119,0.45);
#11119 = AXIS2_PLACEMENT_3D('',#11120,#11121,#11122);
#11120 = CARTESIAN_POINT('',(105.98,-99.21,0.));
#11121 = DIRECTION('',(-0.,0.,-1.));
#11122 = DIRECTION('',(-0.,-1.,0.));
#11123 = FACE_BOUND('',#11124,.F.);
#11124 = EDGE_LOOP('',(#11125));
#11125 = ORIENTED_EDGE('',*,*,#11126,.T.);
#11126 = EDGE_CURVE('',#11127,#11127,#11129,.T.);
#11127 = VERTEX_POINT('',#11128);
#11128 = CARTESIAN_POINT('',(108.52,-99.66,0.));
#11129 = CIRCLE('',#11130,0.45);
#11130 = AXIS2_PLACEMENT_3D('',#11131,#11132,#11133);
#11131 = CARTESIAN_POINT('',(108.52,-99.21,0.));
#11132 = DIRECTION('',(-0.,0.,-1.));
#11133 = DIRECTION('',(-0.,-1.,0.));
#11134 = FACE_BOUND('',#11135,.F.);
#11135 = EDGE_LOOP('',(#11136));
#11136 = ORIENTED_EDGE('',*,*,#11137,.T.);
#11137 = EDGE_CURVE('',#11138,#11138,#11140,.T.);
#11138 = VERTEX_POINT('',#11139);
#11139 = CARTESIAN_POINT('',(105.98,-92.19,0.));
#11140 = CIRCLE('',#11141,0.45);
#11141 = AXIS2_PLACEMENT_3D('',#11142,#11143,#11144);
#11142 = CARTESIAN_POINT('',(105.98,-91.74,0.));
#11143 = DIRECTION('',(-0.,0.,-1.));
#11144 = DIRECTION('',(-0.,-1.,0.));
#11145 = FACE_BOUND('',#11146,.F.);
#11146 = EDGE_LOOP('',(#11147));
#11147 = ORIENTED_EDGE('',*,*,#11148,.T.);
#11148 = EDGE_CURVE('',#11149,#11149,#11151,.T.);
#11149 = VERTEX_POINT('',#11150);
#11150 = CARTESIAN_POINT('',(108.52,-92.19,0.));
#11151 = CIRCLE('',#11152,0.45);
#11152 = AXIS2_PLACEMENT_3D('',#11153,#11154,#11155);
#11153 = CARTESIAN_POINT('',(108.52,-91.74,0.));
#11154 = DIRECTION('',(-0.,0.,-1.));
#11155 = DIRECTION('',(-0.,-1.,0.));
#11156 = FACE_BOUND('',#11157,.F.);
#11157 = EDGE_LOOP('',(#11158));
#11158 = ORIENTED_EDGE('',*,*,#11159,.T.);
#11159 = EDGE_CURVE('',#11160,#11160,#11162,.T.);
#11160 = VERTEX_POINT('',#11161);
#11161 = CARTESIAN_POINT('',(112.33,-99.61,0.));
#11162 = CIRCLE('',#11163,0.4);
#11163 = AXIS2_PLACEMENT_3D('',#11164,#11165,#11166);
#11164 = CARTESIAN_POINT('',(112.33,-99.21,0.));
#11165 = DIRECTION('',(-0.,0.,-1.));
#11166 = DIRECTION('',(-3.552713678801E-14,-1.,0.));
#11167 = FACE_BOUND('',#11168,.F.);
#11168 = EDGE_LOOP('',(#11169));
#11169 = ORIENTED_EDGE('',*,*,#11170,.T.);
#11170 = EDGE_CURVE('',#11171,#11171,#11173,.T.);
#11171 = VERTEX_POINT('',#11172);
#11172 = CARTESIAN_POINT('',(112.776,-95.904,0.));
#11173 = CIRCLE('',#11174,0.4);
#11174 = AXIS2_PLACEMENT_3D('',#11175,#11176,#11177);
#11175 = CARTESIAN_POINT('',(112.776,-95.504,0.));
#11176 = DIRECTION('',(-0.,0.,-1.));
#11177 = DIRECTION('',(-3.552713678801E-14,-1.,0.));
#11178 = FACE_BOUND('',#11179,.F.);
#11179 = EDGE_LOOP('',(#11180));
#11180 = ORIENTED_EDGE('',*,*,#11181,.T.);
#11181 = EDGE_CURVE('',#11182,#11182,#11184,.T.);
#11182 = VERTEX_POINT('',#11183);
#11183 = CARTESIAN_POINT('',(112.345995,-92.14,0.));
#11184 = CIRCLE('',#11185,0.4);
#11185 = AXIS2_PLACEMENT_3D('',#11186,#11187,#11188);
#11186 = CARTESIAN_POINT('',(112.345995,-91.74,0.));
#11187 = DIRECTION('',(-0.,0.,-1.));
#11188 = DIRECTION('',(3.5527136788E-14,-1.,-0.));
#11189 = FACE_BOUND('',#11190,.F.);
#11190 = EDGE_LOOP('',(#11191));
#11191 = ORIENTED_EDGE('',*,*,#11192,.T.);
#11192 = EDGE_CURVE('',#11193,#11193,#11195,.T.);
#11193 = VERTEX_POINT('',#11194);
#11194 = CARTESIAN_POINT('',(100.828,-85.508,0.));
#11195 = CIRCLE('',#11196,0.4);
#11196 = AXIS2_PLACEMENT_3D('',#11197,#11198,#11199);
#11197 = CARTESIAN_POINT('',(100.828,-85.108,0.));
#11198 = DIRECTION('',(-0.,0.,-1.));
#11199 = DIRECTION('',(-0.,-1.,0.));
#11200 = FACE_BOUND('',#11201,.F.);
#11201 = EDGE_LOOP('',(#11202));
#11202 = ORIENTED_EDGE('',*,*,#11203,.T.);
#11203 = EDGE_CURVE('',#11204,#11204,#11206,.T.);
#11204 = VERTEX_POINT('',#11205);
#11205 = CARTESIAN_POINT('',(110.988,-85.508,0.));
#11206 = CIRCLE('',#11207,0.4);
#11207 = AXIS2_PLACEMENT_3D('',#11208,#11209,#11210);
#11208 = CARTESIAN_POINT('',(110.988,-85.108,0.));
#11209 = DIRECTION('',(-0.,0.,-1.));
#11210 = DIRECTION('',(-0.,-1.,0.));
#11211 = FACE_BOUND('',#11212,.F.);
#11212 = EDGE_LOOP('',(#11213));
#11213 = ORIENTED_EDGE('',*,*,#11214,.T.);
#11214 = EDGE_CURVE('',#11215,#11215,#11217,.T.);
#11215 = VERTEX_POINT('',#11216);
#11216 = CARTESIAN_POINT('',(113.488,-82.588,0.));
#11217 = CIRCLE('',#11218,0.4);
#11218 = AXIS2_PLACEMENT_3D('',#11219,#11220,#11221);
#11219 = CARTESIAN_POINT('',(113.488,-82.188,0.));
#11220 = DIRECTION('',(-0.,0.,-1.));
#11221 = DIRECTION('',(-0.,-1.,0.));
#11222 = FACE_BOUND('',#11223,.F.);
#11223 = EDGE_LOOP('',(#11224));
#11224 = ORIENTED_EDGE('',*,*,#11225,.T.);
#11225 = EDGE_CURVE('',#11226,#11226,#11228,.T.);
#11226 = VERTEX_POINT('',#11227);
#11227 = CARTESIAN_POINT('',(122.49,-99.61,0.));
#11228 = CIRCLE('',#11229,0.4);
#11229 = AXIS2_PLACEMENT_3D('',#11230,#11231,#11232);
#11230 = CARTESIAN_POINT('',(122.49,-99.21,0.));
#11231 = DIRECTION('',(-0.,0.,-1.));
#11232 = DIRECTION('',(-3.552713678801E-14,-1.,0.));
#11233 = FACE_BOUND('',#11234,.F.);
#11234 = EDGE_LOOP('',(#11235));
#11235 = ORIENTED_EDGE('',*,*,#11236,.T.);
#11236 = EDGE_CURVE('',#11237,#11237,#11239,.T.);
#11237 = VERTEX_POINT('',#11238);
#11238 = CARTESIAN_POINT('',(132.65,-100.73,0.));
#11239 = CIRCLE('',#11240,0.4);
#11240 = AXIS2_PLACEMENT_3D('',#11241,#11242,#11243);
#11241 = CARTESIAN_POINT('',(132.65,-100.33,0.));
#11242 = DIRECTION('',(-0.,0.,-1.));
#11243 = DIRECTION('',(-0.,-1.,0.));
#11244 = FACE_BOUND('',#11245,.F.);
#11245 = EDGE_LOOP('',(#11246));
#11246 = ORIENTED_EDGE('',*,*,#11247,.T.);
#11247 = EDGE_CURVE('',#11248,#11248,#11250,.T.);
#11248 = VERTEX_POINT('',#11249);
#11249 = CARTESIAN_POINT('',(132.65,-98.19,0.));
#11250 = CIRCLE('',#11251,0.4);
#11251 = AXIS2_PLACEMENT_3D('',#11252,#11253,#11254);
#11252 = CARTESIAN_POINT('',(132.65,-97.79,0.));
#11253 = DIRECTION('',(-0.,0.,-1.));
#11254 = DIRECTION('',(-0.,-1.,0.));
#11255 = FACE_BOUND('',#11256,.F.);
#11256 = EDGE_LOOP('',(#11257));
#11257 = ORIENTED_EDGE('',*,*,#11258,.T.);
#11258 = EDGE_CURVE('',#11259,#11259,#11261,.T.);
#11259 = VERTEX_POINT('',#11260);
#11260 = CARTESIAN_POINT('',(122.936,-95.904,0.));
#11261 = CIRCLE('',#11262,0.4);
#11262 = AXIS2_PLACEMENT_3D('',#11263,#11264,#11265);
#11263 = CARTESIAN_POINT('',(122.936,-95.504,0.));
#11264 = DIRECTION('',(-0.,0.,-1.));
#11265 = DIRECTION('',(-0.,-1.,0.));
#11266 = FACE_BOUND('',#11267,.F.);
#11267 = EDGE_LOOP('',(#11268));
#11268 = ORIENTED_EDGE('',*,*,#11269,.T.);
#11269 = EDGE_CURVE('',#11270,#11270,#11272,.T.);
#11270 = VERTEX_POINT('',#11271);
#11271 = CARTESIAN_POINT('',(122.505995,-92.14,0.));
#11272 = CIRCLE('',#11273,0.4);
#11273 = AXIS2_PLACEMENT_3D('',#11274,#11275,#11276);
#11274 = CARTESIAN_POINT('',(122.505995,-91.74,0.));
#11275 = DIRECTION('',(-0.,0.,-1.));
#11276 = DIRECTION('',(-0.,-1.,0.));
#11277 = FACE_BOUND('',#11278,.F.);
#11278 = EDGE_LOOP('',(#11279));
#11279 = ORIENTED_EDGE('',*,*,#11280,.T.);
#11280 = EDGE_CURVE('',#11281,#11281,#11283,.T.);
#11281 = VERTEX_POINT('',#11282);
#11282 = CARTESIAN_POINT('',(141.54,-98.19,0.));
#11283 = CIRCLE('',#11284,0.4);
#11284 = AXIS2_PLACEMENT_3D('',#11285,#11286,#11287);
#11285 = CARTESIAN_POINT('',(141.54,-97.79,0.));
#11286 = DIRECTION('',(-0.,0.,-1.));
#11287 = DIRECTION('',(-0.,-1.,0.));
#11288 = FACE_BOUND('',#11289,.F.);
#11289 = EDGE_LOOP('',(#11290));
#11290 = ORIENTED_EDGE('',*,*,#11291,.T.);
#11291 = EDGE_CURVE('',#11292,#11292,#11294,.T.);
#11292 = VERTEX_POINT('',#11293);
#11293 = CARTESIAN_POINT('',(140.27,-93.21,0.));
#11294 = CIRCLE('',#11295,0.5);
#11295 = AXIS2_PLACEMENT_3D('',#11296,#11297,#11298);
#11296 = CARTESIAN_POINT('',(140.27,-92.71,0.));
#11297 = DIRECTION('',(-0.,0.,-1.));
#11298 = DIRECTION('',(-0.,-1.,0.));
#11299 = FACE_BOUND('',#11300,.F.);
#11300 = EDGE_LOOP('',(#11301));
#11301 = ORIENTED_EDGE('',*,*,#11302,.T.);
#11302 = EDGE_CURVE('',#11303,#11303,#11305,.T.);
#11303 = VERTEX_POINT('',#11304);
#11304 = CARTESIAN_POINT('',(142.81,-93.21,0.));
#11305 = CIRCLE('',#11306,0.5);
#11306 = AXIS2_PLACEMENT_3D('',#11307,#11308,#11309);
#11307 = CARTESIAN_POINT('',(142.81,-92.71,0.));
#11308 = DIRECTION('',(-0.,0.,-1.));
#11309 = DIRECTION('',(-0.,-1.,0.));
#11310 = FACE_BOUND('',#11311,.F.);
#11311 = EDGE_LOOP('',(#11312));
#11312 = ORIENTED_EDGE('',*,*,#11313,.T.);
#11313 = EDGE_CURVE('',#11314,#11314,#11316,.T.);
#11314 = VERTEX_POINT('',#11315);
#11315 = CARTESIAN_POINT('',(132.65,-88.03,0.));
#11316 = CIRCLE('',#11317,0.4);
#11317 = AXIS2_PLACEMENT_3D('',#11318,#11319,#11320);
#11318 = CARTESIAN_POINT('',(132.65,-87.63,0.));
#11319 = DIRECTION('',(-0.,0.,-1.));
#11320 = DIRECTION('',(-0.,-1.,0.));
#11321 = FACE_BOUND('',#11322,.F.);
#11322 = EDGE_LOOP('',(#11323));
#11323 = ORIENTED_EDGE('',*,*,#11324,.T.);
#11324 = EDGE_CURVE('',#11325,#11325,#11327,.T.);
#11325 = VERTEX_POINT('',#11326);
#11326 = CARTESIAN_POINT('',(122.49,-83.15,0.));
#11327 = CIRCLE('',#11328,0.6);
#11328 = AXIS2_PLACEMENT_3D('',#11329,#11330,#11331);
#11329 = CARTESIAN_POINT('',(122.49,-82.55,0.));
#11330 = DIRECTION('',(-0.,0.,-1.));
#11331 = DIRECTION('',(-2.368475785867E-14,-1.,0.));
#11332 = FACE_BOUND('',#11333,.F.);
#11333 = EDGE_LOOP('',(#11334));
#11334 = ORIENTED_EDGE('',*,*,#11335,.T.);
#11335 = EDGE_CURVE('',#11336,#11336,#11338,.T.);
#11336 = VERTEX_POINT('',#11337);
#11337 = CARTESIAN_POINT('',(127.49,-83.15,0.));
#11338 = CIRCLE('',#11339,0.6);
#11339 = AXIS2_PLACEMENT_3D('',#11340,#11341,#11342);
#11340 = CARTESIAN_POINT('',(127.49,-82.55,0.));
#11341 = DIRECTION('',(-0.,0.,-1.));
#11342 = DIRECTION('',(-2.368475785867E-14,-1.,0.));
#11343 = FACE_BOUND('',#11344,.F.);
#11344 = EDGE_LOOP('',(#11345));
#11345 = ORIENTED_EDGE('',*,*,#11346,.T.);
#11346 = EDGE_CURVE('',#11347,#11347,#11349,.T.);
#11347 = VERTEX_POINT('',#11348);
#11348 = CARTESIAN_POINT('',(113.488,-72.428,0.));
#11349 = CIRCLE('',#11350,0.4);
#11350 = AXIS2_PLACEMENT_3D('',#11351,#11352,#11353);
#11351 = CARTESIAN_POINT('',(113.488,-72.028,0.));
#11352 = DIRECTION('',(-0.,0.,-1.));
#11353 = DIRECTION('',(-0.,-1.,0.));
#11354 = FACE_BOUND('',#11355,.F.);
#11355 = EDGE_LOOP('',(#11356));
#11356 = ORIENTED_EDGE('',*,*,#11357,.T.);
#11357 = EDGE_CURVE('',#11358,#11358,#11360,.T.);
#11358 = VERTEX_POINT('',#11359);
#11359 = CARTESIAN_POINT('',(118.76,-72.79,0.));
#11360 = CIRCLE('',#11361,0.4);
#11361 = AXIS2_PLACEMENT_3D('',#11362,#11363,#11364);
#11362 = CARTESIAN_POINT('',(118.76,-72.39,0.));
#11363 = DIRECTION('',(-0.,0.,-1.));
#11364 = DIRECTION('',(3.5527136788E-14,-1.,-0.));
#11365 = FACE_BOUND('',#11366,.F.);
#11366 = EDGE_LOOP('',(#11367));
#11367 = ORIENTED_EDGE('',*,*,#11368,.T.);
#11368 = EDGE_CURVE('',#11369,#11369,#11371,.T.);
#11369 = VERTEX_POINT('',#11370);
#11370 = CARTESIAN_POINT('',(118.8,-68.98,0.));
#11371 = CIRCLE('',#11372,0.4);
#11372 = AXIS2_PLACEMENT_3D('',#11373,#11374,#11375);
#11373 = CARTESIAN_POINT('',(118.8,-68.58,0.));
#11374 = DIRECTION('',(-0.,0.,-1.));
#11375 = DIRECTION('',(-3.552713678801E-14,-1.,0.));
#11376 = FACE_BOUND('',#11377,.F.);
#11377 = EDGE_LOOP('',(#11378));
#11378 = ORIENTED_EDGE('',*,*,#11379,.T.);
#11379 = EDGE_CURVE('',#11380,#11380,#11382,.T.);
#11380 = VERTEX_POINT('',#11381);
#11381 = CARTESIAN_POINT('',(99.488,-58.608,0.));
#11382 = CIRCLE('',#11383,1.5);
#11383 = AXIS2_PLACEMENT_3D('',#11384,#11385,#11386);
#11384 = CARTESIAN_POINT('',(99.488,-57.108,0.));
#11385 = DIRECTION('',(-0.,0.,-1.));
#11386 = DIRECTION('',(-0.,-1.,0.));
#11387 = FACE_BOUND('',#11388,.F.);
#11388 = EDGE_LOOP('',(#11389));
#11389 = ORIENTED_EDGE('',*,*,#11390,.T.);
#11390 = EDGE_CURVE('',#11391,#11391,#11393,.T.);
#11391 = VERTEX_POINT('',#11392);
#11392 = CARTESIAN_POINT('',(123.76,-72.79,0.));
#11393 = CIRCLE('',#11394,0.4);
#11394 = AXIS2_PLACEMENT_3D('',#11395,#11396,#11397);
#11395 = CARTESIAN_POINT('',(123.76,-72.39,0.));
#11396 = DIRECTION('',(-0.,0.,-1.));
#11397 = DIRECTION('',(3.5527136788E-14,-1.,-0.));
#11398 = FACE_BOUND('',#11399,.F.);
#11399 = EDGE_LOOP('',(#11400));
#11400 = ORIENTED_EDGE('',*,*,#11401,.T.);
#11401 = EDGE_CURVE('',#11402,#11402,#11404,.T.);
#11402 = VERTEX_POINT('',#11403);
#11403 = CARTESIAN_POINT('',(123.8,-68.98,0.));
#11404 = CIRCLE('',#11405,0.4);
#11405 = AXIS2_PLACEMENT_3D('',#11406,#11407,#11408);
#11406 = CARTESIAN_POINT('',(123.8,-68.58,0.));
#11407 = DIRECTION('',(-0.,0.,-1.));
#11408 = DIRECTION('',(-3.552713678801E-14,-1.,0.));
#11409 = FACE_BOUND('',#11410,.F.);
#11410 = EDGE_LOOP('',(#11411));
#11411 = ORIENTED_EDGE('',*,*,#11412,.T.);
#11412 = EDGE_CURVE('',#11413,#11413,#11415,.T.);
#11413 = VERTEX_POINT('',#11414);
#11414 = CARTESIAN_POINT('',(140.27,-77.97,0.));
#11415 = CIRCLE('',#11416,0.5);
#11416 = AXIS2_PLACEMENT_3D('',#11417,#11418,#11419);
#11417 = CARTESIAN_POINT('',(140.27,-77.47,0.));
#11418 = DIRECTION('',(-0.,0.,-1.));
#11419 = DIRECTION('',(-0.,-1.,0.));
#11420 = FACE_BOUND('',#11421,.F.);
#11421 = EDGE_LOOP('',(#11422));
#11422 = ORIENTED_EDGE('',*,*,#11423,.T.);
#11423 = EDGE_CURVE('',#11424,#11424,#11426,.T.);
#11424 = VERTEX_POINT('',#11425);
#11425 = CARTESIAN_POINT('',(142.81,-77.97,0.));
#11426 = CIRCLE('',#11427,0.5);
#11427 = AXIS2_PLACEMENT_3D('',#11428,#11429,#11430);
#11428 = CARTESIAN_POINT('',(142.81,-77.47,0.));
#11429 = DIRECTION('',(-0.,0.,-1.));
#11430 = DIRECTION('',(-0.,-1.,0.));
#11431 = FACE_BOUND('',#11432,.F.);
#11432 = EDGE_LOOP('',(#11433));
#11433 = ORIENTED_EDGE('',*,*,#11434,.T.);
#11434 = EDGE_CURVE('',#11435,#11435,#11437,.T.);
#11435 = VERTEX_POINT('',#11436);
#11436 = CARTESIAN_POINT('',(140.208,-57.512,0.));
#11437 = CIRCLE('',#11438,0.55);
#11438 = AXIS2_PLACEMENT_3D('',#11439,#11440,#11441);
#11439 = CARTESIAN_POINT('',(140.208,-56.962,0.));
#11440 = DIRECTION('',(-0.,0.,-1.));
#11441 = DIRECTION('',(-0.,-1.,0.));
#11442 = FACE_BOUND('',#11443,.F.);
#11443 = EDGE_LOOP('',(#11444));
#11444 = ORIENTED_EDGE('',*,*,#11445,.T.);
#11445 = EDGE_CURVE('',#11446,#11446,#11448,.T.);
#11446 = VERTEX_POINT('',#11447);
#11447 = CARTESIAN_POINT('',(142.748,-57.512,0.));
#11448 = CIRCLE('',#11449,0.55);
#11449 = AXIS2_PLACEMENT_3D('',#11450,#11451,#11452);
#11450 = CARTESIAN_POINT('',(142.748,-56.962,0.));
#11451 = DIRECTION('',(-0.,0.,-1.));
#11452 = DIRECTION('',(-0.,-1.,0.));
#11453 = FACE_BOUND('',#11454,.F.);
#11454 = EDGE_LOOP('',(#11455));
#11455 = ORIENTED_EDGE('',*,*,#11456,.T.);
#11456 = EDGE_CURVE('',#11457,#11457,#11459,.T.);
#11457 = VERTEX_POINT('',#11458);
#11458 = CARTESIAN_POINT('',(146.812,-99.46,0.));
#11459 = CIRCLE('',#11460,0.4);
#11460 = AXIS2_PLACEMENT_3D('',#11461,#11462,#11463);
#11461 = CARTESIAN_POINT('',(146.812,-99.06,0.));
#11462 = DIRECTION('',(-0.,0.,-1.));
#11463 = DIRECTION('',(-0.,-1.,0.));
#11464 = FACE_BOUND('',#11465,.F.);
#11465 = EDGE_LOOP('',(#11466));
#11466 = ORIENTED_EDGE('',*,*,#11467,.T.);
#11467 = EDGE_CURVE('',#11468,#11468,#11470,.T.);
#11468 = VERTEX_POINT('',#11469);
#11469 = CARTESIAN_POINT('',(145.35,-93.21,0.));
#11470 = CIRCLE('',#11471,0.5);
#11471 = AXIS2_PLACEMENT_3D('',#11472,#11473,#11474);
#11472 = CARTESIAN_POINT('',(145.35,-92.71,0.));
#11473 = DIRECTION('',(-0.,0.,-1.));
#11474 = DIRECTION('',(-0.,-1.,0.));
#11475 = FACE_BOUND('',#11476,.F.);
#11476 = EDGE_LOOP('',(#11477));
#11477 = ORIENTED_EDGE('',*,*,#11478,.T.);
#11478 = EDGE_CURVE('',#11479,#11479,#11481,.T.);
#11479 = VERTEX_POINT('',#11480);
#11480 = CARTESIAN_POINT('',(147.89,-93.21,0.));
#11481 = CIRCLE('',#11482,0.5);
#11482 = AXIS2_PLACEMENT_3D('',#11483,#11484,#11485);
#11483 = CARTESIAN_POINT('',(147.89,-92.71,0.));
#11484 = DIRECTION('',(-0.,0.,-1.));
#11485 = DIRECTION('',(-0.,-1.,0.));
#11486 = FACE_BOUND('',#11487,.F.);
#11487 = EDGE_LOOP('',(#11488));
#11488 = ORIENTED_EDGE('',*,*,#11489,.T.);
#11489 = EDGE_CURVE('',#11490,#11490,#11492,.T.);
#11490 = VERTEX_POINT('',#11491);
#11491 = CARTESIAN_POINT('',(150.43,-93.21,0.));
#11492 = CIRCLE('',#11493,0.5);
#11493 = AXIS2_PLACEMENT_3D('',#11494,#11495,#11496);
#11494 = CARTESIAN_POINT('',(150.43,-92.71,0.));
#11495 = DIRECTION('',(-0.,0.,-1.));
#11496 = DIRECTION('',(-0.,-1.,0.));
#11497 = FACE_BOUND('',#11498,.F.);
#11498 = EDGE_LOOP('',(#11499));
#11499 = ORIENTED_EDGE('',*,*,#11500,.T.);
#11500 = EDGE_CURVE('',#11501,#11501,#11503,.T.);
#11501 = VERTEX_POINT('',#11502);
#11502 = CARTESIAN_POINT('',(152.97,-93.21,0.));
#11503 = CIRCLE('',#11504,0.5);
#11504 = AXIS2_PLACEMENT_3D('',#11505,#11506,#11507);
#11505 = CARTESIAN_POINT('',(152.97,-92.71,0.));
#11506 = DIRECTION('',(-0.,0.,-1.));
#11507 = DIRECTION('',(-0.,-1.,0.));
#11508 = FACE_BOUND('',#11509,.F.);
#11509 = EDGE_LOOP('',(#11510));
#11510 = ORIENTED_EDGE('',*,*,#11511,.T.);
#11511 = EDGE_CURVE('',#11512,#11512,#11514,.T.);
#11512 = VERTEX_POINT('',#11513);
#11513 = CARTESIAN_POINT('',(155.51,-93.21,0.));
#11514 = CIRCLE('',#11515,0.5);
#11515 = AXIS2_PLACEMENT_3D('',#11516,#11517,#11518);
#11516 = CARTESIAN_POINT('',(155.51,-92.71,0.));
#11517 = DIRECTION('',(-0.,0.,-1.));
#11518 = DIRECTION('',(-0.,-1.,0.));
#11519 = FACE_BOUND('',#11520,.F.);
#11520 = EDGE_LOOP('',(#11521));
#11521 = ORIENTED_EDGE('',*,*,#11522,.T.);
#11522 = EDGE_CURVE('',#11523,#11523,#11525,.T.);
#11523 = VERTEX_POINT('',#11524);
#11524 = CARTESIAN_POINT('',(158.115,-101.365,0.));
#11525 = CIRCLE('',#11526,0.4);
#11526 = AXIS2_PLACEMENT_3D('',#11527,#11528,#11529);
#11527 = CARTESIAN_POINT('',(158.115,-100.965,0.));
#11528 = DIRECTION('',(-0.,0.,-1.));
#11529 = DIRECTION('',(-0.,-1.,0.));
#11530 = FACE_BOUND('',#11531,.F.);
#11531 = EDGE_LOOP('',(#11532));
#11532 = ORIENTED_EDGE('',*,*,#11533,.T.);
#11533 = EDGE_CURVE('',#11534,#11534,#11536,.T.);
#11534 = VERTEX_POINT('',#11535);
#11535 = CARTESIAN_POINT('',(162.052,-97.936,0.));
#11536 = CIRCLE('',#11537,0.4);
#11537 = AXIS2_PLACEMENT_3D('',#11538,#11539,#11540);
#11538 = CARTESIAN_POINT('',(162.052,-97.536,0.));
#11539 = DIRECTION('',(-0.,0.,-1.));
#11540 = DIRECTION('',(-0.,-1.,0.));
#11541 = FACE_BOUND('',#11542,.F.);
#11542 = EDGE_LOOP('',(#11543));
#11543 = ORIENTED_EDGE('',*,*,#11544,.T.);
#11544 = EDGE_CURVE('',#11545,#11545,#11547,.T.);
#11545 = VERTEX_POINT('',#11546);
#11546 = CARTESIAN_POINT('',(158.05,-93.21,0.));
#11547 = CIRCLE('',#11548,0.5);
#11548 = AXIS2_PLACEMENT_3D('',#11549,#11550,#11551);
#11549 = CARTESIAN_POINT('',(158.05,-92.71,0.));
#11550 = DIRECTION('',(-0.,0.,-1.));
#11551 = DIRECTION('',(-0.,-1.,0.));
#11552 = FACE_BOUND('',#11553,.F.);
#11553 = EDGE_LOOP('',(#11554));
#11554 = ORIENTED_EDGE('',*,*,#11555,.T.);
#11555 = EDGE_CURVE('',#11556,#11556,#11558,.T.);
#11556 = VERTEX_POINT('',#11557);
#11557 = CARTESIAN_POINT('',(160.59,-93.21,0.));
#11558 = CIRCLE('',#11559,0.5);
#11559 = AXIS2_PLACEMENT_3D('',#11560,#11561,#11562);
#11560 = CARTESIAN_POINT('',(160.59,-92.71,0.));
#11561 = DIRECTION('',(-0.,0.,-1.));
#11562 = DIRECTION('',(-0.,-1.,0.));
#11563 = FACE_BOUND('',#11564,.F.);
#11564 = EDGE_LOOP('',(#11565));
#11565 = ORIENTED_EDGE('',*,*,#11566,.T.);
#11566 = EDGE_CURVE('',#11567,#11567,#11569,.T.);
#11567 = VERTEX_POINT('',#11568);
#11568 = CARTESIAN_POINT('',(163.13,-93.21,0.));
#11569 = CIRCLE('',#11570,0.5);
#11570 = AXIS2_PLACEMENT_3D('',#11571,#11572,#11573);
#11571 = CARTESIAN_POINT('',(163.13,-92.71,0.));
#11572 = DIRECTION('',(-0.,0.,-1.));
#11573 = DIRECTION('',(-0.,-1.,0.));
#11574 = FACE_BOUND('',#11575,.F.);
#11575 = EDGE_LOOP('',(#11576));
#11576 = ORIENTED_EDGE('',*,*,#11577,.T.);
#11577 = EDGE_CURVE('',#11578,#11578,#11580,.T.);
#11578 = VERTEX_POINT('',#11579);
#11579 = CARTESIAN_POINT('',(165.67,-93.21,0.));
#11580 = CIRCLE('',#11581,0.5);
#11581 = AXIS2_PLACEMENT_3D('',#11582,#11583,#11584);
#11582 = CARTESIAN_POINT('',(165.67,-92.71,0.));
#11583 = DIRECTION('',(-0.,0.,-1.));
#11584 = DIRECTION('',(-0.,-1.,0.));
#11585 = FACE_BOUND('',#11586,.F.);
#11586 = EDGE_LOOP('',(#11587));
#11587 = ORIENTED_EDGE('',*,*,#11588,.T.);
#11588 = EDGE_CURVE('',#11589,#11589,#11591,.T.);
#11589 = VERTEX_POINT('',#11590);
#11590 = CARTESIAN_POINT('',(168.275,-101.365,0.));
#11591 = CIRCLE('',#11592,0.4);
#11592 = AXIS2_PLACEMENT_3D('',#11593,#11594,#11595);
#11593 = CARTESIAN_POINT('',(168.275,-100.965,0.));
#11594 = DIRECTION('',(-0.,0.,-1.));
#11595 = DIRECTION('',(-0.,-1.,0.));
#11596 = FACE_BOUND('',#11597,.F.);
#11597 = EDGE_LOOP('',(#11598));
#11598 = ORIENTED_EDGE('',*,*,#11599,.T.);
#11599 = EDGE_CURVE('',#11600,#11600,#11602,.T.);
#11600 = VERTEX_POINT('',#11601);
#11601 = CARTESIAN_POINT('',(172.212,-97.936,0.));
#11602 = CIRCLE('',#11603,0.4);
#11603 = AXIS2_PLACEMENT_3D('',#11604,#11605,#11606);
#11604 = CARTESIAN_POINT('',(172.212,-97.536,0.));
#11605 = DIRECTION('',(-0.,0.,-1.));
#11606 = DIRECTION('',(-0.,-1.,0.));
#11607 = FACE_BOUND('',#11608,.F.);
#11608 = EDGE_LOOP('',(#11609));
#11609 = ORIENTED_EDGE('',*,*,#11610,.T.);
#11610 = EDGE_CURVE('',#11611,#11611,#11613,.T.);
#11611 = VERTEX_POINT('',#11612);
#11612 = CARTESIAN_POINT('',(175.26,-101.365,0.));
#11613 = CIRCLE('',#11614,0.4);
#11614 = AXIS2_PLACEMENT_3D('',#11615,#11616,#11617);
#11615 = CARTESIAN_POINT('',(175.26,-100.965,0.));
#11616 = DIRECTION('',(-0.,0.,-1.));
#11617 = DIRECTION('',(-0.,-1.,0.));
#11618 = FACE_BOUND('',#11619,.F.);
#11619 = EDGE_LOOP('',(#11620));
#11620 = ORIENTED_EDGE('',*,*,#11621,.T.);
#11621 = EDGE_CURVE('',#11622,#11622,#11624,.T.);
#11622 = VERTEX_POINT('',#11623);
#11623 = CARTESIAN_POINT('',(175.26,-97.555,0.));
#11624 = CIRCLE('',#11625,0.4);
#11625 = AXIS2_PLACEMENT_3D('',#11626,#11627,#11628);
#11626 = CARTESIAN_POINT('',(175.26,-97.155,0.));
#11627 = DIRECTION('',(-0.,0.,-1.));
#11628 = DIRECTION('',(-0.,-1.,0.));
#11629 = FACE_BOUND('',#11630,.F.);
#11630 = EDGE_LOOP('',(#11631));
#11631 = ORIENTED_EDGE('',*,*,#11632,.T.);
#11632 = EDGE_CURVE('',#11633,#11633,#11635,.T.);
#11633 = VERTEX_POINT('',#11634);
#11634 = CARTESIAN_POINT('',(168.21,-93.21,0.));
#11635 = CIRCLE('',#11636,0.5);
#11636 = AXIS2_PLACEMENT_3D('',#11637,#11638,#11639);
#11637 = CARTESIAN_POINT('',(168.21,-92.71,0.));
#11638 = DIRECTION('',(-0.,0.,-1.));
#11639 = DIRECTION('',(-0.,-1.,0.));
#11640 = FACE_BOUND('',#11641,.F.);
#11641 = EDGE_LOOP('',(#11642));
#11642 = ORIENTED_EDGE('',*,*,#11643,.T.);
#11643 = EDGE_CURVE('',#11644,#11644,#11646,.T.);
#11644 = VERTEX_POINT('',#11645);
#11645 = CARTESIAN_POINT('',(170.75,-93.21,0.));
#11646 = CIRCLE('',#11647,0.5);
#11647 = AXIS2_PLACEMENT_3D('',#11648,#11649,#11650);
#11648 = CARTESIAN_POINT('',(170.75,-92.71,0.));
#11649 = DIRECTION('',(-0.,0.,-1.));
#11650 = DIRECTION('',(-0.,-1.,0.));
#11651 = FACE_BOUND('',#11652,.F.);
#11652 = EDGE_LOOP('',(#11653));
#11653 = ORIENTED_EDGE('',*,*,#11654,.T.);
#11654 = EDGE_CURVE('',#11655,#11655,#11657,.T.);
#11655 = VERTEX_POINT('',#11656);
#11656 = CARTESIAN_POINT('',(173.29,-93.21,0.));
#11657 = CIRCLE('',#11658,0.5);
#11658 = AXIS2_PLACEMENT_3D('',#11659,#11660,#11661);
#11659 = CARTESIAN_POINT('',(173.29,-92.71,0.));
#11660 = DIRECTION('',(-0.,0.,-1.));
#11661 = DIRECTION('',(-0.,-1.,0.));
#11662 = FACE_BOUND('',#11663,.F.);
#11663 = EDGE_LOOP('',(#11664));
#11664 = ORIENTED_EDGE('',*,*,#11665,.T.);
#11665 = EDGE_CURVE('',#11666,#11666,#11668,.T.);
#11666 = VERTEX_POINT('',#11667);
#11667 = CARTESIAN_POINT('',(175.83,-93.21,0.));
#11668 = CIRCLE('',#11669,0.5);
#11669 = AXIS2_PLACEMENT_3D('',#11670,#11671,#11672);
#11670 = CARTESIAN_POINT('',(175.83,-92.71,0.));
#11671 = DIRECTION('',(-0.,0.,-1.));
#11672 = DIRECTION('',(-0.,-1.,0.));
#11673 = FACE_BOUND('',#11674,.F.);
#11674 = EDGE_LOOP('',(#11675));
#11675 = ORIENTED_EDGE('',*,*,#11676,.T.);
#11676 = EDGE_CURVE('',#11677,#11677,#11679,.T.);
#11677 = VERTEX_POINT('',#11678);
#11678 = CARTESIAN_POINT('',(185.42,-101.365,0.));
#11679 = CIRCLE('',#11680,0.4);
#11680 = AXIS2_PLACEMENT_3D('',#11681,#11682,#11683);
#11681 = CARTESIAN_POINT('',(185.42,-100.965,0.));
#11682 = DIRECTION('',(-0.,0.,-1.));
#11683 = DIRECTION('',(-7.105427357601E-14,-1.,0.));
#11684 = FACE_BOUND('',#11685,.F.);
#11685 = EDGE_LOOP('',(#11686));
#11686 = ORIENTED_EDGE('',*,*,#11687,.T.);
#11687 = EDGE_CURVE('',#11688,#11688,#11690,.T.);
#11688 = VERTEX_POINT('',#11689);
#11689 = CARTESIAN_POINT('',(185.42,-97.555,0.));
#11690 = CIRCLE('',#11691,0.4);
#11691 = AXIS2_PLACEMENT_3D('',#11692,#11693,#11694);
#11692 = CARTESIAN_POINT('',(185.42,-97.155,0.));
#11693 = DIRECTION('',(-0.,0.,-1.));
#11694 = DIRECTION('',(-7.105427357601E-14,-1.,0.));
#11695 = FACE_BOUND('',#11696,.F.);
#11696 = EDGE_LOOP('',(#11697));
#11697 = ORIENTED_EDGE('',*,*,#11698,.T.);
#11698 = EDGE_CURVE('',#11699,#11699,#11701,.T.);
#11699 = VERTEX_POINT('',#11700);
#11700 = CARTESIAN_POINT('',(145.35,-77.97,0.));
#11701 = CIRCLE('',#11702,0.5);
#11702 = AXIS2_PLACEMENT_3D('',#11703,#11704,#11705);
#11703 = CARTESIAN_POINT('',(145.35,-77.47,0.));
#11704 = DIRECTION('',(-0.,0.,-1.));
#11705 = DIRECTION('',(-0.,-1.,0.));
#11706 = FACE_BOUND('',#11707,.F.);
#11707 = EDGE_LOOP('',(#11708));
#11708 = ORIENTED_EDGE('',*,*,#11709,.T.);
#11709 = EDGE_CURVE('',#11710,#11710,#11712,.T.);
#11710 = VERTEX_POINT('',#11711);
#11711 = CARTESIAN_POINT('',(147.89,-77.97,0.));
#11712 = CIRCLE('',#11713,0.5);
#11713 = AXIS2_PLACEMENT_3D('',#11714,#11715,#11716);
#11714 = CARTESIAN_POINT('',(147.89,-77.47,0.));
#11715 = DIRECTION('',(-0.,0.,-1.));
#11716 = DIRECTION('',(-0.,-1.,0.));
#11717 = FACE_BOUND('',#11718,.F.);
#11718 = EDGE_LOOP('',(#11719));
#11719 = ORIENTED_EDGE('',*,*,#11720,.T.);
#11720 = EDGE_CURVE('',#11721,#11721,#11723,.T.);
#11721 = VERTEX_POINT('',#11722);
#11722 = CARTESIAN_POINT('',(150.43,-77.97,0.));
#11723 = CIRCLE('',#11724,0.5);
#11724 = AXIS2_PLACEMENT_3D('',#11725,#11726,#11727);
#11725 = CARTESIAN_POINT('',(150.43,-77.47,0.));
#11726 = DIRECTION('',(-0.,0.,-1.));
#11727 = DIRECTION('',(-0.,-1.,0.));
#11728 = FACE_BOUND('',#11729,.F.);
#11729 = EDGE_LOOP('',(#11730));
#11730 = ORIENTED_EDGE('',*,*,#11731,.T.);
#11731 = EDGE_CURVE('',#11732,#11732,#11734,.T.);
#11732 = VERTEX_POINT('',#11733);
#11733 = CARTESIAN_POINT('',(152.97,-77.97,0.));
#11734 = CIRCLE('',#11735,0.5);
#11735 = AXIS2_PLACEMENT_3D('',#11736,#11737,#11738);
#11736 = CARTESIAN_POINT('',(152.97,-77.47,0.));
#11737 = DIRECTION('',(-0.,0.,-1.));
#11738 = DIRECTION('',(-0.,-1.,0.));
#11739 = FACE_BOUND('',#11740,.F.);
#11740 = EDGE_LOOP('',(#11741));
#11741 = ORIENTED_EDGE('',*,*,#11742,.T.);
#11742 = EDGE_CURVE('',#11743,#11743,#11745,.T.);
#11743 = VERTEX_POINT('',#11744);
#11744 = CARTESIAN_POINT('',(155.51,-77.97,0.));
#11745 = CIRCLE('',#11746,0.5);
#11746 = AXIS2_PLACEMENT_3D('',#11747,#11748,#11749);
#11747 = CARTESIAN_POINT('',(155.51,-77.47,0.));
#11748 = DIRECTION('',(-0.,0.,-1.));
#11749 = DIRECTION('',(-0.,-1.,0.));
#11750 = FACE_BOUND('',#11751,.F.);
#11751 = EDGE_LOOP('',(#11752));
#11752 = ORIENTED_EDGE('',*,*,#11753,.T.);
#11753 = EDGE_CURVE('',#11754,#11754,#11756,.T.);
#11754 = VERTEX_POINT('',#11755);
#11755 = CARTESIAN_POINT('',(144.78,-72.736,0.));
#11756 = CIRCLE('',#11757,0.6);
#11757 = AXIS2_PLACEMENT_3D('',#11758,#11759,#11760);
#11758 = CARTESIAN_POINT('',(144.78,-72.136,0.));
#11759 = DIRECTION('',(-0.,0.,-1.));
#11760 = DIRECTION('',(-0.,-1.,0.));
#11761 = FACE_BOUND('',#11762,.F.);
#11762 = EDGE_LOOP('',(#11763));
#11763 = ORIENTED_EDGE('',*,*,#11764,.T.);
#11764 = EDGE_CURVE('',#11765,#11765,#11767,.T.);
#11765 = VERTEX_POINT('',#11766);
#11766 = CARTESIAN_POINT('',(158.05,-77.97,0.));
#11767 = CIRCLE('',#11768,0.5);
#11768 = AXIS2_PLACEMENT_3D('',#11769,#11770,#11771);
#11769 = CARTESIAN_POINT('',(158.05,-77.47,0.));
#11770 = DIRECTION('',(-0.,0.,-1.));
#11771 = DIRECTION('',(-0.,-1.,0.));
#11772 = FACE_BOUND('',#11773,.F.);
#11773 = EDGE_LOOP('',(#11774));
#11774 = ORIENTED_EDGE('',*,*,#11775,.T.);
#11775 = EDGE_CURVE('',#11776,#11776,#11778,.T.);
#11776 = VERTEX_POINT('',#11777);
#11777 = CARTESIAN_POINT('',(160.59,-77.97,0.));
#11778 = CIRCLE('',#11779,0.5);
#11779 = AXIS2_PLACEMENT_3D('',#11780,#11781,#11782);
#11780 = CARTESIAN_POINT('',(160.59,-77.47,0.));
#11781 = DIRECTION('',(-0.,0.,-1.));
#11782 = DIRECTION('',(-0.,-1.,0.));
#11783 = FACE_BOUND('',#11784,.F.);
#11784 = EDGE_LOOP('',(#11785));
#11785 = ORIENTED_EDGE('',*,*,#11786,.T.);
#11786 = EDGE_CURVE('',#11787,#11787,#11789,.T.);
#11787 = VERTEX_POINT('',#11788);
#11788 = CARTESIAN_POINT('',(163.13,-77.97,0.));
#11789 = CIRCLE('',#11790,0.5);
#11790 = AXIS2_PLACEMENT_3D('',#11791,#11792,#11793);
#11791 = CARTESIAN_POINT('',(163.13,-77.47,0.));
#11792 = DIRECTION('',(-0.,0.,-1.));
#11793 = DIRECTION('',(-0.,-1.,0.));
#11794 = FACE_BOUND('',#11795,.F.);
#11795 = EDGE_LOOP('',(#11796));
#11796 = ORIENTED_EDGE('',*,*,#11797,.T.);
#11797 = EDGE_CURVE('',#11798,#11798,#11800,.T.);
#11798 = VERTEX_POINT('',#11799);
#11799 = CARTESIAN_POINT('',(165.67,-77.97,0.));
#11800 = CIRCLE('',#11801,0.5);
#11801 = AXIS2_PLACEMENT_3D('',#11802,#11803,#11804);
#11802 = CARTESIAN_POINT('',(165.67,-77.47,0.));
#11803 = DIRECTION('',(-0.,0.,-1.));
#11804 = DIRECTION('',(-0.,-1.,0.));
#11805 = FACE_BOUND('',#11806,.F.);
#11806 = EDGE_LOOP('',(#11807));
#11807 = ORIENTED_EDGE('',*,*,#11808,.T.);
#11808 = EDGE_CURVE('',#11809,#11809,#11811,.T.);
#11809 = VERTEX_POINT('',#11810);
#11810 = CARTESIAN_POINT('',(160.02,-72.736,0.));
#11811 = CIRCLE('',#11812,0.6);
#11812 = AXIS2_PLACEMENT_3D('',#11813,#11814,#11815);
#11813 = CARTESIAN_POINT('',(160.02,-72.136,0.));
#11814 = DIRECTION('',(-0.,0.,-1.));
#11815 = DIRECTION('',(4.736951571734E-14,-1.,-0.));
#11816 = FACE_BOUND('',#11817,.F.);
#11817 = EDGE_LOOP('',(#11818));
#11818 = ORIENTED_EDGE('',*,*,#11819,.T.);
#11819 = EDGE_CURVE('',#11820,#11820,#11822,.T.);
#11820 = VERTEX_POINT('',#11821);
#11821 = CARTESIAN_POINT('',(145.288,-57.512,0.));
#11822 = CIRCLE('',#11823,0.55);
#11823 = AXIS2_PLACEMENT_3D('',#11824,#11825,#11826);
#11824 = CARTESIAN_POINT('',(145.288,-56.962,0.));
#11825 = DIRECTION('',(-0.,0.,-1.));
#11826 = DIRECTION('',(-0.,-1.,0.));
#11827 = FACE_BOUND('',#11828,.F.);
#11828 = EDGE_LOOP('',(#11829));
#11829 = ORIENTED_EDGE('',*,*,#11830,.T.);
#11830 = EDGE_CURVE('',#11831,#11831,#11833,.T.);
#11831 = VERTEX_POINT('',#11832);
#11832 = CARTESIAN_POINT('',(168.21,-77.97,0.));
#11833 = CIRCLE('',#11834,0.5);
#11834 = AXIS2_PLACEMENT_3D('',#11835,#11836,#11837);
#11835 = CARTESIAN_POINT('',(168.21,-77.47,0.));
#11836 = DIRECTION('',(-0.,0.,-1.));
#11837 = DIRECTION('',(-0.,-1.,0.));
#11838 = FACE_BOUND('',#11839,.F.);
#11839 = EDGE_LOOP('',(#11840));
#11840 = ORIENTED_EDGE('',*,*,#11841,.T.);
#11841 = EDGE_CURVE('',#11842,#11842,#11844,.T.);
#11842 = VERTEX_POINT('',#11843);
#11843 = CARTESIAN_POINT('',(170.75,-77.97,0.));
#11844 = CIRCLE('',#11845,0.5);
#11845 = AXIS2_PLACEMENT_3D('',#11846,#11847,#11848);
#11846 = CARTESIAN_POINT('',(170.75,-77.47,0.));
#11847 = DIRECTION('',(-0.,0.,-1.));
#11848 = DIRECTION('',(-0.,-1.,0.));
#11849 = FACE_BOUND('',#11850,.F.);
#11850 = EDGE_LOOP('',(#11851));
#11851 = ORIENTED_EDGE('',*,*,#11852,.T.);
#11852 = EDGE_CURVE('',#11853,#11853,#11855,.T.);
#11853 = VERTEX_POINT('',#11854);
#11854 = CARTESIAN_POINT('',(173.29,-77.97,0.));
#11855 = CIRCLE('',#11856,0.5);
#11856 = AXIS2_PLACEMENT_3D('',#11857,#11858,#11859);
#11857 = CARTESIAN_POINT('',(173.29,-77.47,0.));
#11858 = DIRECTION('',(-0.,0.,-1.));
#11859 = DIRECTION('',(-0.,-1.,0.));
#11860 = FACE_BOUND('',#11861,.F.);
#11861 = EDGE_LOOP('',(#11862));
#11862 = ORIENTED_EDGE('',*,*,#11863,.T.);
#11863 = EDGE_CURVE('',#11864,#11864,#11866,.T.);
#11864 = VERTEX_POINT('',#11865);
#11865 = CARTESIAN_POINT('',(175.83,-77.97,0.));
#11866 = CIRCLE('',#11867,0.5);
#11867 = AXIS2_PLACEMENT_3D('',#11868,#11869,#11870);
#11868 = CARTESIAN_POINT('',(175.83,-77.47,0.));
#11869 = DIRECTION('',(-0.,0.,-1.));
#11870 = DIRECTION('',(-0.,-1.,0.));
#11871 = FACE_BOUND('',#11872,.F.);
#11872 = EDGE_LOOP('',(#11873));
#11873 = ORIENTED_EDGE('',*,*,#11874,.T.);
#11874 = EDGE_CURVE('',#11875,#11875,#11877,.T.);
#11875 = VERTEX_POINT('',#11876);
#11876 = CARTESIAN_POINT('',(189.488,-58.608,0.));
#11877 = CIRCLE('',#11878,1.5);
#11878 = AXIS2_PLACEMENT_3D('',#11879,#11880,#11881);
#11879 = CARTESIAN_POINT('',(189.488,-57.108,0.));
#11880 = DIRECTION('',(-0.,0.,-1.));
#11881 = DIRECTION('',(-0.,-1.,0.));
#11882 = PLANE('',#11883);
#11883 = AXIS2_PLACEMENT_3D('',#11884,#11885,#11886);
#11884 = CARTESIAN_POINT('',(0.,0.,0.));
#11885 = DIRECTION('',(0.,0.,1.));
#11886 = DIRECTION('',(1.,0.,-0.));
#11887 = ADVANCED_FACE('',(#11888,#11899,#11910,#11921,#11932,#11943,
    #11954,#11965,#11976,#11987,#11998,#12009,#12020,#12031,#12042,
    #12053,#12064,#12075,#12086,#12097,#12108,#12119,#12130,#12141,
    #12152,#12163,#12174,#12185,#12196,#12207,#12218,#12229,#12240,
    #12251,#12262,#12273,#12284,#12295,#12306,#12317,#12328,#12339,
    #12350,#12361,#12372,#12383,#12394,#12405,#12416,#12427,#12438,
    #12449,#12460,#12471,#12482,#12493,#12504,#12515,#12526,#12537,
    #12548,#12559,#12570,#12581,#12592,#12603,#12614,#12625,#12636,
    #12647,#12658,#12669,#12680,#12691,#12702,#12713,#12724,#12735,
    #12746,#12757,#12768,#12779,#12790,#12801,#12812,#12823,#12834,
    #12845,#12856,#12867,#12878,#12889,#12900,#12911,#12922,#12933,
    #12944,#12955,#12966,#12977,#12988,#12999,#13010,#13021,#13032,
    #13043,#13054,#13065,#13076,#13087,#13098,#13109,#13120,#13131,
    #13142,#13153,#13164,#13175,#13186,#13197,#13208,#13219,#13230,
    #13241,#13252,#13263,#13274,#13285,#13296,#13307,#13318,#13329,
    #13340,#13351,#13362,#13373,#13384,#13395,#13406,#13417,#13428,
    #13439),#13450,.T.);
#11888 = FACE_BOUND('',#11889,.T.);
#11889 = EDGE_LOOP('',(#11890,#11891,#11892,#11898));
#11890 = ORIENTED_EDGE('',*,*,#10231,.F.);
#11891 = ORIENTED_EDGE('',*,*,#10271,.F.);
#11892 = ORIENTED_EDGE('',*,*,#11893,.F.);
#11893 = EDGE_CURVE('',#10294,#10264,#11894,.T.);
#11894 = LINE('',#11895,#11896);
#11895 = CARTESIAN_POINT('',(94.488,-52.108,1.51));
#11896 = VECTOR('',#11897,1.);
#11897 = DIRECTION('',(1.,0.,0.));
#11898 = ORIENTED_EDGE('',*,*,#10293,.F.);
#11899 = FACE_BOUND('',#11900,.T.);
#11900 = EDGE_LOOP('',(#11901));
#11901 = ORIENTED_EDGE('',*,*,#11902,.T.);
#11902 = EDGE_CURVE('',#11903,#11903,#11905,.T.);
#11903 = VERTEX_POINT('',#11904);
#11904 = CARTESIAN_POINT('',(99.488,-148.608,1.51));
#11905 = CIRCLE('',#11906,1.5);
#11906 = AXIS2_PLACEMENT_3D('',#11907,#11908,#11909);
#11907 = CARTESIAN_POINT('',(99.488,-147.108,1.51));
#11908 = DIRECTION('',(-0.,0.,-1.));
#11909 = DIRECTION('',(-0.,-1.,0.));
#11910 = FACE_BOUND('',#11911,.T.);
#11911 = EDGE_LOOP('',(#11912));
#11912 = ORIENTED_EDGE('',*,*,#11913,.T.);
#11913 = EDGE_CURVE('',#11914,#11914,#11916,.T.);
#11914 = VERTEX_POINT('',#11915);
#11915 = CARTESIAN_POINT('',(104.71,-139.23,1.51));
#11916 = CIRCLE('',#11917,0.8);
#11917 = AXIS2_PLACEMENT_3D('',#11918,#11919,#11920);
#11918 = CARTESIAN_POINT('',(104.71,-138.43,1.51));
#11919 = DIRECTION('',(-0.,0.,-1.));
#11920 = DIRECTION('',(-1.7763568394E-14,-1.,0.));
#11921 = FACE_BOUND('',#11922,.T.);
#11922 = EDGE_LOOP('',(#11923));
#11923 = ORIENTED_EDGE('',*,*,#11924,.T.);
#11924 = EDGE_CURVE('',#11925,#11925,#11927,.T.);
#11925 = VERTEX_POINT('',#11926);
#11926 = CARTESIAN_POINT('',(109.79,-139.23,1.51));
#11927 = CIRCLE('',#11928,0.8);
#11928 = AXIS2_PLACEMENT_3D('',#11929,#11930,#11931);
#11929 = CARTESIAN_POINT('',(109.79,-138.43,1.51));
#11930 = DIRECTION('',(-0.,0.,-1.));
#11931 = DIRECTION('',(1.7763568394E-14,-1.,-0.));
#11932 = FACE_BOUND('',#11933,.T.);
#11933 = EDGE_LOOP('',(#11934));
#11934 = ORIENTED_EDGE('',*,*,#11935,.T.);
#11935 = EDGE_CURVE('',#11936,#11936,#11938,.T.);
#11936 = VERTEX_POINT('',#11937);
#11937 = CARTESIAN_POINT('',(114.87,-139.23,1.51));
#11938 = CIRCLE('',#11939,0.8);
#11939 = AXIS2_PLACEMENT_3D('',#11940,#11941,#11942);
#11940 = CARTESIAN_POINT('',(114.87,-138.43,1.51));
#11941 = DIRECTION('',(-0.,0.,-1.));
#11942 = DIRECTION('',(-0.,-1.,0.));
#11943 = FACE_BOUND('',#11944,.T.);
#11944 = EDGE_LOOP('',(#11945));
#11945 = ORIENTED_EDGE('',*,*,#11946,.T.);
#11946 = EDGE_CURVE('',#11947,#11947,#11949,.T.);
#11947 = VERTEX_POINT('',#11948);
#11948 = CARTESIAN_POINT('',(119.95,-139.23,1.51));
#11949 = CIRCLE('',#11950,0.8);
#11950 = AXIS2_PLACEMENT_3D('',#11951,#11952,#11953);
#11951 = CARTESIAN_POINT('',(119.95,-138.43,1.51));
#11952 = DIRECTION('',(-0.,0.,-1.));
#11953 = DIRECTION('',(-0.,-1.,0.));
#11954 = FACE_BOUND('',#11955,.T.);
#11955 = EDGE_LOOP('',(#11956));
#11956 = ORIENTED_EDGE('',*,*,#11957,.T.);
#11957 = EDGE_CURVE('',#11958,#11958,#11960,.T.);
#11958 = VERTEX_POINT('',#11959);
#11959 = CARTESIAN_POINT('',(104.738,-130.258,1.51));
#11960 = CIRCLE('',#11961,0.4);
#11961 = AXIS2_PLACEMENT_3D('',#11962,#11963,#11964);
#11962 = CARTESIAN_POINT('',(104.738,-129.858,1.51));
#11963 = DIRECTION('',(-0.,0.,-1.));
#11964 = DIRECTION('',(-0.,-1.,0.));
#11965 = FACE_BOUND('',#11966,.T.);
#11966 = EDGE_LOOP('',(#11967));
#11967 = ORIENTED_EDGE('',*,*,#11968,.T.);
#11968 = EDGE_CURVE('',#11969,#11969,#11971,.T.);
#11969 = VERTEX_POINT('',#11970);
#11970 = CARTESIAN_POINT('',(114.898,-130.258,1.51));
#11971 = CIRCLE('',#11972,0.4);
#11972 = AXIS2_PLACEMENT_3D('',#11973,#11974,#11975);
#11973 = CARTESIAN_POINT('',(114.898,-129.858,1.51));
#11974 = DIRECTION('',(-0.,0.,-1.));
#11975 = DIRECTION('',(-0.,-1.,0.));
#11976 = FACE_BOUND('',#11977,.T.);
#11977 = EDGE_LOOP('',(#11978));
#11978 = ORIENTED_EDGE('',*,*,#11979,.T.);
#11979 = EDGE_CURVE('',#11980,#11980,#11982,.T.);
#11980 = VERTEX_POINT('',#11981);
#11981 = CARTESIAN_POINT('',(111.738,-127.088,1.51));
#11982 = CIRCLE('',#11983,0.4);
#11983 = AXIS2_PLACEMENT_3D('',#11984,#11985,#11986);
#11984 = CARTESIAN_POINT('',(111.738,-126.688,1.51));
#11985 = DIRECTION('',(-0.,0.,-1.));
#11986 = DIRECTION('',(-0.,-1.,0.));
#11987 = FACE_BOUND('',#11988,.T.);
#11988 = EDGE_LOOP('',(#11989));
#11989 = ORIENTED_EDGE('',*,*,#11990,.T.);
#11990 = EDGE_CURVE('',#11991,#11991,#11993,.T.);
#11991 = VERTEX_POINT('',#11992);
#11992 = CARTESIAN_POINT('',(115.173,-126.283,1.51));
#11993 = CIRCLE('',#11994,0.4);
#11994 = AXIS2_PLACEMENT_3D('',#11995,#11996,#11997);
#11995 = CARTESIAN_POINT('',(115.173,-125.883,1.51));
#11996 = DIRECTION('',(-0.,0.,-1.));
#11997 = DIRECTION('',(-0.,-1.,0.));
#11998 = FACE_BOUND('',#11999,.T.);
#11999 = EDGE_LOOP('',(#12000));
#12000 = ORIENTED_EDGE('',*,*,#12001,.T.);
#12001 = EDGE_CURVE('',#12002,#12002,#12004,.T.);
#12002 = VERTEX_POINT('',#12003);
#12003 = CARTESIAN_POINT('',(125.03,-139.23,1.51));
#12004 = CIRCLE('',#12005,0.8);
#12005 = AXIS2_PLACEMENT_3D('',#12006,#12007,#12008);
#12006 = CARTESIAN_POINT('',(125.03,-138.43,1.51));
#12007 = DIRECTION('',(-0.,0.,-1.));
#12008 = DIRECTION('',(-0.,-1.,0.));
#12009 = FACE_BOUND('',#12010,.T.);
#12010 = EDGE_LOOP('',(#12011));
#12011 = ORIENTED_EDGE('',*,*,#12012,.T.);
#12012 = EDGE_CURVE('',#12013,#12013,#12015,.T.);
#12013 = VERTEX_POINT('',#12014);
#12014 = CARTESIAN_POINT('',(130.11,-139.23,1.51));
#12015 = CIRCLE('',#12016,0.8);
#12016 = AXIS2_PLACEMENT_3D('',#12017,#12018,#12019);
#12017 = CARTESIAN_POINT('',(130.11,-138.43,1.51));
#12018 = DIRECTION('',(-0.,0.,-1.));
#12019 = DIRECTION('',(-0.,-1.,0.));
#12020 = FACE_BOUND('',#12021,.T.);
#12021 = EDGE_LOOP('',(#12022));
#12022 = ORIENTED_EDGE('',*,*,#12023,.T.);
#12023 = EDGE_CURVE('',#12024,#12024,#12026,.T.);
#12024 = VERTEX_POINT('',#12025);
#12025 = CARTESIAN_POINT('',(135.19,-139.23,1.51));
#12026 = CIRCLE('',#12027,0.8);
#12027 = AXIS2_PLACEMENT_3D('',#12028,#12029,#12030);
#12028 = CARTESIAN_POINT('',(135.19,-138.43,1.51));
#12029 = DIRECTION('',(-0.,0.,-1.));
#12030 = DIRECTION('',(-0.,-1.,0.));
#12031 = FACE_BOUND('',#12032,.T.);
#12032 = EDGE_LOOP('',(#12033));
#12033 = ORIENTED_EDGE('',*,*,#12034,.T.);
#12034 = EDGE_CURVE('',#12035,#12035,#12037,.T.);
#12035 = VERTEX_POINT('',#12036);
#12036 = CARTESIAN_POINT('',(140.27,-139.23,1.51));
#12037 = CIRCLE('',#12038,0.8);
#12038 = AXIS2_PLACEMENT_3D('',#12039,#12040,#12041);
#12039 = CARTESIAN_POINT('',(140.27,-138.43,1.51));
#12040 = DIRECTION('',(-0.,0.,-1.));
#12041 = DIRECTION('',(3.5527136788E-14,-1.,-0.));
#12042 = FACE_BOUND('',#12043,.T.);
#12043 = EDGE_LOOP('',(#12044));
#12044 = ORIENTED_EDGE('',*,*,#12045,.T.);
#12045 = EDGE_CURVE('',#12046,#12046,#12048,.T.);
#12046 = VERTEX_POINT('',#12047);
#12047 = CARTESIAN_POINT('',(125.488,-131.668,1.51));
#12048 = CIRCLE('',#12049,0.4);
#12049 = AXIS2_PLACEMENT_3D('',#12050,#12051,#12052);
#12050 = CARTESIAN_POINT('',(125.488,-131.268,1.51));
#12051 = DIRECTION('',(-0.,0.,-1.));
#12052 = DIRECTION('',(-0.,-1.,0.));
#12053 = FACE_BOUND('',#12054,.T.);
#12054 = EDGE_LOOP('',(#12055));
#12055 = ORIENTED_EDGE('',*,*,#12056,.T.);
#12056 = EDGE_CURVE('',#12057,#12057,#12059,.T.);
#12057 = VERTEX_POINT('',#12058);
#12058 = CARTESIAN_POINT('',(122.793,-126.283,1.51));
#12059 = CIRCLE('',#12060,0.4);
#12060 = AXIS2_PLACEMENT_3D('',#12061,#12062,#12063);
#12061 = CARTESIAN_POINT('',(122.793,-125.883,1.51));
#12062 = DIRECTION('',(-0.,0.,-1.));
#12063 = DIRECTION('',(-0.,-1.,0.));
#12064 = FACE_BOUND('',#12065,.T.);
#12065 = EDGE_LOOP('',(#12066));
#12066 = ORIENTED_EDGE('',*,*,#12067,.T.);
#12067 = EDGE_CURVE('',#12068,#12068,#12070,.T.);
#12068 = VERTEX_POINT('',#12069);
#12069 = CARTESIAN_POINT('',(101.198,-125.628,1.51));
#12070 = CIRCLE('',#12071,0.4);
#12071 = AXIS2_PLACEMENT_3D('',#12072,#12073,#12074);
#12072 = CARTESIAN_POINT('',(101.198,-125.228,1.51));
#12073 = DIRECTION('',(-0.,0.,-1.));
#12074 = DIRECTION('',(-3.552713678801E-14,-1.,0.));
#12075 = FACE_BOUND('',#12076,.T.);
#12076 = EDGE_LOOP('',(#12077));
#12077 = ORIENTED_EDGE('',*,*,#12078,.T.);
#12078 = EDGE_CURVE('',#12079,#12079,#12081,.T.);
#12079 = VERTEX_POINT('',#12080);
#12080 = CARTESIAN_POINT('',(103.738,-125.628,1.51));
#12081 = CIRCLE('',#12082,0.4);
#12082 = AXIS2_PLACEMENT_3D('',#12083,#12084,#12085);
#12083 = CARTESIAN_POINT('',(103.738,-125.228,1.51));
#12084 = DIRECTION('',(-0.,0.,-1.));
#12085 = DIRECTION('',(-0.,-1.,0.));
#12086 = FACE_BOUND('',#12087,.T.);
#12087 = EDGE_LOOP('',(#12088));
#12088 = ORIENTED_EDGE('',*,*,#12089,.T.);
#12089 = EDGE_CURVE('',#12090,#12090,#12092,.T.);
#12090 = VERTEX_POINT('',#12091);
#12091 = CARTESIAN_POINT('',(101.198,-118.008,1.51));
#12092 = CIRCLE('',#12093,0.4);
#12093 = AXIS2_PLACEMENT_3D('',#12094,#12095,#12096);
#12094 = CARTESIAN_POINT('',(101.198,-117.608,1.51));
#12095 = DIRECTION('',(-0.,0.,-1.));
#12096 = DIRECTION('',(-3.552713678801E-14,-1.,0.));
#12097 = FACE_BOUND('',#12098,.T.);
#12098 = EDGE_LOOP('',(#12099));
#12099 = ORIENTED_EDGE('',*,*,#12100,.T.);
#12100 = EDGE_CURVE('',#12101,#12101,#12103,.T.);
#12101 = VERTEX_POINT('',#12102);
#12102 = CARTESIAN_POINT('',(103.738,-118.008,1.51));
#12103 = CIRCLE('',#12104,0.4);
#12104 = AXIS2_PLACEMENT_3D('',#12105,#12106,#12107);
#12105 = CARTESIAN_POINT('',(103.738,-117.608,1.51));
#12106 = DIRECTION('',(-0.,0.,-1.));
#12107 = DIRECTION('',(-0.,-1.,0.));
#12108 = FACE_BOUND('',#12109,.T.);
#12109 = EDGE_LOOP('',(#12110));
#12110 = ORIENTED_EDGE('',*,*,#12111,.T.);
#12111 = EDGE_CURVE('',#12112,#12112,#12114,.T.);
#12112 = VERTEX_POINT('',#12113);
#12113 = CARTESIAN_POINT('',(115.173,-123.743,1.51));
#12114 = CIRCLE('',#12115,0.4);
#12115 = AXIS2_PLACEMENT_3D('',#12116,#12117,#12118);
#12116 = CARTESIAN_POINT('',(115.173,-123.343,1.51));
#12117 = DIRECTION('',(-0.,0.,-1.));
#12118 = DIRECTION('',(-0.,-1.,0.));
#12119 = FACE_BOUND('',#12120,.T.);
#12120 = EDGE_LOOP('',(#12121));
#12121 = ORIENTED_EDGE('',*,*,#12122,.T.);
#12122 = EDGE_CURVE('',#12123,#12123,#12125,.T.);
#12123 = VERTEX_POINT('',#12124);
#12124 = CARTESIAN_POINT('',(117.238,-120.508,1.51));
#12125 = CIRCLE('',#12126,0.4);
#12126 = AXIS2_PLACEMENT_3D('',#12127,#12128,#12129);
#12127 = CARTESIAN_POINT('',(117.238,-120.108,1.51));
#12128 = DIRECTION('',(-0.,0.,-1.));
#12129 = DIRECTION('',(-0.,-1.,0.));
#12130 = FACE_BOUND('',#12131,.T.);
#12131 = EDGE_LOOP('',(#12132));
#12132 = ORIENTED_EDGE('',*,*,#12133,.T.);
#12133 = EDGE_CURVE('',#12134,#12134,#12136,.T.);
#12134 = VERTEX_POINT('',#12135);
#12135 = CARTESIAN_POINT('',(120.958224,-120.903027,1.51));
#12136 = CIRCLE('',#12137,0.4);
#12137 = AXIS2_PLACEMENT_3D('',#12138,#12139,#12140);
#12138 = CARTESIAN_POINT('',(120.958224,-120.503027,1.51));
#12139 = DIRECTION('',(-0.,0.,-1.));
#12140 = DIRECTION('',(-0.,-1.,0.));
#12141 = FACE_BOUND('',#12142,.T.);
#12142 = EDGE_LOOP('',(#12143));
#12143 = ORIENTED_EDGE('',*,*,#12144,.T.);
#12144 = EDGE_CURVE('',#12145,#12145,#12147,.T.);
#12145 = VERTEX_POINT('',#12146);
#12146 = CARTESIAN_POINT('',(111.738,-116.928,1.51));
#12147 = CIRCLE('',#12148,0.4);
#12148 = AXIS2_PLACEMENT_3D('',#12149,#12150,#12151);
#12149 = CARTESIAN_POINT('',(111.738,-116.528,1.51));
#12150 = DIRECTION('',(-0.,0.,-1.));
#12151 = DIRECTION('',(-0.,-1.,0.));
#12152 = FACE_BOUND('',#12153,.T.);
#12153 = EDGE_LOOP('',(#12154));
#12154 = ORIENTED_EDGE('',*,*,#12155,.T.);
#12155 = EDGE_CURVE('',#12156,#12156,#12158,.T.);
#12156 = VERTEX_POINT('',#12157);
#12157 = CARTESIAN_POINT('',(99.828,-112.758,1.51));
#12158 = CIRCLE('',#12159,0.4);
#12159 = AXIS2_PLACEMENT_3D('',#12160,#12161,#12162);
#12160 = CARTESIAN_POINT('',(99.828,-112.358,1.51));
#12161 = DIRECTION('',(-0.,0.,-1.));
#12162 = DIRECTION('',(-0.,-1.,0.));
#12163 = FACE_BOUND('',#12164,.T.);
#12164 = EDGE_LOOP('',(#12165));
#12165 = ORIENTED_EDGE('',*,*,#12166,.T.);
#12166 = EDGE_CURVE('',#12167,#12167,#12169,.T.);
#12167 = VERTEX_POINT('',#12168);
#12168 = CARTESIAN_POINT('',(105.90342,-107.29087,1.51));
#12169 = CIRCLE('',#12170,0.45);
#12170 = AXIS2_PLACEMENT_3D('',#12171,#12172,#12173);
#12171 = CARTESIAN_POINT('',(105.90342,-106.84087,1.51));
#12172 = DIRECTION('',(-0.,0.,-1.));
#12173 = DIRECTION('',(-0.,-1.,0.));
#12174 = FACE_BOUND('',#12175,.T.);
#12175 = EDGE_LOOP('',(#12176));
#12176 = ORIENTED_EDGE('',*,*,#12177,.T.);
#12177 = EDGE_CURVE('',#12178,#12178,#12180,.T.);
#12178 = VERTEX_POINT('',#12179);
#12179 = CARTESIAN_POINT('',(108.44342,-107.29087,1.51));
#12180 = CIRCLE('',#12181,0.45);
#12181 = AXIS2_PLACEMENT_3D('',#12182,#12183,#12184);
#12182 = CARTESIAN_POINT('',(108.44342,-106.84087,1.51));
#12183 = DIRECTION('',(-0.,0.,-1.));
#12184 = DIRECTION('',(-0.,-1.,0.));
#12185 = FACE_BOUND('',#12186,.T.);
#12186 = EDGE_LOOP('',(#12187));
#12187 = ORIENTED_EDGE('',*,*,#12188,.T.);
#12188 = EDGE_CURVE('',#12189,#12189,#12191,.T.);
#12189 = VERTEX_POINT('',#12190);
#12190 = CARTESIAN_POINT('',(109.988,-112.758,1.51));
#12191 = CIRCLE('',#12192,0.4);
#12192 = AXIS2_PLACEMENT_3D('',#12193,#12194,#12195);
#12193 = CARTESIAN_POINT('',(109.988,-112.358,1.51));
#12194 = DIRECTION('',(-0.,0.,-1.));
#12195 = DIRECTION('',(-0.,-1.,0.));
#12196 = FACE_BOUND('',#12197,.T.);
#12197 = EDGE_LOOP('',(#12198));
#12198 = ORIENTED_EDGE('',*,*,#12199,.T.);
#12199 = EDGE_CURVE('',#12200,#12200,#12202,.T.);
#12200 = VERTEX_POINT('',#12201);
#12201 = CARTESIAN_POINT('',(117.238,-110.348,1.51));
#12202 = CIRCLE('',#12203,0.4);
#12203 = AXIS2_PLACEMENT_3D('',#12204,#12205,#12206);
#12204 = CARTESIAN_POINT('',(117.238,-109.948,1.51));
#12205 = DIRECTION('',(-0.,0.,-1.));
#12206 = DIRECTION('',(-0.,-1.,0.));
#12207 = FACE_BOUND('',#12208,.T.);
#12208 = EDGE_LOOP('',(#12209));
#12209 = ORIENTED_EDGE('',*,*,#12210,.T.);
#12210 = EDGE_CURVE('',#12211,#12211,#12213,.T.);
#12211 = VERTEX_POINT('',#12212);
#12212 = CARTESIAN_POINT('',(120.958224,-110.743027,1.51));
#12213 = CIRCLE('',#12214,0.4);
#12214 = AXIS2_PLACEMENT_3D('',#12215,#12216,#12217);
#12215 = CARTESIAN_POINT('',(120.958224,-110.343027,1.51));
#12216 = DIRECTION('',(-0.,0.,-1.));
#12217 = DIRECTION('',(-0.,-1.,0.));
#12218 = FACE_BOUND('',#12219,.T.);
#12219 = EDGE_LOOP('',(#12220));
#12220 = ORIENTED_EDGE('',*,*,#12221,.T.);
#12221 = EDGE_CURVE('',#12222,#12222,#12224,.T.);
#12222 = VERTEX_POINT('',#12223);
#12223 = CARTESIAN_POINT('',(112.33,-107.23,1.51));
#12224 = CIRCLE('',#12225,0.4);
#12225 = AXIS2_PLACEMENT_3D('',#12226,#12227,#12228);
#12226 = CARTESIAN_POINT('',(112.33,-106.83,1.51));
#12227 = DIRECTION('',(-0.,0.,-1.));
#12228 = DIRECTION('',(-3.552713678801E-14,-1.,0.));
#12229 = FACE_BOUND('',#12230,.T.);
#12230 = EDGE_LOOP('',(#12231));
#12231 = ORIENTED_EDGE('',*,*,#12232,.T.);
#12232 = EDGE_CURVE('',#12233,#12233,#12235,.T.);
#12233 = VERTEX_POINT('',#12234);
#12234 = CARTESIAN_POINT('',(122.793,-123.743,1.51));
#12235 = CIRCLE('',#12236,0.4);
#12236 = AXIS2_PLACEMENT_3D('',#12237,#12238,#12239);
#12237 = CARTESIAN_POINT('',(122.793,-123.343,1.51));
#12238 = DIRECTION('',(-0.,0.,-1.));
#12239 = DIRECTION('',(-0.,-1.,0.));
#12240 = FACE_BOUND('',#12241,.T.);
#12241 = EDGE_LOOP('',(#12242));
#12242 = ORIENTED_EDGE('',*,*,#12243,.T.);
#12243 = EDGE_CURVE('',#12244,#12244,#12246,.T.);
#12244 = VERTEX_POINT('',#12245);
#12245 = CARTESIAN_POINT('',(125.488,-121.508,1.51));
#12246 = CIRCLE('',#12247,0.4);
#12247 = AXIS2_PLACEMENT_3D('',#12248,#12249,#12250);
#12248 = CARTESIAN_POINT('',(125.488,-121.108,1.51));
#12249 = DIRECTION('',(-0.,0.,-1.));
#12250 = DIRECTION('',(-0.,-1.,0.));
#12251 = FACE_BOUND('',#12252,.T.);
#12252 = EDGE_LOOP('',(#12253));
#12253 = ORIENTED_EDGE('',*,*,#12254,.T.);
#12254 = EDGE_CURVE('',#12255,#12255,#12257,.T.);
#12255 = VERTEX_POINT('',#12256);
#12256 = CARTESIAN_POINT('',(130.048,-123.336,1.51));
#12257 = CIRCLE('',#12258,0.4);
#12258 = AXIS2_PLACEMENT_3D('',#12259,#12260,#12261);
#12259 = CARTESIAN_POINT('',(130.048,-122.936,1.51));
#12260 = DIRECTION('',(-0.,0.,-1.));
#12261 = DIRECTION('',(-0.,-1.,0.));
#12262 = FACE_BOUND('',#12263,.T.);
#12263 = EDGE_LOOP('',(#12264));
#12264 = ORIENTED_EDGE('',*,*,#12265,.T.);
#12265 = EDGE_CURVE('',#12266,#12266,#12268,.T.);
#12266 = VERTEX_POINT('',#12267);
#12267 = CARTESIAN_POINT('',(124.213,-118.313,1.51));
#12268 = CIRCLE('',#12269,0.4);
#12269 = AXIS2_PLACEMENT_3D('',#12270,#12271,#12272);
#12270 = CARTESIAN_POINT('',(124.213,-117.913,1.51));
#12271 = DIRECTION('',(-0.,0.,-1.));
#12272 = DIRECTION('',(-0.,-1.,0.));
#12273 = FACE_BOUND('',#12274,.T.);
#12274 = EDGE_LOOP('',(#12275));
#12275 = ORIENTED_EDGE('',*,*,#12276,.T.);
#12276 = EDGE_CURVE('',#12277,#12277,#12279,.T.);
#12277 = VERTEX_POINT('',#12278);
#12278 = CARTESIAN_POINT('',(126.753,-118.313,1.51));
#12279 = CIRCLE('',#12280,0.4);
#12280 = AXIS2_PLACEMENT_3D('',#12281,#12282,#12283);
#12281 = CARTESIAN_POINT('',(126.753,-117.913,1.51));
#12282 = DIRECTION('',(-0.,0.,-1.));
#12283 = DIRECTION('',(-0.,-1.,0.));
#12284 = FACE_BOUND('',#12285,.T.);
#12285 = EDGE_LOOP('',(#12286));
#12286 = ORIENTED_EDGE('',*,*,#12287,.T.);
#12287 = EDGE_CURVE('',#12288,#12288,#12290,.T.);
#12288 = VERTEX_POINT('',#12289);
#12289 = CARTESIAN_POINT('',(124.213,-110.693,1.51));
#12290 = CIRCLE('',#12291,0.4);
#12291 = AXIS2_PLACEMENT_3D('',#12292,#12293,#12294);
#12292 = CARTESIAN_POINT('',(124.213,-110.293,1.51));
#12293 = DIRECTION('',(-0.,0.,-1.));
#12294 = DIRECTION('',(-0.,-1.,0.));
#12295 = FACE_BOUND('',#12296,.T.);
#12296 = EDGE_LOOP('',(#12297));
#12297 = ORIENTED_EDGE('',*,*,#12298,.T.);
#12298 = EDGE_CURVE('',#12299,#12299,#12301,.T.);
#12299 = VERTEX_POINT('',#12300);
#12300 = CARTESIAN_POINT('',(126.753,-110.693,1.51));
#12301 = CIRCLE('',#12302,0.4);
#12302 = AXIS2_PLACEMENT_3D('',#12303,#12304,#12305);
#12303 = CARTESIAN_POINT('',(126.753,-110.293,1.51));
#12304 = DIRECTION('',(-0.,0.,-1.));
#12305 = DIRECTION('',(-0.,-1.,0.));
#12306 = FACE_BOUND('',#12307,.T.);
#12307 = EDGE_LOOP('',(#12308));
#12308 = ORIENTED_EDGE('',*,*,#12309,.T.);
#12309 = EDGE_CURVE('',#12310,#12310,#12312,.T.);
#12310 = VERTEX_POINT('',#12311);
#12311 = CARTESIAN_POINT('',(130.048,-113.176,1.51));
#12312 = CIRCLE('',#12313,0.4);
#12313 = AXIS2_PLACEMENT_3D('',#12314,#12315,#12316);
#12314 = CARTESIAN_POINT('',(130.048,-112.776,1.51));
#12315 = DIRECTION('',(-0.,0.,-1.));
#12316 = DIRECTION('',(-0.,-1.,0.));
#12317 = FACE_BOUND('',#12318,.T.);
#12318 = EDGE_LOOP('',(#12319));
#12319 = ORIENTED_EDGE('',*,*,#12320,.T.);
#12320 = EDGE_CURVE('',#12321,#12321,#12323,.T.);
#12321 = VERTEX_POINT('',#12322);
#12322 = CARTESIAN_POINT('',(132.65,-110.89,1.51));
#12323 = CIRCLE('',#12324,0.4);
#12324 = AXIS2_PLACEMENT_3D('',#12325,#12326,#12327);
#12325 = CARTESIAN_POINT('',(132.65,-110.49,1.51));
#12326 = DIRECTION('',(-0.,0.,-1.));
#12327 = DIRECTION('',(-0.,-1.,0.));
#12328 = FACE_BOUND('',#12329,.T.);
#12329 = EDGE_LOOP('',(#12330));
#12330 = ORIENTED_EDGE('',*,*,#12331,.T.);
#12331 = EDGE_CURVE('',#12332,#12332,#12334,.T.);
#12332 = VERTEX_POINT('',#12333);
#12333 = CARTESIAN_POINT('',(122.49,-107.23,1.51));
#12334 = CIRCLE('',#12335,0.4);
#12335 = AXIS2_PLACEMENT_3D('',#12336,#12337,#12338);
#12336 = CARTESIAN_POINT('',(122.49,-106.83,1.51));
#12337 = DIRECTION('',(-0.,0.,-1.));
#12338 = DIRECTION('',(-3.552713678801E-14,-1.,0.));
#12339 = FACE_BOUND('',#12340,.T.);
#12340 = EDGE_LOOP('',(#12341));
#12341 = ORIENTED_EDGE('',*,*,#12342,.T.);
#12342 = EDGE_CURVE('',#12343,#12343,#12345,.T.);
#12343 = VERTEX_POINT('',#12344);
#12344 = CARTESIAN_POINT('',(137.73,-113.43,1.51));
#12345 = CIRCLE('',#12346,0.4);
#12346 = AXIS2_PLACEMENT_3D('',#12347,#12348,#12349);
#12347 = CARTESIAN_POINT('',(137.73,-113.03,1.51));
#12348 = DIRECTION('',(-0.,0.,-1.));
#12349 = DIRECTION('',(-7.105427357601E-14,-1.,0.));
#12350 = FACE_BOUND('',#12351,.T.);
#12351 = EDGE_LOOP('',(#12352));
#12352 = ORIENTED_EDGE('',*,*,#12353,.T.);
#12353 = EDGE_CURVE('',#12354,#12354,#12356,.T.);
#12354 = VERTEX_POINT('',#12355);
#12355 = CARTESIAN_POINT('',(140.27,-113.43,1.51));
#12356 = CIRCLE('',#12357,0.4);
#12357 = AXIS2_PLACEMENT_3D('',#12358,#12359,#12360);
#12358 = CARTESIAN_POINT('',(140.27,-113.03,1.51));
#12359 = DIRECTION('',(-0.,0.,-1.));
#12360 = DIRECTION('',(7.105427357601E-14,-1.,-0.));
#12361 = FACE_BOUND('',#12362,.T.);
#12362 = EDGE_LOOP('',(#12363));
#12363 = ORIENTED_EDGE('',*,*,#12364,.T.);
#12364 = EDGE_CURVE('',#12365,#12365,#12367,.T.);
#12365 = VERTEX_POINT('',#12366);
#12366 = CARTESIAN_POINT('',(142.81,-113.43,1.51));
#12367 = CIRCLE('',#12368,0.4);
#12368 = AXIS2_PLACEMENT_3D('',#12369,#12370,#12371);
#12369 = CARTESIAN_POINT('',(142.81,-113.03,1.51));
#12370 = DIRECTION('',(-0.,0.,-1.));
#12371 = DIRECTION('',(-0.,-1.,0.));
#12372 = FACE_BOUND('',#12373,.T.);
#12373 = EDGE_LOOP('',(#12374));
#12374 = ORIENTED_EDGE('',*,*,#12375,.T.);
#12375 = EDGE_CURVE('',#12376,#12376,#12378,.T.);
#12376 = VERTEX_POINT('',#12377);
#12377 = CARTESIAN_POINT('',(141.54,-108.35,1.51));
#12378 = CIRCLE('',#12379,0.4);
#12379 = AXIS2_PLACEMENT_3D('',#12380,#12381,#12382);
#12380 = CARTESIAN_POINT('',(141.54,-107.95,1.51));
#12381 = DIRECTION('',(-0.,0.,-1.));
#12382 = DIRECTION('',(-0.,-1.,0.));
#12383 = FACE_BOUND('',#12384,.T.);
#12384 = EDGE_LOOP('',(#12385));
#12385 = ORIENTED_EDGE('',*,*,#12386,.T.);
#12386 = EDGE_CURVE('',#12387,#12387,#12389,.T.);
#12387 = VERTEX_POINT('',#12388);
#12388 = CARTESIAN_POINT('',(145.35,-139.23,1.51));
#12389 = CIRCLE('',#12390,0.8);
#12390 = AXIS2_PLACEMENT_3D('',#12391,#12392,#12393);
#12391 = CARTESIAN_POINT('',(145.35,-138.43,1.51));
#12392 = DIRECTION('',(-0.,0.,-1.));
#12393 = DIRECTION('',(-3.552713678801E-14,-1.,0.));
#12394 = FACE_BOUND('',#12395,.T.);
#12395 = EDGE_LOOP('',(#12396));
#12396 = ORIENTED_EDGE('',*,*,#12397,.T.);
#12397 = EDGE_CURVE('',#12398,#12398,#12400,.T.);
#12398 = VERTEX_POINT('',#12399);
#12399 = CARTESIAN_POINT('',(150.43,-139.23,1.51));
#12400 = CIRCLE('',#12401,0.8);
#12401 = AXIS2_PLACEMENT_3D('',#12402,#12403,#12404);
#12402 = CARTESIAN_POINT('',(150.43,-138.43,1.51));
#12403 = DIRECTION('',(-0.,0.,-1.));
#12404 = DIRECTION('',(-0.,-1.,0.));
#12405 = FACE_BOUND('',#12406,.T.);
#12406 = EDGE_LOOP('',(#12407));
#12407 = ORIENTED_EDGE('',*,*,#12408,.T.);
#12408 = EDGE_CURVE('',#12409,#12409,#12411,.T.);
#12409 = VERTEX_POINT('',#12410);
#12410 = CARTESIAN_POINT('',(155.51,-139.23,1.51));
#12411 = CIRCLE('',#12412,0.8);
#12412 = AXIS2_PLACEMENT_3D('',#12413,#12414,#12415);
#12413 = CARTESIAN_POINT('',(155.51,-138.43,1.51));
#12414 = DIRECTION('',(-0.,0.,-1.));
#12415 = DIRECTION('',(-0.,-1.,0.));
#12416 = FACE_BOUND('',#12417,.T.);
#12417 = EDGE_LOOP('',(#12418));
#12418 = ORIENTED_EDGE('',*,*,#12419,.T.);
#12419 = EDGE_CURVE('',#12420,#12420,#12422,.T.);
#12420 = VERTEX_POINT('',#12421);
#12421 = CARTESIAN_POINT('',(160.59,-139.23,1.51));
#12422 = CIRCLE('',#12423,0.8);
#12423 = AXIS2_PLACEMENT_3D('',#12424,#12425,#12426);
#12424 = CARTESIAN_POINT('',(160.59,-138.43,1.51));
#12425 = DIRECTION('',(-0.,0.,-1.));
#12426 = DIRECTION('',(3.5527136788E-14,-1.,-0.));
#12427 = FACE_BOUND('',#12428,.T.);
#12428 = EDGE_LOOP('',(#12429));
#12429 = ORIENTED_EDGE('',*,*,#12430,.T.);
#12430 = EDGE_CURVE('',#12431,#12431,#12433,.T.);
#12431 = VERTEX_POINT('',#12432);
#12432 = CARTESIAN_POINT('',(165.67,-139.23,1.51));
#12433 = CIRCLE('',#12434,0.8);
#12434 = AXIS2_PLACEMENT_3D('',#12435,#12436,#12437);
#12435 = CARTESIAN_POINT('',(165.67,-138.43,1.51));
#12436 = DIRECTION('',(-0.,0.,-1.));
#12437 = DIRECTION('',(-3.552713678801E-14,-1.,0.));
#12438 = FACE_BOUND('',#12439,.T.);
#12439 = EDGE_LOOP('',(#12440));
#12440 = ORIENTED_EDGE('',*,*,#12441,.T.);
#12441 = EDGE_CURVE('',#12442,#12442,#12444,.T.);
#12442 = VERTEX_POINT('',#12443);
#12443 = CARTESIAN_POINT('',(153.67,-127.66,1.51));
#12444 = CIRCLE('',#12445,0.66);
#12445 = AXIS2_PLACEMENT_3D('',#12446,#12447,#12448);
#12446 = CARTESIAN_POINT('',(153.67,-127.,1.51));
#12447 = DIRECTION('',(-0.,0.,-1.));
#12448 = DIRECTION('',(-4.306319610667E-14,-1.,0.));
#12449 = FACE_BOUND('',#12450,.T.);
#12450 = EDGE_LOOP('',(#12451));
#12451 = ORIENTED_EDGE('',*,*,#12452,.T.);
#12452 = EDGE_CURVE('',#12453,#12453,#12455,.T.);
#12453 = VERTEX_POINT('',#12454);
#12454 = CARTESIAN_POINT('',(165.67,-127.66,1.51));
#12455 = CIRCLE('',#12456,0.66);
#12456 = AXIS2_PLACEMENT_3D('',#12457,#12458,#12459);
#12457 = CARTESIAN_POINT('',(165.67,-127.,1.51));
#12458 = DIRECTION('',(-0.,0.,-1.));
#12459 = DIRECTION('',(-4.306319610667E-14,-1.,0.));
#12460 = FACE_BOUND('',#12461,.T.);
#12461 = EDGE_LOOP('',(#12462));
#12462 = ORIENTED_EDGE('',*,*,#12463,.T.);
#12463 = EDGE_CURVE('',#12464,#12464,#12466,.T.);
#12464 = VERTEX_POINT('',#12465);
#12465 = CARTESIAN_POINT('',(170.75,-139.23,1.51));
#12466 = CIRCLE('',#12467,0.8);
#12467 = AXIS2_PLACEMENT_3D('',#12468,#12469,#12470);
#12468 = CARTESIAN_POINT('',(170.75,-138.43,1.51));
#12469 = DIRECTION('',(-0.,0.,-1.));
#12470 = DIRECTION('',(-0.,-1.,0.));
#12471 = FACE_BOUND('',#12472,.T.);
#12472 = EDGE_LOOP('',(#12473));
#12473 = ORIENTED_EDGE('',*,*,#12474,.T.);
#12474 = EDGE_CURVE('',#12475,#12475,#12477,.T.);
#12475 = VERTEX_POINT('',#12476);
#12476 = CARTESIAN_POINT('',(175.83,-139.23,1.51));
#12477 = CIRCLE('',#12478,0.8);
#12478 = AXIS2_PLACEMENT_3D('',#12479,#12480,#12481);
#12479 = CARTESIAN_POINT('',(175.83,-138.43,1.51));
#12480 = DIRECTION('',(-0.,0.,-1.));
#12481 = DIRECTION('',(3.5527136788E-14,-1.,-0.));
#12482 = FACE_BOUND('',#12483,.T.);
#12483 = EDGE_LOOP('',(#12484));
#12484 = ORIENTED_EDGE('',*,*,#12485,.T.);
#12485 = EDGE_CURVE('',#12486,#12486,#12488,.T.);
#12486 = VERTEX_POINT('',#12487);
#12487 = CARTESIAN_POINT('',(189.488,-148.608,1.51));
#12488 = CIRCLE('',#12489,1.5);
#12489 = AXIS2_PLACEMENT_3D('',#12490,#12491,#12492);
#12490 = CARTESIAN_POINT('',(189.488,-147.108,1.51));
#12491 = DIRECTION('',(-0.,0.,-1.));
#12492 = DIRECTION('',(-0.,-1.,0.));
#12493 = FACE_BOUND('',#12494,.T.);
#12494 = EDGE_LOOP('',(#12495));
#12495 = ORIENTED_EDGE('',*,*,#12496,.T.);
#12496 = EDGE_CURVE('',#12497,#12497,#12499,.T.);
#12497 = VERTEX_POINT('',#12498);
#12498 = CARTESIAN_POINT('',(180.91,-139.23,1.51));
#12499 = CIRCLE('',#12500,0.8);
#12500 = AXIS2_PLACEMENT_3D('',#12501,#12502,#12503);
#12501 = CARTESIAN_POINT('',(180.91,-138.43,1.51));
#12502 = DIRECTION('',(-0.,0.,-1.));
#12503 = DIRECTION('',(-3.552713678801E-14,-1.,0.));
#12504 = FACE_BOUND('',#12505,.T.);
#12505 = EDGE_LOOP('',(#12506));
#12506 = ORIENTED_EDGE('',*,*,#12507,.T.);
#12507 = EDGE_CURVE('',#12508,#12508,#12510,.T.);
#12508 = VERTEX_POINT('',#12509);
#12509 = CARTESIAN_POINT('',(171.45,-127.66,1.51));
#12510 = CIRCLE('',#12511,0.66);
#12511 = AXIS2_PLACEMENT_3D('',#12512,#12513,#12514);
#12512 = CARTESIAN_POINT('',(171.45,-127.,1.51));
#12513 = DIRECTION('',(-0.,0.,-1.));
#12514 = DIRECTION('',(-0.,-1.,0.));
#12515 = FACE_BOUND('',#12516,.T.);
#12516 = EDGE_LOOP('',(#12517));
#12517 = ORIENTED_EDGE('',*,*,#12518,.T.);
#12518 = EDGE_CURVE('',#12519,#12519,#12521,.T.);
#12519 = VERTEX_POINT('',#12520);
#12520 = CARTESIAN_POINT('',(183.45,-127.66,1.51));
#12521 = CIRCLE('',#12522,0.66);
#12522 = AXIS2_PLACEMENT_3D('',#12523,#12524,#12525);
#12523 = CARTESIAN_POINT('',(183.45,-127.,1.51));
#12524 = DIRECTION('',(-0.,0.,-1.));
#12525 = DIRECTION('',(-0.,-1.,0.));
#12526 = FACE_BOUND('',#12527,.T.);
#12527 = EDGE_LOOP('',(#12528));
#12528 = ORIENTED_EDGE('',*,*,#12529,.T.);
#12529 = EDGE_CURVE('',#12530,#12530,#12532,.T.);
#12530 = VERTEX_POINT('',#12531);
#12531 = CARTESIAN_POINT('',(153.67,-115.46,1.51));
#12532 = CIRCLE('',#12533,0.66);
#12533 = AXIS2_PLACEMENT_3D('',#12534,#12535,#12536);
#12534 = CARTESIAN_POINT('',(153.67,-114.8,1.51));
#12535 = DIRECTION('',(-0.,0.,-1.));
#12536 = DIRECTION('',(-4.306319610667E-14,-1.,0.));
#12537 = FACE_BOUND('',#12538,.T.);
#12538 = EDGE_LOOP('',(#12539));
#12539 = ORIENTED_EDGE('',*,*,#12540,.T.);
#12540 = EDGE_CURVE('',#12541,#12541,#12543,.T.);
#12541 = VERTEX_POINT('',#12542);
#12542 = CARTESIAN_POINT('',(165.67,-115.46,1.51));
#12543 = CIRCLE('',#12544,0.66);
#12544 = AXIS2_PLACEMENT_3D('',#12545,#12546,#12547);
#12545 = CARTESIAN_POINT('',(165.67,-114.8,1.51));
#12546 = DIRECTION('',(-0.,0.,-1.));
#12547 = DIRECTION('',(-4.306319610667E-14,-1.,0.));
#12548 = FACE_BOUND('',#12549,.T.);
#12549 = EDGE_LOOP('',(#12550));
#12550 = ORIENTED_EDGE('',*,*,#12551,.T.);
#12551 = EDGE_CURVE('',#12552,#12552,#12554,.T.);
#12552 = VERTEX_POINT('',#12553);
#12553 = CARTESIAN_POINT('',(145.288,-113.176,1.51));
#12554 = CIRCLE('',#12555,0.4);
#12555 = AXIS2_PLACEMENT_3D('',#12556,#12557,#12558);
#12556 = CARTESIAN_POINT('',(145.288,-112.776,1.51));
#12557 = DIRECTION('',(-0.,0.,-1.));
#12558 = DIRECTION('',(-0.,-1.,0.));
#12559 = FACE_BOUND('',#12560,.T.);
#12560 = EDGE_LOOP('',(#12561));
#12561 = ORIENTED_EDGE('',*,*,#12562,.T.);
#12562 = EDGE_CURVE('',#12563,#12563,#12565,.T.);
#12563 = VERTEX_POINT('',#12564);
#12564 = CARTESIAN_POINT('',(147.828,-113.176,1.51));
#12565 = CIRCLE('',#12566,0.4);
#12566 = AXIS2_PLACEMENT_3D('',#12567,#12568,#12569);
#12567 = CARTESIAN_POINT('',(147.828,-112.776,1.51));
#12568 = DIRECTION('',(-0.,0.,-1.));
#12569 = DIRECTION('',(-0.,-1.,0.));
#12570 = FACE_BOUND('',#12571,.T.);
#12571 = EDGE_LOOP('',(#12572));
#12572 = ORIENTED_EDGE('',*,*,#12573,.T.);
#12573 = EDGE_CURVE('',#12574,#12574,#12576,.T.);
#12574 = VERTEX_POINT('',#12575);
#12575 = CARTESIAN_POINT('',(146.812,-109.62,1.51));
#12576 = CIRCLE('',#12577,0.4);
#12577 = AXIS2_PLACEMENT_3D('',#12578,#12579,#12580);
#12578 = CARTESIAN_POINT('',(146.812,-109.22,1.51));
#12579 = DIRECTION('',(-0.,0.,-1.));
#12580 = DIRECTION('',(-0.,-1.,0.));
#12581 = FACE_BOUND('',#12582,.T.);
#12582 = EDGE_LOOP('',(#12583));
#12583 = ORIENTED_EDGE('',*,*,#12584,.T.);
#12584 = EDGE_CURVE('',#12585,#12585,#12587,.T.);
#12585 = VERTEX_POINT('',#12586);
#12586 = CARTESIAN_POINT('',(150.368,-113.176,1.51));
#12587 = CIRCLE('',#12588,0.4);
#12588 = AXIS2_PLACEMENT_3D('',#12589,#12590,#12591);
#12589 = CARTESIAN_POINT('',(150.368,-112.776,1.51));
#12590 = DIRECTION('',(-0.,0.,-1.));
#12591 = DIRECTION('',(-0.,-1.,0.));
#12592 = FACE_BOUND('',#12593,.T.);
#12593 = EDGE_LOOP('',(#12594));
#12594 = ORIENTED_EDGE('',*,*,#12595,.T.);
#12595 = EDGE_CURVE('',#12596,#12596,#12598,.T.);
#12596 = VERTEX_POINT('',#12597);
#12597 = CARTESIAN_POINT('',(151.7,-108.55,1.51));
#12598 = CIRCLE('',#12599,0.6);
#12599 = AXIS2_PLACEMENT_3D('',#12600,#12601,#12602);
#12600 = CARTESIAN_POINT('',(151.7,-107.95,1.51));
#12601 = DIRECTION('',(-0.,0.,-1.));
#12602 = DIRECTION('',(-0.,-1.,0.));
#12603 = FACE_BOUND('',#12604,.T.);
#12604 = EDGE_LOOP('',(#12605));
#12605 = ORIENTED_EDGE('',*,*,#12606,.T.);
#12606 = EDGE_CURVE('',#12607,#12607,#12609,.T.);
#12607 = VERTEX_POINT('',#12608);
#12608 = CARTESIAN_POINT('',(159.67,-113.445,1.51));
#12609 = CIRCLE('',#12610,0.645);
#12610 = AXIS2_PLACEMENT_3D('',#12611,#12612,#12613);
#12611 = CARTESIAN_POINT('',(159.67,-112.8,1.51));
#12612 = DIRECTION('',(-0.,0.,-1.));
#12613 = DIRECTION('',(-4.406466578357E-14,-1.,0.));
#12614 = FACE_BOUND('',#12615,.T.);
#12615 = EDGE_LOOP('',(#12616));
#12616 = ORIENTED_EDGE('',*,*,#12617,.T.);
#12617 = EDGE_CURVE('',#12618,#12618,#12620,.T.);
#12618 = VERTEX_POINT('',#12619);
#12619 = CARTESIAN_POINT('',(166.94,-108.55,1.51));
#12620 = CIRCLE('',#12621,0.6);
#12621 = AXIS2_PLACEMENT_3D('',#12622,#12623,#12624);
#12622 = CARTESIAN_POINT('',(166.94,-107.95,1.51));
#12623 = DIRECTION('',(-0.,0.,-1.));
#12624 = DIRECTION('',(-0.,-1.,0.));
#12625 = FACE_BOUND('',#12626,.T.);
#12626 = EDGE_LOOP('',(#12627));
#12627 = ORIENTED_EDGE('',*,*,#12628,.T.);
#12628 = EDGE_CURVE('',#12629,#12629,#12631,.T.);
#12629 = VERTEX_POINT('',#12630);
#12630 = CARTESIAN_POINT('',(171.45,-115.46,1.51));
#12631 = CIRCLE('',#12632,0.66);
#12632 = AXIS2_PLACEMENT_3D('',#12633,#12634,#12635);
#12633 = CARTESIAN_POINT('',(171.45,-114.8,1.51));
#12634 = DIRECTION('',(-0.,0.,-1.));
#12635 = DIRECTION('',(-0.,-1.,0.));
#12636 = FACE_BOUND('',#12637,.T.);
#12637 = EDGE_LOOP('',(#12638));
#12638 = ORIENTED_EDGE('',*,*,#12639,.T.);
#12639 = EDGE_CURVE('',#12640,#12640,#12642,.T.);
#12640 = VERTEX_POINT('',#12641);
#12641 = CARTESIAN_POINT('',(183.45,-115.46,1.51));
#12642 = CIRCLE('',#12643,0.66);
#12643 = AXIS2_PLACEMENT_3D('',#12644,#12645,#12646);
#12644 = CARTESIAN_POINT('',(183.45,-114.8,1.51));
#12645 = DIRECTION('',(-0.,0.,-1.));
#12646 = DIRECTION('',(-0.,-1.,0.));
#12647 = FACE_BOUND('',#12648,.T.);
#12648 = EDGE_LOOP('',(#12649));
#12649 = ORIENTED_EDGE('',*,*,#12650,.T.);
#12650 = EDGE_CURVE('',#12651,#12651,#12653,.T.);
#12651 = VERTEX_POINT('',#12652);
#12652 = CARTESIAN_POINT('',(170.75,-108.55,1.51));
#12653 = CIRCLE('',#12654,0.6);
#12654 = AXIS2_PLACEMENT_3D('',#12655,#12656,#12657);
#12655 = CARTESIAN_POINT('',(170.75,-107.95,1.51));
#12656 = DIRECTION('',(-0.,0.,-1.));
#12657 = DIRECTION('',(-0.,-1.,0.));
#12658 = FACE_BOUND('',#12659,.T.);
#12659 = EDGE_LOOP('',(#12660));
#12660 = ORIENTED_EDGE('',*,*,#12661,.T.);
#12661 = EDGE_CURVE('',#12662,#12662,#12664,.T.);
#12662 = VERTEX_POINT('',#12663);
#12663 = CARTESIAN_POINT('',(177.45,-113.445,1.51));
#12664 = CIRCLE('',#12665,0.645);
#12665 = AXIS2_PLACEMENT_3D('',#12666,#12667,#12668);
#12666 = CARTESIAN_POINT('',(177.45,-112.8,1.51));
#12667 = DIRECTION('',(-0.,0.,-1.));
#12668 = DIRECTION('',(-0.,-1.,0.));
#12669 = FACE_BOUND('',#12670,.T.);
#12670 = EDGE_LOOP('',(#12671));
#12671 = ORIENTED_EDGE('',*,*,#12672,.T.);
#12672 = EDGE_CURVE('',#12673,#12673,#12675,.T.);
#12673 = VERTEX_POINT('',#12674);
#12674 = CARTESIAN_POINT('',(185.99,-108.55,1.51));
#12675 = CIRCLE('',#12676,0.6);
#12676 = AXIS2_PLACEMENT_3D('',#12677,#12678,#12679);
#12677 = CARTESIAN_POINT('',(185.99,-107.95,1.51));
#12678 = DIRECTION('',(-0.,0.,-1.));
#12679 = DIRECTION('',(-0.,-1.,0.));
#12680 = FACE_BOUND('',#12681,.T.);
#12681 = EDGE_LOOP('',(#12682));
#12682 = ORIENTED_EDGE('',*,*,#12683,.T.);
#12683 = EDGE_CURVE('',#12684,#12684,#12686,.T.);
#12684 = VERTEX_POINT('',#12685);
#12685 = CARTESIAN_POINT('',(105.98,-99.66,1.51));
#12686 = CIRCLE('',#12687,0.45);
#12687 = AXIS2_PLACEMENT_3D('',#12688,#12689,#12690);
#12688 = CARTESIAN_POINT('',(105.98,-99.21,1.51));
#12689 = DIRECTION('',(-0.,0.,-1.));
#12690 = DIRECTION('',(-0.,-1.,0.));
#12691 = FACE_BOUND('',#12692,.T.);
#12692 = EDGE_LOOP('',(#12693));
#12693 = ORIENTED_EDGE('',*,*,#12694,.T.);
#12694 = EDGE_CURVE('',#12695,#12695,#12697,.T.);
#12695 = VERTEX_POINT('',#12696);
#12696 = CARTESIAN_POINT('',(108.52,-99.66,1.51));
#12697 = CIRCLE('',#12698,0.45);
#12698 = AXIS2_PLACEMENT_3D('',#12699,#12700,#12701);
#12699 = CARTESIAN_POINT('',(108.52,-99.21,1.51));
#12700 = DIRECTION('',(-0.,0.,-1.));
#12701 = DIRECTION('',(-0.,-1.,0.));
#12702 = FACE_BOUND('',#12703,.T.);
#12703 = EDGE_LOOP('',(#12704));
#12704 = ORIENTED_EDGE('',*,*,#12705,.T.);
#12705 = EDGE_CURVE('',#12706,#12706,#12708,.T.);
#12706 = VERTEX_POINT('',#12707);
#12707 = CARTESIAN_POINT('',(105.98,-92.19,1.51));
#12708 = CIRCLE('',#12709,0.45);
#12709 = AXIS2_PLACEMENT_3D('',#12710,#12711,#12712);
#12710 = CARTESIAN_POINT('',(105.98,-91.74,1.51));
#12711 = DIRECTION('',(-0.,0.,-1.));
#12712 = DIRECTION('',(-0.,-1.,0.));
#12713 = FACE_BOUND('',#12714,.T.);
#12714 = EDGE_LOOP('',(#12715));
#12715 = ORIENTED_EDGE('',*,*,#12716,.T.);
#12716 = EDGE_CURVE('',#12717,#12717,#12719,.T.);
#12717 = VERTEX_POINT('',#12718);
#12718 = CARTESIAN_POINT('',(108.52,-92.19,1.51));
#12719 = CIRCLE('',#12720,0.45);
#12720 = AXIS2_PLACEMENT_3D('',#12721,#12722,#12723);
#12721 = CARTESIAN_POINT('',(108.52,-91.74,1.51));
#12722 = DIRECTION('',(-0.,0.,-1.));
#12723 = DIRECTION('',(-0.,-1.,0.));
#12724 = FACE_BOUND('',#12725,.T.);
#12725 = EDGE_LOOP('',(#12726));
#12726 = ORIENTED_EDGE('',*,*,#12727,.T.);
#12727 = EDGE_CURVE('',#12728,#12728,#12730,.T.);
#12728 = VERTEX_POINT('',#12729);
#12729 = CARTESIAN_POINT('',(112.33,-99.61,1.51));
#12730 = CIRCLE('',#12731,0.4);
#12731 = AXIS2_PLACEMENT_3D('',#12732,#12733,#12734);
#12732 = CARTESIAN_POINT('',(112.33,-99.21,1.51));
#12733 = DIRECTION('',(-0.,0.,-1.));
#12734 = DIRECTION('',(-3.552713678801E-14,-1.,0.));
#12735 = FACE_BOUND('',#12736,.T.);
#12736 = EDGE_LOOP('',(#12737));
#12737 = ORIENTED_EDGE('',*,*,#12738,.T.);
#12738 = EDGE_CURVE('',#12739,#12739,#12741,.T.);
#12739 = VERTEX_POINT('',#12740);
#12740 = CARTESIAN_POINT('',(112.776,-95.904,1.51));
#12741 = CIRCLE('',#12742,0.4);
#12742 = AXIS2_PLACEMENT_3D('',#12743,#12744,#12745);
#12743 = CARTESIAN_POINT('',(112.776,-95.504,1.51));
#12744 = DIRECTION('',(-0.,0.,-1.));
#12745 = DIRECTION('',(-3.552713678801E-14,-1.,0.));
#12746 = FACE_BOUND('',#12747,.T.);
#12747 = EDGE_LOOP('',(#12748));
#12748 = ORIENTED_EDGE('',*,*,#12749,.T.);
#12749 = EDGE_CURVE('',#12750,#12750,#12752,.T.);
#12750 = VERTEX_POINT('',#12751);
#12751 = CARTESIAN_POINT('',(112.345995,-92.14,1.51));
#12752 = CIRCLE('',#12753,0.4);
#12753 = AXIS2_PLACEMENT_3D('',#12754,#12755,#12756);
#12754 = CARTESIAN_POINT('',(112.345995,-91.74,1.51));
#12755 = DIRECTION('',(-0.,0.,-1.));
#12756 = DIRECTION('',(3.5527136788E-14,-1.,-0.));
#12757 = FACE_BOUND('',#12758,.T.);
#12758 = EDGE_LOOP('',(#12759));
#12759 = ORIENTED_EDGE('',*,*,#12760,.T.);
#12760 = EDGE_CURVE('',#12761,#12761,#12763,.T.);
#12761 = VERTEX_POINT('',#12762);
#12762 = CARTESIAN_POINT('',(100.828,-85.508,1.51));
#12763 = CIRCLE('',#12764,0.4);
#12764 = AXIS2_PLACEMENT_3D('',#12765,#12766,#12767);
#12765 = CARTESIAN_POINT('',(100.828,-85.108,1.51));
#12766 = DIRECTION('',(-0.,0.,-1.));
#12767 = DIRECTION('',(-0.,-1.,0.));
#12768 = FACE_BOUND('',#12769,.T.);
#12769 = EDGE_LOOP('',(#12770));
#12770 = ORIENTED_EDGE('',*,*,#12771,.T.);
#12771 = EDGE_CURVE('',#12772,#12772,#12774,.T.);
#12772 = VERTEX_POINT('',#12773);
#12773 = CARTESIAN_POINT('',(110.988,-85.508,1.51));
#12774 = CIRCLE('',#12775,0.4);
#12775 = AXIS2_PLACEMENT_3D('',#12776,#12777,#12778);
#12776 = CARTESIAN_POINT('',(110.988,-85.108,1.51));
#12777 = DIRECTION('',(-0.,0.,-1.));
#12778 = DIRECTION('',(-0.,-1.,0.));
#12779 = FACE_BOUND('',#12780,.T.);
#12780 = EDGE_LOOP('',(#12781));
#12781 = ORIENTED_EDGE('',*,*,#12782,.T.);
#12782 = EDGE_CURVE('',#12783,#12783,#12785,.T.);
#12783 = VERTEX_POINT('',#12784);
#12784 = CARTESIAN_POINT('',(113.488,-82.588,1.51));
#12785 = CIRCLE('',#12786,0.4);
#12786 = AXIS2_PLACEMENT_3D('',#12787,#12788,#12789);
#12787 = CARTESIAN_POINT('',(113.488,-82.188,1.51));
#12788 = DIRECTION('',(-0.,0.,-1.));
#12789 = DIRECTION('',(-0.,-1.,0.));
#12790 = FACE_BOUND('',#12791,.T.);
#12791 = EDGE_LOOP('',(#12792));
#12792 = ORIENTED_EDGE('',*,*,#12793,.T.);
#12793 = EDGE_CURVE('',#12794,#12794,#12796,.T.);
#12794 = VERTEX_POINT('',#12795);
#12795 = CARTESIAN_POINT('',(122.49,-99.61,1.51));
#12796 = CIRCLE('',#12797,0.4);
#12797 = AXIS2_PLACEMENT_3D('',#12798,#12799,#12800);
#12798 = CARTESIAN_POINT('',(122.49,-99.21,1.51));
#12799 = DIRECTION('',(-0.,0.,-1.));
#12800 = DIRECTION('',(-3.552713678801E-14,-1.,0.));
#12801 = FACE_BOUND('',#12802,.T.);
#12802 = EDGE_LOOP('',(#12803));
#12803 = ORIENTED_EDGE('',*,*,#12804,.T.);
#12804 = EDGE_CURVE('',#12805,#12805,#12807,.T.);
#12805 = VERTEX_POINT('',#12806);
#12806 = CARTESIAN_POINT('',(132.65,-100.73,1.51));
#12807 = CIRCLE('',#12808,0.4);
#12808 = AXIS2_PLACEMENT_3D('',#12809,#12810,#12811);
#12809 = CARTESIAN_POINT('',(132.65,-100.33,1.51));
#12810 = DIRECTION('',(-0.,0.,-1.));
#12811 = DIRECTION('',(-0.,-1.,0.));
#12812 = FACE_BOUND('',#12813,.T.);
#12813 = EDGE_LOOP('',(#12814));
#12814 = ORIENTED_EDGE('',*,*,#12815,.T.);
#12815 = EDGE_CURVE('',#12816,#12816,#12818,.T.);
#12816 = VERTEX_POINT('',#12817);
#12817 = CARTESIAN_POINT('',(132.65,-98.19,1.51));
#12818 = CIRCLE('',#12819,0.4);
#12819 = AXIS2_PLACEMENT_3D('',#12820,#12821,#12822);
#12820 = CARTESIAN_POINT('',(132.65,-97.79,1.51));
#12821 = DIRECTION('',(-0.,0.,-1.));
#12822 = DIRECTION('',(-0.,-1.,0.));
#12823 = FACE_BOUND('',#12824,.T.);
#12824 = EDGE_LOOP('',(#12825));
#12825 = ORIENTED_EDGE('',*,*,#12826,.T.);
#12826 = EDGE_CURVE('',#12827,#12827,#12829,.T.);
#12827 = VERTEX_POINT('',#12828);
#12828 = CARTESIAN_POINT('',(122.936,-95.904,1.51));
#12829 = CIRCLE('',#12830,0.4);
#12830 = AXIS2_PLACEMENT_3D('',#12831,#12832,#12833);
#12831 = CARTESIAN_POINT('',(122.936,-95.504,1.51));
#12832 = DIRECTION('',(-0.,0.,-1.));
#12833 = DIRECTION('',(-0.,-1.,0.));
#12834 = FACE_BOUND('',#12835,.T.);
#12835 = EDGE_LOOP('',(#12836));
#12836 = ORIENTED_EDGE('',*,*,#12837,.T.);
#12837 = EDGE_CURVE('',#12838,#12838,#12840,.T.);
#12838 = VERTEX_POINT('',#12839);
#12839 = CARTESIAN_POINT('',(122.505995,-92.14,1.51));
#12840 = CIRCLE('',#12841,0.4);
#12841 = AXIS2_PLACEMENT_3D('',#12842,#12843,#12844);
#12842 = CARTESIAN_POINT('',(122.505995,-91.74,1.51));
#12843 = DIRECTION('',(-0.,0.,-1.));
#12844 = DIRECTION('',(-0.,-1.,0.));
#12845 = FACE_BOUND('',#12846,.T.);
#12846 = EDGE_LOOP('',(#12847));
#12847 = ORIENTED_EDGE('',*,*,#12848,.T.);
#12848 = EDGE_CURVE('',#12849,#12849,#12851,.T.);
#12849 = VERTEX_POINT('',#12850);
#12850 = CARTESIAN_POINT('',(141.54,-98.19,1.51));
#12851 = CIRCLE('',#12852,0.4);
#12852 = AXIS2_PLACEMENT_3D('',#12853,#12854,#12855);
#12853 = CARTESIAN_POINT('',(141.54,-97.79,1.51));
#12854 = DIRECTION('',(-0.,0.,-1.));
#12855 = DIRECTION('',(-0.,-1.,0.));
#12856 = FACE_BOUND('',#12857,.T.);
#12857 = EDGE_LOOP('',(#12858));
#12858 = ORIENTED_EDGE('',*,*,#12859,.T.);
#12859 = EDGE_CURVE('',#12860,#12860,#12862,.T.);
#12860 = VERTEX_POINT('',#12861);
#12861 = CARTESIAN_POINT('',(140.27,-93.21,1.51));
#12862 = CIRCLE('',#12863,0.5);
#12863 = AXIS2_PLACEMENT_3D('',#12864,#12865,#12866);
#12864 = CARTESIAN_POINT('',(140.27,-92.71,1.51));
#12865 = DIRECTION('',(-0.,0.,-1.));
#12866 = DIRECTION('',(-0.,-1.,0.));
#12867 = FACE_BOUND('',#12868,.T.);
#12868 = EDGE_LOOP('',(#12869));
#12869 = ORIENTED_EDGE('',*,*,#12870,.T.);
#12870 = EDGE_CURVE('',#12871,#12871,#12873,.T.);
#12871 = VERTEX_POINT('',#12872);
#12872 = CARTESIAN_POINT('',(142.81,-93.21,1.51));
#12873 = CIRCLE('',#12874,0.5);
#12874 = AXIS2_PLACEMENT_3D('',#12875,#12876,#12877);
#12875 = CARTESIAN_POINT('',(142.81,-92.71,1.51));
#12876 = DIRECTION('',(-0.,0.,-1.));
#12877 = DIRECTION('',(-0.,-1.,0.));
#12878 = FACE_BOUND('',#12879,.T.);
#12879 = EDGE_LOOP('',(#12880));
#12880 = ORIENTED_EDGE('',*,*,#12881,.T.);
#12881 = EDGE_CURVE('',#12882,#12882,#12884,.T.);
#12882 = VERTEX_POINT('',#12883);
#12883 = CARTESIAN_POINT('',(132.65,-88.03,1.51));
#12884 = CIRCLE('',#12885,0.4);
#12885 = AXIS2_PLACEMENT_3D('',#12886,#12887,#12888);
#12886 = CARTESIAN_POINT('',(132.65,-87.63,1.51));
#12887 = DIRECTION('',(-0.,0.,-1.));
#12888 = DIRECTION('',(-0.,-1.,0.));
#12889 = FACE_BOUND('',#12890,.T.);
#12890 = EDGE_LOOP('',(#12891));
#12891 = ORIENTED_EDGE('',*,*,#12892,.T.);
#12892 = EDGE_CURVE('',#12893,#12893,#12895,.T.);
#12893 = VERTEX_POINT('',#12894);
#12894 = CARTESIAN_POINT('',(122.49,-83.15,1.51));
#12895 = CIRCLE('',#12896,0.6);
#12896 = AXIS2_PLACEMENT_3D('',#12897,#12898,#12899);
#12897 = CARTESIAN_POINT('',(122.49,-82.55,1.51));
#12898 = DIRECTION('',(-0.,0.,-1.));
#12899 = DIRECTION('',(-2.368475785867E-14,-1.,0.));
#12900 = FACE_BOUND('',#12901,.T.);
#12901 = EDGE_LOOP('',(#12902));
#12902 = ORIENTED_EDGE('',*,*,#12903,.T.);
#12903 = EDGE_CURVE('',#12904,#12904,#12906,.T.);
#12904 = VERTEX_POINT('',#12905);
#12905 = CARTESIAN_POINT('',(127.49,-83.15,1.51));
#12906 = CIRCLE('',#12907,0.6);
#12907 = AXIS2_PLACEMENT_3D('',#12908,#12909,#12910);
#12908 = CARTESIAN_POINT('',(127.49,-82.55,1.51));
#12909 = DIRECTION('',(-0.,0.,-1.));
#12910 = DIRECTION('',(-2.368475785867E-14,-1.,0.));
#12911 = FACE_BOUND('',#12912,.T.);
#12912 = EDGE_LOOP('',(#12913));
#12913 = ORIENTED_EDGE('',*,*,#12914,.T.);
#12914 = EDGE_CURVE('',#12915,#12915,#12917,.T.);
#12915 = VERTEX_POINT('',#12916);
#12916 = CARTESIAN_POINT('',(113.488,-72.428,1.51));
#12917 = CIRCLE('',#12918,0.4);
#12918 = AXIS2_PLACEMENT_3D('',#12919,#12920,#12921);
#12919 = CARTESIAN_POINT('',(113.488,-72.028,1.51));
#12920 = DIRECTION('',(-0.,0.,-1.));
#12921 = DIRECTION('',(-0.,-1.,0.));
#12922 = FACE_BOUND('',#12923,.T.);
#12923 = EDGE_LOOP('',(#12924));
#12924 = ORIENTED_EDGE('',*,*,#12925,.T.);
#12925 = EDGE_CURVE('',#12926,#12926,#12928,.T.);
#12926 = VERTEX_POINT('',#12927);
#12927 = CARTESIAN_POINT('',(118.76,-72.79,1.51));
#12928 = CIRCLE('',#12929,0.4);
#12929 = AXIS2_PLACEMENT_3D('',#12930,#12931,#12932);
#12930 = CARTESIAN_POINT('',(118.76,-72.39,1.51));
#12931 = DIRECTION('',(-0.,0.,-1.));
#12932 = DIRECTION('',(3.5527136788E-14,-1.,-0.));
#12933 = FACE_BOUND('',#12934,.T.);
#12934 = EDGE_LOOP('',(#12935));
#12935 = ORIENTED_EDGE('',*,*,#12936,.T.);
#12936 = EDGE_CURVE('',#12937,#12937,#12939,.T.);
#12937 = VERTEX_POINT('',#12938);
#12938 = CARTESIAN_POINT('',(118.8,-68.98,1.51));
#12939 = CIRCLE('',#12940,0.4);
#12940 = AXIS2_PLACEMENT_3D('',#12941,#12942,#12943);
#12941 = CARTESIAN_POINT('',(118.8,-68.58,1.51));
#12942 = DIRECTION('',(-0.,0.,-1.));
#12943 = DIRECTION('',(-3.552713678801E-14,-1.,0.));
#12944 = FACE_BOUND('',#12945,.T.);
#12945 = EDGE_LOOP('',(#12946));
#12946 = ORIENTED_EDGE('',*,*,#12947,.T.);
#12947 = EDGE_CURVE('',#12948,#12948,#12950,.T.);
#12948 = VERTEX_POINT('',#12949);
#12949 = CARTESIAN_POINT('',(99.488,-58.608,1.51));
#12950 = CIRCLE('',#12951,1.5);
#12951 = AXIS2_PLACEMENT_3D('',#12952,#12953,#12954);
#12952 = CARTESIAN_POINT('',(99.488,-57.108,1.51));
#12953 = DIRECTION('',(-0.,0.,-1.));
#12954 = DIRECTION('',(-0.,-1.,0.));
#12955 = FACE_BOUND('',#12956,.T.);
#12956 = EDGE_LOOP('',(#12957));
#12957 = ORIENTED_EDGE('',*,*,#12958,.T.);
#12958 = EDGE_CURVE('',#12959,#12959,#12961,.T.);
#12959 = VERTEX_POINT('',#12960);
#12960 = CARTESIAN_POINT('',(123.76,-72.79,1.51));
#12961 = CIRCLE('',#12962,0.4);
#12962 = AXIS2_PLACEMENT_3D('',#12963,#12964,#12965);
#12963 = CARTESIAN_POINT('',(123.76,-72.39,1.51));
#12964 = DIRECTION('',(-0.,0.,-1.));
#12965 = DIRECTION('',(3.5527136788E-14,-1.,-0.));
#12966 = FACE_BOUND('',#12967,.T.);
#12967 = EDGE_LOOP('',(#12968));
#12968 = ORIENTED_EDGE('',*,*,#12969,.T.);
#12969 = EDGE_CURVE('',#12970,#12970,#12972,.T.);
#12970 = VERTEX_POINT('',#12971);
#12971 = CARTESIAN_POINT('',(123.8,-68.98,1.51));
#12972 = CIRCLE('',#12973,0.4);
#12973 = AXIS2_PLACEMENT_3D('',#12974,#12975,#12976);
#12974 = CARTESIAN_POINT('',(123.8,-68.58,1.51));
#12975 = DIRECTION('',(-0.,0.,-1.));
#12976 = DIRECTION('',(-3.552713678801E-14,-1.,0.));
#12977 = FACE_BOUND('',#12978,.T.);
#12978 = EDGE_LOOP('',(#12979));
#12979 = ORIENTED_EDGE('',*,*,#12980,.T.);
#12980 = EDGE_CURVE('',#12981,#12981,#12983,.T.);
#12981 = VERTEX_POINT('',#12982);
#12982 = CARTESIAN_POINT('',(140.27,-77.97,1.51));
#12983 = CIRCLE('',#12984,0.5);
#12984 = AXIS2_PLACEMENT_3D('',#12985,#12986,#12987);
#12985 = CARTESIAN_POINT('',(140.27,-77.47,1.51));
#12986 = DIRECTION('',(-0.,0.,-1.));
#12987 = DIRECTION('',(-0.,-1.,0.));
#12988 = FACE_BOUND('',#12989,.T.);
#12989 = EDGE_LOOP('',(#12990));
#12990 = ORIENTED_EDGE('',*,*,#12991,.T.);
#12991 = EDGE_CURVE('',#12992,#12992,#12994,.T.);
#12992 = VERTEX_POINT('',#12993);
#12993 = CARTESIAN_POINT('',(142.81,-77.97,1.51));
#12994 = CIRCLE('',#12995,0.5);
#12995 = AXIS2_PLACEMENT_3D('',#12996,#12997,#12998);
#12996 = CARTESIAN_POINT('',(142.81,-77.47,1.51));
#12997 = DIRECTION('',(-0.,0.,-1.));
#12998 = DIRECTION('',(-0.,-1.,0.));
#12999 = FACE_BOUND('',#13000,.T.);
#13000 = EDGE_LOOP('',(#13001));
#13001 = ORIENTED_EDGE('',*,*,#13002,.T.);
#13002 = EDGE_CURVE('',#13003,#13003,#13005,.T.);
#13003 = VERTEX_POINT('',#13004);
#13004 = CARTESIAN_POINT('',(140.208,-57.512,1.51));
#13005 = CIRCLE('',#13006,0.55);
#13006 = AXIS2_PLACEMENT_3D('',#13007,#13008,#13009);
#13007 = CARTESIAN_POINT('',(140.208,-56.962,1.51));
#13008 = DIRECTION('',(-0.,0.,-1.));
#13009 = DIRECTION('',(-0.,-1.,0.));
#13010 = FACE_BOUND('',#13011,.T.);
#13011 = EDGE_LOOP('',(#13012));
#13012 = ORIENTED_EDGE('',*,*,#13013,.T.);
#13013 = EDGE_CURVE('',#13014,#13014,#13016,.T.);
#13014 = VERTEX_POINT('',#13015);
#13015 = CARTESIAN_POINT('',(142.748,-57.512,1.51));
#13016 = CIRCLE('',#13017,0.55);
#13017 = AXIS2_PLACEMENT_3D('',#13018,#13019,#13020);
#13018 = CARTESIAN_POINT('',(142.748,-56.962,1.51));
#13019 = DIRECTION('',(-0.,0.,-1.));
#13020 = DIRECTION('',(-0.,-1.,0.));
#13021 = FACE_BOUND('',#13022,.T.);
#13022 = EDGE_LOOP('',(#13023));
#13023 = ORIENTED_EDGE('',*,*,#13024,.T.);
#13024 = EDGE_CURVE('',#13025,#13025,#13027,.T.);
#13025 = VERTEX_POINT('',#13026);
#13026 = CARTESIAN_POINT('',(146.812,-99.46,1.51));
#13027 = CIRCLE('',#13028,0.4);
#13028 = AXIS2_PLACEMENT_3D('',#13029,#13030,#13031);
#13029 = CARTESIAN_POINT('',(146.812,-99.06,1.51));
#13030 = DIRECTION('',(-0.,0.,-1.));
#13031 = DIRECTION('',(-0.,-1.,0.));
#13032 = FACE_BOUND('',#13033,.T.);
#13033 = EDGE_LOOP('',(#13034));
#13034 = ORIENTED_EDGE('',*,*,#13035,.T.);
#13035 = EDGE_CURVE('',#13036,#13036,#13038,.T.);
#13036 = VERTEX_POINT('',#13037);
#13037 = CARTESIAN_POINT('',(145.35,-93.21,1.51));
#13038 = CIRCLE('',#13039,0.5);
#13039 = AXIS2_PLACEMENT_3D('',#13040,#13041,#13042);
#13040 = CARTESIAN_POINT('',(145.35,-92.71,1.51));
#13041 = DIRECTION('',(-0.,0.,-1.));
#13042 = DIRECTION('',(-0.,-1.,0.));
#13043 = FACE_BOUND('',#13044,.T.);
#13044 = EDGE_LOOP('',(#13045));
#13045 = ORIENTED_EDGE('',*,*,#13046,.T.);
#13046 = EDGE_CURVE('',#13047,#13047,#13049,.T.);
#13047 = VERTEX_POINT('',#13048);
#13048 = CARTESIAN_POINT('',(147.89,-93.21,1.51));
#13049 = CIRCLE('',#13050,0.5);
#13050 = AXIS2_PLACEMENT_3D('',#13051,#13052,#13053);
#13051 = CARTESIAN_POINT('',(147.89,-92.71,1.51));
#13052 = DIRECTION('',(-0.,0.,-1.));
#13053 = DIRECTION('',(-0.,-1.,0.));
#13054 = FACE_BOUND('',#13055,.T.);
#13055 = EDGE_LOOP('',(#13056));
#13056 = ORIENTED_EDGE('',*,*,#13057,.T.);
#13057 = EDGE_CURVE('',#13058,#13058,#13060,.T.);
#13058 = VERTEX_POINT('',#13059);
#13059 = CARTESIAN_POINT('',(150.43,-93.21,1.51));
#13060 = CIRCLE('',#13061,0.5);
#13061 = AXIS2_PLACEMENT_3D('',#13062,#13063,#13064);
#13062 = CARTESIAN_POINT('',(150.43,-92.71,1.51));
#13063 = DIRECTION('',(-0.,0.,-1.));
#13064 = DIRECTION('',(-0.,-1.,0.));
#13065 = FACE_BOUND('',#13066,.T.);
#13066 = EDGE_LOOP('',(#13067));
#13067 = ORIENTED_EDGE('',*,*,#13068,.T.);
#13068 = EDGE_CURVE('',#13069,#13069,#13071,.T.);
#13069 = VERTEX_POINT('',#13070);
#13070 = CARTESIAN_POINT('',(152.97,-93.21,1.51));
#13071 = CIRCLE('',#13072,0.5);
#13072 = AXIS2_PLACEMENT_3D('',#13073,#13074,#13075);
#13073 = CARTESIAN_POINT('',(152.97,-92.71,1.51));
#13074 = DIRECTION('',(-0.,0.,-1.));
#13075 = DIRECTION('',(-0.,-1.,0.));
#13076 = FACE_BOUND('',#13077,.T.);
#13077 = EDGE_LOOP('',(#13078));
#13078 = ORIENTED_EDGE('',*,*,#13079,.T.);
#13079 = EDGE_CURVE('',#13080,#13080,#13082,.T.);
#13080 = VERTEX_POINT('',#13081);
#13081 = CARTESIAN_POINT('',(155.51,-93.21,1.51));
#13082 = CIRCLE('',#13083,0.5);
#13083 = AXIS2_PLACEMENT_3D('',#13084,#13085,#13086);
#13084 = CARTESIAN_POINT('',(155.51,-92.71,1.51));
#13085 = DIRECTION('',(-0.,0.,-1.));
#13086 = DIRECTION('',(-0.,-1.,0.));
#13087 = FACE_BOUND('',#13088,.T.);
#13088 = EDGE_LOOP('',(#13089));
#13089 = ORIENTED_EDGE('',*,*,#13090,.T.);
#13090 = EDGE_CURVE('',#13091,#13091,#13093,.T.);
#13091 = VERTEX_POINT('',#13092);
#13092 = CARTESIAN_POINT('',(158.115,-101.365,1.51));
#13093 = CIRCLE('',#13094,0.4);
#13094 = AXIS2_PLACEMENT_3D('',#13095,#13096,#13097);
#13095 = CARTESIAN_POINT('',(158.115,-100.965,1.51));
#13096 = DIRECTION('',(-0.,0.,-1.));
#13097 = DIRECTION('',(-0.,-1.,0.));
#13098 = FACE_BOUND('',#13099,.T.);
#13099 = EDGE_LOOP('',(#13100));
#13100 = ORIENTED_EDGE('',*,*,#13101,.T.);
#13101 = EDGE_CURVE('',#13102,#13102,#13104,.T.);
#13102 = VERTEX_POINT('',#13103);
#13103 = CARTESIAN_POINT('',(162.052,-97.936,1.51));
#13104 = CIRCLE('',#13105,0.4);
#13105 = AXIS2_PLACEMENT_3D('',#13106,#13107,#13108);
#13106 = CARTESIAN_POINT('',(162.052,-97.536,1.51));
#13107 = DIRECTION('',(-0.,0.,-1.));
#13108 = DIRECTION('',(-0.,-1.,0.));
#13109 = FACE_BOUND('',#13110,.T.);
#13110 = EDGE_LOOP('',(#13111));
#13111 = ORIENTED_EDGE('',*,*,#13112,.T.);
#13112 = EDGE_CURVE('',#13113,#13113,#13115,.T.);
#13113 = VERTEX_POINT('',#13114);
#13114 = CARTESIAN_POINT('',(158.05,-93.21,1.51));
#13115 = CIRCLE('',#13116,0.5);
#13116 = AXIS2_PLACEMENT_3D('',#13117,#13118,#13119);
#13117 = CARTESIAN_POINT('',(158.05,-92.71,1.51));
#13118 = DIRECTION('',(-0.,0.,-1.));
#13119 = DIRECTION('',(-0.,-1.,0.));
#13120 = FACE_BOUND('',#13121,.T.);
#13121 = EDGE_LOOP('',(#13122));
#13122 = ORIENTED_EDGE('',*,*,#13123,.T.);
#13123 = EDGE_CURVE('',#13124,#13124,#13126,.T.);
#13124 = VERTEX_POINT('',#13125);
#13125 = CARTESIAN_POINT('',(160.59,-93.21,1.51));
#13126 = CIRCLE('',#13127,0.5);
#13127 = AXIS2_PLACEMENT_3D('',#13128,#13129,#13130);
#13128 = CARTESIAN_POINT('',(160.59,-92.71,1.51));
#13129 = DIRECTION('',(-0.,0.,-1.));
#13130 = DIRECTION('',(-0.,-1.,0.));
#13131 = FACE_BOUND('',#13132,.T.);
#13132 = EDGE_LOOP('',(#13133));
#13133 = ORIENTED_EDGE('',*,*,#13134,.T.);
#13134 = EDGE_CURVE('',#13135,#13135,#13137,.T.);
#13135 = VERTEX_POINT('',#13136);
#13136 = CARTESIAN_POINT('',(163.13,-93.21,1.51));
#13137 = CIRCLE('',#13138,0.5);
#13138 = AXIS2_PLACEMENT_3D('',#13139,#13140,#13141);
#13139 = CARTESIAN_POINT('',(163.13,-92.71,1.51));
#13140 = DIRECTION('',(-0.,0.,-1.));
#13141 = DIRECTION('',(-0.,-1.,0.));
#13142 = FACE_BOUND('',#13143,.T.);
#13143 = EDGE_LOOP('',(#13144));
#13144 = ORIENTED_EDGE('',*,*,#13145,.T.);
#13145 = EDGE_CURVE('',#13146,#13146,#13148,.T.);
#13146 = VERTEX_POINT('',#13147);
#13147 = CARTESIAN_POINT('',(165.67,-93.21,1.51));
#13148 = CIRCLE('',#13149,0.5);
#13149 = AXIS2_PLACEMENT_3D('',#13150,#13151,#13152);
#13150 = CARTESIAN_POINT('',(165.67,-92.71,1.51));
#13151 = DIRECTION('',(-0.,0.,-1.));
#13152 = DIRECTION('',(-0.,-1.,0.));
#13153 = FACE_BOUND('',#13154,.T.);
#13154 = EDGE_LOOP('',(#13155));
#13155 = ORIENTED_EDGE('',*,*,#13156,.T.);
#13156 = EDGE_CURVE('',#13157,#13157,#13159,.T.);
#13157 = VERTEX_POINT('',#13158);
#13158 = CARTESIAN_POINT('',(168.275,-101.365,1.51));
#13159 = CIRCLE('',#13160,0.4);
#13160 = AXIS2_PLACEMENT_3D('',#13161,#13162,#13163);
#13161 = CARTESIAN_POINT('',(168.275,-100.965,1.51));
#13162 = DIRECTION('',(-0.,0.,-1.));
#13163 = DIRECTION('',(-0.,-1.,0.));
#13164 = FACE_BOUND('',#13165,.T.);
#13165 = EDGE_LOOP('',(#13166));
#13166 = ORIENTED_EDGE('',*,*,#13167,.T.);
#13167 = EDGE_CURVE('',#13168,#13168,#13170,.T.);
#13168 = VERTEX_POINT('',#13169);
#13169 = CARTESIAN_POINT('',(172.212,-97.936,1.51));
#13170 = CIRCLE('',#13171,0.4);
#13171 = AXIS2_PLACEMENT_3D('',#13172,#13173,#13174);
#13172 = CARTESIAN_POINT('',(172.212,-97.536,1.51));
#13173 = DIRECTION('',(-0.,0.,-1.));
#13174 = DIRECTION('',(-0.,-1.,0.));
#13175 = FACE_BOUND('',#13176,.T.);
#13176 = EDGE_LOOP('',(#13177));
#13177 = ORIENTED_EDGE('',*,*,#13178,.T.);
#13178 = EDGE_CURVE('',#13179,#13179,#13181,.T.);
#13179 = VERTEX_POINT('',#13180);
#13180 = CARTESIAN_POINT('',(175.26,-101.365,1.51));
#13181 = CIRCLE('',#13182,0.4);
#13182 = AXIS2_PLACEMENT_3D('',#13183,#13184,#13185);
#13183 = CARTESIAN_POINT('',(175.26,-100.965,1.51));
#13184 = DIRECTION('',(-0.,0.,-1.));
#13185 = DIRECTION('',(-0.,-1.,0.));
#13186 = FACE_BOUND('',#13187,.T.);
#13187 = EDGE_LOOP('',(#13188));
#13188 = ORIENTED_EDGE('',*,*,#13189,.T.);
#13189 = EDGE_CURVE('',#13190,#13190,#13192,.T.);
#13190 = VERTEX_POINT('',#13191);
#13191 = CARTESIAN_POINT('',(175.26,-97.555,1.51));
#13192 = CIRCLE('',#13193,0.4);
#13193 = AXIS2_PLACEMENT_3D('',#13194,#13195,#13196);
#13194 = CARTESIAN_POINT('',(175.26,-97.155,1.51));
#13195 = DIRECTION('',(-0.,0.,-1.));
#13196 = DIRECTION('',(-0.,-1.,0.));
#13197 = FACE_BOUND('',#13198,.T.);
#13198 = EDGE_LOOP('',(#13199));
#13199 = ORIENTED_EDGE('',*,*,#13200,.T.);
#13200 = EDGE_CURVE('',#13201,#13201,#13203,.T.);
#13201 = VERTEX_POINT('',#13202);
#13202 = CARTESIAN_POINT('',(168.21,-93.21,1.51));
#13203 = CIRCLE('',#13204,0.5);
#13204 = AXIS2_PLACEMENT_3D('',#13205,#13206,#13207);
#13205 = CARTESIAN_POINT('',(168.21,-92.71,1.51));
#13206 = DIRECTION('',(-0.,0.,-1.));
#13207 = DIRECTION('',(-0.,-1.,0.));
#13208 = FACE_BOUND('',#13209,.T.);
#13209 = EDGE_LOOP('',(#13210));
#13210 = ORIENTED_EDGE('',*,*,#13211,.T.);
#13211 = EDGE_CURVE('',#13212,#13212,#13214,.T.);
#13212 = VERTEX_POINT('',#13213);
#13213 = CARTESIAN_POINT('',(170.75,-93.21,1.51));
#13214 = CIRCLE('',#13215,0.5);
#13215 = AXIS2_PLACEMENT_3D('',#13216,#13217,#13218);
#13216 = CARTESIAN_POINT('',(170.75,-92.71,1.51));
#13217 = DIRECTION('',(-0.,0.,-1.));
#13218 = DIRECTION('',(-0.,-1.,0.));
#13219 = FACE_BOUND('',#13220,.T.);
#13220 = EDGE_LOOP('',(#13221));
#13221 = ORIENTED_EDGE('',*,*,#13222,.T.);
#13222 = EDGE_CURVE('',#13223,#13223,#13225,.T.);
#13223 = VERTEX_POINT('',#13224);
#13224 = CARTESIAN_POINT('',(173.29,-93.21,1.51));
#13225 = CIRCLE('',#13226,0.5);
#13226 = AXIS2_PLACEMENT_3D('',#13227,#13228,#13229);
#13227 = CARTESIAN_POINT('',(173.29,-92.71,1.51));
#13228 = DIRECTION('',(-0.,0.,-1.));
#13229 = DIRECTION('',(-0.,-1.,0.));
#13230 = FACE_BOUND('',#13231,.T.);
#13231 = EDGE_LOOP('',(#13232));
#13232 = ORIENTED_EDGE('',*,*,#13233,.T.);
#13233 = EDGE_CURVE('',#13234,#13234,#13236,.T.);
#13234 = VERTEX_POINT('',#13235);
#13235 = CARTESIAN_POINT('',(175.83,-93.21,1.51));
#13236 = CIRCLE('',#13237,0.5);
#13237 = AXIS2_PLACEMENT_3D('',#13238,#13239,#13240);
#13238 = CARTESIAN_POINT('',(175.83,-92.71,1.51));
#13239 = DIRECTION('',(-0.,0.,-1.));
#13240 = DIRECTION('',(-0.,-1.,0.));
#13241 = FACE_BOUND('',#13242,.T.);
#13242 = EDGE_LOOP('',(#13243));
#13243 = ORIENTED_EDGE('',*,*,#13244,.T.);
#13244 = EDGE_CURVE('',#13245,#13245,#13247,.T.);
#13245 = VERTEX_POINT('',#13246);
#13246 = CARTESIAN_POINT('',(185.42,-101.365,1.51));
#13247 = CIRCLE('',#13248,0.4);
#13248 = AXIS2_PLACEMENT_3D('',#13249,#13250,#13251);
#13249 = CARTESIAN_POINT('',(185.42,-100.965,1.51));
#13250 = DIRECTION('',(-0.,0.,-1.));
#13251 = DIRECTION('',(-7.105427357601E-14,-1.,0.));
#13252 = FACE_BOUND('',#13253,.T.);
#13253 = EDGE_LOOP('',(#13254));
#13254 = ORIENTED_EDGE('',*,*,#13255,.T.);
#13255 = EDGE_CURVE('',#13256,#13256,#13258,.T.);
#13256 = VERTEX_POINT('',#13257);
#13257 = CARTESIAN_POINT('',(185.42,-97.555,1.51));
#13258 = CIRCLE('',#13259,0.4);
#13259 = AXIS2_PLACEMENT_3D('',#13260,#13261,#13262);
#13260 = CARTESIAN_POINT('',(185.42,-97.155,1.51));
#13261 = DIRECTION('',(-0.,0.,-1.));
#13262 = DIRECTION('',(-7.105427357601E-14,-1.,0.));
#13263 = FACE_BOUND('',#13264,.T.);
#13264 = EDGE_LOOP('',(#13265));
#13265 = ORIENTED_EDGE('',*,*,#13266,.T.);
#13266 = EDGE_CURVE('',#13267,#13267,#13269,.T.);
#13267 = VERTEX_POINT('',#13268);
#13268 = CARTESIAN_POINT('',(145.35,-77.97,1.51));
#13269 = CIRCLE('',#13270,0.5);
#13270 = AXIS2_PLACEMENT_3D('',#13271,#13272,#13273);
#13271 = CARTESIAN_POINT('',(145.35,-77.47,1.51));
#13272 = DIRECTION('',(-0.,0.,-1.));
#13273 = DIRECTION('',(-0.,-1.,0.));
#13274 = FACE_BOUND('',#13275,.T.);
#13275 = EDGE_LOOP('',(#13276));
#13276 = ORIENTED_EDGE('',*,*,#13277,.T.);
#13277 = EDGE_CURVE('',#13278,#13278,#13280,.T.);
#13278 = VERTEX_POINT('',#13279);
#13279 = CARTESIAN_POINT('',(147.89,-77.97,1.51));
#13280 = CIRCLE('',#13281,0.5);
#13281 = AXIS2_PLACEMENT_3D('',#13282,#13283,#13284);
#13282 = CARTESIAN_POINT('',(147.89,-77.47,1.51));
#13283 = DIRECTION('',(-0.,0.,-1.));
#13284 = DIRECTION('',(-0.,-1.,0.));
#13285 = FACE_BOUND('',#13286,.T.);
#13286 = EDGE_LOOP('',(#13287));
#13287 = ORIENTED_EDGE('',*,*,#13288,.T.);
#13288 = EDGE_CURVE('',#13289,#13289,#13291,.T.);
#13289 = VERTEX_POINT('',#13290);
#13290 = CARTESIAN_POINT('',(150.43,-77.97,1.51));
#13291 = CIRCLE('',#13292,0.5);
#13292 = AXIS2_PLACEMENT_3D('',#13293,#13294,#13295);
#13293 = CARTESIAN_POINT('',(150.43,-77.47,1.51));
#13294 = DIRECTION('',(-0.,0.,-1.));
#13295 = DIRECTION('',(-0.,-1.,0.));
#13296 = FACE_BOUND('',#13297,.T.);
#13297 = EDGE_LOOP('',(#13298));
#13298 = ORIENTED_EDGE('',*,*,#13299,.T.);
#13299 = EDGE_CURVE('',#13300,#13300,#13302,.T.);
#13300 = VERTEX_POINT('',#13301);
#13301 = CARTESIAN_POINT('',(152.97,-77.97,1.51));
#13302 = CIRCLE('',#13303,0.5);
#13303 = AXIS2_PLACEMENT_3D('',#13304,#13305,#13306);
#13304 = CARTESIAN_POINT('',(152.97,-77.47,1.51));
#13305 = DIRECTION('',(-0.,0.,-1.));
#13306 = DIRECTION('',(-0.,-1.,0.));
#13307 = FACE_BOUND('',#13308,.T.);
#13308 = EDGE_LOOP('',(#13309));
#13309 = ORIENTED_EDGE('',*,*,#13310,.T.);
#13310 = EDGE_CURVE('',#13311,#13311,#13313,.T.);
#13311 = VERTEX_POINT('',#13312);
#13312 = CARTESIAN_POINT('',(155.51,-77.97,1.51));
#13313 = CIRCLE('',#13314,0.5);
#13314 = AXIS2_PLACEMENT_3D('',#13315,#13316,#13317);
#13315 = CARTESIAN_POINT('',(155.51,-77.47,1.51));
#13316 = DIRECTION('',(-0.,0.,-1.));
#13317 = DIRECTION('',(-0.,-1.,0.));
#13318 = FACE_BOUND('',#13319,.T.);
#13319 = EDGE_LOOP('',(#13320));
#13320 = ORIENTED_EDGE('',*,*,#13321,.T.);
#13321 = EDGE_CURVE('',#13322,#13322,#13324,.T.);
#13322 = VERTEX_POINT('',#13323);
#13323 = CARTESIAN_POINT('',(144.78,-72.736,1.51));
#13324 = CIRCLE('',#13325,0.6);
#13325 = AXIS2_PLACEMENT_3D('',#13326,#13327,#13328);
#13326 = CARTESIAN_POINT('',(144.78,-72.136,1.51));
#13327 = DIRECTION('',(-0.,0.,-1.));
#13328 = DIRECTION('',(-0.,-1.,0.));
#13329 = FACE_BOUND('',#13330,.T.);
#13330 = EDGE_LOOP('',(#13331));
#13331 = ORIENTED_EDGE('',*,*,#13332,.T.);
#13332 = EDGE_CURVE('',#13333,#13333,#13335,.T.);
#13333 = VERTEX_POINT('',#13334);
#13334 = CARTESIAN_POINT('',(158.05,-77.97,1.51));
#13335 = CIRCLE('',#13336,0.5);
#13336 = AXIS2_PLACEMENT_3D('',#13337,#13338,#13339);
#13337 = CARTESIAN_POINT('',(158.05,-77.47,1.51));
#13338 = DIRECTION('',(-0.,0.,-1.));
#13339 = DIRECTION('',(-0.,-1.,0.));
#13340 = FACE_BOUND('',#13341,.T.);
#13341 = EDGE_LOOP('',(#13342));
#13342 = ORIENTED_EDGE('',*,*,#13343,.T.);
#13343 = EDGE_CURVE('',#13344,#13344,#13346,.T.);
#13344 = VERTEX_POINT('',#13345);
#13345 = CARTESIAN_POINT('',(160.59,-77.97,1.51));
#13346 = CIRCLE('',#13347,0.5);
#13347 = AXIS2_PLACEMENT_3D('',#13348,#13349,#13350);
#13348 = CARTESIAN_POINT('',(160.59,-77.47,1.51));
#13349 = DIRECTION('',(-0.,0.,-1.));
#13350 = DIRECTION('',(-0.,-1.,0.));
#13351 = FACE_BOUND('',#13352,.T.);
#13352 = EDGE_LOOP('',(#13353));
#13353 = ORIENTED_EDGE('',*,*,#13354,.T.);
#13354 = EDGE_CURVE('',#13355,#13355,#13357,.T.);
#13355 = VERTEX_POINT('',#13356);
#13356 = CARTESIAN_POINT('',(163.13,-77.97,1.51));
#13357 = CIRCLE('',#13358,0.5);
#13358 = AXIS2_PLACEMENT_3D('',#13359,#13360,#13361);
#13359 = CARTESIAN_POINT('',(163.13,-77.47,1.51));
#13360 = DIRECTION('',(-0.,0.,-1.));
#13361 = DIRECTION('',(-0.,-1.,0.));
#13362 = FACE_BOUND('',#13363,.T.);
#13363 = EDGE_LOOP('',(#13364));
#13364 = ORIENTED_EDGE('',*,*,#13365,.T.);
#13365 = EDGE_CURVE('',#13366,#13366,#13368,.T.);
#13366 = VERTEX_POINT('',#13367);
#13367 = CARTESIAN_POINT('',(165.67,-77.97,1.51));
#13368 = CIRCLE('',#13369,0.5);
#13369 = AXIS2_PLACEMENT_3D('',#13370,#13371,#13372);
#13370 = CARTESIAN_POINT('',(165.67,-77.47,1.51));
#13371 = DIRECTION('',(-0.,0.,-1.));
#13372 = DIRECTION('',(-0.,-1.,0.));
#13373 = FACE_BOUND('',#13374,.T.);
#13374 = EDGE_LOOP('',(#13375));
#13375 = ORIENTED_EDGE('',*,*,#13376,.T.);
#13376 = EDGE_CURVE('',#13377,#13377,#13379,.T.);
#13377 = VERTEX_POINT('',#13378);
#13378 = CARTESIAN_POINT('',(160.02,-72.736,1.51));
#13379 = CIRCLE('',#13380,0.6);
#13380 = AXIS2_PLACEMENT_3D('',#13381,#13382,#13383);
#13381 = CARTESIAN_POINT('',(160.02,-72.136,1.51));
#13382 = DIRECTION('',(-0.,0.,-1.));
#13383 = DIRECTION('',(4.736951571734E-14,-1.,-0.));
#13384 = FACE_BOUND('',#13385,.T.);
#13385 = EDGE_LOOP('',(#13386));
#13386 = ORIENTED_EDGE('',*,*,#13387,.T.);
#13387 = EDGE_CURVE('',#13388,#13388,#13390,.T.);
#13388 = VERTEX_POINT('',#13389);
#13389 = CARTESIAN_POINT('',(145.288,-57.512,1.51));
#13390 = CIRCLE('',#13391,0.55);
#13391 = AXIS2_PLACEMENT_3D('',#13392,#13393,#13394);
#13392 = CARTESIAN_POINT('',(145.288,-56.962,1.51));
#13393 = DIRECTION('',(-0.,0.,-1.));
#13394 = DIRECTION('',(-0.,-1.,0.));
#13395 = FACE_BOUND('',#13396,.T.);
#13396 = EDGE_LOOP('',(#13397));
#13397 = ORIENTED_EDGE('',*,*,#13398,.T.);
#13398 = EDGE_CURVE('',#13399,#13399,#13401,.T.);
#13399 = VERTEX_POINT('',#13400);
#13400 = CARTESIAN_POINT('',(168.21,-77.97,1.51));
#13401 = CIRCLE('',#13402,0.5);
#13402 = AXIS2_PLACEMENT_3D('',#13403,#13404,#13405);
#13403 = CARTESIAN_POINT('',(168.21,-77.47,1.51));
#13404 = DIRECTION('',(-0.,0.,-1.));
#13405 = DIRECTION('',(-0.,-1.,0.));
#13406 = FACE_BOUND('',#13407,.T.);
#13407 = EDGE_LOOP('',(#13408));
#13408 = ORIENTED_EDGE('',*,*,#13409,.T.);
#13409 = EDGE_CURVE('',#13410,#13410,#13412,.T.);
#13410 = VERTEX_POINT('',#13411);
#13411 = CARTESIAN_POINT('',(170.75,-77.97,1.51));
#13412 = CIRCLE('',#13413,0.5);
#13413 = AXIS2_PLACEMENT_3D('',#13414,#13415,#13416);
#13414 = CARTESIAN_POINT('',(170.75,-77.47,1.51));
#13415 = DIRECTION('',(-0.,0.,-1.));
#13416 = DIRECTION('',(-0.,-1.,0.));
#13417 = FACE_BOUND('',#13418,.T.);
#13418 = EDGE_LOOP('',(#13419));
#13419 = ORIENTED_EDGE('',*,*,#13420,.T.);
#13420 = EDGE_CURVE('',#13421,#13421,#13423,.T.);
#13421 = VERTEX_POINT('',#13422);
#13422 = CARTESIAN_POINT('',(173.29,-77.97,1.51));
#13423 = CIRCLE('',#13424,0.5);
#13424 = AXIS2_PLACEMENT_3D('',#13425,#13426,#13427);
#13425 = CARTESIAN_POINT('',(173.29,-77.47,1.51));
#13426 = DIRECTION('',(-0.,0.,-1.));
#13427 = DIRECTION('',(-0.,-1.,0.));
#13428 = FACE_BOUND('',#13429,.T.);
#13429 = EDGE_LOOP('',(#13430));
#13430 = ORIENTED_EDGE('',*,*,#13431,.T.);
#13431 = EDGE_CURVE('',#13432,#13432,#13434,.T.);
#13432 = VERTEX_POINT('',#13433);
#13433 = CARTESIAN_POINT('',(175.83,-77.97,1.51));
#13434 = CIRCLE('',#13435,0.5);
#13435 = AXIS2_PLACEMENT_3D('',#13436,#13437,#13438);
#13436 = CARTESIAN_POINT('',(175.83,-77.47,1.51));
#13437 = DIRECTION('',(-0.,0.,-1.));
#13438 = DIRECTION('',(-0.,-1.,0.));
#13439 = FACE_BOUND('',#13440,.T.);
#13440 = EDGE_LOOP('',(#13441));
#13441 = ORIENTED_EDGE('',*,*,#13442,.T.);
#13442 = EDGE_CURVE('',#13443,#13443,#13445,.T.);
#13443 = VERTEX_POINT('',#13444);
#13444 = CARTESIAN_POINT('',(189.488,-58.608,1.51));
#13445 = CIRCLE('',#13446,1.5);
#13446 = AXIS2_PLACEMENT_3D('',#13447,#13448,#13449);
#13447 = CARTESIAN_POINT('',(189.488,-57.108,1.51));
#13448 = DIRECTION('',(-0.,0.,-1.));
#13449 = DIRECTION('',(-0.,-1.,0.));
#13450 = PLANE('',#13451);
#13451 = AXIS2_PLACEMENT_3D('',#13452,#13453,#13454);
#13452 = CARTESIAN_POINT('',(0.,0.,1.51));
#13453 = DIRECTION('',(0.,0.,1.));
#13454 = DIRECTION('',(1.,0.,-0.));
#13455 = ADVANCED_FACE('',(#13456),#13462,.T.);
#13456 = FACE_BOUND('',#13457,.T.);
#13457 = EDGE_LOOP('',(#13458,#13459,#13460,#13461));
#13458 = ORIENTED_EDGE('',*,*,#10301,.T.);
#13459 = ORIENTED_EDGE('',*,*,#11893,.T.);
#13460 = ORIENTED_EDGE('',*,*,#10261,.F.);
#13461 = ORIENTED_EDGE('',*,*,#10325,.F.);
#13462 = PLANE('',#13463);
#13463 = AXIS2_PLACEMENT_3D('',#13464,#13465,#13466);
#13464 = CARTESIAN_POINT('',(94.488,-52.108,0.));
#13465 = DIRECTION('',(0.,1.,0.));
#13466 = DIRECTION('',(1.,0.,0.));
#13467 = ADVANCED_FACE('',(#13468),#13479,.F.);
#13468 = FACE_BOUND('',#13469,.T.);
#13469 = EDGE_LOOP('',(#13470,#13471,#13477,#13478));
#13470 = ORIENTED_EDGE('',*,*,#10334,.T.);
#13471 = ORIENTED_EDGE('',*,*,#13472,.T.);
#13472 = EDGE_CURVE('',#10335,#11903,#13473,.T.);
#13473 = LINE('',#13474,#13475);
#13474 = CARTESIAN_POINT('',(99.488,-148.608,-3.6E-02));
#13475 = VECTOR('',#13476,1.);
#13476 = DIRECTION('',(0.,0.,1.));
#13477 = ORIENTED_EDGE('',*,*,#11902,.F.);
#13478 = ORIENTED_EDGE('',*,*,#13472,.F.);
#13479 = CYLINDRICAL_SURFACE('',#13480,1.5);
#13480 = AXIS2_PLACEMENT_3D('',#13481,#13482,#13483);
#13481 = CARTESIAN_POINT('',(99.488,-147.108,-3.6E-02));
#13482 = DIRECTION('',(-0.,-0.,-1.));
#13483 = DIRECTION('',(-0.,-1.,0.));
#13484 = ADVANCED_FACE('',(#13485),#13496,.F.);
#13485 = FACE_BOUND('',#13486,.T.);
#13486 = EDGE_LOOP('',(#13487,#13488,#13494,#13495));
#13487 = ORIENTED_EDGE('',*,*,#10345,.T.);
#13488 = ORIENTED_EDGE('',*,*,#13489,.T.);
#13489 = EDGE_CURVE('',#10346,#11914,#13490,.T.);
#13490 = LINE('',#13491,#13492);
#13491 = CARTESIAN_POINT('',(104.71,-139.23,-4.6E-02));
#13492 = VECTOR('',#13493,1.);
#13493 = DIRECTION('',(0.,0.,1.));
#13494 = ORIENTED_EDGE('',*,*,#11913,.F.);
#13495 = ORIENTED_EDGE('',*,*,#13489,.F.);
#13496 = CYLINDRICAL_SURFACE('',#13497,0.8);
#13497 = AXIS2_PLACEMENT_3D('',#13498,#13499,#13500);
#13498 = CARTESIAN_POINT('',(104.71,-138.43,-4.6E-02));
#13499 = DIRECTION('',(-0.,-0.,-1.));
#13500 = DIRECTION('',(-1.7763568394E-14,-1.,0.));
#13501 = ADVANCED_FACE('',(#13502),#13513,.F.);
#13502 = FACE_BOUND('',#13503,.T.);
#13503 = EDGE_LOOP('',(#13504,#13505,#13511,#13512));
#13504 = ORIENTED_EDGE('',*,*,#10356,.T.);
#13505 = ORIENTED_EDGE('',*,*,#13506,.T.);
#13506 = EDGE_CURVE('',#10357,#11925,#13507,.T.);
#13507 = LINE('',#13508,#13509);
#13508 = CARTESIAN_POINT('',(109.79,-139.23,-4.6E-02));
#13509 = VECTOR('',#13510,1.);
#13510 = DIRECTION('',(0.,0.,1.));
#13511 = ORIENTED_EDGE('',*,*,#11924,.F.);
#13512 = ORIENTED_EDGE('',*,*,#13506,.F.);
#13513 = CYLINDRICAL_SURFACE('',#13514,0.8);
#13514 = AXIS2_PLACEMENT_3D('',#13515,#13516,#13517);
#13515 = CARTESIAN_POINT('',(109.79,-138.43,-4.6E-02));
#13516 = DIRECTION('',(-0.,0.,-1.));
#13517 = DIRECTION('',(1.7763568394E-14,-1.,-0.));
#13518 = ADVANCED_FACE('',(#13519),#13530,.F.);
#13519 = FACE_BOUND('',#13520,.T.);
#13520 = EDGE_LOOP('',(#13521,#13522,#13528,#13529));
#13521 = ORIENTED_EDGE('',*,*,#10367,.T.);
#13522 = ORIENTED_EDGE('',*,*,#13523,.T.);
#13523 = EDGE_CURVE('',#10368,#11936,#13524,.T.);
#13524 = LINE('',#13525,#13526);
#13525 = CARTESIAN_POINT('',(114.87,-139.23,-4.6E-02));
#13526 = VECTOR('',#13527,1.);
#13527 = DIRECTION('',(0.,0.,1.));
#13528 = ORIENTED_EDGE('',*,*,#11935,.F.);
#13529 = ORIENTED_EDGE('',*,*,#13523,.F.);
#13530 = CYLINDRICAL_SURFACE('',#13531,0.8);
#13531 = AXIS2_PLACEMENT_3D('',#13532,#13533,#13534);
#13532 = CARTESIAN_POINT('',(114.87,-138.43,-4.6E-02));
#13533 = DIRECTION('',(-0.,-0.,-1.));
#13534 = DIRECTION('',(-0.,-1.,0.));
#13535 = ADVANCED_FACE('',(#13536),#13547,.F.);
#13536 = FACE_BOUND('',#13537,.T.);
#13537 = EDGE_LOOP('',(#13538,#13539,#13545,#13546));
#13538 = ORIENTED_EDGE('',*,*,#10378,.T.);
#13539 = ORIENTED_EDGE('',*,*,#13540,.T.);
#13540 = EDGE_CURVE('',#10379,#11947,#13541,.T.);
#13541 = LINE('',#13542,#13543);
#13542 = CARTESIAN_POINT('',(119.95,-139.23,-4.6E-02));
#13543 = VECTOR('',#13544,1.);
#13544 = DIRECTION('',(0.,0.,1.));
#13545 = ORIENTED_EDGE('',*,*,#11946,.F.);
#13546 = ORIENTED_EDGE('',*,*,#13540,.F.);
#13547 = CYLINDRICAL_SURFACE('',#13548,0.8);
#13548 = AXIS2_PLACEMENT_3D('',#13549,#13550,#13551);
#13549 = CARTESIAN_POINT('',(119.95,-138.43,-4.6E-02));
#13550 = DIRECTION('',(-0.,-0.,-1.));
#13551 = DIRECTION('',(-0.,-1.,0.));
#13552 = ADVANCED_FACE('',(#13553),#13564,.F.);
#13553 = FACE_BOUND('',#13554,.T.);
#13554 = EDGE_LOOP('',(#13555,#13556,#13562,#13563));
#13555 = ORIENTED_EDGE('',*,*,#10389,.T.);
#13556 = ORIENTED_EDGE('',*,*,#13557,.T.);
#13557 = EDGE_CURVE('',#10390,#11958,#13558,.T.);
#13558 = LINE('',#13559,#13560);
#13559 = CARTESIAN_POINT('',(104.738,-130.258,-4.6E-02));
#13560 = VECTOR('',#13561,1.);
#13561 = DIRECTION('',(0.,0.,1.));
#13562 = ORIENTED_EDGE('',*,*,#11957,.F.);
#13563 = ORIENTED_EDGE('',*,*,#13557,.F.);
#13564 = CYLINDRICAL_SURFACE('',#13565,0.4);
#13565 = AXIS2_PLACEMENT_3D('',#13566,#13567,#13568);
#13566 = CARTESIAN_POINT('',(104.738,-129.858,-4.6E-02));
#13567 = DIRECTION('',(-0.,-0.,-1.));
#13568 = DIRECTION('',(-0.,-1.,0.));
#13569 = ADVANCED_FACE('',(#13570),#13581,.F.);
#13570 = FACE_BOUND('',#13571,.T.);
#13571 = EDGE_LOOP('',(#13572,#13573,#13579,#13580));
#13572 = ORIENTED_EDGE('',*,*,#10400,.T.);
#13573 = ORIENTED_EDGE('',*,*,#13574,.T.);
#13574 = EDGE_CURVE('',#10401,#11969,#13575,.T.);
#13575 = LINE('',#13576,#13577);
#13576 = CARTESIAN_POINT('',(114.898,-130.258,-4.6E-02));
#13577 = VECTOR('',#13578,1.);
#13578 = DIRECTION('',(0.,0.,1.));
#13579 = ORIENTED_EDGE('',*,*,#11968,.F.);
#13580 = ORIENTED_EDGE('',*,*,#13574,.F.);
#13581 = CYLINDRICAL_SURFACE('',#13582,0.4);
#13582 = AXIS2_PLACEMENT_3D('',#13583,#13584,#13585);
#13583 = CARTESIAN_POINT('',(114.898,-129.858,-4.6E-02));
#13584 = DIRECTION('',(-0.,-0.,-1.));
#13585 = DIRECTION('',(-0.,-1.,0.));
#13586 = ADVANCED_FACE('',(#13587),#13598,.F.);
#13587 = FACE_BOUND('',#13588,.T.);
#13588 = EDGE_LOOP('',(#13589,#13590,#13596,#13597));
#13589 = ORIENTED_EDGE('',*,*,#10411,.T.);
#13590 = ORIENTED_EDGE('',*,*,#13591,.T.);
#13591 = EDGE_CURVE('',#10412,#11980,#13592,.T.);
#13592 = LINE('',#13593,#13594);
#13593 = CARTESIAN_POINT('',(111.738,-127.088,-4.6E-02));
#13594 = VECTOR('',#13595,1.);
#13595 = DIRECTION('',(0.,0.,1.));
#13596 = ORIENTED_EDGE('',*,*,#11979,.F.);
#13597 = ORIENTED_EDGE('',*,*,#13591,.F.);
#13598 = CYLINDRICAL_SURFACE('',#13599,0.4);
#13599 = AXIS2_PLACEMENT_3D('',#13600,#13601,#13602);
#13600 = CARTESIAN_POINT('',(111.738,-126.688,-4.6E-02));
#13601 = DIRECTION('',(-0.,-0.,-1.));
#13602 = DIRECTION('',(-0.,-1.,0.));
#13603 = ADVANCED_FACE('',(#13604),#13615,.F.);
#13604 = FACE_BOUND('',#13605,.T.);
#13605 = EDGE_LOOP('',(#13606,#13607,#13613,#13614));
#13606 = ORIENTED_EDGE('',*,*,#10422,.T.);
#13607 = ORIENTED_EDGE('',*,*,#13608,.T.);
#13608 = EDGE_CURVE('',#10423,#11991,#13609,.T.);
#13609 = LINE('',#13610,#13611);
#13610 = CARTESIAN_POINT('',(115.173,-126.283,-4.6E-02));
#13611 = VECTOR('',#13612,1.);
#13612 = DIRECTION('',(0.,0.,1.));
#13613 = ORIENTED_EDGE('',*,*,#11990,.F.);
#13614 = ORIENTED_EDGE('',*,*,#13608,.F.);
#13615 = CYLINDRICAL_SURFACE('',#13616,0.4);
#13616 = AXIS2_PLACEMENT_3D('',#13617,#13618,#13619);
#13617 = CARTESIAN_POINT('',(115.173,-125.883,-4.6E-02));
#13618 = DIRECTION('',(-0.,-0.,-1.));
#13619 = DIRECTION('',(-0.,-1.,0.));
#13620 = ADVANCED_FACE('',(#13621),#13632,.F.);
#13621 = FACE_BOUND('',#13622,.T.);
#13622 = EDGE_LOOP('',(#13623,#13624,#13630,#13631));
#13623 = ORIENTED_EDGE('',*,*,#10433,.T.);
#13624 = ORIENTED_EDGE('',*,*,#13625,.T.);
#13625 = EDGE_CURVE('',#10434,#12002,#13626,.T.);
#13626 = LINE('',#13627,#13628);
#13627 = CARTESIAN_POINT('',(125.03,-139.23,-4.6E-02));
#13628 = VECTOR('',#13629,1.);
#13629 = DIRECTION('',(0.,0.,1.));
#13630 = ORIENTED_EDGE('',*,*,#12001,.F.);
#13631 = ORIENTED_EDGE('',*,*,#13625,.F.);
#13632 = CYLINDRICAL_SURFACE('',#13633,0.8);
#13633 = AXIS2_PLACEMENT_3D('',#13634,#13635,#13636);
#13634 = CARTESIAN_POINT('',(125.03,-138.43,-4.6E-02));
#13635 = DIRECTION('',(-0.,-0.,-1.));
#13636 = DIRECTION('',(-0.,-1.,0.));
#13637 = ADVANCED_FACE('',(#13638),#13649,.F.);
#13638 = FACE_BOUND('',#13639,.T.);
#13639 = EDGE_LOOP('',(#13640,#13641,#13647,#13648));
#13640 = ORIENTED_EDGE('',*,*,#10444,.T.);
#13641 = ORIENTED_EDGE('',*,*,#13642,.T.);
#13642 = EDGE_CURVE('',#10445,#12013,#13643,.T.);
#13643 = LINE('',#13644,#13645);
#13644 = CARTESIAN_POINT('',(130.11,-139.23,-4.6E-02));
#13645 = VECTOR('',#13646,1.);
#13646 = DIRECTION('',(0.,0.,1.));
#13647 = ORIENTED_EDGE('',*,*,#12012,.F.);
#13648 = ORIENTED_EDGE('',*,*,#13642,.F.);
#13649 = CYLINDRICAL_SURFACE('',#13650,0.8);
#13650 = AXIS2_PLACEMENT_3D('',#13651,#13652,#13653);
#13651 = CARTESIAN_POINT('',(130.11,-138.43,-4.6E-02));
#13652 = DIRECTION('',(-0.,-0.,-1.));
#13653 = DIRECTION('',(-0.,-1.,0.));
#13654 = ADVANCED_FACE('',(#13655),#13666,.F.);
#13655 = FACE_BOUND('',#13656,.T.);
#13656 = EDGE_LOOP('',(#13657,#13658,#13664,#13665));
#13657 = ORIENTED_EDGE('',*,*,#10455,.T.);
#13658 = ORIENTED_EDGE('',*,*,#13659,.T.);
#13659 = EDGE_CURVE('',#10456,#12024,#13660,.T.);
#13660 = LINE('',#13661,#13662);
#13661 = CARTESIAN_POINT('',(135.19,-139.23,-4.6E-02));
#13662 = VECTOR('',#13663,1.);
#13663 = DIRECTION('',(0.,0.,1.));
#13664 = ORIENTED_EDGE('',*,*,#12023,.F.);
#13665 = ORIENTED_EDGE('',*,*,#13659,.F.);
#13666 = CYLINDRICAL_SURFACE('',#13667,0.8);
#13667 = AXIS2_PLACEMENT_3D('',#13668,#13669,#13670);
#13668 = CARTESIAN_POINT('',(135.19,-138.43,-4.6E-02));
#13669 = DIRECTION('',(-0.,-0.,-1.));
#13670 = DIRECTION('',(-0.,-1.,0.));
#13671 = ADVANCED_FACE('',(#13672),#13683,.F.);
#13672 = FACE_BOUND('',#13673,.T.);
#13673 = EDGE_LOOP('',(#13674,#13675,#13681,#13682));
#13674 = ORIENTED_EDGE('',*,*,#10466,.T.);
#13675 = ORIENTED_EDGE('',*,*,#13676,.T.);
#13676 = EDGE_CURVE('',#10467,#12035,#13677,.T.);
#13677 = LINE('',#13678,#13679);
#13678 = CARTESIAN_POINT('',(140.27,-139.23,-4.6E-02));
#13679 = VECTOR('',#13680,1.);
#13680 = DIRECTION('',(0.,0.,1.));
#13681 = ORIENTED_EDGE('',*,*,#12034,.F.);
#13682 = ORIENTED_EDGE('',*,*,#13676,.F.);
#13683 = CYLINDRICAL_SURFACE('',#13684,0.8);
#13684 = AXIS2_PLACEMENT_3D('',#13685,#13686,#13687);
#13685 = CARTESIAN_POINT('',(140.27,-138.43,-4.6E-02));
#13686 = DIRECTION('',(-0.,0.,-1.));
#13687 = DIRECTION('',(3.5527136788E-14,-1.,-0.));
#13688 = ADVANCED_FACE('',(#13689),#13700,.F.);
#13689 = FACE_BOUND('',#13690,.T.);
#13690 = EDGE_LOOP('',(#13691,#13692,#13698,#13699));
#13691 = ORIENTED_EDGE('',*,*,#10477,.T.);
#13692 = ORIENTED_EDGE('',*,*,#13693,.T.);
#13693 = EDGE_CURVE('',#10478,#12046,#13694,.T.);
#13694 = LINE('',#13695,#13696);
#13695 = CARTESIAN_POINT('',(125.488,-131.668,-4.6E-02));
#13696 = VECTOR('',#13697,1.);
#13697 = DIRECTION('',(0.,0.,1.));
#13698 = ORIENTED_EDGE('',*,*,#12045,.F.);
#13699 = ORIENTED_EDGE('',*,*,#13693,.F.);
#13700 = CYLINDRICAL_SURFACE('',#13701,0.4);
#13701 = AXIS2_PLACEMENT_3D('',#13702,#13703,#13704);
#13702 = CARTESIAN_POINT('',(125.488,-131.268,-4.6E-02));
#13703 = DIRECTION('',(-0.,-0.,-1.));
#13704 = DIRECTION('',(-0.,-1.,0.));
#13705 = ADVANCED_FACE('',(#13706),#13717,.F.);
#13706 = FACE_BOUND('',#13707,.T.);
#13707 = EDGE_LOOP('',(#13708,#13709,#13715,#13716));
#13708 = ORIENTED_EDGE('',*,*,#10488,.T.);
#13709 = ORIENTED_EDGE('',*,*,#13710,.T.);
#13710 = EDGE_CURVE('',#10489,#12057,#13711,.T.);
#13711 = LINE('',#13712,#13713);
#13712 = CARTESIAN_POINT('',(122.793,-126.283,-4.6E-02));
#13713 = VECTOR('',#13714,1.);
#13714 = DIRECTION('',(0.,0.,1.));
#13715 = ORIENTED_EDGE('',*,*,#12056,.F.);
#13716 = ORIENTED_EDGE('',*,*,#13710,.F.);
#13717 = CYLINDRICAL_SURFACE('',#13718,0.4);
#13718 = AXIS2_PLACEMENT_3D('',#13719,#13720,#13721);
#13719 = CARTESIAN_POINT('',(122.793,-125.883,-4.6E-02));
#13720 = DIRECTION('',(-0.,-0.,-1.));
#13721 = DIRECTION('',(-0.,-1.,0.));
#13722 = ADVANCED_FACE('',(#13723),#13734,.F.);
#13723 = FACE_BOUND('',#13724,.T.);
#13724 = EDGE_LOOP('',(#13725,#13726,#13732,#13733));
#13725 = ORIENTED_EDGE('',*,*,#10499,.T.);
#13726 = ORIENTED_EDGE('',*,*,#13727,.T.);
#13727 = EDGE_CURVE('',#10500,#12068,#13728,.T.);
#13728 = LINE('',#13729,#13730);
#13729 = CARTESIAN_POINT('',(101.198,-125.628,-4.6E-02));
#13730 = VECTOR('',#13731,1.);
#13731 = DIRECTION('',(0.,0.,1.));
#13732 = ORIENTED_EDGE('',*,*,#12067,.F.);
#13733 = ORIENTED_EDGE('',*,*,#13727,.F.);
#13734 = CYLINDRICAL_SURFACE('',#13735,0.4);
#13735 = AXIS2_PLACEMENT_3D('',#13736,#13737,#13738);
#13736 = CARTESIAN_POINT('',(101.198,-125.228,-4.6E-02));
#13737 = DIRECTION('',(-0.,-0.,-1.));
#13738 = DIRECTION('',(-3.552713678801E-14,-1.,0.));
#13739 = ADVANCED_FACE('',(#13740),#13751,.F.);
#13740 = FACE_BOUND('',#13741,.T.);
#13741 = EDGE_LOOP('',(#13742,#13743,#13749,#13750));
#13742 = ORIENTED_EDGE('',*,*,#10510,.T.);
#13743 = ORIENTED_EDGE('',*,*,#13744,.T.);
#13744 = EDGE_CURVE('',#10511,#12079,#13745,.T.);
#13745 = LINE('',#13746,#13747);
#13746 = CARTESIAN_POINT('',(103.738,-125.628,-4.6E-02));
#13747 = VECTOR('',#13748,1.);
#13748 = DIRECTION('',(0.,0.,1.));
#13749 = ORIENTED_EDGE('',*,*,#12078,.F.);
#13750 = ORIENTED_EDGE('',*,*,#13744,.F.);
#13751 = CYLINDRICAL_SURFACE('',#13752,0.4);
#13752 = AXIS2_PLACEMENT_3D('',#13753,#13754,#13755);
#13753 = CARTESIAN_POINT('',(103.738,-125.228,-4.6E-02));
#13754 = DIRECTION('',(-0.,-0.,-1.));
#13755 = DIRECTION('',(-0.,-1.,0.));
#13756 = ADVANCED_FACE('',(#13757),#13768,.F.);
#13757 = FACE_BOUND('',#13758,.T.);
#13758 = EDGE_LOOP('',(#13759,#13760,#13766,#13767));
#13759 = ORIENTED_EDGE('',*,*,#10521,.T.);
#13760 = ORIENTED_EDGE('',*,*,#13761,.T.);
#13761 = EDGE_CURVE('',#10522,#12090,#13762,.T.);
#13762 = LINE('',#13763,#13764);
#13763 = CARTESIAN_POINT('',(101.198,-118.008,-4.6E-02));
#13764 = VECTOR('',#13765,1.);
#13765 = DIRECTION('',(0.,0.,1.));
#13766 = ORIENTED_EDGE('',*,*,#12089,.F.);
#13767 = ORIENTED_EDGE('',*,*,#13761,.F.);
#13768 = CYLINDRICAL_SURFACE('',#13769,0.4);
#13769 = AXIS2_PLACEMENT_3D('',#13770,#13771,#13772);
#13770 = CARTESIAN_POINT('',(101.198,-117.608,-4.6E-02));
#13771 = DIRECTION('',(-0.,-0.,-1.));
#13772 = DIRECTION('',(-3.552713678801E-14,-1.,0.));
#13773 = ADVANCED_FACE('',(#13774),#13785,.F.);
#13774 = FACE_BOUND('',#13775,.T.);
#13775 = EDGE_LOOP('',(#13776,#13777,#13783,#13784));
#13776 = ORIENTED_EDGE('',*,*,#10532,.T.);
#13777 = ORIENTED_EDGE('',*,*,#13778,.T.);
#13778 = EDGE_CURVE('',#10533,#12101,#13779,.T.);
#13779 = LINE('',#13780,#13781);
#13780 = CARTESIAN_POINT('',(103.738,-118.008,-4.6E-02));
#13781 = VECTOR('',#13782,1.);
#13782 = DIRECTION('',(0.,0.,1.));
#13783 = ORIENTED_EDGE('',*,*,#12100,.F.);
#13784 = ORIENTED_EDGE('',*,*,#13778,.F.);
#13785 = CYLINDRICAL_SURFACE('',#13786,0.4);
#13786 = AXIS2_PLACEMENT_3D('',#13787,#13788,#13789);
#13787 = CARTESIAN_POINT('',(103.738,-117.608,-4.6E-02));
#13788 = DIRECTION('',(-0.,-0.,-1.));
#13789 = DIRECTION('',(-0.,-1.,0.));
#13790 = ADVANCED_FACE('',(#13791),#13802,.F.);
#13791 = FACE_BOUND('',#13792,.T.);
#13792 = EDGE_LOOP('',(#13793,#13794,#13800,#13801));
#13793 = ORIENTED_EDGE('',*,*,#10543,.T.);
#13794 = ORIENTED_EDGE('',*,*,#13795,.T.);
#13795 = EDGE_CURVE('',#10544,#12112,#13796,.T.);
#13796 = LINE('',#13797,#13798);
#13797 = CARTESIAN_POINT('',(115.173,-123.743,-4.6E-02));
#13798 = VECTOR('',#13799,1.);
#13799 = DIRECTION('',(0.,0.,1.));
#13800 = ORIENTED_EDGE('',*,*,#12111,.F.);
#13801 = ORIENTED_EDGE('',*,*,#13795,.F.);
#13802 = CYLINDRICAL_SURFACE('',#13803,0.4);
#13803 = AXIS2_PLACEMENT_3D('',#13804,#13805,#13806);
#13804 = CARTESIAN_POINT('',(115.173,-123.343,-4.6E-02));
#13805 = DIRECTION('',(-0.,-0.,-1.));
#13806 = DIRECTION('',(-0.,-1.,0.));
#13807 = ADVANCED_FACE('',(#13808),#13819,.F.);
#13808 = FACE_BOUND('',#13809,.T.);
#13809 = EDGE_LOOP('',(#13810,#13811,#13817,#13818));
#13810 = ORIENTED_EDGE('',*,*,#10554,.T.);
#13811 = ORIENTED_EDGE('',*,*,#13812,.T.);
#13812 = EDGE_CURVE('',#10555,#12123,#13813,.T.);
#13813 = LINE('',#13814,#13815);
#13814 = CARTESIAN_POINT('',(117.238,-120.508,-4.6E-02));
#13815 = VECTOR('',#13816,1.);
#13816 = DIRECTION('',(0.,0.,1.));
#13817 = ORIENTED_EDGE('',*,*,#12122,.F.);
#13818 = ORIENTED_EDGE('',*,*,#13812,.F.);
#13819 = CYLINDRICAL_SURFACE('',#13820,0.4);
#13820 = AXIS2_PLACEMENT_3D('',#13821,#13822,#13823);
#13821 = CARTESIAN_POINT('',(117.238,-120.108,-4.6E-02));
#13822 = DIRECTION('',(-0.,-0.,-1.));
#13823 = DIRECTION('',(-0.,-1.,0.));
#13824 = ADVANCED_FACE('',(#13825),#13836,.F.);
#13825 = FACE_BOUND('',#13826,.T.);
#13826 = EDGE_LOOP('',(#13827,#13828,#13834,#13835));
#13827 = ORIENTED_EDGE('',*,*,#10565,.T.);
#13828 = ORIENTED_EDGE('',*,*,#13829,.T.);
#13829 = EDGE_CURVE('',#10566,#12134,#13830,.T.);
#13830 = LINE('',#13831,#13832);
#13831 = CARTESIAN_POINT('',(120.958224,-120.903027,-4.6E-02));
#13832 = VECTOR('',#13833,1.);
#13833 = DIRECTION('',(0.,0.,1.));
#13834 = ORIENTED_EDGE('',*,*,#12133,.F.);
#13835 = ORIENTED_EDGE('',*,*,#13829,.F.);
#13836 = CYLINDRICAL_SURFACE('',#13837,0.4);
#13837 = AXIS2_PLACEMENT_3D('',#13838,#13839,#13840);
#13838 = CARTESIAN_POINT('',(120.958224,-120.503027,-4.6E-02));
#13839 = DIRECTION('',(-0.,-0.,-1.));
#13840 = DIRECTION('',(-0.,-1.,0.));
#13841 = ADVANCED_FACE('',(#13842),#13853,.F.);
#13842 = FACE_BOUND('',#13843,.T.);
#13843 = EDGE_LOOP('',(#13844,#13845,#13851,#13852));
#13844 = ORIENTED_EDGE('',*,*,#10576,.T.);
#13845 = ORIENTED_EDGE('',*,*,#13846,.T.);
#13846 = EDGE_CURVE('',#10577,#12145,#13847,.T.);
#13847 = LINE('',#13848,#13849);
#13848 = CARTESIAN_POINT('',(111.738,-116.928,-4.6E-02));
#13849 = VECTOR('',#13850,1.);
#13850 = DIRECTION('',(0.,0.,1.));
#13851 = ORIENTED_EDGE('',*,*,#12144,.F.);
#13852 = ORIENTED_EDGE('',*,*,#13846,.F.);
#13853 = CYLINDRICAL_SURFACE('',#13854,0.4);
#13854 = AXIS2_PLACEMENT_3D('',#13855,#13856,#13857);
#13855 = CARTESIAN_POINT('',(111.738,-116.528,-4.6E-02));
#13856 = DIRECTION('',(-0.,-0.,-1.));
#13857 = DIRECTION('',(-0.,-1.,0.));
#13858 = ADVANCED_FACE('',(#13859),#13870,.F.);
#13859 = FACE_BOUND('',#13860,.T.);
#13860 = EDGE_LOOP('',(#13861,#13862,#13868,#13869));
#13861 = ORIENTED_EDGE('',*,*,#10587,.T.);
#13862 = ORIENTED_EDGE('',*,*,#13863,.T.);
#13863 = EDGE_CURVE('',#10588,#12156,#13864,.T.);
#13864 = LINE('',#13865,#13866);
#13865 = CARTESIAN_POINT('',(99.828,-112.758,-4.6E-02));
#13866 = VECTOR('',#13867,1.);
#13867 = DIRECTION('',(0.,0.,1.));
#13868 = ORIENTED_EDGE('',*,*,#12155,.F.);
#13869 = ORIENTED_EDGE('',*,*,#13863,.F.);
#13870 = CYLINDRICAL_SURFACE('',#13871,0.4);
#13871 = AXIS2_PLACEMENT_3D('',#13872,#13873,#13874);
#13872 = CARTESIAN_POINT('',(99.828,-112.358,-4.6E-02));
#13873 = DIRECTION('',(-0.,-0.,-1.));
#13874 = DIRECTION('',(-0.,-1.,0.));
#13875 = ADVANCED_FACE('',(#13876),#13887,.F.);
#13876 = FACE_BOUND('',#13877,.T.);
#13877 = EDGE_LOOP('',(#13878,#13879,#13885,#13886));
#13878 = ORIENTED_EDGE('',*,*,#10598,.T.);
#13879 = ORIENTED_EDGE('',*,*,#13880,.T.);
#13880 = EDGE_CURVE('',#10599,#12167,#13881,.T.);
#13881 = LINE('',#13882,#13883);
#13882 = CARTESIAN_POINT('',(105.90342,-107.29087,-4.6E-02));
#13883 = VECTOR('',#13884,1.);
#13884 = DIRECTION('',(0.,0.,1.));
#13885 = ORIENTED_EDGE('',*,*,#12166,.F.);
#13886 = ORIENTED_EDGE('',*,*,#13880,.F.);
#13887 = CYLINDRICAL_SURFACE('',#13888,0.45);
#13888 = AXIS2_PLACEMENT_3D('',#13889,#13890,#13891);
#13889 = CARTESIAN_POINT('',(105.90342,-106.84087,-4.6E-02));
#13890 = DIRECTION('',(-0.,-0.,-1.));
#13891 = DIRECTION('',(-0.,-1.,0.));
#13892 = ADVANCED_FACE('',(#13893),#13904,.F.);
#13893 = FACE_BOUND('',#13894,.T.);
#13894 = EDGE_LOOP('',(#13895,#13896,#13902,#13903));
#13895 = ORIENTED_EDGE('',*,*,#10609,.T.);
#13896 = ORIENTED_EDGE('',*,*,#13897,.T.);
#13897 = EDGE_CURVE('',#10610,#12178,#13898,.T.);
#13898 = LINE('',#13899,#13900);
#13899 = CARTESIAN_POINT('',(108.44342,-107.29087,-4.6E-02));
#13900 = VECTOR('',#13901,1.);
#13901 = DIRECTION('',(0.,0.,1.));
#13902 = ORIENTED_EDGE('',*,*,#12177,.F.);
#13903 = ORIENTED_EDGE('',*,*,#13897,.F.);
#13904 = CYLINDRICAL_SURFACE('',#13905,0.45);
#13905 = AXIS2_PLACEMENT_3D('',#13906,#13907,#13908);
#13906 = CARTESIAN_POINT('',(108.44342,-106.84087,-4.6E-02));
#13907 = DIRECTION('',(-0.,-0.,-1.));
#13908 = DIRECTION('',(-0.,-1.,0.));
#13909 = ADVANCED_FACE('',(#13910),#13921,.F.);
#13910 = FACE_BOUND('',#13911,.T.);
#13911 = EDGE_LOOP('',(#13912,#13913,#13919,#13920));
#13912 = ORIENTED_EDGE('',*,*,#10620,.T.);
#13913 = ORIENTED_EDGE('',*,*,#13914,.T.);
#13914 = EDGE_CURVE('',#10621,#12189,#13915,.T.);
#13915 = LINE('',#13916,#13917);
#13916 = CARTESIAN_POINT('',(109.988,-112.758,-4.6E-02));
#13917 = VECTOR('',#13918,1.);
#13918 = DIRECTION('',(0.,0.,1.));
#13919 = ORIENTED_EDGE('',*,*,#12188,.F.);
#13920 = ORIENTED_EDGE('',*,*,#13914,.F.);
#13921 = CYLINDRICAL_SURFACE('',#13922,0.4);
#13922 = AXIS2_PLACEMENT_3D('',#13923,#13924,#13925);
#13923 = CARTESIAN_POINT('',(109.988,-112.358,-4.6E-02));
#13924 = DIRECTION('',(-0.,-0.,-1.));
#13925 = DIRECTION('',(-0.,-1.,0.));
#13926 = ADVANCED_FACE('',(#13927),#13938,.F.);
#13927 = FACE_BOUND('',#13928,.T.);
#13928 = EDGE_LOOP('',(#13929,#13930,#13936,#13937));
#13929 = ORIENTED_EDGE('',*,*,#10631,.T.);
#13930 = ORIENTED_EDGE('',*,*,#13931,.T.);
#13931 = EDGE_CURVE('',#10632,#12200,#13932,.T.);
#13932 = LINE('',#13933,#13934);
#13933 = CARTESIAN_POINT('',(117.238,-110.348,-4.6E-02));
#13934 = VECTOR('',#13935,1.);
#13935 = DIRECTION('',(0.,0.,1.));
#13936 = ORIENTED_EDGE('',*,*,#12199,.F.);
#13937 = ORIENTED_EDGE('',*,*,#13931,.F.);
#13938 = CYLINDRICAL_SURFACE('',#13939,0.4);
#13939 = AXIS2_PLACEMENT_3D('',#13940,#13941,#13942);
#13940 = CARTESIAN_POINT('',(117.238,-109.948,-4.6E-02));
#13941 = DIRECTION('',(-0.,-0.,-1.));
#13942 = DIRECTION('',(-0.,-1.,0.));
#13943 = ADVANCED_FACE('',(#13944),#13955,.F.);
#13944 = FACE_BOUND('',#13945,.T.);
#13945 = EDGE_LOOP('',(#13946,#13947,#13953,#13954));
#13946 = ORIENTED_EDGE('',*,*,#10642,.T.);
#13947 = ORIENTED_EDGE('',*,*,#13948,.T.);
#13948 = EDGE_CURVE('',#10643,#12211,#13949,.T.);
#13949 = LINE('',#13950,#13951);
#13950 = CARTESIAN_POINT('',(120.958224,-110.743027,-4.6E-02));
#13951 = VECTOR('',#13952,1.);
#13952 = DIRECTION('',(0.,0.,1.));
#13953 = ORIENTED_EDGE('',*,*,#12210,.F.);
#13954 = ORIENTED_EDGE('',*,*,#13948,.F.);
#13955 = CYLINDRICAL_SURFACE('',#13956,0.4);
#13956 = AXIS2_PLACEMENT_3D('',#13957,#13958,#13959);
#13957 = CARTESIAN_POINT('',(120.958224,-110.343027,-4.6E-02));
#13958 = DIRECTION('',(-0.,-0.,-1.));
#13959 = DIRECTION('',(-0.,-1.,0.));
#13960 = ADVANCED_FACE('',(#13961),#13972,.F.);
#13961 = FACE_BOUND('',#13962,.T.);
#13962 = EDGE_LOOP('',(#13963,#13964,#13970,#13971));
#13963 = ORIENTED_EDGE('',*,*,#10653,.T.);
#13964 = ORIENTED_EDGE('',*,*,#13965,.T.);
#13965 = EDGE_CURVE('',#10654,#12222,#13966,.T.);
#13966 = LINE('',#13967,#13968);
#13967 = CARTESIAN_POINT('',(112.33,-107.23,-4.6E-02));
#13968 = VECTOR('',#13969,1.);
#13969 = DIRECTION('',(0.,0.,1.));
#13970 = ORIENTED_EDGE('',*,*,#12221,.F.);
#13971 = ORIENTED_EDGE('',*,*,#13965,.F.);
#13972 = CYLINDRICAL_SURFACE('',#13973,0.4);
#13973 = AXIS2_PLACEMENT_3D('',#13974,#13975,#13976);
#13974 = CARTESIAN_POINT('',(112.33,-106.83,-4.6E-02));
#13975 = DIRECTION('',(-0.,-0.,-1.));
#13976 = DIRECTION('',(-3.552713678801E-14,-1.,0.));
#13977 = ADVANCED_FACE('',(#13978),#13989,.F.);
#13978 = FACE_BOUND('',#13979,.T.);
#13979 = EDGE_LOOP('',(#13980,#13981,#13987,#13988));
#13980 = ORIENTED_EDGE('',*,*,#10664,.T.);
#13981 = ORIENTED_EDGE('',*,*,#13982,.T.);
#13982 = EDGE_CURVE('',#10665,#12233,#13983,.T.);
#13983 = LINE('',#13984,#13985);
#13984 = CARTESIAN_POINT('',(122.793,-123.743,-4.6E-02));
#13985 = VECTOR('',#13986,1.);
#13986 = DIRECTION('',(0.,0.,1.));
#13987 = ORIENTED_EDGE('',*,*,#12232,.F.);
#13988 = ORIENTED_EDGE('',*,*,#13982,.F.);
#13989 = CYLINDRICAL_SURFACE('',#13990,0.4);
#13990 = AXIS2_PLACEMENT_3D('',#13991,#13992,#13993);
#13991 = CARTESIAN_POINT('',(122.793,-123.343,-4.6E-02));
#13992 = DIRECTION('',(-0.,-0.,-1.));
#13993 = DIRECTION('',(-0.,-1.,0.));
#13994 = ADVANCED_FACE('',(#13995),#14006,.F.);
#13995 = FACE_BOUND('',#13996,.T.);
#13996 = EDGE_LOOP('',(#13997,#13998,#14004,#14005));
#13997 = ORIENTED_EDGE('',*,*,#10675,.T.);
#13998 = ORIENTED_EDGE('',*,*,#13999,.T.);
#13999 = EDGE_CURVE('',#10676,#12244,#14000,.T.);
#14000 = LINE('',#14001,#14002);
#14001 = CARTESIAN_POINT('',(125.488,-121.508,-4.6E-02));
#14002 = VECTOR('',#14003,1.);
#14003 = DIRECTION('',(0.,0.,1.));
#14004 = ORIENTED_EDGE('',*,*,#12243,.F.);
#14005 = ORIENTED_EDGE('',*,*,#13999,.F.);
#14006 = CYLINDRICAL_SURFACE('',#14007,0.4);
#14007 = AXIS2_PLACEMENT_3D('',#14008,#14009,#14010);
#14008 = CARTESIAN_POINT('',(125.488,-121.108,-4.6E-02));
#14009 = DIRECTION('',(-0.,-0.,-1.));
#14010 = DIRECTION('',(-0.,-1.,0.));
#14011 = ADVANCED_FACE('',(#14012),#14023,.F.);
#14012 = FACE_BOUND('',#14013,.T.);
#14013 = EDGE_LOOP('',(#14014,#14015,#14021,#14022));
#14014 = ORIENTED_EDGE('',*,*,#10686,.T.);
#14015 = ORIENTED_EDGE('',*,*,#14016,.T.);
#14016 = EDGE_CURVE('',#10687,#12255,#14017,.T.);
#14017 = LINE('',#14018,#14019);
#14018 = CARTESIAN_POINT('',(130.048,-123.336,-4.6E-02));
#14019 = VECTOR('',#14020,1.);
#14020 = DIRECTION('',(0.,0.,1.));
#14021 = ORIENTED_EDGE('',*,*,#12254,.F.);
#14022 = ORIENTED_EDGE('',*,*,#14016,.F.);
#14023 = CYLINDRICAL_SURFACE('',#14024,0.4);
#14024 = AXIS2_PLACEMENT_3D('',#14025,#14026,#14027);
#14025 = CARTESIAN_POINT('',(130.048,-122.936,-4.6E-02));
#14026 = DIRECTION('',(-0.,-0.,-1.));
#14027 = DIRECTION('',(-0.,-1.,0.));
#14028 = ADVANCED_FACE('',(#14029),#14040,.F.);
#14029 = FACE_BOUND('',#14030,.T.);
#14030 = EDGE_LOOP('',(#14031,#14032,#14038,#14039));
#14031 = ORIENTED_EDGE('',*,*,#10697,.T.);
#14032 = ORIENTED_EDGE('',*,*,#14033,.T.);
#14033 = EDGE_CURVE('',#10698,#12266,#14034,.T.);
#14034 = LINE('',#14035,#14036);
#14035 = CARTESIAN_POINT('',(124.213,-118.313,-4.6E-02));
#14036 = VECTOR('',#14037,1.);
#14037 = DIRECTION('',(0.,0.,1.));
#14038 = ORIENTED_EDGE('',*,*,#12265,.F.);
#14039 = ORIENTED_EDGE('',*,*,#14033,.F.);
#14040 = CYLINDRICAL_SURFACE('',#14041,0.4);
#14041 = AXIS2_PLACEMENT_3D('',#14042,#14043,#14044);
#14042 = CARTESIAN_POINT('',(124.213,-117.913,-4.6E-02));
#14043 = DIRECTION('',(-0.,-0.,-1.));
#14044 = DIRECTION('',(-0.,-1.,0.));
#14045 = ADVANCED_FACE('',(#14046),#14057,.F.);
#14046 = FACE_BOUND('',#14047,.T.);
#14047 = EDGE_LOOP('',(#14048,#14049,#14055,#14056));
#14048 = ORIENTED_EDGE('',*,*,#10708,.T.);
#14049 = ORIENTED_EDGE('',*,*,#14050,.T.);
#14050 = EDGE_CURVE('',#10709,#12277,#14051,.T.);
#14051 = LINE('',#14052,#14053);
#14052 = CARTESIAN_POINT('',(126.753,-118.313,-4.6E-02));
#14053 = VECTOR('',#14054,1.);
#14054 = DIRECTION('',(0.,0.,1.));
#14055 = ORIENTED_EDGE('',*,*,#12276,.F.);
#14056 = ORIENTED_EDGE('',*,*,#14050,.F.);
#14057 = CYLINDRICAL_SURFACE('',#14058,0.4);
#14058 = AXIS2_PLACEMENT_3D('',#14059,#14060,#14061);
#14059 = CARTESIAN_POINT('',(126.753,-117.913,-4.6E-02));
#14060 = DIRECTION('',(-0.,-0.,-1.));
#14061 = DIRECTION('',(-0.,-1.,0.));
#14062 = ADVANCED_FACE('',(#14063),#14074,.F.);
#14063 = FACE_BOUND('',#14064,.T.);
#14064 = EDGE_LOOP('',(#14065,#14066,#14072,#14073));
#14065 = ORIENTED_EDGE('',*,*,#10719,.T.);
#14066 = ORIENTED_EDGE('',*,*,#14067,.T.);
#14067 = EDGE_CURVE('',#10720,#12288,#14068,.T.);
#14068 = LINE('',#14069,#14070);
#14069 = CARTESIAN_POINT('',(124.213,-110.693,-4.6E-02));
#14070 = VECTOR('',#14071,1.);
#14071 = DIRECTION('',(0.,0.,1.));
#14072 = ORIENTED_EDGE('',*,*,#12287,.F.);
#14073 = ORIENTED_EDGE('',*,*,#14067,.F.);
#14074 = CYLINDRICAL_SURFACE('',#14075,0.4);
#14075 = AXIS2_PLACEMENT_3D('',#14076,#14077,#14078);
#14076 = CARTESIAN_POINT('',(124.213,-110.293,-4.6E-02));
#14077 = DIRECTION('',(-0.,-0.,-1.));
#14078 = DIRECTION('',(-0.,-1.,0.));
#14079 = ADVANCED_FACE('',(#14080),#14091,.F.);
#14080 = FACE_BOUND('',#14081,.T.);
#14081 = EDGE_LOOP('',(#14082,#14083,#14089,#14090));
#14082 = ORIENTED_EDGE('',*,*,#10730,.T.);
#14083 = ORIENTED_EDGE('',*,*,#14084,.T.);
#14084 = EDGE_CURVE('',#10731,#12299,#14085,.T.);
#14085 = LINE('',#14086,#14087);
#14086 = CARTESIAN_POINT('',(126.753,-110.693,-4.6E-02));
#14087 = VECTOR('',#14088,1.);
#14088 = DIRECTION('',(0.,0.,1.));
#14089 = ORIENTED_EDGE('',*,*,#12298,.F.);
#14090 = ORIENTED_EDGE('',*,*,#14084,.F.);
#14091 = CYLINDRICAL_SURFACE('',#14092,0.4);
#14092 = AXIS2_PLACEMENT_3D('',#14093,#14094,#14095);
#14093 = CARTESIAN_POINT('',(126.753,-110.293,-4.6E-02));
#14094 = DIRECTION('',(-0.,-0.,-1.));
#14095 = DIRECTION('',(-0.,-1.,0.));
#14096 = ADVANCED_FACE('',(#14097),#14108,.F.);
#14097 = FACE_BOUND('',#14098,.T.);
#14098 = EDGE_LOOP('',(#14099,#14100,#14106,#14107));
#14099 = ORIENTED_EDGE('',*,*,#10741,.T.);
#14100 = ORIENTED_EDGE('',*,*,#14101,.T.);
#14101 = EDGE_CURVE('',#10742,#12310,#14102,.T.);
#14102 = LINE('',#14103,#14104);
#14103 = CARTESIAN_POINT('',(130.048,-113.176,-4.6E-02));
#14104 = VECTOR('',#14105,1.);
#14105 = DIRECTION('',(0.,0.,1.));
#14106 = ORIENTED_EDGE('',*,*,#12309,.F.);
#14107 = ORIENTED_EDGE('',*,*,#14101,.F.);
#14108 = CYLINDRICAL_SURFACE('',#14109,0.4);
#14109 = AXIS2_PLACEMENT_3D('',#14110,#14111,#14112);
#14110 = CARTESIAN_POINT('',(130.048,-112.776,-4.6E-02));
#14111 = DIRECTION('',(-0.,-0.,-1.));
#14112 = DIRECTION('',(-0.,-1.,0.));
#14113 = ADVANCED_FACE('',(#14114),#14125,.F.);
#14114 = FACE_BOUND('',#14115,.T.);
#14115 = EDGE_LOOP('',(#14116,#14117,#14123,#14124));
#14116 = ORIENTED_EDGE('',*,*,#10752,.T.);
#14117 = ORIENTED_EDGE('',*,*,#14118,.T.);
#14118 = EDGE_CURVE('',#10753,#12321,#14119,.T.);
#14119 = LINE('',#14120,#14121);
#14120 = CARTESIAN_POINT('',(132.65,-110.89,-4.6E-02));
#14121 = VECTOR('',#14122,1.);
#14122 = DIRECTION('',(0.,0.,1.));
#14123 = ORIENTED_EDGE('',*,*,#12320,.F.);
#14124 = ORIENTED_EDGE('',*,*,#14118,.F.);
#14125 = CYLINDRICAL_SURFACE('',#14126,0.4);
#14126 = AXIS2_PLACEMENT_3D('',#14127,#14128,#14129);
#14127 = CARTESIAN_POINT('',(132.65,-110.49,-4.6E-02));
#14128 = DIRECTION('',(-0.,-0.,-1.));
#14129 = DIRECTION('',(-0.,-1.,0.));
#14130 = ADVANCED_FACE('',(#14131),#14142,.F.);
#14131 = FACE_BOUND('',#14132,.T.);
#14132 = EDGE_LOOP('',(#14133,#14134,#14140,#14141));
#14133 = ORIENTED_EDGE('',*,*,#10763,.T.);
#14134 = ORIENTED_EDGE('',*,*,#14135,.T.);
#14135 = EDGE_CURVE('',#10764,#12332,#14136,.T.);
#14136 = LINE('',#14137,#14138);
#14137 = CARTESIAN_POINT('',(122.49,-107.23,-4.6E-02));
#14138 = VECTOR('',#14139,1.);
#14139 = DIRECTION('',(0.,0.,1.));
#14140 = ORIENTED_EDGE('',*,*,#12331,.F.);
#14141 = ORIENTED_EDGE('',*,*,#14135,.F.);
#14142 = CYLINDRICAL_SURFACE('',#14143,0.4);
#14143 = AXIS2_PLACEMENT_3D('',#14144,#14145,#14146);
#14144 = CARTESIAN_POINT('',(122.49,-106.83,-4.6E-02));
#14145 = DIRECTION('',(-0.,-0.,-1.));
#14146 = DIRECTION('',(-3.552713678801E-14,-1.,0.));
#14147 = ADVANCED_FACE('',(#14148),#14159,.F.);
#14148 = FACE_BOUND('',#14149,.T.);
#14149 = EDGE_LOOP('',(#14150,#14151,#14157,#14158));
#14150 = ORIENTED_EDGE('',*,*,#10774,.T.);
#14151 = ORIENTED_EDGE('',*,*,#14152,.T.);
#14152 = EDGE_CURVE('',#10775,#12343,#14153,.T.);
#14153 = LINE('',#14154,#14155);
#14154 = CARTESIAN_POINT('',(137.73,-113.43,-4.6E-02));
#14155 = VECTOR('',#14156,1.);
#14156 = DIRECTION('',(0.,0.,1.));
#14157 = ORIENTED_EDGE('',*,*,#12342,.F.);
#14158 = ORIENTED_EDGE('',*,*,#14152,.F.);
#14159 = CYLINDRICAL_SURFACE('',#14160,0.4);
#14160 = AXIS2_PLACEMENT_3D('',#14161,#14162,#14163);
#14161 = CARTESIAN_POINT('',(137.73,-113.03,-4.6E-02));
#14162 = DIRECTION('',(-0.,-0.,-1.));
#14163 = DIRECTION('',(-7.105427357601E-14,-1.,0.));
#14164 = ADVANCED_FACE('',(#14165),#14176,.F.);
#14165 = FACE_BOUND('',#14166,.T.);
#14166 = EDGE_LOOP('',(#14167,#14168,#14174,#14175));
#14167 = ORIENTED_EDGE('',*,*,#10785,.T.);
#14168 = ORIENTED_EDGE('',*,*,#14169,.T.);
#14169 = EDGE_CURVE('',#10786,#12354,#14170,.T.);
#14170 = LINE('',#14171,#14172);
#14171 = CARTESIAN_POINT('',(140.27,-113.43,-4.6E-02));
#14172 = VECTOR('',#14173,1.);
#14173 = DIRECTION('',(0.,0.,1.));
#14174 = ORIENTED_EDGE('',*,*,#12353,.F.);
#14175 = ORIENTED_EDGE('',*,*,#14169,.F.);
#14176 = CYLINDRICAL_SURFACE('',#14177,0.4);
#14177 = AXIS2_PLACEMENT_3D('',#14178,#14179,#14180);
#14178 = CARTESIAN_POINT('',(140.27,-113.03,-4.6E-02));
#14179 = DIRECTION('',(-0.,0.,-1.));
#14180 = DIRECTION('',(7.105427357601E-14,-1.,-0.));
#14181 = ADVANCED_FACE('',(#14182),#14193,.F.);
#14182 = FACE_BOUND('',#14183,.T.);
#14183 = EDGE_LOOP('',(#14184,#14185,#14191,#14192));
#14184 = ORIENTED_EDGE('',*,*,#10796,.T.);
#14185 = ORIENTED_EDGE('',*,*,#14186,.T.);
#14186 = EDGE_CURVE('',#10797,#12365,#14187,.T.);
#14187 = LINE('',#14188,#14189);
#14188 = CARTESIAN_POINT('',(142.81,-113.43,-4.6E-02));
#14189 = VECTOR('',#14190,1.);
#14190 = DIRECTION('',(0.,0.,1.));
#14191 = ORIENTED_EDGE('',*,*,#12364,.F.);
#14192 = ORIENTED_EDGE('',*,*,#14186,.F.);
#14193 = CYLINDRICAL_SURFACE('',#14194,0.4);
#14194 = AXIS2_PLACEMENT_3D('',#14195,#14196,#14197);
#14195 = CARTESIAN_POINT('',(142.81,-113.03,-4.6E-02));
#14196 = DIRECTION('',(-0.,-0.,-1.));
#14197 = DIRECTION('',(-0.,-1.,0.));
#14198 = ADVANCED_FACE('',(#14199),#14210,.F.);
#14199 = FACE_BOUND('',#14200,.T.);
#14200 = EDGE_LOOP('',(#14201,#14202,#14208,#14209));
#14201 = ORIENTED_EDGE('',*,*,#10807,.T.);
#14202 = ORIENTED_EDGE('',*,*,#14203,.T.);
#14203 = EDGE_CURVE('',#10808,#12376,#14204,.T.);
#14204 = LINE('',#14205,#14206);
#14205 = CARTESIAN_POINT('',(141.54,-108.35,-4.6E-02));
#14206 = VECTOR('',#14207,1.);
#14207 = DIRECTION('',(0.,0.,1.));
#14208 = ORIENTED_EDGE('',*,*,#12375,.F.);
#14209 = ORIENTED_EDGE('',*,*,#14203,.F.);
#14210 = CYLINDRICAL_SURFACE('',#14211,0.4);
#14211 = AXIS2_PLACEMENT_3D('',#14212,#14213,#14214);
#14212 = CARTESIAN_POINT('',(141.54,-107.95,-4.6E-02));
#14213 = DIRECTION('',(-0.,-0.,-1.));
#14214 = DIRECTION('',(-0.,-1.,0.));
#14215 = ADVANCED_FACE('',(#14216),#14227,.F.);
#14216 = FACE_BOUND('',#14217,.T.);
#14217 = EDGE_LOOP('',(#14218,#14219,#14225,#14226));
#14218 = ORIENTED_EDGE('',*,*,#10818,.T.);
#14219 = ORIENTED_EDGE('',*,*,#14220,.T.);
#14220 = EDGE_CURVE('',#10819,#12387,#14221,.T.);
#14221 = LINE('',#14222,#14223);
#14222 = CARTESIAN_POINT('',(145.35,-139.23,-4.6E-02));
#14223 = VECTOR('',#14224,1.);
#14224 = DIRECTION('',(0.,0.,1.));
#14225 = ORIENTED_EDGE('',*,*,#12386,.F.);
#14226 = ORIENTED_EDGE('',*,*,#14220,.F.);
#14227 = CYLINDRICAL_SURFACE('',#14228,0.8);
#14228 = AXIS2_PLACEMENT_3D('',#14229,#14230,#14231);
#14229 = CARTESIAN_POINT('',(145.35,-138.43,-4.6E-02));
#14230 = DIRECTION('',(-0.,-0.,-1.));
#14231 = DIRECTION('',(-3.552713678801E-14,-1.,0.));
#14232 = ADVANCED_FACE('',(#14233),#14244,.F.);
#14233 = FACE_BOUND('',#14234,.T.);
#14234 = EDGE_LOOP('',(#14235,#14236,#14242,#14243));
#14235 = ORIENTED_EDGE('',*,*,#10829,.T.);
#14236 = ORIENTED_EDGE('',*,*,#14237,.T.);
#14237 = EDGE_CURVE('',#10830,#12398,#14238,.T.);
#14238 = LINE('',#14239,#14240);
#14239 = CARTESIAN_POINT('',(150.43,-139.23,-4.6E-02));
#14240 = VECTOR('',#14241,1.);
#14241 = DIRECTION('',(0.,0.,1.));
#14242 = ORIENTED_EDGE('',*,*,#12397,.F.);
#14243 = ORIENTED_EDGE('',*,*,#14237,.F.);
#14244 = CYLINDRICAL_SURFACE('',#14245,0.8);
#14245 = AXIS2_PLACEMENT_3D('',#14246,#14247,#14248);
#14246 = CARTESIAN_POINT('',(150.43,-138.43,-4.6E-02));
#14247 = DIRECTION('',(-0.,-0.,-1.));
#14248 = DIRECTION('',(-0.,-1.,0.));
#14249 = ADVANCED_FACE('',(#14250),#14261,.F.);
#14250 = FACE_BOUND('',#14251,.T.);
#14251 = EDGE_LOOP('',(#14252,#14253,#14259,#14260));
#14252 = ORIENTED_EDGE('',*,*,#10840,.T.);
#14253 = ORIENTED_EDGE('',*,*,#14254,.T.);
#14254 = EDGE_CURVE('',#10841,#12409,#14255,.T.);
#14255 = LINE('',#14256,#14257);
#14256 = CARTESIAN_POINT('',(155.51,-139.23,-4.6E-02));
#14257 = VECTOR('',#14258,1.);
#14258 = DIRECTION('',(0.,0.,1.));
#14259 = ORIENTED_EDGE('',*,*,#12408,.F.);
#14260 = ORIENTED_EDGE('',*,*,#14254,.F.);
#14261 = CYLINDRICAL_SURFACE('',#14262,0.8);
#14262 = AXIS2_PLACEMENT_3D('',#14263,#14264,#14265);
#14263 = CARTESIAN_POINT('',(155.51,-138.43,-4.6E-02));
#14264 = DIRECTION('',(-0.,-0.,-1.));
#14265 = DIRECTION('',(-0.,-1.,0.));
#14266 = ADVANCED_FACE('',(#14267),#14278,.F.);
#14267 = FACE_BOUND('',#14268,.T.);
#14268 = EDGE_LOOP('',(#14269,#14270,#14276,#14277));
#14269 = ORIENTED_EDGE('',*,*,#10851,.T.);
#14270 = ORIENTED_EDGE('',*,*,#14271,.T.);
#14271 = EDGE_CURVE('',#10852,#12420,#14272,.T.);
#14272 = LINE('',#14273,#14274);
#14273 = CARTESIAN_POINT('',(160.59,-139.23,-4.6E-02));
#14274 = VECTOR('',#14275,1.);
#14275 = DIRECTION('',(0.,0.,1.));
#14276 = ORIENTED_EDGE('',*,*,#12419,.F.);
#14277 = ORIENTED_EDGE('',*,*,#14271,.F.);
#14278 = CYLINDRICAL_SURFACE('',#14279,0.8);
#14279 = AXIS2_PLACEMENT_3D('',#14280,#14281,#14282);
#14280 = CARTESIAN_POINT('',(160.59,-138.43,-4.6E-02));
#14281 = DIRECTION('',(-0.,0.,-1.));
#14282 = DIRECTION('',(3.5527136788E-14,-1.,-0.));
#14283 = ADVANCED_FACE('',(#14284),#14295,.F.);
#14284 = FACE_BOUND('',#14285,.T.);
#14285 = EDGE_LOOP('',(#14286,#14287,#14293,#14294));
#14286 = ORIENTED_EDGE('',*,*,#10862,.T.);
#14287 = ORIENTED_EDGE('',*,*,#14288,.T.);
#14288 = EDGE_CURVE('',#10863,#12431,#14289,.T.);
#14289 = LINE('',#14290,#14291);
#14290 = CARTESIAN_POINT('',(165.67,-139.23,-4.6E-02));
#14291 = VECTOR('',#14292,1.);
#14292 = DIRECTION('',(0.,0.,1.));
#14293 = ORIENTED_EDGE('',*,*,#12430,.F.);
#14294 = ORIENTED_EDGE('',*,*,#14288,.F.);
#14295 = CYLINDRICAL_SURFACE('',#14296,0.8);
#14296 = AXIS2_PLACEMENT_3D('',#14297,#14298,#14299);
#14297 = CARTESIAN_POINT('',(165.67,-138.43,-4.6E-02));
#14298 = DIRECTION('',(-0.,-0.,-1.));
#14299 = DIRECTION('',(-3.552713678801E-14,-1.,0.));
#14300 = ADVANCED_FACE('',(#14301),#14312,.F.);
#14301 = FACE_BOUND('',#14302,.T.);
#14302 = EDGE_LOOP('',(#14303,#14304,#14310,#14311));
#14303 = ORIENTED_EDGE('',*,*,#10873,.T.);
#14304 = ORIENTED_EDGE('',*,*,#14305,.T.);
#14305 = EDGE_CURVE('',#10874,#12442,#14306,.T.);
#14306 = LINE('',#14307,#14308);
#14307 = CARTESIAN_POINT('',(153.67,-127.66,-4.6E-02));
#14308 = VECTOR('',#14309,1.);
#14309 = DIRECTION('',(0.,0.,1.));
#14310 = ORIENTED_EDGE('',*,*,#12441,.F.);
#14311 = ORIENTED_EDGE('',*,*,#14305,.F.);
#14312 = CYLINDRICAL_SURFACE('',#14313,0.66);
#14313 = AXIS2_PLACEMENT_3D('',#14314,#14315,#14316);
#14314 = CARTESIAN_POINT('',(153.67,-127.,-4.6E-02));
#14315 = DIRECTION('',(-0.,-0.,-1.));
#14316 = DIRECTION('',(-4.306319610667E-14,-1.,0.));
#14317 = ADVANCED_FACE('',(#14318),#14329,.F.);
#14318 = FACE_BOUND('',#14319,.T.);
#14319 = EDGE_LOOP('',(#14320,#14321,#14327,#14328));
#14320 = ORIENTED_EDGE('',*,*,#10884,.T.);
#14321 = ORIENTED_EDGE('',*,*,#14322,.T.);
#14322 = EDGE_CURVE('',#10885,#12453,#14323,.T.);
#14323 = LINE('',#14324,#14325);
#14324 = CARTESIAN_POINT('',(165.67,-127.66,-4.6E-02));
#14325 = VECTOR('',#14326,1.);
#14326 = DIRECTION('',(0.,0.,1.));
#14327 = ORIENTED_EDGE('',*,*,#12452,.F.);
#14328 = ORIENTED_EDGE('',*,*,#14322,.F.);
#14329 = CYLINDRICAL_SURFACE('',#14330,0.66);
#14330 = AXIS2_PLACEMENT_3D('',#14331,#14332,#14333);
#14331 = CARTESIAN_POINT('',(165.67,-127.,-4.6E-02));
#14332 = DIRECTION('',(-0.,-0.,-1.));
#14333 = DIRECTION('',(-4.306319610667E-14,-1.,0.));
#14334 = ADVANCED_FACE('',(#14335),#14346,.F.);
#14335 = FACE_BOUND('',#14336,.T.);
#14336 = EDGE_LOOP('',(#14337,#14338,#14344,#14345));
#14337 = ORIENTED_EDGE('',*,*,#10895,.T.);
#14338 = ORIENTED_EDGE('',*,*,#14339,.T.);
#14339 = EDGE_CURVE('',#10896,#12464,#14340,.T.);
#14340 = LINE('',#14341,#14342);
#14341 = CARTESIAN_POINT('',(170.75,-139.23,-4.6E-02));
#14342 = VECTOR('',#14343,1.);
#14343 = DIRECTION('',(0.,0.,1.));
#14344 = ORIENTED_EDGE('',*,*,#12463,.F.);
#14345 = ORIENTED_EDGE('',*,*,#14339,.F.);
#14346 = CYLINDRICAL_SURFACE('',#14347,0.8);
#14347 = AXIS2_PLACEMENT_3D('',#14348,#14349,#14350);
#14348 = CARTESIAN_POINT('',(170.75,-138.43,-4.6E-02));
#14349 = DIRECTION('',(-0.,-0.,-1.));
#14350 = DIRECTION('',(-0.,-1.,0.));
#14351 = ADVANCED_FACE('',(#14352),#14363,.F.);
#14352 = FACE_BOUND('',#14353,.T.);
#14353 = EDGE_LOOP('',(#14354,#14355,#14361,#14362));
#14354 = ORIENTED_EDGE('',*,*,#10906,.T.);
#14355 = ORIENTED_EDGE('',*,*,#14356,.T.);
#14356 = EDGE_CURVE('',#10907,#12475,#14357,.T.);
#14357 = LINE('',#14358,#14359);
#14358 = CARTESIAN_POINT('',(175.83,-139.23,-4.6E-02));
#14359 = VECTOR('',#14360,1.);
#14360 = DIRECTION('',(0.,0.,1.));
#14361 = ORIENTED_EDGE('',*,*,#12474,.F.);
#14362 = ORIENTED_EDGE('',*,*,#14356,.F.);
#14363 = CYLINDRICAL_SURFACE('',#14364,0.8);
#14364 = AXIS2_PLACEMENT_3D('',#14365,#14366,#14367);
#14365 = CARTESIAN_POINT('',(175.83,-138.43,-4.6E-02));
#14366 = DIRECTION('',(-0.,0.,-1.));
#14367 = DIRECTION('',(3.5527136788E-14,-1.,-0.));
#14368 = ADVANCED_FACE('',(#14369),#14380,.F.);
#14369 = FACE_BOUND('',#14370,.T.);
#14370 = EDGE_LOOP('',(#14371,#14372,#14378,#14379));
#14371 = ORIENTED_EDGE('',*,*,#10917,.T.);
#14372 = ORIENTED_EDGE('',*,*,#14373,.T.);
#14373 = EDGE_CURVE('',#10918,#12486,#14374,.T.);
#14374 = LINE('',#14375,#14376);
#14375 = CARTESIAN_POINT('',(189.488,-148.608,-3.6E-02));
#14376 = VECTOR('',#14377,1.);
#14377 = DIRECTION('',(0.,0.,1.));
#14378 = ORIENTED_EDGE('',*,*,#12485,.F.);
#14379 = ORIENTED_EDGE('',*,*,#14373,.F.);
#14380 = CYLINDRICAL_SURFACE('',#14381,1.5);
#14381 = AXIS2_PLACEMENT_3D('',#14382,#14383,#14384);
#14382 = CARTESIAN_POINT('',(189.488,-147.108,-3.6E-02));
#14383 = DIRECTION('',(-0.,-0.,-1.));
#14384 = DIRECTION('',(-0.,-1.,0.));
#14385 = ADVANCED_FACE('',(#14386),#14397,.F.);
#14386 = FACE_BOUND('',#14387,.T.);
#14387 = EDGE_LOOP('',(#14388,#14389,#14395,#14396));
#14388 = ORIENTED_EDGE('',*,*,#10928,.T.);
#14389 = ORIENTED_EDGE('',*,*,#14390,.T.);
#14390 = EDGE_CURVE('',#10929,#12497,#14391,.T.);
#14391 = LINE('',#14392,#14393);
#14392 = CARTESIAN_POINT('',(180.91,-139.23,-4.6E-02));
#14393 = VECTOR('',#14394,1.);
#14394 = DIRECTION('',(0.,0.,1.));
#14395 = ORIENTED_EDGE('',*,*,#12496,.F.);
#14396 = ORIENTED_EDGE('',*,*,#14390,.F.);
#14397 = CYLINDRICAL_SURFACE('',#14398,0.8);
#14398 = AXIS2_PLACEMENT_3D('',#14399,#14400,#14401);
#14399 = CARTESIAN_POINT('',(180.91,-138.43,-4.6E-02));
#14400 = DIRECTION('',(-0.,-0.,-1.));
#14401 = DIRECTION('',(-3.552713678801E-14,-1.,0.));
#14402 = ADVANCED_FACE('',(#14403),#14414,.F.);
#14403 = FACE_BOUND('',#14404,.T.);
#14404 = EDGE_LOOP('',(#14405,#14406,#14412,#14413));
#14405 = ORIENTED_EDGE('',*,*,#10939,.T.);
#14406 = ORIENTED_EDGE('',*,*,#14407,.T.);
#14407 = EDGE_CURVE('',#10940,#12508,#14408,.T.);
#14408 = LINE('',#14409,#14410);
#14409 = CARTESIAN_POINT('',(171.45,-127.66,-4.6E-02));
#14410 = VECTOR('',#14411,1.);
#14411 = DIRECTION('',(0.,0.,1.));
#14412 = ORIENTED_EDGE('',*,*,#12507,.F.);
#14413 = ORIENTED_EDGE('',*,*,#14407,.F.);
#14414 = CYLINDRICAL_SURFACE('',#14415,0.66);
#14415 = AXIS2_PLACEMENT_3D('',#14416,#14417,#14418);
#14416 = CARTESIAN_POINT('',(171.45,-127.,-4.6E-02));
#14417 = DIRECTION('',(-0.,-0.,-1.));
#14418 = DIRECTION('',(-0.,-1.,0.));
#14419 = ADVANCED_FACE('',(#14420),#14431,.F.);
#14420 = FACE_BOUND('',#14421,.T.);
#14421 = EDGE_LOOP('',(#14422,#14423,#14429,#14430));
#14422 = ORIENTED_EDGE('',*,*,#10950,.T.);
#14423 = ORIENTED_EDGE('',*,*,#14424,.T.);
#14424 = EDGE_CURVE('',#10951,#12519,#14425,.T.);
#14425 = LINE('',#14426,#14427);
#14426 = CARTESIAN_POINT('',(183.45,-127.66,-4.6E-02));
#14427 = VECTOR('',#14428,1.);
#14428 = DIRECTION('',(0.,0.,1.));
#14429 = ORIENTED_EDGE('',*,*,#12518,.F.);
#14430 = ORIENTED_EDGE('',*,*,#14424,.F.);
#14431 = CYLINDRICAL_SURFACE('',#14432,0.66);
#14432 = AXIS2_PLACEMENT_3D('',#14433,#14434,#14435);
#14433 = CARTESIAN_POINT('',(183.45,-127.,-4.6E-02));
#14434 = DIRECTION('',(-0.,-0.,-1.));
#14435 = DIRECTION('',(-0.,-1.,0.));
#14436 = ADVANCED_FACE('',(#14437),#14448,.F.);
#14437 = FACE_BOUND('',#14438,.T.);
#14438 = EDGE_LOOP('',(#14439,#14440,#14446,#14447));
#14439 = ORIENTED_EDGE('',*,*,#10961,.T.);
#14440 = ORIENTED_EDGE('',*,*,#14441,.T.);
#14441 = EDGE_CURVE('',#10962,#12530,#14442,.T.);
#14442 = LINE('',#14443,#14444);
#14443 = CARTESIAN_POINT('',(153.67,-115.46,-4.6E-02));
#14444 = VECTOR('',#14445,1.);
#14445 = DIRECTION('',(0.,0.,1.));
#14446 = ORIENTED_EDGE('',*,*,#12529,.F.);
#14447 = ORIENTED_EDGE('',*,*,#14441,.F.);
#14448 = CYLINDRICAL_SURFACE('',#14449,0.66);
#14449 = AXIS2_PLACEMENT_3D('',#14450,#14451,#14452);
#14450 = CARTESIAN_POINT('',(153.67,-114.8,-4.6E-02));
#14451 = DIRECTION('',(-0.,-0.,-1.));
#14452 = DIRECTION('',(-4.306319610667E-14,-1.,0.));
#14453 = ADVANCED_FACE('',(#14454),#14465,.F.);
#14454 = FACE_BOUND('',#14455,.T.);
#14455 = EDGE_LOOP('',(#14456,#14457,#14463,#14464));
#14456 = ORIENTED_EDGE('',*,*,#10972,.T.);
#14457 = ORIENTED_EDGE('',*,*,#14458,.T.);
#14458 = EDGE_CURVE('',#10973,#12541,#14459,.T.);
#14459 = LINE('',#14460,#14461);
#14460 = CARTESIAN_POINT('',(165.67,-115.46,-4.6E-02));
#14461 = VECTOR('',#14462,1.);
#14462 = DIRECTION('',(0.,0.,1.));
#14463 = ORIENTED_EDGE('',*,*,#12540,.F.);
#14464 = ORIENTED_EDGE('',*,*,#14458,.F.);
#14465 = CYLINDRICAL_SURFACE('',#14466,0.66);
#14466 = AXIS2_PLACEMENT_3D('',#14467,#14468,#14469);
#14467 = CARTESIAN_POINT('',(165.67,-114.8,-4.6E-02));
#14468 = DIRECTION('',(-0.,-0.,-1.));
#14469 = DIRECTION('',(-4.306319610667E-14,-1.,0.));
#14470 = ADVANCED_FACE('',(#14471),#14482,.F.);
#14471 = FACE_BOUND('',#14472,.T.);
#14472 = EDGE_LOOP('',(#14473,#14474,#14480,#14481));
#14473 = ORIENTED_EDGE('',*,*,#10983,.T.);
#14474 = ORIENTED_EDGE('',*,*,#14475,.T.);
#14475 = EDGE_CURVE('',#10984,#12552,#14476,.T.);
#14476 = LINE('',#14477,#14478);
#14477 = CARTESIAN_POINT('',(145.288,-113.176,-4.6E-02));
#14478 = VECTOR('',#14479,1.);
#14479 = DIRECTION('',(0.,0.,1.));
#14480 = ORIENTED_EDGE('',*,*,#12551,.F.);
#14481 = ORIENTED_EDGE('',*,*,#14475,.F.);
#14482 = CYLINDRICAL_SURFACE('',#14483,0.4);
#14483 = AXIS2_PLACEMENT_3D('',#14484,#14485,#14486);
#14484 = CARTESIAN_POINT('',(145.288,-112.776,-4.6E-02));
#14485 = DIRECTION('',(-0.,-0.,-1.));
#14486 = DIRECTION('',(-0.,-1.,0.));
#14487 = ADVANCED_FACE('',(#14488),#14499,.F.);
#14488 = FACE_BOUND('',#14489,.T.);
#14489 = EDGE_LOOP('',(#14490,#14491,#14497,#14498));
#14490 = ORIENTED_EDGE('',*,*,#10994,.T.);
#14491 = ORIENTED_EDGE('',*,*,#14492,.T.);
#14492 = EDGE_CURVE('',#10995,#12563,#14493,.T.);
#14493 = LINE('',#14494,#14495);
#14494 = CARTESIAN_POINT('',(147.828,-113.176,-4.6E-02));
#14495 = VECTOR('',#14496,1.);
#14496 = DIRECTION('',(0.,0.,1.));
#14497 = ORIENTED_EDGE('',*,*,#12562,.F.);
#14498 = ORIENTED_EDGE('',*,*,#14492,.F.);
#14499 = CYLINDRICAL_SURFACE('',#14500,0.4);
#14500 = AXIS2_PLACEMENT_3D('',#14501,#14502,#14503);
#14501 = CARTESIAN_POINT('',(147.828,-112.776,-4.6E-02));
#14502 = DIRECTION('',(-0.,-0.,-1.));
#14503 = DIRECTION('',(-0.,-1.,0.));
#14504 = ADVANCED_FACE('',(#14505),#14516,.F.);
#14505 = FACE_BOUND('',#14506,.T.);
#14506 = EDGE_LOOP('',(#14507,#14508,#14514,#14515));
#14507 = ORIENTED_EDGE('',*,*,#11005,.T.);
#14508 = ORIENTED_EDGE('',*,*,#14509,.T.);
#14509 = EDGE_CURVE('',#11006,#12574,#14510,.T.);
#14510 = LINE('',#14511,#14512);
#14511 = CARTESIAN_POINT('',(146.812,-109.62,-4.6E-02));
#14512 = VECTOR('',#14513,1.);
#14513 = DIRECTION('',(0.,0.,1.));
#14514 = ORIENTED_EDGE('',*,*,#12573,.F.);
#14515 = ORIENTED_EDGE('',*,*,#14509,.F.);
#14516 = CYLINDRICAL_SURFACE('',#14517,0.4);
#14517 = AXIS2_PLACEMENT_3D('',#14518,#14519,#14520);
#14518 = CARTESIAN_POINT('',(146.812,-109.22,-4.6E-02));
#14519 = DIRECTION('',(-0.,-0.,-1.));
#14520 = DIRECTION('',(-0.,-1.,0.));
#14521 = ADVANCED_FACE('',(#14522),#14533,.F.);
#14522 = FACE_BOUND('',#14523,.T.);
#14523 = EDGE_LOOP('',(#14524,#14525,#14531,#14532));
#14524 = ORIENTED_EDGE('',*,*,#11016,.T.);
#14525 = ORIENTED_EDGE('',*,*,#14526,.T.);
#14526 = EDGE_CURVE('',#11017,#12585,#14527,.T.);
#14527 = LINE('',#14528,#14529);
#14528 = CARTESIAN_POINT('',(150.368,-113.176,-4.6E-02));
#14529 = VECTOR('',#14530,1.);
#14530 = DIRECTION('',(0.,0.,1.));
#14531 = ORIENTED_EDGE('',*,*,#12584,.F.);
#14532 = ORIENTED_EDGE('',*,*,#14526,.F.);
#14533 = CYLINDRICAL_SURFACE('',#14534,0.4);
#14534 = AXIS2_PLACEMENT_3D('',#14535,#14536,#14537);
#14535 = CARTESIAN_POINT('',(150.368,-112.776,-4.6E-02));
#14536 = DIRECTION('',(-0.,-0.,-1.));
#14537 = DIRECTION('',(-0.,-1.,0.));
#14538 = ADVANCED_FACE('',(#14539),#14550,.F.);
#14539 = FACE_BOUND('',#14540,.T.);
#14540 = EDGE_LOOP('',(#14541,#14542,#14548,#14549));
#14541 = ORIENTED_EDGE('',*,*,#11027,.T.);
#14542 = ORIENTED_EDGE('',*,*,#14543,.T.);
#14543 = EDGE_CURVE('',#11028,#12596,#14544,.T.);
#14544 = LINE('',#14545,#14546);
#14545 = CARTESIAN_POINT('',(151.7,-108.55,-4.6E-02));
#14546 = VECTOR('',#14547,1.);
#14547 = DIRECTION('',(0.,0.,1.));
#14548 = ORIENTED_EDGE('',*,*,#12595,.F.);
#14549 = ORIENTED_EDGE('',*,*,#14543,.F.);
#14550 = CYLINDRICAL_SURFACE('',#14551,0.6);
#14551 = AXIS2_PLACEMENT_3D('',#14552,#14553,#14554);
#14552 = CARTESIAN_POINT('',(151.7,-107.95,-4.6E-02));
#14553 = DIRECTION('',(-0.,-0.,-1.));
#14554 = DIRECTION('',(-0.,-1.,0.));
#14555 = ADVANCED_FACE('',(#14556),#14567,.F.);
#14556 = FACE_BOUND('',#14557,.T.);
#14557 = EDGE_LOOP('',(#14558,#14559,#14565,#14566));
#14558 = ORIENTED_EDGE('',*,*,#11038,.T.);
#14559 = ORIENTED_EDGE('',*,*,#14560,.T.);
#14560 = EDGE_CURVE('',#11039,#12607,#14561,.T.);
#14561 = LINE('',#14562,#14563);
#14562 = CARTESIAN_POINT('',(159.67,-113.445,-4.6E-02));
#14563 = VECTOR('',#14564,1.);
#14564 = DIRECTION('',(0.,0.,1.));
#14565 = ORIENTED_EDGE('',*,*,#12606,.F.);
#14566 = ORIENTED_EDGE('',*,*,#14560,.F.);
#14567 = CYLINDRICAL_SURFACE('',#14568,0.645);
#14568 = AXIS2_PLACEMENT_3D('',#14569,#14570,#14571);
#14569 = CARTESIAN_POINT('',(159.67,-112.8,-4.6E-02));
#14570 = DIRECTION('',(-0.,-0.,-1.));
#14571 = DIRECTION('',(-4.406466578357E-14,-1.,0.));
#14572 = ADVANCED_FACE('',(#14573),#14584,.F.);
#14573 = FACE_BOUND('',#14574,.T.);
#14574 = EDGE_LOOP('',(#14575,#14576,#14582,#14583));
#14575 = ORIENTED_EDGE('',*,*,#11049,.T.);
#14576 = ORIENTED_EDGE('',*,*,#14577,.T.);
#14577 = EDGE_CURVE('',#11050,#12618,#14578,.T.);
#14578 = LINE('',#14579,#14580);
#14579 = CARTESIAN_POINT('',(166.94,-108.55,-4.6E-02));
#14580 = VECTOR('',#14581,1.);
#14581 = DIRECTION('',(0.,0.,1.));
#14582 = ORIENTED_EDGE('',*,*,#12617,.F.);
#14583 = ORIENTED_EDGE('',*,*,#14577,.F.);
#14584 = CYLINDRICAL_SURFACE('',#14585,0.6);
#14585 = AXIS2_PLACEMENT_3D('',#14586,#14587,#14588);
#14586 = CARTESIAN_POINT('',(166.94,-107.95,-4.6E-02));
#14587 = DIRECTION('',(-0.,-0.,-1.));
#14588 = DIRECTION('',(-0.,-1.,0.));
#14589 = ADVANCED_FACE('',(#14590),#14601,.F.);
#14590 = FACE_BOUND('',#14591,.T.);
#14591 = EDGE_LOOP('',(#14592,#14593,#14599,#14600));
#14592 = ORIENTED_EDGE('',*,*,#11060,.T.);
#14593 = ORIENTED_EDGE('',*,*,#14594,.T.);
#14594 = EDGE_CURVE('',#11061,#12629,#14595,.T.);
#14595 = LINE('',#14596,#14597);
#14596 = CARTESIAN_POINT('',(171.45,-115.46,-4.6E-02));
#14597 = VECTOR('',#14598,1.);
#14598 = DIRECTION('',(0.,0.,1.));
#14599 = ORIENTED_EDGE('',*,*,#12628,.F.);
#14600 = ORIENTED_EDGE('',*,*,#14594,.F.);
#14601 = CYLINDRICAL_SURFACE('',#14602,0.66);
#14602 = AXIS2_PLACEMENT_3D('',#14603,#14604,#14605);
#14603 = CARTESIAN_POINT('',(171.45,-114.8,-4.6E-02));
#14604 = DIRECTION('',(-0.,-0.,-1.));
#14605 = DIRECTION('',(-0.,-1.,0.));
#14606 = ADVANCED_FACE('',(#14607),#14618,.F.);
#14607 = FACE_BOUND('',#14608,.T.);
#14608 = EDGE_LOOP('',(#14609,#14610,#14616,#14617));
#14609 = ORIENTED_EDGE('',*,*,#11071,.T.);
#14610 = ORIENTED_EDGE('',*,*,#14611,.T.);
#14611 = EDGE_CURVE('',#11072,#12640,#14612,.T.);
#14612 = LINE('',#14613,#14614);
#14613 = CARTESIAN_POINT('',(183.45,-115.46,-4.6E-02));
#14614 = VECTOR('',#14615,1.);
#14615 = DIRECTION('',(0.,0.,1.));
#14616 = ORIENTED_EDGE('',*,*,#12639,.F.);
#14617 = ORIENTED_EDGE('',*,*,#14611,.F.);
#14618 = CYLINDRICAL_SURFACE('',#14619,0.66);
#14619 = AXIS2_PLACEMENT_3D('',#14620,#14621,#14622);
#14620 = CARTESIAN_POINT('',(183.45,-114.8,-4.6E-02));
#14621 = DIRECTION('',(-0.,-0.,-1.));
#14622 = DIRECTION('',(-0.,-1.,0.));
#14623 = ADVANCED_FACE('',(#14624),#14635,.F.);
#14624 = FACE_BOUND('',#14625,.T.);
#14625 = EDGE_LOOP('',(#14626,#14627,#14633,#14634));
#14626 = ORIENTED_EDGE('',*,*,#11082,.T.);
#14627 = ORIENTED_EDGE('',*,*,#14628,.T.);
#14628 = EDGE_CURVE('',#11083,#12651,#14629,.T.);
#14629 = LINE('',#14630,#14631);
#14630 = CARTESIAN_POINT('',(170.75,-108.55,-4.6E-02));
#14631 = VECTOR('',#14632,1.);
#14632 = DIRECTION('',(0.,0.,1.));
#14633 = ORIENTED_EDGE('',*,*,#12650,.F.);
#14634 = ORIENTED_EDGE('',*,*,#14628,.F.);
#14635 = CYLINDRICAL_SURFACE('',#14636,0.6);
#14636 = AXIS2_PLACEMENT_3D('',#14637,#14638,#14639);
#14637 = CARTESIAN_POINT('',(170.75,-107.95,-4.6E-02));
#14638 = DIRECTION('',(-0.,-0.,-1.));
#14639 = DIRECTION('',(-0.,-1.,0.));
#14640 = ADVANCED_FACE('',(#14641),#14652,.F.);
#14641 = FACE_BOUND('',#14642,.T.);
#14642 = EDGE_LOOP('',(#14643,#14644,#14650,#14651));
#14643 = ORIENTED_EDGE('',*,*,#11093,.T.);
#14644 = ORIENTED_EDGE('',*,*,#14645,.T.);
#14645 = EDGE_CURVE('',#11094,#12662,#14646,.T.);
#14646 = LINE('',#14647,#14648);
#14647 = CARTESIAN_POINT('',(177.45,-113.445,-4.6E-02));
#14648 = VECTOR('',#14649,1.);
#14649 = DIRECTION('',(0.,0.,1.));
#14650 = ORIENTED_EDGE('',*,*,#12661,.F.);
#14651 = ORIENTED_EDGE('',*,*,#14645,.F.);
#14652 = CYLINDRICAL_SURFACE('',#14653,0.645);
#14653 = AXIS2_PLACEMENT_3D('',#14654,#14655,#14656);
#14654 = CARTESIAN_POINT('',(177.45,-112.8,-4.6E-02));
#14655 = DIRECTION('',(-0.,-0.,-1.));
#14656 = DIRECTION('',(-0.,-1.,0.));
#14657 = ADVANCED_FACE('',(#14658),#14669,.F.);
#14658 = FACE_BOUND('',#14659,.T.);
#14659 = EDGE_LOOP('',(#14660,#14661,#14667,#14668));
#14660 = ORIENTED_EDGE('',*,*,#11104,.T.);
#14661 = ORIENTED_EDGE('',*,*,#14662,.T.);
#14662 = EDGE_CURVE('',#11105,#12673,#14663,.T.);
#14663 = LINE('',#14664,#14665);
#14664 = CARTESIAN_POINT('',(185.99,-108.55,-4.6E-02));
#14665 = VECTOR('',#14666,1.);
#14666 = DIRECTION('',(0.,0.,1.));
#14667 = ORIENTED_EDGE('',*,*,#12672,.F.);
#14668 = ORIENTED_EDGE('',*,*,#14662,.F.);
#14669 = CYLINDRICAL_SURFACE('',#14670,0.6);
#14670 = AXIS2_PLACEMENT_3D('',#14671,#14672,#14673);
#14671 = CARTESIAN_POINT('',(185.99,-107.95,-4.6E-02));
#14672 = DIRECTION('',(-0.,-0.,-1.));
#14673 = DIRECTION('',(-0.,-1.,0.));
#14674 = ADVANCED_FACE('',(#14675),#14686,.F.);
#14675 = FACE_BOUND('',#14676,.T.);
#14676 = EDGE_LOOP('',(#14677,#14678,#14684,#14685));
#14677 = ORIENTED_EDGE('',*,*,#11115,.T.);
#14678 = ORIENTED_EDGE('',*,*,#14679,.T.);
#14679 = EDGE_CURVE('',#11116,#12684,#14680,.T.);
#14680 = LINE('',#14681,#14682);
#14681 = CARTESIAN_POINT('',(105.98,-99.66,-4.6E-02));
#14682 = VECTOR('',#14683,1.);
#14683 = DIRECTION('',(0.,0.,1.));
#14684 = ORIENTED_EDGE('',*,*,#12683,.F.);
#14685 = ORIENTED_EDGE('',*,*,#14679,.F.);
#14686 = CYLINDRICAL_SURFACE('',#14687,0.45);
#14687 = AXIS2_PLACEMENT_3D('',#14688,#14689,#14690);
#14688 = CARTESIAN_POINT('',(105.98,-99.21,-4.6E-02));
#14689 = DIRECTION('',(-0.,-0.,-1.));
#14690 = DIRECTION('',(-0.,-1.,0.));
#14691 = ADVANCED_FACE('',(#14692),#14703,.F.);
#14692 = FACE_BOUND('',#14693,.T.);
#14693 = EDGE_LOOP('',(#14694,#14695,#14701,#14702));
#14694 = ORIENTED_EDGE('',*,*,#11126,.T.);
#14695 = ORIENTED_EDGE('',*,*,#14696,.T.);
#14696 = EDGE_CURVE('',#11127,#12695,#14697,.T.);
#14697 = LINE('',#14698,#14699);
#14698 = CARTESIAN_POINT('',(108.52,-99.66,-4.6E-02));
#14699 = VECTOR('',#14700,1.);
#14700 = DIRECTION('',(0.,0.,1.));
#14701 = ORIENTED_EDGE('',*,*,#12694,.F.);
#14702 = ORIENTED_EDGE('',*,*,#14696,.F.);
#14703 = CYLINDRICAL_SURFACE('',#14704,0.45);
#14704 = AXIS2_PLACEMENT_3D('',#14705,#14706,#14707);
#14705 = CARTESIAN_POINT('',(108.52,-99.21,-4.6E-02));
#14706 = DIRECTION('',(-0.,-0.,-1.));
#14707 = DIRECTION('',(-0.,-1.,0.));
#14708 = ADVANCED_FACE('',(#14709),#14720,.F.);
#14709 = FACE_BOUND('',#14710,.T.);
#14710 = EDGE_LOOP('',(#14711,#14712,#14718,#14719));
#14711 = ORIENTED_EDGE('',*,*,#11137,.T.);
#14712 = ORIENTED_EDGE('',*,*,#14713,.T.);
#14713 = EDGE_CURVE('',#11138,#12706,#14714,.T.);
#14714 = LINE('',#14715,#14716);
#14715 = CARTESIAN_POINT('',(105.98,-92.19,-4.6E-02));
#14716 = VECTOR('',#14717,1.);
#14717 = DIRECTION('',(0.,0.,1.));
#14718 = ORIENTED_EDGE('',*,*,#12705,.F.);
#14719 = ORIENTED_EDGE('',*,*,#14713,.F.);
#14720 = CYLINDRICAL_SURFACE('',#14721,0.45);
#14721 = AXIS2_PLACEMENT_3D('',#14722,#14723,#14724);
#14722 = CARTESIAN_POINT('',(105.98,-91.74,-4.6E-02));
#14723 = DIRECTION('',(-0.,-0.,-1.));
#14724 = DIRECTION('',(-0.,-1.,0.));
#14725 = ADVANCED_FACE('',(#14726),#14737,.F.);
#14726 = FACE_BOUND('',#14727,.T.);
#14727 = EDGE_LOOP('',(#14728,#14729,#14735,#14736));
#14728 = ORIENTED_EDGE('',*,*,#11148,.T.);
#14729 = ORIENTED_EDGE('',*,*,#14730,.T.);
#14730 = EDGE_CURVE('',#11149,#12717,#14731,.T.);
#14731 = LINE('',#14732,#14733);
#14732 = CARTESIAN_POINT('',(108.52,-92.19,-4.6E-02));
#14733 = VECTOR('',#14734,1.);
#14734 = DIRECTION('',(0.,0.,1.));
#14735 = ORIENTED_EDGE('',*,*,#12716,.F.);
#14736 = ORIENTED_EDGE('',*,*,#14730,.F.);
#14737 = CYLINDRICAL_SURFACE('',#14738,0.45);
#14738 = AXIS2_PLACEMENT_3D('',#14739,#14740,#14741);
#14739 = CARTESIAN_POINT('',(108.52,-91.74,-4.6E-02));
#14740 = DIRECTION('',(-0.,-0.,-1.));
#14741 = DIRECTION('',(-0.,-1.,0.));
#14742 = ADVANCED_FACE('',(#14743),#14754,.F.);
#14743 = FACE_BOUND('',#14744,.T.);
#14744 = EDGE_LOOP('',(#14745,#14746,#14752,#14753));
#14745 = ORIENTED_EDGE('',*,*,#11159,.T.);
#14746 = ORIENTED_EDGE('',*,*,#14747,.T.);
#14747 = EDGE_CURVE('',#11160,#12728,#14748,.T.);
#14748 = LINE('',#14749,#14750);
#14749 = CARTESIAN_POINT('',(112.33,-99.61,-4.6E-02));
#14750 = VECTOR('',#14751,1.);
#14751 = DIRECTION('',(0.,0.,1.));
#14752 = ORIENTED_EDGE('',*,*,#12727,.F.);
#14753 = ORIENTED_EDGE('',*,*,#14747,.F.);
#14754 = CYLINDRICAL_SURFACE('',#14755,0.4);
#14755 = AXIS2_PLACEMENT_3D('',#14756,#14757,#14758);
#14756 = CARTESIAN_POINT('',(112.33,-99.21,-4.6E-02));
#14757 = DIRECTION('',(-0.,-0.,-1.));
#14758 = DIRECTION('',(-3.552713678801E-14,-1.,0.));
#14759 = ADVANCED_FACE('',(#14760),#14771,.F.);
#14760 = FACE_BOUND('',#14761,.T.);
#14761 = EDGE_LOOP('',(#14762,#14763,#14769,#14770));
#14762 = ORIENTED_EDGE('',*,*,#11170,.T.);
#14763 = ORIENTED_EDGE('',*,*,#14764,.T.);
#14764 = EDGE_CURVE('',#11171,#12739,#14765,.T.);
#14765 = LINE('',#14766,#14767);
#14766 = CARTESIAN_POINT('',(112.776,-95.904,-4.6E-02));
#14767 = VECTOR('',#14768,1.);
#14768 = DIRECTION('',(0.,0.,1.));
#14769 = ORIENTED_EDGE('',*,*,#12738,.F.);
#14770 = ORIENTED_EDGE('',*,*,#14764,.F.);
#14771 = CYLINDRICAL_SURFACE('',#14772,0.4);
#14772 = AXIS2_PLACEMENT_3D('',#14773,#14774,#14775);
#14773 = CARTESIAN_POINT('',(112.776,-95.504,-4.6E-02));
#14774 = DIRECTION('',(-0.,-0.,-1.));
#14775 = DIRECTION('',(-3.552713678801E-14,-1.,0.));
#14776 = ADVANCED_FACE('',(#14777),#14788,.F.);
#14777 = FACE_BOUND('',#14778,.T.);
#14778 = EDGE_LOOP('',(#14779,#14780,#14786,#14787));
#14779 = ORIENTED_EDGE('',*,*,#11181,.T.);
#14780 = ORIENTED_EDGE('',*,*,#14781,.T.);
#14781 = EDGE_CURVE('',#11182,#12750,#14782,.T.);
#14782 = LINE('',#14783,#14784);
#14783 = CARTESIAN_POINT('',(112.345995,-92.14,-4.6E-02));
#14784 = VECTOR('',#14785,1.);
#14785 = DIRECTION('',(0.,0.,1.));
#14786 = ORIENTED_EDGE('',*,*,#12749,.F.);
#14787 = ORIENTED_EDGE('',*,*,#14781,.F.);
#14788 = CYLINDRICAL_SURFACE('',#14789,0.4);
#14789 = AXIS2_PLACEMENT_3D('',#14790,#14791,#14792);
#14790 = CARTESIAN_POINT('',(112.345995,-91.74,-4.6E-02));
#14791 = DIRECTION('',(-0.,0.,-1.));
#14792 = DIRECTION('',(3.5527136788E-14,-1.,-0.));
#14793 = ADVANCED_FACE('',(#14794),#14805,.F.);
#14794 = FACE_BOUND('',#14795,.T.);
#14795 = EDGE_LOOP('',(#14796,#14797,#14803,#14804));
#14796 = ORIENTED_EDGE('',*,*,#11192,.T.);
#14797 = ORIENTED_EDGE('',*,*,#14798,.T.);
#14798 = EDGE_CURVE('',#11193,#12761,#14799,.T.);
#14799 = LINE('',#14800,#14801);
#14800 = CARTESIAN_POINT('',(100.828,-85.508,-4.6E-02));
#14801 = VECTOR('',#14802,1.);
#14802 = DIRECTION('',(0.,0.,1.));
#14803 = ORIENTED_EDGE('',*,*,#12760,.F.);
#14804 = ORIENTED_EDGE('',*,*,#14798,.F.);
#14805 = CYLINDRICAL_SURFACE('',#14806,0.4);
#14806 = AXIS2_PLACEMENT_3D('',#14807,#14808,#14809);
#14807 = CARTESIAN_POINT('',(100.828,-85.108,-4.6E-02));
#14808 = DIRECTION('',(-0.,-0.,-1.));
#14809 = DIRECTION('',(-0.,-1.,0.));
#14810 = ADVANCED_FACE('',(#14811),#14822,.F.);
#14811 = FACE_BOUND('',#14812,.T.);
#14812 = EDGE_LOOP('',(#14813,#14814,#14820,#14821));
#14813 = ORIENTED_EDGE('',*,*,#11203,.T.);
#14814 = ORIENTED_EDGE('',*,*,#14815,.T.);
#14815 = EDGE_CURVE('',#11204,#12772,#14816,.T.);
#14816 = LINE('',#14817,#14818);
#14817 = CARTESIAN_POINT('',(110.988,-85.508,-4.6E-02));
#14818 = VECTOR('',#14819,1.);
#14819 = DIRECTION('',(0.,0.,1.));
#14820 = ORIENTED_EDGE('',*,*,#12771,.F.);
#14821 = ORIENTED_EDGE('',*,*,#14815,.F.);
#14822 = CYLINDRICAL_SURFACE('',#14823,0.4);
#14823 = AXIS2_PLACEMENT_3D('',#14824,#14825,#14826);
#14824 = CARTESIAN_POINT('',(110.988,-85.108,-4.6E-02));
#14825 = DIRECTION('',(-0.,-0.,-1.));
#14826 = DIRECTION('',(-0.,-1.,0.));
#14827 = ADVANCED_FACE('',(#14828),#14839,.F.);
#14828 = FACE_BOUND('',#14829,.T.);
#14829 = EDGE_LOOP('',(#14830,#14831,#14837,#14838));
#14830 = ORIENTED_EDGE('',*,*,#11214,.T.);
#14831 = ORIENTED_EDGE('',*,*,#14832,.T.);
#14832 = EDGE_CURVE('',#11215,#12783,#14833,.T.);
#14833 = LINE('',#14834,#14835);
#14834 = CARTESIAN_POINT('',(113.488,-82.588,-4.6E-02));
#14835 = VECTOR('',#14836,1.);
#14836 = DIRECTION('',(0.,0.,1.));
#14837 = ORIENTED_EDGE('',*,*,#12782,.F.);
#14838 = ORIENTED_EDGE('',*,*,#14832,.F.);
#14839 = CYLINDRICAL_SURFACE('',#14840,0.4);
#14840 = AXIS2_PLACEMENT_3D('',#14841,#14842,#14843);
#14841 = CARTESIAN_POINT('',(113.488,-82.188,-4.6E-02));
#14842 = DIRECTION('',(-0.,-0.,-1.));
#14843 = DIRECTION('',(-0.,-1.,0.));
#14844 = ADVANCED_FACE('',(#14845),#14856,.F.);
#14845 = FACE_BOUND('',#14846,.T.);
#14846 = EDGE_LOOP('',(#14847,#14848,#14854,#14855));
#14847 = ORIENTED_EDGE('',*,*,#11225,.T.);
#14848 = ORIENTED_EDGE('',*,*,#14849,.T.);
#14849 = EDGE_CURVE('',#11226,#12794,#14850,.T.);
#14850 = LINE('',#14851,#14852);
#14851 = CARTESIAN_POINT('',(122.49,-99.61,-4.6E-02));
#14852 = VECTOR('',#14853,1.);
#14853 = DIRECTION('',(0.,0.,1.));
#14854 = ORIENTED_EDGE('',*,*,#12793,.F.);
#14855 = ORIENTED_EDGE('',*,*,#14849,.F.);
#14856 = CYLINDRICAL_SURFACE('',#14857,0.4);
#14857 = AXIS2_PLACEMENT_3D('',#14858,#14859,#14860);
#14858 = CARTESIAN_POINT('',(122.49,-99.21,-4.6E-02));
#14859 = DIRECTION('',(-0.,-0.,-1.));
#14860 = DIRECTION('',(-3.552713678801E-14,-1.,0.));
#14861 = ADVANCED_FACE('',(#14862),#14873,.F.);
#14862 = FACE_BOUND('',#14863,.T.);
#14863 = EDGE_LOOP('',(#14864,#14865,#14871,#14872));
#14864 = ORIENTED_EDGE('',*,*,#11236,.T.);
#14865 = ORIENTED_EDGE('',*,*,#14866,.T.);
#14866 = EDGE_CURVE('',#11237,#12805,#14867,.T.);
#14867 = LINE('',#14868,#14869);
#14868 = CARTESIAN_POINT('',(132.65,-100.73,-4.6E-02));
#14869 = VECTOR('',#14870,1.);
#14870 = DIRECTION('',(0.,0.,1.));
#14871 = ORIENTED_EDGE('',*,*,#12804,.F.);
#14872 = ORIENTED_EDGE('',*,*,#14866,.F.);
#14873 = CYLINDRICAL_SURFACE('',#14874,0.4);
#14874 = AXIS2_PLACEMENT_3D('',#14875,#14876,#14877);
#14875 = CARTESIAN_POINT('',(132.65,-100.33,-4.6E-02));
#14876 = DIRECTION('',(-0.,-0.,-1.));
#14877 = DIRECTION('',(-0.,-1.,0.));
#14878 = ADVANCED_FACE('',(#14879),#14890,.F.);
#14879 = FACE_BOUND('',#14880,.T.);
#14880 = EDGE_LOOP('',(#14881,#14882,#14888,#14889));
#14881 = ORIENTED_EDGE('',*,*,#11247,.T.);
#14882 = ORIENTED_EDGE('',*,*,#14883,.T.);
#14883 = EDGE_CURVE('',#11248,#12816,#14884,.T.);
#14884 = LINE('',#14885,#14886);
#14885 = CARTESIAN_POINT('',(132.65,-98.19,-4.6E-02));
#14886 = VECTOR('',#14887,1.);
#14887 = DIRECTION('',(0.,0.,1.));
#14888 = ORIENTED_EDGE('',*,*,#12815,.F.);
#14889 = ORIENTED_EDGE('',*,*,#14883,.F.);
#14890 = CYLINDRICAL_SURFACE('',#14891,0.4);
#14891 = AXIS2_PLACEMENT_3D('',#14892,#14893,#14894);
#14892 = CARTESIAN_POINT('',(132.65,-97.79,-4.6E-02));
#14893 = DIRECTION('',(-0.,-0.,-1.));
#14894 = DIRECTION('',(-0.,-1.,0.));
#14895 = ADVANCED_FACE('',(#14896),#14907,.F.);
#14896 = FACE_BOUND('',#14897,.T.);
#14897 = EDGE_LOOP('',(#14898,#14899,#14905,#14906));
#14898 = ORIENTED_EDGE('',*,*,#11258,.T.);
#14899 = ORIENTED_EDGE('',*,*,#14900,.T.);
#14900 = EDGE_CURVE('',#11259,#12827,#14901,.T.);
#14901 = LINE('',#14902,#14903);
#14902 = CARTESIAN_POINT('',(122.936,-95.904,-4.6E-02));
#14903 = VECTOR('',#14904,1.);
#14904 = DIRECTION('',(0.,0.,1.));
#14905 = ORIENTED_EDGE('',*,*,#12826,.F.);
#14906 = ORIENTED_EDGE('',*,*,#14900,.F.);
#14907 = CYLINDRICAL_SURFACE('',#14908,0.4);
#14908 = AXIS2_PLACEMENT_3D('',#14909,#14910,#14911);
#14909 = CARTESIAN_POINT('',(122.936,-95.504,-4.6E-02));
#14910 = DIRECTION('',(-0.,-0.,-1.));
#14911 = DIRECTION('',(-0.,-1.,0.));
#14912 = ADVANCED_FACE('',(#14913),#14924,.F.);
#14913 = FACE_BOUND('',#14914,.T.);
#14914 = EDGE_LOOP('',(#14915,#14916,#14922,#14923));
#14915 = ORIENTED_EDGE('',*,*,#11269,.T.);
#14916 = ORIENTED_EDGE('',*,*,#14917,.T.);
#14917 = EDGE_CURVE('',#11270,#12838,#14918,.T.);
#14918 = LINE('',#14919,#14920);
#14919 = CARTESIAN_POINT('',(122.505995,-92.14,-4.6E-02));
#14920 = VECTOR('',#14921,1.);
#14921 = DIRECTION('',(0.,0.,1.));
#14922 = ORIENTED_EDGE('',*,*,#12837,.F.);
#14923 = ORIENTED_EDGE('',*,*,#14917,.F.);
#14924 = CYLINDRICAL_SURFACE('',#14925,0.4);
#14925 = AXIS2_PLACEMENT_3D('',#14926,#14927,#14928);
#14926 = CARTESIAN_POINT('',(122.505995,-91.74,-4.6E-02));
#14927 = DIRECTION('',(-0.,-0.,-1.));
#14928 = DIRECTION('',(-0.,-1.,0.));
#14929 = ADVANCED_FACE('',(#14930),#14941,.F.);
#14930 = FACE_BOUND('',#14931,.T.);
#14931 = EDGE_LOOP('',(#14932,#14933,#14939,#14940));
#14932 = ORIENTED_EDGE('',*,*,#11280,.T.);
#14933 = ORIENTED_EDGE('',*,*,#14934,.T.);
#14934 = EDGE_CURVE('',#11281,#12849,#14935,.T.);
#14935 = LINE('',#14936,#14937);
#14936 = CARTESIAN_POINT('',(141.54,-98.19,-4.6E-02));
#14937 = VECTOR('',#14938,1.);
#14938 = DIRECTION('',(0.,0.,1.));
#14939 = ORIENTED_EDGE('',*,*,#12848,.F.);
#14940 = ORIENTED_EDGE('',*,*,#14934,.F.);
#14941 = CYLINDRICAL_SURFACE('',#14942,0.4);
#14942 = AXIS2_PLACEMENT_3D('',#14943,#14944,#14945);
#14943 = CARTESIAN_POINT('',(141.54,-97.79,-4.6E-02));
#14944 = DIRECTION('',(-0.,-0.,-1.));
#14945 = DIRECTION('',(-0.,-1.,0.));
#14946 = ADVANCED_FACE('',(#14947),#14958,.F.);
#14947 = FACE_BOUND('',#14948,.T.);
#14948 = EDGE_LOOP('',(#14949,#14950,#14956,#14957));
#14949 = ORIENTED_EDGE('',*,*,#11291,.T.);
#14950 = ORIENTED_EDGE('',*,*,#14951,.T.);
#14951 = EDGE_CURVE('',#11292,#12860,#14952,.T.);
#14952 = LINE('',#14953,#14954);
#14953 = CARTESIAN_POINT('',(140.27,-93.21,-4.6E-02));
#14954 = VECTOR('',#14955,1.);
#14955 = DIRECTION('',(0.,0.,1.));
#14956 = ORIENTED_EDGE('',*,*,#12859,.F.);
#14957 = ORIENTED_EDGE('',*,*,#14951,.F.);
#14958 = CYLINDRICAL_SURFACE('',#14959,0.5);
#14959 = AXIS2_PLACEMENT_3D('',#14960,#14961,#14962);
#14960 = CARTESIAN_POINT('',(140.27,-92.71,-4.6E-02));
#14961 = DIRECTION('',(-0.,-0.,-1.));
#14962 = DIRECTION('',(-0.,-1.,0.));
#14963 = ADVANCED_FACE('',(#14964),#14975,.F.);
#14964 = FACE_BOUND('',#14965,.T.);
#14965 = EDGE_LOOP('',(#14966,#14967,#14973,#14974));
#14966 = ORIENTED_EDGE('',*,*,#11302,.T.);
#14967 = ORIENTED_EDGE('',*,*,#14968,.T.);
#14968 = EDGE_CURVE('',#11303,#12871,#14969,.T.);
#14969 = LINE('',#14970,#14971);
#14970 = CARTESIAN_POINT('',(142.81,-93.21,-4.6E-02));
#14971 = VECTOR('',#14972,1.);
#14972 = DIRECTION('',(0.,0.,1.));
#14973 = ORIENTED_EDGE('',*,*,#12870,.F.);
#14974 = ORIENTED_EDGE('',*,*,#14968,.F.);
#14975 = CYLINDRICAL_SURFACE('',#14976,0.5);
#14976 = AXIS2_PLACEMENT_3D('',#14977,#14978,#14979);
#14977 = CARTESIAN_POINT('',(142.81,-92.71,-4.6E-02));
#14978 = DIRECTION('',(-0.,-0.,-1.));
#14979 = DIRECTION('',(-0.,-1.,0.));
#14980 = ADVANCED_FACE('',(#14981),#14992,.F.);
#14981 = FACE_BOUND('',#14982,.T.);
#14982 = EDGE_LOOP('',(#14983,#14984,#14990,#14991));
#14983 = ORIENTED_EDGE('',*,*,#11313,.T.);
#14984 = ORIENTED_EDGE('',*,*,#14985,.T.);
#14985 = EDGE_CURVE('',#11314,#12882,#14986,.T.);
#14986 = LINE('',#14987,#14988);
#14987 = CARTESIAN_POINT('',(132.65,-88.03,-4.6E-02));
#14988 = VECTOR('',#14989,1.);
#14989 = DIRECTION('',(0.,0.,1.));
#14990 = ORIENTED_EDGE('',*,*,#12881,.F.);
#14991 = ORIENTED_EDGE('',*,*,#14985,.F.);
#14992 = CYLINDRICAL_SURFACE('',#14993,0.4);
#14993 = AXIS2_PLACEMENT_3D('',#14994,#14995,#14996);
#14994 = CARTESIAN_POINT('',(132.65,-87.63,-4.6E-02));
#14995 = DIRECTION('',(-0.,-0.,-1.));
#14996 = DIRECTION('',(-0.,-1.,0.));
#14997 = ADVANCED_FACE('',(#14998),#15009,.F.);
#14998 = FACE_BOUND('',#14999,.T.);
#14999 = EDGE_LOOP('',(#15000,#15001,#15007,#15008));
#15000 = ORIENTED_EDGE('',*,*,#11324,.T.);
#15001 = ORIENTED_EDGE('',*,*,#15002,.T.);
#15002 = EDGE_CURVE('',#11325,#12893,#15003,.T.);
#15003 = LINE('',#15004,#15005);
#15004 = CARTESIAN_POINT('',(122.49,-83.15,-4.6E-02));
#15005 = VECTOR('',#15006,1.);
#15006 = DIRECTION('',(0.,0.,1.));
#15007 = ORIENTED_EDGE('',*,*,#12892,.F.);
#15008 = ORIENTED_EDGE('',*,*,#15002,.F.);
#15009 = CYLINDRICAL_SURFACE('',#15010,0.6);
#15010 = AXIS2_PLACEMENT_3D('',#15011,#15012,#15013);
#15011 = CARTESIAN_POINT('',(122.49,-82.55,-4.6E-02));
#15012 = DIRECTION('',(-0.,-0.,-1.));
#15013 = DIRECTION('',(-2.368475785867E-14,-1.,0.));
#15014 = ADVANCED_FACE('',(#15015),#15026,.F.);
#15015 = FACE_BOUND('',#15016,.T.);
#15016 = EDGE_LOOP('',(#15017,#15018,#15024,#15025));
#15017 = ORIENTED_EDGE('',*,*,#11335,.T.);
#15018 = ORIENTED_EDGE('',*,*,#15019,.T.);
#15019 = EDGE_CURVE('',#11336,#12904,#15020,.T.);
#15020 = LINE('',#15021,#15022);
#15021 = CARTESIAN_POINT('',(127.49,-83.15,-4.6E-02));
#15022 = VECTOR('',#15023,1.);
#15023 = DIRECTION('',(0.,0.,1.));
#15024 = ORIENTED_EDGE('',*,*,#12903,.F.);
#15025 = ORIENTED_EDGE('',*,*,#15019,.F.);
#15026 = CYLINDRICAL_SURFACE('',#15027,0.6);
#15027 = AXIS2_PLACEMENT_3D('',#15028,#15029,#15030);
#15028 = CARTESIAN_POINT('',(127.49,-82.55,-4.6E-02));
#15029 = DIRECTION('',(-0.,-0.,-1.));
#15030 = DIRECTION('',(-2.368475785867E-14,-1.,0.));
#15031 = ADVANCED_FACE('',(#15032),#15043,.F.);
#15032 = FACE_BOUND('',#15033,.T.);
#15033 = EDGE_LOOP('',(#15034,#15035,#15041,#15042));
#15034 = ORIENTED_EDGE('',*,*,#11346,.T.);
#15035 = ORIENTED_EDGE('',*,*,#15036,.T.);
#15036 = EDGE_CURVE('',#11347,#12915,#15037,.T.);
#15037 = LINE('',#15038,#15039);
#15038 = CARTESIAN_POINT('',(113.488,-72.428,-4.6E-02));
#15039 = VECTOR('',#15040,1.);
#15040 = DIRECTION('',(0.,0.,1.));
#15041 = ORIENTED_EDGE('',*,*,#12914,.F.);
#15042 = ORIENTED_EDGE('',*,*,#15036,.F.);
#15043 = CYLINDRICAL_SURFACE('',#15044,0.4);
#15044 = AXIS2_PLACEMENT_3D('',#15045,#15046,#15047);
#15045 = CARTESIAN_POINT('',(113.488,-72.028,-4.6E-02));
#15046 = DIRECTION('',(-0.,-0.,-1.));
#15047 = DIRECTION('',(-0.,-1.,0.));
#15048 = ADVANCED_FACE('',(#15049),#15060,.F.);
#15049 = FACE_BOUND('',#15050,.T.);
#15050 = EDGE_LOOP('',(#15051,#15052,#15058,#15059));
#15051 = ORIENTED_EDGE('',*,*,#11357,.T.);
#15052 = ORIENTED_EDGE('',*,*,#15053,.T.);
#15053 = EDGE_CURVE('',#11358,#12926,#15054,.T.);
#15054 = LINE('',#15055,#15056);
#15055 = CARTESIAN_POINT('',(118.76,-72.79,-4.6E-02));
#15056 = VECTOR('',#15057,1.);
#15057 = DIRECTION('',(0.,0.,1.));
#15058 = ORIENTED_EDGE('',*,*,#12925,.F.);
#15059 = ORIENTED_EDGE('',*,*,#15053,.F.);
#15060 = CYLINDRICAL_SURFACE('',#15061,0.4);
#15061 = AXIS2_PLACEMENT_3D('',#15062,#15063,#15064);
#15062 = CARTESIAN_POINT('',(118.76,-72.39,-4.6E-02));
#15063 = DIRECTION('',(-0.,0.,-1.));
#15064 = DIRECTION('',(3.5527136788E-14,-1.,-0.));
#15065 = ADVANCED_FACE('',(#15066),#15077,.F.);
#15066 = FACE_BOUND('',#15067,.T.);
#15067 = EDGE_LOOP('',(#15068,#15069,#15075,#15076));
#15068 = ORIENTED_EDGE('',*,*,#11368,.T.);
#15069 = ORIENTED_EDGE('',*,*,#15070,.T.);
#15070 = EDGE_CURVE('',#11369,#12937,#15071,.T.);
#15071 = LINE('',#15072,#15073);
#15072 = CARTESIAN_POINT('',(118.8,-68.98,-4.6E-02));
#15073 = VECTOR('',#15074,1.);
#15074 = DIRECTION('',(0.,0.,1.));
#15075 = ORIENTED_EDGE('',*,*,#12936,.F.);
#15076 = ORIENTED_EDGE('',*,*,#15070,.F.);
#15077 = CYLINDRICAL_SURFACE('',#15078,0.4);
#15078 = AXIS2_PLACEMENT_3D('',#15079,#15080,#15081);
#15079 = CARTESIAN_POINT('',(118.8,-68.58,-4.6E-02));
#15080 = DIRECTION('',(-0.,-0.,-1.));
#15081 = DIRECTION('',(-3.552713678801E-14,-1.,0.));
#15082 = ADVANCED_FACE('',(#15083),#15094,.F.);
#15083 = FACE_BOUND('',#15084,.T.);
#15084 = EDGE_LOOP('',(#15085,#15086,#15092,#15093));
#15085 = ORIENTED_EDGE('',*,*,#11379,.T.);
#15086 = ORIENTED_EDGE('',*,*,#15087,.T.);
#15087 = EDGE_CURVE('',#11380,#12948,#15088,.T.);
#15088 = LINE('',#15089,#15090);
#15089 = CARTESIAN_POINT('',(99.488,-58.608,-3.6E-02));
#15090 = VECTOR('',#15091,1.);
#15091 = DIRECTION('',(0.,0.,1.));
#15092 = ORIENTED_EDGE('',*,*,#12947,.F.);
#15093 = ORIENTED_EDGE('',*,*,#15087,.F.);
#15094 = CYLINDRICAL_SURFACE('',#15095,1.5);
#15095 = AXIS2_PLACEMENT_3D('',#15096,#15097,#15098);
#15096 = CARTESIAN_POINT('',(99.488,-57.108,-3.6E-02));
#15097 = DIRECTION('',(-0.,-0.,-1.));
#15098 = DIRECTION('',(-0.,-1.,0.));
#15099 = ADVANCED_FACE('',(#15100),#15111,.F.);
#15100 = FACE_BOUND('',#15101,.T.);
#15101 = EDGE_LOOP('',(#15102,#15103,#15109,#15110));
#15102 = ORIENTED_EDGE('',*,*,#11390,.T.);
#15103 = ORIENTED_EDGE('',*,*,#15104,.T.);
#15104 = EDGE_CURVE('',#11391,#12959,#15105,.T.);
#15105 = LINE('',#15106,#15107);
#15106 = CARTESIAN_POINT('',(123.76,-72.79,-4.6E-02));
#15107 = VECTOR('',#15108,1.);
#15108 = DIRECTION('',(0.,0.,1.));
#15109 = ORIENTED_EDGE('',*,*,#12958,.F.);
#15110 = ORIENTED_EDGE('',*,*,#15104,.F.);
#15111 = CYLINDRICAL_SURFACE('',#15112,0.4);
#15112 = AXIS2_PLACEMENT_3D('',#15113,#15114,#15115);
#15113 = CARTESIAN_POINT('',(123.76,-72.39,-4.6E-02));
#15114 = DIRECTION('',(-0.,0.,-1.));
#15115 = DIRECTION('',(3.5527136788E-14,-1.,-0.));
#15116 = ADVANCED_FACE('',(#15117),#15128,.F.);
#15117 = FACE_BOUND('',#15118,.T.);
#15118 = EDGE_LOOP('',(#15119,#15120,#15126,#15127));
#15119 = ORIENTED_EDGE('',*,*,#11401,.T.);
#15120 = ORIENTED_EDGE('',*,*,#15121,.T.);
#15121 = EDGE_CURVE('',#11402,#12970,#15122,.T.);
#15122 = LINE('',#15123,#15124);
#15123 = CARTESIAN_POINT('',(123.8,-68.98,-4.6E-02));
#15124 = VECTOR('',#15125,1.);
#15125 = DIRECTION('',(0.,0.,1.));
#15126 = ORIENTED_EDGE('',*,*,#12969,.F.);
#15127 = ORIENTED_EDGE('',*,*,#15121,.F.);
#15128 = CYLINDRICAL_SURFACE('',#15129,0.4);
#15129 = AXIS2_PLACEMENT_3D('',#15130,#15131,#15132);
#15130 = CARTESIAN_POINT('',(123.8,-68.58,-4.6E-02));
#15131 = DIRECTION('',(-0.,-0.,-1.));
#15132 = DIRECTION('',(-3.552713678801E-14,-1.,0.));
#15133 = ADVANCED_FACE('',(#15134),#15145,.F.);
#15134 = FACE_BOUND('',#15135,.T.);
#15135 = EDGE_LOOP('',(#15136,#15137,#15143,#15144));
#15136 = ORIENTED_EDGE('',*,*,#11412,.T.);
#15137 = ORIENTED_EDGE('',*,*,#15138,.T.);
#15138 = EDGE_CURVE('',#11413,#12981,#15139,.T.);
#15139 = LINE('',#15140,#15141);
#15140 = CARTESIAN_POINT('',(140.27,-77.97,-4.6E-02));
#15141 = VECTOR('',#15142,1.);
#15142 = DIRECTION('',(0.,0.,1.));
#15143 = ORIENTED_EDGE('',*,*,#12980,.F.);
#15144 = ORIENTED_EDGE('',*,*,#15138,.F.);
#15145 = CYLINDRICAL_SURFACE('',#15146,0.5);
#15146 = AXIS2_PLACEMENT_3D('',#15147,#15148,#15149);
#15147 = CARTESIAN_POINT('',(140.27,-77.47,-4.6E-02));
#15148 = DIRECTION('',(-0.,-0.,-1.));
#15149 = DIRECTION('',(-0.,-1.,0.));
#15150 = ADVANCED_FACE('',(#15151),#15162,.F.);
#15151 = FACE_BOUND('',#15152,.T.);
#15152 = EDGE_LOOP('',(#15153,#15154,#15160,#15161));
#15153 = ORIENTED_EDGE('',*,*,#11423,.T.);
#15154 = ORIENTED_EDGE('',*,*,#15155,.T.);
#15155 = EDGE_CURVE('',#11424,#12992,#15156,.T.);
#15156 = LINE('',#15157,#15158);
#15157 = CARTESIAN_POINT('',(142.81,-77.97,-4.6E-02));
#15158 = VECTOR('',#15159,1.);
#15159 = DIRECTION('',(0.,0.,1.));
#15160 = ORIENTED_EDGE('',*,*,#12991,.F.);
#15161 = ORIENTED_EDGE('',*,*,#15155,.F.);
#15162 = CYLINDRICAL_SURFACE('',#15163,0.5);
#15163 = AXIS2_PLACEMENT_3D('',#15164,#15165,#15166);
#15164 = CARTESIAN_POINT('',(142.81,-77.47,-4.6E-02));
#15165 = DIRECTION('',(-0.,-0.,-1.));
#15166 = DIRECTION('',(-0.,-1.,0.));
#15167 = ADVANCED_FACE('',(#15168),#15179,.F.);
#15168 = FACE_BOUND('',#15169,.T.);
#15169 = EDGE_LOOP('',(#15170,#15171,#15177,#15178));
#15170 = ORIENTED_EDGE('',*,*,#11434,.T.);
#15171 = ORIENTED_EDGE('',*,*,#15172,.T.);
#15172 = EDGE_CURVE('',#11435,#13003,#15173,.T.);
#15173 = LINE('',#15174,#15175);
#15174 = CARTESIAN_POINT('',(140.208,-57.512,-4.6E-02));
#15175 = VECTOR('',#15176,1.);
#15176 = DIRECTION('',(0.,0.,1.));
#15177 = ORIENTED_EDGE('',*,*,#13002,.F.);
#15178 = ORIENTED_EDGE('',*,*,#15172,.F.);
#15179 = CYLINDRICAL_SURFACE('',#15180,0.55);
#15180 = AXIS2_PLACEMENT_3D('',#15181,#15182,#15183);
#15181 = CARTESIAN_POINT('',(140.208,-56.962,-4.6E-02));
#15182 = DIRECTION('',(-0.,-0.,-1.));
#15183 = DIRECTION('',(-0.,-1.,0.));
#15184 = ADVANCED_FACE('',(#15185),#15196,.F.);
#15185 = FACE_BOUND('',#15186,.T.);
#15186 = EDGE_LOOP('',(#15187,#15188,#15194,#15195));
#15187 = ORIENTED_EDGE('',*,*,#11445,.T.);
#15188 = ORIENTED_EDGE('',*,*,#15189,.T.);
#15189 = EDGE_CURVE('',#11446,#13014,#15190,.T.);
#15190 = LINE('',#15191,#15192);
#15191 = CARTESIAN_POINT('',(142.748,-57.512,-4.6E-02));
#15192 = VECTOR('',#15193,1.);
#15193 = DIRECTION('',(0.,0.,1.));
#15194 = ORIENTED_EDGE('',*,*,#13013,.F.);
#15195 = ORIENTED_EDGE('',*,*,#15189,.F.);
#15196 = CYLINDRICAL_SURFACE('',#15197,0.55);
#15197 = AXIS2_PLACEMENT_3D('',#15198,#15199,#15200);
#15198 = CARTESIAN_POINT('',(142.748,-56.962,-4.6E-02));
#15199 = DIRECTION('',(-0.,-0.,-1.));
#15200 = DIRECTION('',(-0.,-1.,0.));
#15201 = ADVANCED_FACE('',(#15202),#15213,.F.);
#15202 = FACE_BOUND('',#15203,.T.);
#15203 = EDGE_LOOP('',(#15204,#15205,#15211,#15212));
#15204 = ORIENTED_EDGE('',*,*,#11456,.T.);
#15205 = ORIENTED_EDGE('',*,*,#15206,.T.);
#15206 = EDGE_CURVE('',#11457,#13025,#15207,.T.);
#15207 = LINE('',#15208,#15209);
#15208 = CARTESIAN_POINT('',(146.812,-99.46,-4.6E-02));
#15209 = VECTOR('',#15210,1.);
#15210 = DIRECTION('',(0.,0.,1.));
#15211 = ORIENTED_EDGE('',*,*,#13024,.F.);
#15212 = ORIENTED_EDGE('',*,*,#15206,.F.);
#15213 = CYLINDRICAL_SURFACE('',#15214,0.4);
#15214 = AXIS2_PLACEMENT_3D('',#15215,#15216,#15217);
#15215 = CARTESIAN_POINT('',(146.812,-99.06,-4.6E-02));
#15216 = DIRECTION('',(-0.,-0.,-1.));
#15217 = DIRECTION('',(-0.,-1.,0.));
#15218 = ADVANCED_FACE('',(#15219),#15230,.F.);
#15219 = FACE_BOUND('',#15220,.T.);
#15220 = EDGE_LOOP('',(#15221,#15222,#15228,#15229));
#15221 = ORIENTED_EDGE('',*,*,#11467,.T.);
#15222 = ORIENTED_EDGE('',*,*,#15223,.T.);
#15223 = EDGE_CURVE('',#11468,#13036,#15224,.T.);
#15224 = LINE('',#15225,#15226);
#15225 = CARTESIAN_POINT('',(145.35,-93.21,-4.6E-02));
#15226 = VECTOR('',#15227,1.);
#15227 = DIRECTION('',(0.,0.,1.));
#15228 = ORIENTED_EDGE('',*,*,#13035,.F.);
#15229 = ORIENTED_EDGE('',*,*,#15223,.F.);
#15230 = CYLINDRICAL_SURFACE('',#15231,0.5);
#15231 = AXIS2_PLACEMENT_3D('',#15232,#15233,#15234);
#15232 = CARTESIAN_POINT('',(145.35,-92.71,-4.6E-02));
#15233 = DIRECTION('',(-0.,-0.,-1.));
#15234 = DIRECTION('',(-0.,-1.,0.));
#15235 = ADVANCED_FACE('',(#15236),#15247,.F.);
#15236 = FACE_BOUND('',#15237,.T.);
#15237 = EDGE_LOOP('',(#15238,#15239,#15245,#15246));
#15238 = ORIENTED_EDGE('',*,*,#11478,.T.);
#15239 = ORIENTED_EDGE('',*,*,#15240,.T.);
#15240 = EDGE_CURVE('',#11479,#13047,#15241,.T.);
#15241 = LINE('',#15242,#15243);
#15242 = CARTESIAN_POINT('',(147.89,-93.21,-4.6E-02));
#15243 = VECTOR('',#15244,1.);
#15244 = DIRECTION('',(0.,0.,1.));
#15245 = ORIENTED_EDGE('',*,*,#13046,.F.);
#15246 = ORIENTED_EDGE('',*,*,#15240,.F.);
#15247 = CYLINDRICAL_SURFACE('',#15248,0.5);
#15248 = AXIS2_PLACEMENT_3D('',#15249,#15250,#15251);
#15249 = CARTESIAN_POINT('',(147.89,-92.71,-4.6E-02));
#15250 = DIRECTION('',(-0.,-0.,-1.));
#15251 = DIRECTION('',(-0.,-1.,0.));
#15252 = ADVANCED_FACE('',(#15253),#15264,.F.);
#15253 = FACE_BOUND('',#15254,.T.);
#15254 = EDGE_LOOP('',(#15255,#15256,#15262,#15263));
#15255 = ORIENTED_EDGE('',*,*,#11489,.T.);
#15256 = ORIENTED_EDGE('',*,*,#15257,.T.);
#15257 = EDGE_CURVE('',#11490,#13058,#15258,.T.);
#15258 = LINE('',#15259,#15260);
#15259 = CARTESIAN_POINT('',(150.43,-93.21,-4.6E-02));
#15260 = VECTOR('',#15261,1.);
#15261 = DIRECTION('',(0.,0.,1.));
#15262 = ORIENTED_EDGE('',*,*,#13057,.F.);
#15263 = ORIENTED_EDGE('',*,*,#15257,.F.);
#15264 = CYLINDRICAL_SURFACE('',#15265,0.5);
#15265 = AXIS2_PLACEMENT_3D('',#15266,#15267,#15268);
#15266 = CARTESIAN_POINT('',(150.43,-92.71,-4.6E-02));
#15267 = DIRECTION('',(-0.,-0.,-1.));
#15268 = DIRECTION('',(-0.,-1.,0.));
#15269 = ADVANCED_FACE('',(#15270),#15281,.F.);
#15270 = FACE_BOUND('',#15271,.T.);
#15271 = EDGE_LOOP('',(#15272,#15273,#15279,#15280));
#15272 = ORIENTED_EDGE('',*,*,#11500,.T.);
#15273 = ORIENTED_EDGE('',*,*,#15274,.T.);
#15274 = EDGE_CURVE('',#11501,#13069,#15275,.T.);
#15275 = LINE('',#15276,#15277);
#15276 = CARTESIAN_POINT('',(152.97,-93.21,-4.6E-02));
#15277 = VECTOR('',#15278,1.);
#15278 = DIRECTION('',(0.,0.,1.));
#15279 = ORIENTED_EDGE('',*,*,#13068,.F.);
#15280 = ORIENTED_EDGE('',*,*,#15274,.F.);
#15281 = CYLINDRICAL_SURFACE('',#15282,0.5);
#15282 = AXIS2_PLACEMENT_3D('',#15283,#15284,#15285);
#15283 = CARTESIAN_POINT('',(152.97,-92.71,-4.6E-02));
#15284 = DIRECTION('',(-0.,-0.,-1.));
#15285 = DIRECTION('',(-0.,-1.,0.));
#15286 = ADVANCED_FACE('',(#15287),#15298,.F.);
#15287 = FACE_BOUND('',#15288,.T.);
#15288 = EDGE_LOOP('',(#15289,#15290,#15296,#15297));
#15289 = ORIENTED_EDGE('',*,*,#11511,.T.);
#15290 = ORIENTED_EDGE('',*,*,#15291,.T.);
#15291 = EDGE_CURVE('',#11512,#13080,#15292,.T.);
#15292 = LINE('',#15293,#15294);
#15293 = CARTESIAN_POINT('',(155.51,-93.21,-4.6E-02));
#15294 = VECTOR('',#15295,1.);
#15295 = DIRECTION('',(0.,0.,1.));
#15296 = ORIENTED_EDGE('',*,*,#13079,.F.);
#15297 = ORIENTED_EDGE('',*,*,#15291,.F.);
#15298 = CYLINDRICAL_SURFACE('',#15299,0.5);
#15299 = AXIS2_PLACEMENT_3D('',#15300,#15301,#15302);
#15300 = CARTESIAN_POINT('',(155.51,-92.71,-4.6E-02));
#15301 = DIRECTION('',(-0.,-0.,-1.));
#15302 = DIRECTION('',(-0.,-1.,0.));
#15303 = ADVANCED_FACE('',(#15304),#15315,.F.);
#15304 = FACE_BOUND('',#15305,.T.);
#15305 = EDGE_LOOP('',(#15306,#15307,#15313,#15314));
#15306 = ORIENTED_EDGE('',*,*,#11522,.T.);
#15307 = ORIENTED_EDGE('',*,*,#15308,.T.);
#15308 = EDGE_CURVE('',#11523,#13091,#15309,.T.);
#15309 = LINE('',#15310,#15311);
#15310 = CARTESIAN_POINT('',(158.115,-101.365,-4.6E-02));
#15311 = VECTOR('',#15312,1.);
#15312 = DIRECTION('',(0.,0.,1.));
#15313 = ORIENTED_EDGE('',*,*,#13090,.F.);
#15314 = ORIENTED_EDGE('',*,*,#15308,.F.);
#15315 = CYLINDRICAL_SURFACE('',#15316,0.4);
#15316 = AXIS2_PLACEMENT_3D('',#15317,#15318,#15319);
#15317 = CARTESIAN_POINT('',(158.115,-100.965,-4.6E-02));
#15318 = DIRECTION('',(-0.,-0.,-1.));
#15319 = DIRECTION('',(-0.,-1.,0.));
#15320 = ADVANCED_FACE('',(#15321),#15332,.F.);
#15321 = FACE_BOUND('',#15322,.T.);
#15322 = EDGE_LOOP('',(#15323,#15324,#15330,#15331));
#15323 = ORIENTED_EDGE('',*,*,#11533,.T.);
#15324 = ORIENTED_EDGE('',*,*,#15325,.T.);
#15325 = EDGE_CURVE('',#11534,#13102,#15326,.T.);
#15326 = LINE('',#15327,#15328);
#15327 = CARTESIAN_POINT('',(162.052,-97.936,-4.6E-02));
#15328 = VECTOR('',#15329,1.);
#15329 = DIRECTION('',(0.,0.,1.));
#15330 = ORIENTED_EDGE('',*,*,#13101,.F.);
#15331 = ORIENTED_EDGE('',*,*,#15325,.F.);
#15332 = CYLINDRICAL_SURFACE('',#15333,0.4);
#15333 = AXIS2_PLACEMENT_3D('',#15334,#15335,#15336);
#15334 = CARTESIAN_POINT('',(162.052,-97.536,-4.6E-02));
#15335 = DIRECTION('',(-0.,-0.,-1.));
#15336 = DIRECTION('',(-0.,-1.,0.));
#15337 = ADVANCED_FACE('',(#15338),#15349,.F.);
#15338 = FACE_BOUND('',#15339,.T.);
#15339 = EDGE_LOOP('',(#15340,#15341,#15347,#15348));
#15340 = ORIENTED_EDGE('',*,*,#11544,.T.);
#15341 = ORIENTED_EDGE('',*,*,#15342,.T.);
#15342 = EDGE_CURVE('',#11545,#13113,#15343,.T.);
#15343 = LINE('',#15344,#15345);
#15344 = CARTESIAN_POINT('',(158.05,-93.21,-4.6E-02));
#15345 = VECTOR('',#15346,1.);
#15346 = DIRECTION('',(0.,0.,1.));
#15347 = ORIENTED_EDGE('',*,*,#13112,.F.);
#15348 = ORIENTED_EDGE('',*,*,#15342,.F.);
#15349 = CYLINDRICAL_SURFACE('',#15350,0.5);
#15350 = AXIS2_PLACEMENT_3D('',#15351,#15352,#15353);
#15351 = CARTESIAN_POINT('',(158.05,-92.71,-4.6E-02));
#15352 = DIRECTION('',(-0.,-0.,-1.));
#15353 = DIRECTION('',(-0.,-1.,0.));
#15354 = ADVANCED_FACE('',(#15355),#15366,.F.);
#15355 = FACE_BOUND('',#15356,.T.);
#15356 = EDGE_LOOP('',(#15357,#15358,#15364,#15365));
#15357 = ORIENTED_EDGE('',*,*,#11555,.T.);
#15358 = ORIENTED_EDGE('',*,*,#15359,.T.);
#15359 = EDGE_CURVE('',#11556,#13124,#15360,.T.);
#15360 = LINE('',#15361,#15362);
#15361 = CARTESIAN_POINT('',(160.59,-93.21,-4.6E-02));
#15362 = VECTOR('',#15363,1.);
#15363 = DIRECTION('',(0.,0.,1.));
#15364 = ORIENTED_EDGE('',*,*,#13123,.F.);
#15365 = ORIENTED_EDGE('',*,*,#15359,.F.);
#15366 = CYLINDRICAL_SURFACE('',#15367,0.5);
#15367 = AXIS2_PLACEMENT_3D('',#15368,#15369,#15370);
#15368 = CARTESIAN_POINT('',(160.59,-92.71,-4.6E-02));
#15369 = DIRECTION('',(-0.,-0.,-1.));
#15370 = DIRECTION('',(-0.,-1.,0.));
#15371 = ADVANCED_FACE('',(#15372),#15383,.F.);
#15372 = FACE_BOUND('',#15373,.T.);
#15373 = EDGE_LOOP('',(#15374,#15375,#15381,#15382));
#15374 = ORIENTED_EDGE('',*,*,#11566,.T.);
#15375 = ORIENTED_EDGE('',*,*,#15376,.T.);
#15376 = EDGE_CURVE('',#11567,#13135,#15377,.T.);
#15377 = LINE('',#15378,#15379);
#15378 = CARTESIAN_POINT('',(163.13,-93.21,-4.6E-02));
#15379 = VECTOR('',#15380,1.);
#15380 = DIRECTION('',(0.,0.,1.));
#15381 = ORIENTED_EDGE('',*,*,#13134,.F.);
#15382 = ORIENTED_EDGE('',*,*,#15376,.F.);
#15383 = CYLINDRICAL_SURFACE('',#15384,0.5);
#15384 = AXIS2_PLACEMENT_3D('',#15385,#15386,#15387);
#15385 = CARTESIAN_POINT('',(163.13,-92.71,-4.6E-02));
#15386 = DIRECTION('',(-0.,-0.,-1.));
#15387 = DIRECTION('',(-0.,-1.,0.));
#15388 = ADVANCED_FACE('',(#15389),#15400,.F.);
#15389 = FACE_BOUND('',#15390,.T.);
#15390 = EDGE_LOOP('',(#15391,#15392,#15398,#15399));
#15391 = ORIENTED_EDGE('',*,*,#11577,.T.);
#15392 = ORIENTED_EDGE('',*,*,#15393,.T.);
#15393 = EDGE_CURVE('',#11578,#13146,#15394,.T.);
#15394 = LINE('',#15395,#15396);
#15395 = CARTESIAN_POINT('',(165.67,-93.21,-4.6E-02));
#15396 = VECTOR('',#15397,1.);
#15397 = DIRECTION('',(0.,0.,1.));
#15398 = ORIENTED_EDGE('',*,*,#13145,.F.);
#15399 = ORIENTED_EDGE('',*,*,#15393,.F.);
#15400 = CYLINDRICAL_SURFACE('',#15401,0.5);
#15401 = AXIS2_PLACEMENT_3D('',#15402,#15403,#15404);
#15402 = CARTESIAN_POINT('',(165.67,-92.71,-4.6E-02));
#15403 = DIRECTION('',(-0.,-0.,-1.));
#15404 = DIRECTION('',(-0.,-1.,0.));
#15405 = ADVANCED_FACE('',(#15406),#15417,.F.);
#15406 = FACE_BOUND('',#15407,.T.);
#15407 = EDGE_LOOP('',(#15408,#15409,#15415,#15416));
#15408 = ORIENTED_EDGE('',*,*,#11588,.T.);
#15409 = ORIENTED_EDGE('',*,*,#15410,.T.);
#15410 = EDGE_CURVE('',#11589,#13157,#15411,.T.);
#15411 = LINE('',#15412,#15413);
#15412 = CARTESIAN_POINT('',(168.275,-101.365,-4.6E-02));
#15413 = VECTOR('',#15414,1.);
#15414 = DIRECTION('',(0.,0.,1.));
#15415 = ORIENTED_EDGE('',*,*,#13156,.F.);
#15416 = ORIENTED_EDGE('',*,*,#15410,.F.);
#15417 = CYLINDRICAL_SURFACE('',#15418,0.4);
#15418 = AXIS2_PLACEMENT_3D('',#15419,#15420,#15421);
#15419 = CARTESIAN_POINT('',(168.275,-100.965,-4.6E-02));
#15420 = DIRECTION('',(-0.,-0.,-1.));
#15421 = DIRECTION('',(-0.,-1.,0.));
#15422 = ADVANCED_FACE('',(#15423),#15434,.F.);
#15423 = FACE_BOUND('',#15424,.T.);
#15424 = EDGE_LOOP('',(#15425,#15426,#15432,#15433));
#15425 = ORIENTED_EDGE('',*,*,#11599,.T.);
#15426 = ORIENTED_EDGE('',*,*,#15427,.T.);
#15427 = EDGE_CURVE('',#11600,#13168,#15428,.T.);
#15428 = LINE('',#15429,#15430);
#15429 = CARTESIAN_POINT('',(172.212,-97.936,-4.6E-02));
#15430 = VECTOR('',#15431,1.);
#15431 = DIRECTION('',(0.,0.,1.));
#15432 = ORIENTED_EDGE('',*,*,#13167,.F.);
#15433 = ORIENTED_EDGE('',*,*,#15427,.F.);
#15434 = CYLINDRICAL_SURFACE('',#15435,0.4);
#15435 = AXIS2_PLACEMENT_3D('',#15436,#15437,#15438);
#15436 = CARTESIAN_POINT('',(172.212,-97.536,-4.6E-02));
#15437 = DIRECTION('',(-0.,-0.,-1.));
#15438 = DIRECTION('',(-0.,-1.,0.));
#15439 = ADVANCED_FACE('',(#15440),#15451,.F.);
#15440 = FACE_BOUND('',#15441,.T.);
#15441 = EDGE_LOOP('',(#15442,#15443,#15449,#15450));
#15442 = ORIENTED_EDGE('',*,*,#11610,.T.);
#15443 = ORIENTED_EDGE('',*,*,#15444,.T.);
#15444 = EDGE_CURVE('',#11611,#13179,#15445,.T.);
#15445 = LINE('',#15446,#15447);
#15446 = CARTESIAN_POINT('',(175.26,-101.365,-4.6E-02));
#15447 = VECTOR('',#15448,1.);
#15448 = DIRECTION('',(0.,0.,1.));
#15449 = ORIENTED_EDGE('',*,*,#13178,.F.);
#15450 = ORIENTED_EDGE('',*,*,#15444,.F.);
#15451 = CYLINDRICAL_SURFACE('',#15452,0.4);
#15452 = AXIS2_PLACEMENT_3D('',#15453,#15454,#15455);
#15453 = CARTESIAN_POINT('',(175.26,-100.965,-4.6E-02));
#15454 = DIRECTION('',(-0.,-0.,-1.));
#15455 = DIRECTION('',(-0.,-1.,0.));
#15456 = ADVANCED_FACE('',(#15457),#15468,.F.);
#15457 = FACE_BOUND('',#15458,.T.);
#15458 = EDGE_LOOP('',(#15459,#15460,#15466,#15467));
#15459 = ORIENTED_EDGE('',*,*,#11621,.T.);
#15460 = ORIENTED_EDGE('',*,*,#15461,.T.);
#15461 = EDGE_CURVE('',#11622,#13190,#15462,.T.);
#15462 = LINE('',#15463,#15464);
#15463 = CARTESIAN_POINT('',(175.26,-97.555,-4.6E-02));
#15464 = VECTOR('',#15465,1.);
#15465 = DIRECTION('',(0.,0.,1.));
#15466 = ORIENTED_EDGE('',*,*,#13189,.F.);
#15467 = ORIENTED_EDGE('',*,*,#15461,.F.);
#15468 = CYLINDRICAL_SURFACE('',#15469,0.4);
#15469 = AXIS2_PLACEMENT_3D('',#15470,#15471,#15472);
#15470 = CARTESIAN_POINT('',(175.26,-97.155,-4.6E-02));
#15471 = DIRECTION('',(-0.,-0.,-1.));
#15472 = DIRECTION('',(-0.,-1.,0.));
#15473 = ADVANCED_FACE('',(#15474),#15485,.F.);
#15474 = FACE_BOUND('',#15475,.T.);
#15475 = EDGE_LOOP('',(#15476,#15477,#15483,#15484));
#15476 = ORIENTED_EDGE('',*,*,#11632,.T.);
#15477 = ORIENTED_EDGE('',*,*,#15478,.T.);
#15478 = EDGE_CURVE('',#11633,#13201,#15479,.T.);
#15479 = LINE('',#15480,#15481);
#15480 = CARTESIAN_POINT('',(168.21,-93.21,-4.6E-02));
#15481 = VECTOR('',#15482,1.);
#15482 = DIRECTION('',(0.,0.,1.));
#15483 = ORIENTED_EDGE('',*,*,#13200,.F.);
#15484 = ORIENTED_EDGE('',*,*,#15478,.F.);
#15485 = CYLINDRICAL_SURFACE('',#15486,0.5);
#15486 = AXIS2_PLACEMENT_3D('',#15487,#15488,#15489);
#15487 = CARTESIAN_POINT('',(168.21,-92.71,-4.6E-02));
#15488 = DIRECTION('',(-0.,-0.,-1.));
#15489 = DIRECTION('',(-0.,-1.,0.));
#15490 = ADVANCED_FACE('',(#15491),#15502,.F.);
#15491 = FACE_BOUND('',#15492,.T.);
#15492 = EDGE_LOOP('',(#15493,#15494,#15500,#15501));
#15493 = ORIENTED_EDGE('',*,*,#11643,.T.);
#15494 = ORIENTED_EDGE('',*,*,#15495,.T.);
#15495 = EDGE_CURVE('',#11644,#13212,#15496,.T.);
#15496 = LINE('',#15497,#15498);
#15497 = CARTESIAN_POINT('',(170.75,-93.21,-4.6E-02));
#15498 = VECTOR('',#15499,1.);
#15499 = DIRECTION('',(0.,0.,1.));
#15500 = ORIENTED_EDGE('',*,*,#13211,.F.);
#15501 = ORIENTED_EDGE('',*,*,#15495,.F.);
#15502 = CYLINDRICAL_SURFACE('',#15503,0.5);
#15503 = AXIS2_PLACEMENT_3D('',#15504,#15505,#15506);
#15504 = CARTESIAN_POINT('',(170.75,-92.71,-4.6E-02));
#15505 = DIRECTION('',(-0.,-0.,-1.));
#15506 = DIRECTION('',(-0.,-1.,0.));
#15507 = ADVANCED_FACE('',(#15508),#15519,.F.);
#15508 = FACE_BOUND('',#15509,.T.);
#15509 = EDGE_LOOP('',(#15510,#15511,#15517,#15518));
#15510 = ORIENTED_EDGE('',*,*,#11654,.T.);
#15511 = ORIENTED_EDGE('',*,*,#15512,.T.);
#15512 = EDGE_CURVE('',#11655,#13223,#15513,.T.);
#15513 = LINE('',#15514,#15515);
#15514 = CARTESIAN_POINT('',(173.29,-93.21,-4.6E-02));
#15515 = VECTOR('',#15516,1.);
#15516 = DIRECTION('',(0.,0.,1.));
#15517 = ORIENTED_EDGE('',*,*,#13222,.F.);
#15518 = ORIENTED_EDGE('',*,*,#15512,.F.);
#15519 = CYLINDRICAL_SURFACE('',#15520,0.5);
#15520 = AXIS2_PLACEMENT_3D('',#15521,#15522,#15523);
#15521 = CARTESIAN_POINT('',(173.29,-92.71,-4.6E-02));
#15522 = DIRECTION('',(-0.,-0.,-1.));
#15523 = DIRECTION('',(-0.,-1.,0.));
#15524 = ADVANCED_FACE('',(#15525),#15536,.F.);
#15525 = FACE_BOUND('',#15526,.T.);
#15526 = EDGE_LOOP('',(#15527,#15528,#15534,#15535));
#15527 = ORIENTED_EDGE('',*,*,#11665,.T.);
#15528 = ORIENTED_EDGE('',*,*,#15529,.T.);
#15529 = EDGE_CURVE('',#11666,#13234,#15530,.T.);
#15530 = LINE('',#15531,#15532);
#15531 = CARTESIAN_POINT('',(175.83,-93.21,-4.6E-02));
#15532 = VECTOR('',#15533,1.);
#15533 = DIRECTION('',(0.,0.,1.));
#15534 = ORIENTED_EDGE('',*,*,#13233,.F.);
#15535 = ORIENTED_EDGE('',*,*,#15529,.F.);
#15536 = CYLINDRICAL_SURFACE('',#15537,0.5);
#15537 = AXIS2_PLACEMENT_3D('',#15538,#15539,#15540);
#15538 = CARTESIAN_POINT('',(175.83,-92.71,-4.6E-02));
#15539 = DIRECTION('',(-0.,-0.,-1.));
#15540 = DIRECTION('',(-0.,-1.,0.));
#15541 = ADVANCED_FACE('',(#15542),#15553,.F.);
#15542 = FACE_BOUND('',#15543,.T.);
#15543 = EDGE_LOOP('',(#15544,#15545,#15551,#15552));
#15544 = ORIENTED_EDGE('',*,*,#11676,.T.);
#15545 = ORIENTED_EDGE('',*,*,#15546,.T.);
#15546 = EDGE_CURVE('',#11677,#13245,#15547,.T.);
#15547 = LINE('',#15548,#15549);
#15548 = CARTESIAN_POINT('',(185.42,-101.365,-4.6E-02));
#15549 = VECTOR('',#15550,1.);
#15550 = DIRECTION('',(0.,0.,1.));
#15551 = ORIENTED_EDGE('',*,*,#13244,.F.);
#15552 = ORIENTED_EDGE('',*,*,#15546,.F.);
#15553 = CYLINDRICAL_SURFACE('',#15554,0.4);
#15554 = AXIS2_PLACEMENT_3D('',#15555,#15556,#15557);
#15555 = CARTESIAN_POINT('',(185.42,-100.965,-4.6E-02));
#15556 = DIRECTION('',(-0.,-0.,-1.));
#15557 = DIRECTION('',(-7.105427357601E-14,-1.,0.));
#15558 = ADVANCED_FACE('',(#15559),#15570,.F.);
#15559 = FACE_BOUND('',#15560,.T.);
#15560 = EDGE_LOOP('',(#15561,#15562,#15568,#15569));
#15561 = ORIENTED_EDGE('',*,*,#11687,.T.);
#15562 = ORIENTED_EDGE('',*,*,#15563,.T.);
#15563 = EDGE_CURVE('',#11688,#13256,#15564,.T.);
#15564 = LINE('',#15565,#15566);
#15565 = CARTESIAN_POINT('',(185.42,-97.555,-4.6E-02));
#15566 = VECTOR('',#15567,1.);
#15567 = DIRECTION('',(0.,0.,1.));
#15568 = ORIENTED_EDGE('',*,*,#13255,.F.);
#15569 = ORIENTED_EDGE('',*,*,#15563,.F.);
#15570 = CYLINDRICAL_SURFACE('',#15571,0.4);
#15571 = AXIS2_PLACEMENT_3D('',#15572,#15573,#15574);
#15572 = CARTESIAN_POINT('',(185.42,-97.155,-4.6E-02));
#15573 = DIRECTION('',(-0.,-0.,-1.));
#15574 = DIRECTION('',(-7.105427357601E-14,-1.,0.));
#15575 = ADVANCED_FACE('',(#15576),#15587,.F.);
#15576 = FACE_BOUND('',#15577,.T.);
#15577 = EDGE_LOOP('',(#15578,#15579,#15585,#15586));
#15578 = ORIENTED_EDGE('',*,*,#11698,.T.);
#15579 = ORIENTED_EDGE('',*,*,#15580,.T.);
#15580 = EDGE_CURVE('',#11699,#13267,#15581,.T.);
#15581 = LINE('',#15582,#15583);
#15582 = CARTESIAN_POINT('',(145.35,-77.97,-4.6E-02));
#15583 = VECTOR('',#15584,1.);
#15584 = DIRECTION('',(0.,0.,1.));
#15585 = ORIENTED_EDGE('',*,*,#13266,.F.);
#15586 = ORIENTED_EDGE('',*,*,#15580,.F.);
#15587 = CYLINDRICAL_SURFACE('',#15588,0.5);
#15588 = AXIS2_PLACEMENT_3D('',#15589,#15590,#15591);
#15589 = CARTESIAN_POINT('',(145.35,-77.47,-4.6E-02));
#15590 = DIRECTION('',(-0.,-0.,-1.));
#15591 = DIRECTION('',(-0.,-1.,0.));
#15592 = ADVANCED_FACE('',(#15593),#15604,.F.);
#15593 = FACE_BOUND('',#15594,.T.);
#15594 = EDGE_LOOP('',(#15595,#15596,#15602,#15603));
#15595 = ORIENTED_EDGE('',*,*,#11709,.T.);
#15596 = ORIENTED_EDGE('',*,*,#15597,.T.);
#15597 = EDGE_CURVE('',#11710,#13278,#15598,.T.);
#15598 = LINE('',#15599,#15600);
#15599 = CARTESIAN_POINT('',(147.89,-77.97,-4.6E-02));
#15600 = VECTOR('',#15601,1.);
#15601 = DIRECTION('',(0.,0.,1.));
#15602 = ORIENTED_EDGE('',*,*,#13277,.F.);
#15603 = ORIENTED_EDGE('',*,*,#15597,.F.);
#15604 = CYLINDRICAL_SURFACE('',#15605,0.5);
#15605 = AXIS2_PLACEMENT_3D('',#15606,#15607,#15608);
#15606 = CARTESIAN_POINT('',(147.89,-77.47,-4.6E-02));
#15607 = DIRECTION('',(-0.,-0.,-1.));
#15608 = DIRECTION('',(-0.,-1.,0.));
#15609 = ADVANCED_FACE('',(#15610),#15621,.F.);
#15610 = FACE_BOUND('',#15611,.T.);
#15611 = EDGE_LOOP('',(#15612,#15613,#15619,#15620));
#15612 = ORIENTED_EDGE('',*,*,#11720,.T.);
#15613 = ORIENTED_EDGE('',*,*,#15614,.T.);
#15614 = EDGE_CURVE('',#11721,#13289,#15615,.T.);
#15615 = LINE('',#15616,#15617);
#15616 = CARTESIAN_POINT('',(150.43,-77.97,-4.6E-02));
#15617 = VECTOR('',#15618,1.);
#15618 = DIRECTION('',(0.,0.,1.));
#15619 = ORIENTED_EDGE('',*,*,#13288,.F.);
#15620 = ORIENTED_EDGE('',*,*,#15614,.F.);
#15621 = CYLINDRICAL_SURFACE('',#15622,0.5);
#15622 = AXIS2_PLACEMENT_3D('',#15623,#15624,#15625);
#15623 = CARTESIAN_POINT('',(150.43,-77.47,-4.6E-02));
#15624 = DIRECTION('',(-0.,-0.,-1.));
#15625 = DIRECTION('',(-0.,-1.,0.));
#15626 = ADVANCED_FACE('',(#15627),#15638,.F.);
#15627 = FACE_BOUND('',#15628,.T.);
#15628 = EDGE_LOOP('',(#15629,#15630,#15636,#15637));
#15629 = ORIENTED_EDGE('',*,*,#11731,.T.);
#15630 = ORIENTED_EDGE('',*,*,#15631,.T.);
#15631 = EDGE_CURVE('',#11732,#13300,#15632,.T.);
#15632 = LINE('',#15633,#15634);
#15633 = CARTESIAN_POINT('',(152.97,-77.97,-4.6E-02));
#15634 = VECTOR('',#15635,1.);
#15635 = DIRECTION('',(0.,0.,1.));
#15636 = ORIENTED_EDGE('',*,*,#13299,.F.);
#15637 = ORIENTED_EDGE('',*,*,#15631,.F.);
#15638 = CYLINDRICAL_SURFACE('',#15639,0.5);
#15639 = AXIS2_PLACEMENT_3D('',#15640,#15641,#15642);
#15640 = CARTESIAN_POINT('',(152.97,-77.47,-4.6E-02));
#15641 = DIRECTION('',(-0.,-0.,-1.));
#15642 = DIRECTION('',(-0.,-1.,0.));
#15643 = ADVANCED_FACE('',(#15644),#15655,.F.);
#15644 = FACE_BOUND('',#15645,.T.);
#15645 = EDGE_LOOP('',(#15646,#15647,#15653,#15654));
#15646 = ORIENTED_EDGE('',*,*,#11742,.T.);
#15647 = ORIENTED_EDGE('',*,*,#15648,.T.);
#15648 = EDGE_CURVE('',#11743,#13311,#15649,.T.);
#15649 = LINE('',#15650,#15651);
#15650 = CARTESIAN_POINT('',(155.51,-77.97,-4.6E-02));
#15651 = VECTOR('',#15652,1.);
#15652 = DIRECTION('',(0.,0.,1.));
#15653 = ORIENTED_EDGE('',*,*,#13310,.F.);
#15654 = ORIENTED_EDGE('',*,*,#15648,.F.);
#15655 = CYLINDRICAL_SURFACE('',#15656,0.5);
#15656 = AXIS2_PLACEMENT_3D('',#15657,#15658,#15659);
#15657 = CARTESIAN_POINT('',(155.51,-77.47,-4.6E-02));
#15658 = DIRECTION('',(-0.,-0.,-1.));
#15659 = DIRECTION('',(-0.,-1.,0.));
#15660 = ADVANCED_FACE('',(#15661),#15672,.F.);
#15661 = FACE_BOUND('',#15662,.T.);
#15662 = EDGE_LOOP('',(#15663,#15664,#15670,#15671));
#15663 = ORIENTED_EDGE('',*,*,#11753,.T.);
#15664 = ORIENTED_EDGE('',*,*,#15665,.T.);
#15665 = EDGE_CURVE('',#11754,#13322,#15666,.T.);
#15666 = LINE('',#15667,#15668);
#15667 = CARTESIAN_POINT('',(144.78,-72.736,-4.6E-02));
#15668 = VECTOR('',#15669,1.);
#15669 = DIRECTION('',(0.,0.,1.));
#15670 = ORIENTED_EDGE('',*,*,#13321,.F.);
#15671 = ORIENTED_EDGE('',*,*,#15665,.F.);
#15672 = CYLINDRICAL_SURFACE('',#15673,0.6);
#15673 = AXIS2_PLACEMENT_3D('',#15674,#15675,#15676);
#15674 = CARTESIAN_POINT('',(144.78,-72.136,-4.6E-02));
#15675 = DIRECTION('',(-0.,-0.,-1.));
#15676 = DIRECTION('',(-0.,-1.,0.));
#15677 = ADVANCED_FACE('',(#15678),#15689,.F.);
#15678 = FACE_BOUND('',#15679,.T.);
#15679 = EDGE_LOOP('',(#15680,#15681,#15687,#15688));
#15680 = ORIENTED_EDGE('',*,*,#11764,.T.);
#15681 = ORIENTED_EDGE('',*,*,#15682,.T.);
#15682 = EDGE_CURVE('',#11765,#13333,#15683,.T.);
#15683 = LINE('',#15684,#15685);
#15684 = CARTESIAN_POINT('',(158.05,-77.97,-4.6E-02));
#15685 = VECTOR('',#15686,1.);
#15686 = DIRECTION('',(0.,0.,1.));
#15687 = ORIENTED_EDGE('',*,*,#13332,.F.);
#15688 = ORIENTED_EDGE('',*,*,#15682,.F.);
#15689 = CYLINDRICAL_SURFACE('',#15690,0.5);
#15690 = AXIS2_PLACEMENT_3D('',#15691,#15692,#15693);
#15691 = CARTESIAN_POINT('',(158.05,-77.47,-4.6E-02));
#15692 = DIRECTION('',(-0.,-0.,-1.));
#15693 = DIRECTION('',(-0.,-1.,0.));
#15694 = ADVANCED_FACE('',(#15695),#15706,.F.);
#15695 = FACE_BOUND('',#15696,.T.);
#15696 = EDGE_LOOP('',(#15697,#15698,#15704,#15705));
#15697 = ORIENTED_EDGE('',*,*,#11775,.T.);
#15698 = ORIENTED_EDGE('',*,*,#15699,.T.);
#15699 = EDGE_CURVE('',#11776,#13344,#15700,.T.);
#15700 = LINE('',#15701,#15702);
#15701 = CARTESIAN_POINT('',(160.59,-77.97,-4.6E-02));
#15702 = VECTOR('',#15703,1.);
#15703 = DIRECTION('',(0.,0.,1.));
#15704 = ORIENTED_EDGE('',*,*,#13343,.F.);
#15705 = ORIENTED_EDGE('',*,*,#15699,.F.);
#15706 = CYLINDRICAL_SURFACE('',#15707,0.5);
#15707 = AXIS2_PLACEMENT_3D('',#15708,#15709,#15710);
#15708 = CARTESIAN_POINT('',(160.59,-77.47,-4.6E-02));
#15709 = DIRECTION('',(-0.,-0.,-1.));
#15710 = DIRECTION('',(-0.,-1.,0.));
#15711 = ADVANCED_FACE('',(#15712),#15723,.F.);
#15712 = FACE_BOUND('',#15713,.T.);
#15713 = EDGE_LOOP('',(#15714,#15715,#15721,#15722));
#15714 = ORIENTED_EDGE('',*,*,#11786,.T.);
#15715 = ORIENTED_EDGE('',*,*,#15716,.T.);
#15716 = EDGE_CURVE('',#11787,#13355,#15717,.T.);
#15717 = LINE('',#15718,#15719);
#15718 = CARTESIAN_POINT('',(163.13,-77.97,-4.6E-02));
#15719 = VECTOR('',#15720,1.);
#15720 = DIRECTION('',(0.,0.,1.));
#15721 = ORIENTED_EDGE('',*,*,#13354,.F.);
#15722 = ORIENTED_EDGE('',*,*,#15716,.F.);
#15723 = CYLINDRICAL_SURFACE('',#15724,0.5);
#15724 = AXIS2_PLACEMENT_3D('',#15725,#15726,#15727);
#15725 = CARTESIAN_POINT('',(163.13,-77.47,-4.6E-02));
#15726 = DIRECTION('',(-0.,-0.,-1.));
#15727 = DIRECTION('',(-0.,-1.,0.));
#15728 = ADVANCED_FACE('',(#15729),#15740,.F.);
#15729 = FACE_BOUND('',#15730,.T.);
#15730 = EDGE_LOOP('',(#15731,#15732,#15738,#15739));
#15731 = ORIENTED_EDGE('',*,*,#11797,.T.);
#15732 = ORIENTED_EDGE('',*,*,#15733,.T.);
#15733 = EDGE_CURVE('',#11798,#13366,#15734,.T.);
#15734 = LINE('',#15735,#15736);
#15735 = CARTESIAN_POINT('',(165.67,-77.97,-4.6E-02));
#15736 = VECTOR('',#15737,1.);
#15737 = DIRECTION('',(0.,0.,1.));
#15738 = ORIENTED_EDGE('',*,*,#13365,.F.);
#15739 = ORIENTED_EDGE('',*,*,#15733,.F.);
#15740 = CYLINDRICAL_SURFACE('',#15741,0.5);
#15741 = AXIS2_PLACEMENT_3D('',#15742,#15743,#15744);
#15742 = CARTESIAN_POINT('',(165.67,-77.47,-4.6E-02));
#15743 = DIRECTION('',(-0.,-0.,-1.));
#15744 = DIRECTION('',(-0.,-1.,0.));
#15745 = ADVANCED_FACE('',(#15746),#15757,.F.);
#15746 = FACE_BOUND('',#15747,.T.);
#15747 = EDGE_LOOP('',(#15748,#15749,#15755,#15756));
#15748 = ORIENTED_EDGE('',*,*,#11808,.T.);
#15749 = ORIENTED_EDGE('',*,*,#15750,.T.);
#15750 = EDGE_CURVE('',#11809,#13377,#15751,.T.);
#15751 = LINE('',#15752,#15753);
#15752 = CARTESIAN_POINT('',(160.02,-72.736,-4.6E-02));
#15753 = VECTOR('',#15754,1.);
#15754 = DIRECTION('',(0.,0.,1.));
#15755 = ORIENTED_EDGE('',*,*,#13376,.F.);
#15756 = ORIENTED_EDGE('',*,*,#15750,.F.);
#15757 = CYLINDRICAL_SURFACE('',#15758,0.6);
#15758 = AXIS2_PLACEMENT_3D('',#15759,#15760,#15761);
#15759 = CARTESIAN_POINT('',(160.02,-72.136,-4.6E-02));
#15760 = DIRECTION('',(-0.,0.,-1.));
#15761 = DIRECTION('',(4.736951571734E-14,-1.,-0.));
#15762 = ADVANCED_FACE('',(#15763),#15774,.F.);
#15763 = FACE_BOUND('',#15764,.T.);
#15764 = EDGE_LOOP('',(#15765,#15766,#15772,#15773));
#15765 = ORIENTED_EDGE('',*,*,#11819,.T.);
#15766 = ORIENTED_EDGE('',*,*,#15767,.T.);
#15767 = EDGE_CURVE('',#11820,#13388,#15768,.T.);
#15768 = LINE('',#15769,#15770);
#15769 = CARTESIAN_POINT('',(145.288,-57.512,-4.6E-02));
#15770 = VECTOR('',#15771,1.);
#15771 = DIRECTION('',(0.,0.,1.));
#15772 = ORIENTED_EDGE('',*,*,#13387,.F.);
#15773 = ORIENTED_EDGE('',*,*,#15767,.F.);
#15774 = CYLINDRICAL_SURFACE('',#15775,0.55);
#15775 = AXIS2_PLACEMENT_3D('',#15776,#15777,#15778);
#15776 = CARTESIAN_POINT('',(145.288,-56.962,-4.6E-02));
#15777 = DIRECTION('',(-0.,-0.,-1.));
#15778 = DIRECTION('',(-0.,-1.,0.));
#15779 = ADVANCED_FACE('',(#15780),#15791,.F.);
#15780 = FACE_BOUND('',#15781,.T.);
#15781 = EDGE_LOOP('',(#15782,#15783,#15789,#15790));
#15782 = ORIENTED_EDGE('',*,*,#11830,.T.);
#15783 = ORIENTED_EDGE('',*,*,#15784,.T.);
#15784 = EDGE_CURVE('',#11831,#13399,#15785,.T.);
#15785 = LINE('',#15786,#15787);
#15786 = CARTESIAN_POINT('',(168.21,-77.97,-4.6E-02));
#15787 = VECTOR('',#15788,1.);
#15788 = DIRECTION('',(0.,0.,1.));
#15789 = ORIENTED_EDGE('',*,*,#13398,.F.);
#15790 = ORIENTED_EDGE('',*,*,#15784,.F.);
#15791 = CYLINDRICAL_SURFACE('',#15792,0.5);
#15792 = AXIS2_PLACEMENT_3D('',#15793,#15794,#15795);
#15793 = CARTESIAN_POINT('',(168.21,-77.47,-4.6E-02));
#15794 = DIRECTION('',(-0.,-0.,-1.));
#15795 = DIRECTION('',(-0.,-1.,0.));
#15796 = ADVANCED_FACE('',(#15797),#15808,.F.);
#15797 = FACE_BOUND('',#15798,.T.);
#15798 = EDGE_LOOP('',(#15799,#15800,#15806,#15807));
#15799 = ORIENTED_EDGE('',*,*,#11841,.T.);
#15800 = ORIENTED_EDGE('',*,*,#15801,.T.);
#15801 = EDGE_CURVE('',#11842,#13410,#15802,.T.);
#15802 = LINE('',#15803,#15804);
#15803 = CARTESIAN_POINT('',(170.75,-77.97,-4.6E-02));
#15804 = VECTOR('',#15805,1.);
#15805 = DIRECTION('',(0.,0.,1.));
#15806 = ORIENTED_EDGE('',*,*,#13409,.F.);
#15807 = ORIENTED_EDGE('',*,*,#15801,.F.);
#15808 = CYLINDRICAL_SURFACE('',#15809,0.5);
#15809 = AXIS2_PLACEMENT_3D('',#15810,#15811,#15812);
#15810 = CARTESIAN_POINT('',(170.75,-77.47,-4.6E-02));
#15811 = DIRECTION('',(-0.,-0.,-1.));
#15812 = DIRECTION('',(-0.,-1.,0.));
#15813 = ADVANCED_FACE('',(#15814),#15825,.F.);
#15814 = FACE_BOUND('',#15815,.T.);
#15815 = EDGE_LOOP('',(#15816,#15817,#15823,#15824));
#15816 = ORIENTED_EDGE('',*,*,#11852,.T.);
#15817 = ORIENTED_EDGE('',*,*,#15818,.T.);
#15818 = EDGE_CURVE('',#11853,#13421,#15819,.T.);
#15819 = LINE('',#15820,#15821);
#15820 = CARTESIAN_POINT('',(173.29,-77.97,-4.6E-02));
#15821 = VECTOR('',#15822,1.);
#15822 = DIRECTION('',(0.,0.,1.));
#15823 = ORIENTED_EDGE('',*,*,#13420,.F.);
#15824 = ORIENTED_EDGE('',*,*,#15818,.F.);
#15825 = CYLINDRICAL_SURFACE('',#15826,0.5);
#15826 = AXIS2_PLACEMENT_3D('',#15827,#15828,#15829);
#15827 = CARTESIAN_POINT('',(173.29,-77.47,-4.6E-02));
#15828 = DIRECTION('',(-0.,-0.,-1.));
#15829 = DIRECTION('',(-0.,-1.,0.));
#15830 = ADVANCED_FACE('',(#15831),#15842,.F.);
#15831 = FACE_BOUND('',#15832,.T.);
#15832 = EDGE_LOOP('',(#15833,#15834,#15840,#15841));
#15833 = ORIENTED_EDGE('',*,*,#11863,.T.);
#15834 = ORIENTED_EDGE('',*,*,#15835,.T.);
#15835 = EDGE_CURVE('',#11864,#13432,#15836,.T.);
#15836 = LINE('',#15837,#15838);
#15837 = CARTESIAN_POINT('',(175.83,-77.97,-4.6E-02));
#15838 = VECTOR('',#15839,1.);
#15839 = DIRECTION('',(0.,0.,1.));
#15840 = ORIENTED_EDGE('',*,*,#13431,.F.);
#15841 = ORIENTED_EDGE('',*,*,#15835,.F.);
#15842 = CYLINDRICAL_SURFACE('',#15843,0.5);
#15843 = AXIS2_PLACEMENT_3D('',#15844,#15845,#15846);
#15844 = CARTESIAN_POINT('',(175.83,-77.47,-4.6E-02));
#15845 = DIRECTION('',(-0.,-0.,-1.));
#15846 = DIRECTION('',(-0.,-1.,0.));
#15847 = ADVANCED_FACE('',(#15848),#15859,.F.);
#15848 = FACE_BOUND('',#15849,.T.);
#15849 = EDGE_LOOP('',(#15850,#15851,#15857,#15858));
#15850 = ORIENTED_EDGE('',*,*,#11874,.T.);
#15851 = ORIENTED_EDGE('',*,*,#15852,.T.);
#15852 = EDGE_CURVE('',#11875,#13443,#15853,.T.);
#15853 = LINE('',#15854,#15855);
#15854 = CARTESIAN_POINT('',(189.488,-58.608,-3.6E-02));
#15855 = VECTOR('',#15856,1.);
#15856 = DIRECTION('',(0.,0.,1.));
#15857 = ORIENTED_EDGE('',*,*,#13442,.F.);
#15858 = ORIENTED_EDGE('',*,*,#15852,.F.);
#15859 = CYLINDRICAL_SURFACE('',#15860,1.5);
#15860 = AXIS2_PLACEMENT_3D('',#15861,#15862,#15863);
#15861 = CARTESIAN_POINT('',(189.488,-57.108,-3.6E-02));
#15862 = DIRECTION('',(-0.,-0.,-1.));
#15863 = DIRECTION('',(-0.,-1.,0.));
#15864 = ( GEOMETRIC_REPRESENTATION_CONTEXT(3) 
GLOBAL_UNCERTAINTY_ASSIGNED_CONTEXT((#15868)) 
GLOBAL_UNIT_ASSIGNED_CONTEXT((#15865,#15866,#15867)) 
REPRESENTATION_CONTEXT('Context #1',
  '3D Context with UNIT and UNCERTAINTY') );
#15865 = ( LENGTH_UNIT() NAMED_UNIT(*) SI_UNIT(.MILLI.,.METRE.) );
#15866 = ( NAMED_UNIT(*) PLANE_ANGLE_UNIT() SI_UNIT($,.RADIAN.) );
#15867 = ( NAMED_UNIT(*) SI_UNIT($,.STERADIAN.) SOLID_ANGLE_UNIT() );
#15868 = UNCERTAINTY_MEASURE_WITH_UNIT(LENGTH_MEASURE(1.E-07),#15865,
  'distance_accuracy_value','confusion accuracy');
#15869 = CONTEXT_DEPENDENT_SHAPE_REPRESENTATION(#15870,#15872);
#15870 = ( REPRESENTATION_RELATIONSHIP('','',#10214,#10) 
REPRESENTATION_RELATIONSHIP_WITH_TRANSFORMATION(#15871) 
SHAPE_REPRESENTATION_RELATIONSHIP() );
#15871 = ITEM_DEFINED_TRANSFORMATION('','',#11,#159);
#15872 = PRODUCT_DEFINITION_SHAPE('Placement','Placement of an item',
  #15873);
#15873 = NEXT_ASSEMBLY_USAGE_OCCURRENCE('37','=>[0:1:1:10]','',#5,#10209
  ,$);
#15874 = PRODUCT_RELATED_PRODUCT_CATEGORY('part',$,(#10211));
#15875 = MECHANICAL_DESIGN_GEOMETRIC_PRESENTATION_REPRESENTATION('',(
    #15876),#15864);
#15876 = STYLED_ITEM('color',(#15877),#10215);
#15877 = PRESENTATION_STYLE_ASSIGNMENT((#15878));
#15878 = SURFACE_STYLE_USAGE(.BOTH.,#15879);
#15879 = SURFACE_SIDE_STYLE('',(#15880));
#15880 = SURFACE_STYLE_FILL_AREA(#15881);
#15881 = FILL_AREA_STYLE('',(#15882));
#15882 = FILL_AREA_STYLE_COLOUR('',#15883);
#15883 = COLOUR_RGB('',0.313304153717,0.484529207832,0.410020903123);
ENDSEC;
END-ISO-10303-21;
